"CRN","ARRIVAL_TM","AUTOMOBILE_COUNT","BELTED_DEATH_COUNT","BELTED_SUSP_SERIOUS_INJ_COUNT","BICYCLE_COUNT","BICYCLE_DEATH_COUNT","BICYCLE_SUSP_SERIOUS_INJ_COUNT","BUS_COUNT","CHLDPAS_DEATH_COUNT","CHLDPAS_SUSP_SERIOUS_INJ_COUNT","COLLISION_TYPE","COMM_VEH_COUNT","CONS_ZONE_SPD_LIM","COUNTY","CRASH_MONTH","CRASH_YEAR","DAY_OF_WEEK","DEC_LATITUDE","DEC_LONGITUDE","DISPATCH_TM","DISTRICT","DRIVER_COUNT_16YR","DRIVER_COUNT_17YR","DRIVER_COUNT_18YR","DRIVER_COUNT_19YR","DRIVER_COUNT_20YR","DRIVER_COUNT_50_64YR","DRIVER_COUNT_65_74YR","DRIVER_COUNT_75PLUS","EST_HRS_CLOSED","FATAL_COUNT","HEAVY_TRUCK_COUNT","HORSE_BUGGY_COUNT","HOUR_OF_DAY","ILLUMINATION","INJURY_COUNT","INTERSECTION_RELATED","INTERSECT_TYPE","LANE_CLOSED","LATITUDE","LN_CLOSE_DIR","LOCATION_TYPE","LONGITUDE","MAX_SEVERITY_LEVEL","MCYCLE_DEATH_COUNT","MCYCLE_SUSP_SERIOUS_INJ_COUNT","MOTORCYCLE_COUNT","MUNICIPALITY","NONMOTR_COUNT","NONMOTR_DEATH_COUNT","NONMOTR_SUSP_SERIOUS_INJ_COUNT","NTFY_HIWY_MAINT","PED_COUNT","PED_DEATH_COUNT","PED_SUSP_SERIOUS_INJ_COUNT","PERSON_COUNT","POLICE_AGCY","POSSIBLE_INJ_COUNT","RDWY_SURF_TYPE_CD","RELATION_TO_ROAD","ROADWAY_CLEARED","ROAD_CONDITION","SCH_BUS_IND","SCH_ZONE_IND","SECONDARY_CRASH","SMALL_TRUCK_COUNT","SPEC_JURIS_CD","SUSP_MINOR_INJ_COUNT","SUSP_SERIOUS_INJ_COUNT","SUV_COUNT","TCD_FUNC_CD","TCD_TYPE","TFC_DETOUR_IND","TIME_OF_DAY","TOTAL_UNITS","TOT_INJ_COUNT","UNBELTED_OCC_COUNT","UNB_DEATH_COUNT","UNB_SUSP_SERIOUS_INJ_COUNT","UNK_INJ_DEG_COUNT","UNK_INJ_PER_COUNT","URBAN_RURAL","VAN_COUNT","VEHICLE_COUNT","WEATHER1","WEATHER2","WORKERS_PRES","WORK_ZONE_IND","WORK_ZONE_LOC","WORK_ZONE_TYPE","WZ_CLOSE_DETOUR","WZ_FLAGGER","WZ_LAW_OFFCR_IND","WZ_LN_CLOSURE","WZ_MOVING","WZ_OTHER","WZ_SHLDER_MDN","WZ_WORKERS_INJ_KILLED"
"2007003772","","1","0","0","0","0","0","0","0","0","7","0","","02","1","2007","7","40.510833","-80.247921","0905","11","0","0","0","0","0","0","0","0","2","0","0","0","","","1","","0","","40 30:39.000","3","0","80 14:52.517","4","0","0","0","2213","0","0","0","N","0","0","0","1","02213","1","","2.0","","9","N","N","","0","","0","0","0","","0","N","","1","1","1","0","0","0","0","2","0","1","","","","N","","","","","","","","","",""
"2007003773","","2","0","0","0","0","0","0","0","0","4","0","","02","1","2007","5","40.342985","-80.035207","1941","11","0","0","0","0","0","0","0","0","","0","0","0","","","0","","2","","40 20:34.746","","0","80 02:06.745","0","0","0","0","2407","0","0","0","N","0","0","0","2","02407","0","","1.0","","1","N","N","","0","","0","0","0","","2","","","2","0","0","0","0","0","0","2","0","2","","","","N","","","","","","","","","",""
"2007003774","","1","0","0","0","0","0","0","0","0","4","0","","02","1","2007","6","40.337404","-80.051167","1620","11","0","0","0","0","0","0","0","0","","0","0","0","","","1","","0","","40 20:14.656","","0","80 03:04.200","4","0","0","0","2407","0","0","0","N","0","0","0","3","02407","1","","1.0","","9","N","N","","0","","0","0","0","","0","","","2","1","0","0","0","0","0","2","1","2","","","","N","","","","","","","","","",""
"2007003775","","1","0","0","0","0","0","0","0","0","7","0","","02","1","2007","6","40.330472","-80.053692","1208","11","0","0","0","0","1","0","0","0","1","0","0","0","","","1","","0","","40 19:49.698","2","0","80 03:13.291","3","0","0","0","2407","0","0","0","N","0","0","0","1","02407","0","","2.0","","9","N","N","","0","","1","0","0","","0","N","","1","1","0","0","0","0","0","2","0","1","","","","N","","","","","","","","","",""
"2007003776","","2","0","0","0","0","0","0","0","0","4","0","","02","1","2007","6","40.325091","-80.030204","1308","11","0","0","0","0","0","0","0","1","1","0","0","0","","","2","","0","","40 19:30.327","1","0","80 01:48.734","4","0","0","0","2407","0","0","0","N","0","0","0","2","02407","2","","1.0","","9","N","N","","0","","0","0","0","","0","Y","","2","2","0","0","0","0","0","2","0","2","","","","N","","","","","","","","","",""
"2007003777","","1","0","0","0","0","0","0","0","0","4","0","","02","1","2007","6","40.353564","-80.027183","0939","11","0","0","0","0","0","1","0","0","","0","0","0","","","1","","2","","40 21:12.832","","0","80 01:37.860","4","0","0","0","2407","0","0","0","N","0","0","0","2","02407","1","","1.0","","9","N","N","","1","","0","0","0","","2","","","2","1","0","0","0","0","0","2","0","2","","","","N","","","","","","","","","",""
"2007003831","","1","0","0","0","0","0","0","0","0","7","0","","02","1","2007","2","40.408958","-79.875153","1612","11","0","0","0","0","0","0","0","0","3","0","0","0","","","0","","0","","40 24:32.248","3","0","79 52:30.550","0","0","0","0","2456","0","0","0","N","0","0","0","2","02456","0","","5.0","","9","N","N","","0","","0","0","0","","0","N","","1","0","2","0","0","0","0","2","0","1","","","","N","","","","","","","","","",""
"2007003838","","1","0","0","0","0","0","0","0","0","4","0","","02","1","2007","2","40.5141","-80.0051","1937","11","0","0","0","1","0","0","0","0","1","0","0","0","","","6","","2","","40 30:50.760","1","2","80 00:18.360","4","0","0","0","2116","0","0","0","N","0","0","0","6","02116","6","","1.0","","9","N","N","","0","","0","0","0","","0","N","","2","6","0","0","0","0","0","2","1","2","","","","N","","","","","","","","","",""
"2007003839","","0","0","0","0","0","0","0","0","0","7","0","","02","1","2007","2","40.4473","-79.8491","1510","11","0","0","0","0","0","0","0","0","","0","0","0","","","0","","0","","40 26:50.280","","0","79 50:56.760","0","0","0","0","2419","0","0","0","N","0","0","0","1","02419","0","","5.0","","9","N","N","","0","","0","0","1","","0","","","1","0","0","0","0","0","0","2","0","1","","","","N","","","","","","","","","",""
"2007003847","","1","0","0","0","0","0","0","0","0","7","0","","02","1","2007","1","40.2623","-79.8868","0005","11","0","0","0","0","0","0","0","0","","0","0","0","","","0","","0","","40 15:44.280","","0","79 53:12.480","0","0","0","0","2204","0","0","0","Y","0","0","0","1","02204","0","","2.0","","9","N","N","","0","","0","0","0","","0","","","1","0","0","0","0","0","0","1","0","1","","05","","N","","","","","","","","","",""
"2007003853","","1","0","0","0","0","0","0","0","0","7","0","","02","1","2007","1","40.405836","-80.078104","0526","11","0","0","0","0","0","0","0","0","","0","0","0","","","0","","2","","40 24:21.009","","0","80 04:41.174","0","0","0","0","2415","0","0","0","N","0","0","0","1","02415","0","","6.0","","9","N","N","","0","","0","0","0","","3","","","2","0","0","0","0","0","0","2","1","2","","","","N","","","","","","","","","",""
"2007003858","","2","0","0","0","0","0","0","0","0","1","0","","02","1","2007","2","40.434722","-79.733628","1416","11","0","0","0","0","0","0","0","0","","0","0","0","","","0","","0","","40 26:05.000","","0","79 44:01.059","0","0","0","0","2446","0","0","0","N","0","0","0","2","02446","0","","1.0","","9","N","N","","0","","0","0","0","","0","","","2","0","0","0","0","0","0","2","0","2","","","","N","","","","","","","","","",""
"2007003861","","1","0","0","0","0","0","0","0","0","7","0","","02","1","2007","1","40.345833","-80.057232","0228","11","0","0","0","0","0","0","0","0","","0","0","0","","","0","","0","","40 20:45.000","","0","80 03:26.034","0","0","0","0","2123","0","0","0","N","0","0","0","1","02123","0","","2.0","","9","N","N","","0","","0","0","0","","0","","","1","0","0","0","0","0","0","2","0","1","","","","N","","","","","","","","","",""
"2007003864","","0","0","0","0","0","0","0","0","0","7","0","","02","1","2007","2","40.358056","-80.065755","1535","11","0","1","0","0","0","0","0","0","","0","0","0","","","2","","0","","40 21:29.000","","0","80 03:56.717","4","0","0","0","2123","0","0","0","N","0","0","0","4","02123","2","","5.0","","9","N","N","","0","","0","0","1","","0","","","1","2","0","0","0","0","0","2","0","1","","","","N","","","","","","","","","",""
"2007003865","","2","0","0","0","0","0","0","0","0","1","0","","02","1","2007","3","40.620833","-80.073531","0729","11","0","0","0","0","0","0","0","0","","0","0","0","","","0","","0","","40 37:15.000","","0","80 04:24.713","0","0","0","0","2212","0","0","0","N","0","0","0","2","02505","0","","1.0","","9","N","N","","0","","0","0","0","","0","","","2","0","0","0","0","0","0","2","0","2","","","","N","","","","","","","","","",""
"2007003866","","1","0","0","0","0","0","0","0","0","4","0","","02","1","2007","3","40.492778","-79.762246","0644","11","0","0","0","0","0","0","0","0","2","0","0","0","","","1","","2","","40 29:34.000","4","0","79 45:44.084","4","0","0","0","2466","0","0","0","N","0","0","0","2","02466","1","","1.0","","9","N","N","","1","","0","0","0","","3","N","","2","1","0","0","0","0","0","2","0","2","","","","N","","","","","","","","","",""
"2007003868","","2","0","0","0","0","0","0","0","0","4","0","","02","1","2007","3","40.563056","-79.966386","0911","11","0","0","0","0","0","0","1","0","1","0","0","0","","","0","","1","","40 33:47.000","3","0","79 57:58.989","0","0","0","0","2207","0","0","0","N","0","0","0","3","02207","0","","1.0","","9","N","N","","0","","0","0","0","","3","N","","2","0","0","0","0","0","0","2","0","2","","","","N","","","","","","","","","",""
"2007003870","","2","0","0","0","0","0","0","0","0","4","0","","02","1","2007","6","40.368341","-80.084136","0725","11","0","0","0","0","0","0","1","0","","0","0","0","","","0","","2","","40 22:06.027","","0","80 05:02.889","0","0","0","0","2117","0","0","0","N","0","0","0","2","02117","0","","1.0","","1","N","N","","0","","0","0","0","","2","","","2","0","0","0","0","0","0","2","0","2","","","","N","","","","","","","","","",""
"2007003876","","2","0","0","0","0","0","0","0","0","4","0","","02","1","2007","2","40.3866","-80.0924","1158","11","0","1","0","0","0","1","0","0","","0","0","0","","","0","","0","","40 23:11.760","","7","80 05:32.640","0","0","0","0","2117","0","0","0","N","0","0","0","2","02117","0","","1.0","","9","N","N","","0","","0","0","0","","2","","","2","0","0","0","0","0","0","2","0","2","","","","N","","","","","","","","","",""
"2007003892","","2","0","0","0","0","0","0","0","0","4","0","","02","1","2007","2","40.521667","-80.048203","1723","11","0","0","0","0","0","0","0","0","1","0","0","0","","","0","","2","","40 31:18.000","6","0","80 02:53.532","0","0","0","0","2116","0","0","0","N","0","0","0","2","02116","0","","1.0","","9","N","N","","0","","0","0","0","","0","Y","","2","0","0","0","0","0","0","2","0","2","","","","N","","","","","","","","","",""
"2007003936","","0","0","0","0","0","0","0","0","0","7","0","","02","1","2007","3","40.627222","-80.051601","1657","11","0","0","0","0","0","0","0","0","1","0","0","0","","","1","","0","","40 37:38.000","3","0","80 03:05.762","4","0","0","0","2216","0","0","0","N","0","0","0","1","02505","1","","2.0","","2","N","N","","1","","0","0","0","","0","N","","1","1","0","0","0","0","0","1","0","1","","","","N","","","","","","","","","",""
"2007003941","","2","0","0","0","0","0","0","0","0","1","0","","02","1","2007","3","40.541795","-79.723823","1549","11","0","1","0","0","0","1","0","0","1","0","0","0","","","1","","0","","40 32:30.463","2","0","79 43:25.764","4","0","0","0","2466","0","0","0","N","0","0","0","2","02466","1","","1.0","","9","N","N","","0","","0","0","0","","0","N","","2","1","0","0","0","0","0","1","0","2","","","","N","","","","","","","","","",""
"2007003943","","1","0","0","0","0","0","0","0","0","1","0","","02","1","2007","3","40.529167","-79.994097","2045","11","0","0","0","0","0","0","0","0","","0","0","0","","","0","","0","","40 31:45.000","","0","79 59:38.750","0","0","0","0","2116","0","0","0","N","0","0","0","3","02116","0","","1.0","","2","N","N","","1","","0","0","0","","0","","","2","0","0","0","0","0","0","2","0","2","","","","N","","","","","","","","","",""
"2007003944","","0","0","0","0","0","0","0","0","0","7","0","","02","1","2007","3","40.505556","-79.763214","1633","11","0","1","0","0","0","0","0","0","","0","0","0","","","0","","0","","40 30:20.000","","0","79 45:47.571","0","0","0","0","2466","0","0","0","N","0","0","0","1","02466","0","","5.0","","7","N","N","","0","","0","0","1","","0","","","1","0","0","0","0","0","0","1","0","1","","","","N","","","","","","","","","",""
"2007003975","","2","0","0","0","0","0","0","0","0","4","0","","02","1","2007","3","40.491667","-80.061295","1434","11","0","0","0","0","0","0","0","0","1","0","0","0","","","1","","0","","40 29:30.000","4","7","80 03:40.663","8","0","0","0","2404","0","0","0","N","0","0","0","2","02404","0","","1.0","","1","N","N","","0","","0","0","0","","0","N","","2","1","0","0","0","1","0","2","0","2","","","","N","","","","","","","","","",""
"2007003976","","0","0","0","0","0","0","0","0","0","4","0","","02","1","2007","2","40.408344","-79.901042","1303","11","0","0","0","0","0","1","0","1","","0","0","0","","","0","","1","","40 24:30.038","","0","79 54:03.751","9","0","0","0","2448","0","0","0","N","0","0","0","2","02448","0","","1.0","","9","N","N","","0","","0","0","2","","3","","","2","0","0","0","0","0","1","2","0","2","","","","N","","","","","","","","","",""
"2007003987","","1","0","0","0","0","0","0","0","0","4","0","","02","1","2007","4","40.65096","-80.118527","0742","11","0","0","0","0","0","0","0","0","2","0","0","0","","","1","","2","","40 39:03.456","4","0","80 07:06.697","8","0","0","0","2212","0","0","0","N","0","0","0","2","02505","0","","1.0","","1","N","N","","0","","0","0","1","","3","Y","","2","1","1","0","0","1","0","1","0","2","","","","N","","","","","","","","","",""
"2007003991","","1","0","0","0","0","0","0","0","0","7","0","","02","1","2007","5","40.523904","-79.989033","0916","11","0","0","0","0","0","0","0","0","1","0","0","0","","","0","","0","","40 31:26.053","5","0","79 59:20.519","0","0","0","0","2116","0","0","0","N","0","0","0","1","02116","0","","2.0","","2","N","N","","0","","0","0","0","","0","N","","1","0","0","0","0","0","0","2","0","1","","","","N","","","","","","","","","",""
"2007003994","","1","0","0","0","0","0","0","0","0","7","0","","02","1","2007","3","40.5096","-79.9461","1710","11","0","0","0","0","0","0","0","0","1","0","0","0","","","0","","0","","40 30:34.560","2","0","79 56:45.960","0","0","0","0","2430","0","0","0","N","0","0","0","2","02430","0","","2.0","","2","N","N","","0","","0","0","0","","0","N","","1","0","0","0","0","0","0","2","0","1","","","","N","","","","","","","","","",""
"2007003999","","2","0","0","0","0","0","0","0","0","1","0","","02","1","2007","3","40.5496","-79.7586","1815","11","0","0","0","0","0","0","0","1","","0","0","0","","","1","","0","","40 32:58.560","","0","79 45:30.960","8","0","0","0","2466","0","0","0","N","0","0","0","3","02466","0","","1.0","","2","N","N","","0","","0","0","0","","0","","","2","1","0","0","0","1","0","1","0","2","","","","N","","","","","","","","","",""
"2007004000","","2","0","0","0","0","0","0","0","0","1","0","","02","1","2007","3","40.5496","-79.7586","1716","11","0","0","0","0","0","1","0","0","","0","0","0","","","0","","0","","40 32:58.560","","0","79 45:30.960","0","0","0","0","2466","0","0","0","N","0","0","0","3","02466","0","","1.0","","2","N","N","","0","","0","0","0","","0","","","2","0","0","0","0","0","0","1","0","2","","","","N","","","","","","","","","",""
"2007004003","","1","0","0","0","0","0","0","0","0","2","0","","02","1","2007","4","40.37305","-80.119267","1201","11","0","0","0","0","0","0","0","0","1","0","0","0","","","1","","0","","40 22:22.980","6","0","80 07:09.361","3","0","0","0","2102","0","0","0","N","0","0","0","2","02102","0","","1.0","","1","N","N","","0","","1","0","1","","0","N","","2","1","0","0","0","0","0","2","0","2","","","","N","","","","","","","","","",""
"2007004009","","1","0","0","0","0","0","0","0","0","7","0","","02","1","2007","3","40.5096","-79.9461","1710","11","0","0","0","0","0","0","0","0","1","0","0","0","","","0","","0","","40 30:34.560","2","0","79 56:45.960","0","0","0","0","2430","0","0","0","N","0","0","0","1","02430","0","","3.0","","2","N","N","","0","","0","0","0","","0","N","","1","0","0","0","0","0","0","2","0","1","","","","N","","","","","","","","","",""
"2007004011","","2","0","0","0","0","0","0","0","0","2","0","","02","1","2007","3","40.496766","-79.937308","1806","11","0","0","0","0","0","1","0","0","","0","0","0","","","0","","0","","40 29:48.358","","0","79 56:14.307","0","0","0","0","2430","0","0","0","N","0","0","0","2","02430","0","","1.0","","2","N","N","","0","","0","0","0","","0","","","2","0","0","0","0","0","0","2","0","2","","","","N","","","","","","","","","",""
"2007004016","","2","0","0","0","0","0","0","0","0","4","0","","02","1","2007","6","40.515833","-80.219826","1447","11","0","0","0","1","0","0","1","0","2","0","0","0","","","0","","1","","40 30:57.000","3","0","80 13:11.372","0","0","0","0","2213","0","0","0","N","0","0","0","3","02213","0","","1.0","","9","N","N","","0","","0","0","0","","2","Y","","2","0","0","0","0","0","0","2","0","2","","","","N","","","","","","","","","",""
"2007004017","","1","0","0","0","0","0","0","0","0","4","0","","02","1","2007","5","40.466111","-80.178358","1803","11","0","0","1","0","0","1","0","0","","0","0","0","","","0","","2","","40 27:58.000","","0","80 10:42.087","0","0","0","0","2213","0","0","0","N","0","0","0","3","02213","0","","1.0","","1","N","N","","0","","0","0","0","","3","","","2","0","0","0","0","0","0","2","1","2","","","","N","","","","","","","","","",""
"2007004018","","2","0","0","0","0","0","0","0","0","4","0","","02","1","2007","2","40.523333","-80.177076","1921","11","0","0","0","0","0","0","0","0","","0","0","0","","","0","","2","","40 31:24.000","","2","80 10:37.475","0","0","0","0","2213","0","0","0","N","0","0","0","2","02213","0","","1.0","","9","N","N","","0","","0","0","0","","3","","","2","0","0","0","0","0","0","2","0","2","","","","N","","","","","","","","","",""
"2007004019","","2","0","0","0","0","0","0","0","0","4","0","","02","1","2007","1","40.348581","-80.049953","1629","11","0","0","0","0","0","1","0","0","1","0","0","0","","","0","","0","","40 20:54.892","1","0","80 02:59.830","0","0","0","0","2407","0","0","0","N","0","0","0","3","02407","0","","1.0","","9","N","N","","0","","0","0","0","","3","N","","2","0","0","0","0","0","0","2","0","2","","","","N","","","","","","","","","",""
"2007004020","","1","0","0","0","0","0","0","0","0","4","0","","02","1","2007","6","40.353564","-80.027183","0613","11","0","0","0","0","0","1","0","0","","0","0","0","","","1","","2","","40 21:12.832","","0","80 01:37.860","4","0","0","0","2407","0","0","0","N","0","0","0","2","02407","1","","1.0","","9","N","N","","0","","0","0","1","","2","","","2","1","0","0","0","0","0","2","0","2","","","","N","","","","","","","","","",""
"2007004078","","1","0","0","0","0","0","0","0","0","7","0","","02","1","2007","2","40.4942","-79.9596","0436","11","0","0","0","0","0","0","0","0","","0","0","0","","","1","","0","","40 29:39.120","","0","79 57:34.560","2","0","0","0","2118","0","0","0","N","0","0","0","1","02118","0","","2.0","","1","N","N","","0","","0","1","0","","0","","","3","1","0","0","0","0","0","2","0","3","","","","N","","","","","","","","","",""
"2007004082","","1","0","0","0","0","0","0","0","0","7","0","","02","1","2007","2","40.462634","-80.201654","1325","11","0","0","1","0","0","0","0","0","","0","0","0","","","0","","0","","40 27:45.482","","0","80 12:05.954","0","0","0","0","2203","0","0","0","N","0","0","0","1","02203","0","","2.0","","9","N","N","","0","","0","0","0","","0","","","1","0","0","0","0","0","0","2","0","1","","","","N","","","","","","","","","",""
"2007004085","","0","0","0","0","0","0","0","0","0","1","0","","02","1","2007","4","40.206111","-79.857664","1646","11","0","0","0","0","0","0","0","0","","0","0","0","","","2","","2","","40 12:22.000","","0","79 51:27.589","4","0","0","0","2204","0","0","0","N","0","0","0","2","02204","1","","1.0","","1","N","N","","2","","0","0","0","","0","","","2","2","0","0","0","1","0","1","0","2","","","","N","","","","","","","","","",""
"2007004087","","1","0","0","0","0","0","0","0","0","2","0","","02","1","2007","4","40.623056","-79.923149","1734","11","0","0","0","0","0","0","0","1","2","0","0","0","","","2","","1","","40 37:23.000","3","0","79 55:23.335","3","0","0","0","2217","0","0","0","N","0","0","0","2","02505","1","","1.0","","1","N","N","","0","","1","0","1","","0","N","","2","2","0","0","0","0","0","2","0","2","","","","N","","","","","","","","","",""
"2007004095","","0","0","0","0","0","0","0","0","0","7","0","","02","1","2007","5","40.518611","-80.026083","0119","11","0","0","0","0","0","1","0","0","","0","0","0","","","0","","2","","40 31:07.000","","0","80 01:33.897","0","0","0","0","2474","0","0","0","Y","0","0","0","1","02474","0","","5.0","","1","N","N","","1","","0","0","0","","0","","","1","0","1","0","0","0","0","2","0","1","","","","N","","","","","","","","","",""
"2007004096","","0","0","0","0","0","0","0","0","0","7","0","","02","1","2007","7","40.376111","-80.097728","0151","11","0","0","0","0","0","0","0","0","","0","0","0","","","1","","2","","40 22:34.000","","0","80 05:51.820","2","0","0","0","2102","0","0","0","N","0","0","0","1","02102","0","","5.0","","9","N","N","","0","","0","1","0","","0","","","1","1","0","0","0","0","0","2","0","1","","","","N","","","","","","","","","",""
"2007004099","","2","0","0","0","0","0","0","0","0","5","0","","02","1","2007","4","40.506667","-80.006915","1418","11","0","0","0","0","0","0","0","1","","0","0","0","","","0","","1","","40 30:24.000","","0","80 00:24.894","0","0","0","0","2116","0","0","0","N","0","0","0","3","02116","0","","1.0","","1","N","N","","0","","0","0","0","","2","","","2","0","0","0","0","0","0","2","0","2","","","","N","","","","","","","","","",""
"2007004102","","2","0","0","0","0","0","0","0","0","6","0","","02","1","2007","5","40.439167","-79.829692","0753","11","0","0","0","0","0","0","0","1","1","0","0","0","","","1","","2","","40 26:21.000","1","0","79 49:46.891","4","0","0","0","2419","0","0","0","N","0","0","0","2","02419","1","","1.0","","1","N","N","","0","","0","0","0","","3","N","","2","1","0","0","0","0","0","2","0","2","","","","N","","","","","","","","","",""
"2007004110","","1","0","0","0","0","0","0","0","0","0","0","","02","1","2007","5","40.437778","-79.739409","0802","11","0","0","0","0","0","1","0","0","","0","0","0","","","0","","0","","40 26:16.000","","0","79 44:21.872","0","0","0","0","2446","0","0","0","N","0","0","0","1","02446","0","","1.0","","1","N","N","","0","","0","0","0","","0","","","1","0","0","0","0","0","0","2","0","1","","","","N","","","","","","","","","",""
"2007004114","","2","0","0","0","0","0","0","0","0","5","1","","02","1","2007","5","40.3975","-79.769328","0846","11","0","0","0","0","0","1","0","0","","0","1","0","","","0","","1","","40 23:51.000","","0","79 46:09.580","0","0","0","0","2446","0","0","0","N","0","0","0","3","02446","0","","1.0","","1","N","N","","0","","0","0","0","","2","","","3","0","0","0","0","0","0","2","0","3","","","","N","","","","","","","","","",""
"2007004117","","2","0","0","0","0","0","0","0","0","4","0","","02","1","2007","5","40.408611","-80.081097","1014","11","0","0","0","0","0","0","0","0","","0","0","0","","","0","","1","","40 24:31.000","","0","80 04:51.949","0","0","0","0","2415","0","0","0","N","0","0","0","2","02415","0","","1.0","","1","N","N","","0","","0","0","0","","2","","","2","0","0","0","0","0","0","2","0","2","","","","N","","","","","","","","","",""
"2007004120","","1","0","0","0","0","0","0","0","0","4","0","","02","1","2007","5","40.294536","-79.919607","0958","11","0","0","0","0","0","0","0","1","2","0","0","0","","","0","","0","","40 17:40.330","2","0","79 55:10.585","0","0","0","0","2440","0","0","0","N","0","0","0","3","02440","0","","1.0","","2","N","N","","1","","0","0","0","","0","N","","2","0","2","0","0","0","0","2","0","2","","","","N","","","","","","","","","",""
"2007004121","","1","0","0","0","0","0","0","0","0","7","0","","02","1","2007","5","40.549697","-79.889504","0717","11","0","1","0","0","0","0","0","0","","0","0","0","","","0","","0","","40 32:58.909","","0","79 53:22.215","0","0","0","0","2432","0","0","0","N","0","0","0","1","02432","0","","2.0","","6","N","N","","0","","0","0","0","","0","","","1","0","0","0","0","0","0","2","0","1","","","","N","","","","","","","","","",""
"2007004122","","1","0","0","0","0","0","0","0","0","4","0","","02","1","2007","5","40.438333","-79.770581","1106","11","0","0","0","0","0","2","0","0","","0","0","0","","","2","","0","","40 26:18.000","","7","79 46:14.091","8","0","0","0","2446","0","0","0","N","0","0","0","2","02446","0","","1.0","","1","N","N","","0","","0","0","1","","0","","","2","2","0","0","0","2","0","2","0","2","","","","N","","","","","","","","","",""
"2007004134","","3","0","0","0","0","0","0","0","0","1","0","","02","1","2007","4","40.435","-79.733751","1504","11","0","0","0","0","0","0","1","1","","0","0","0","","","2","","0","","40 26:06.000","","0","79 44:01.504","4","0","0","0","2446","0","0","0","N","0","0","0","3","02446","2","","1.0","","1","N","N","","0","","0","0","0","","0","","","3","2","0","0","0","0","0","2","0","3","","","","N","","","","","","","","","",""
"2007004135","","1","0","0","0","0","0","0","0","0","2","0","","02","1","2007","4","40.423563","-79.794045","1630","11","0","0","0","1","0","0","1","0","1","0","0","0","","","1","","2","","40 25:24.828","3","0","79 47:38.561","4","0","0","0","2446","0","0","0","N","0","0","0","2","02446","1","","1.0","","1","N","N","","0","","0","0","1","","3","N","","2","1","0","0","0","0","0","2","0","2","","","","N","","","","","","","","","",""
"2007004136","","0","0","0","0","0","0","0","0","0","7","0","","02","1","2007","4","40.6029","-79.8643","1800","11","0","0","0","0","0","1","0","0","1","0","0","0","","","1","","0","","40 36:10.440","5","0","79 51:51.480","4","0","0","0","2220","0","0","0","N","0","0","0","1","02220","1","","5.0","","2","N","N","","1","","0","0","0","","0","N","","1","1","0","0","0","0","0","1","0","1","","","","N","","","","","","","","","",""
"2007004137","","2","0","0","0","0","0","0","0","0","4","0","","02","1","2007","5","40.3407","-79.9644","0931","11","0","0","0","0","0","0","0","1","1","0","0","0","","","0","","1","","40 20:26.520","1","0","79 57:51.840","0","0","0","0","2403","0","0","0","N","0","0","0","2","02403","0","","1.0","","1","N","N","","0","","0","0","0","","0","N","","2","0","0","0","0","0","0","2","0","2","","","","N","","","","","","","","","",""
"2007004141","","1","0","0","0","0","0","0","0","0","4","0","","02","1","2007","5","40.323056","-79.943191","1755","11","0","0","0","0","0","1","0","0","1","0","0","0","","","0","","0","","40 19:23.000","2","0","79 56:35.488","0","0","0","0","2454","0","0","0","N","0","0","0","2","02454","0","","1.0","","1","N","N","","1","","0","0","0","","0","N","","2","0","0","0","0","0","0","2","0","2","","","","N","","","","","","","","","",""
"2007004143","","1","0","0","0","0","0","0","0","0","4","0","","02","1","2007","4","40.522694","-80.176961","0806","11","0","0","0","0","0","0","0","0","","0","0","0","","","0","","2","","40 31:21.700","","0","80 10:37.061","0","0","0","0","2213","0","0","0","N","0","0","0","2","02213","0","","1.0","","1","N","N","","1","","0","0","0","","0","","","2","0","0","0","0","0","0","2","0","2","","","","N","","","","","","","","","",""
"2007004144","","0","0","0","0","0","0","0","0","0","7","0","","02","1","2007","3","40.297778","-80.024381","1852","11","0","0","1","0","0","0","0","0","","0","0","0","","","1","","0","","40 17:52.000","","0","80 01:27.771","4","0","0","0","2407","0","0","0","N","0","0","0","1","02407","1","","4.0","","2","N","N","","1","","0","0","0","","0","","","1","1","0","0","0","0","0","2","0","1","","","","N","","","","","","","","","",""
"2007004145","","1","0","0","0","0","0","0","0","0","7","0","","02","1","2007","7","40.434685","-79.885395","0322","11","0","0","0","0","0","0","0","0","","0","0","0","","","0","","2","","40 26:04.866","","0","79 53:07.422","0","0","0","0","2426","0","0","0","N","0","0","0","1","02426","0","","5.0","","9","N","N","","0","","0","0","0","","0","","","1","0","1","0","0","0","0","2","0","1","","","","N","","","","","","","","","",""
"2007004182","","2","0","0","0","0","0","0","0","0","1","0","","02","1","2007","4","40.343889","-79.971559","2111","11","0","0","1","0","0","0","0","0","","0","0","0","","","0","","1","","40 20:38.000","","0","79 58:17.611","0","0","0","0","2403","0","0","0","N","0","0","0","2","02403","0","","1.0","","1","N","N","","0","","0","0","0","","2","","","2","0","0","0","0","0","0","2","0","2","","","","N","","","","","","","","","",""
"2007004202","","1","0","0","0","0","0","0","0","0","1","0","","02","1","2007","2","40.450556","-79.713563","2114","11","0","0","0","0","0","1","0","0","","0","0","0","","","1","","1","","40 27:02.000","","0","79 42:48.828","8","0","0","0","2466","0","0","0","N","0","0","0","3","02466","0","","1.0","","9","N","N","","0","","0","0","1","","2","","","2","1","1","0","0","1","2","2","0","2","","","","N","","","","","","","","","",""