"CRN","ARRIVAL_TM","AUTOMOBILE_COUNT","BELTED_DEATH_COUNT","BELTED_SUSP_SERIOUS_INJ_COUNT","BICYCLE_COUNT","BICYCLE_DEATH_COUNT","BICYCLE_SUSP_SERIOUS_INJ_COUNT","BUS_COUNT","CHLDPAS_DEATH_COUNT","CHLDPAS_SUSP_SERIOUS_INJ_COUNT","COLLISION_TYPE","COMM_VEH_COUNT","CONS_ZONE_SPD_LIM","COUNTY","CRASH_MONTH","CRASH_YEAR","DAY_OF_WEEK","DEC_LATITUDE","DEC_LONGITUDE","DISPATCH_TM","DISTRICT","DRIVER_COUNT_16YR","DRIVER_COUNT_17YR","DRIVER_COUNT_18YR","DRIVER_COUNT_19YR","DRIVER_COUNT_20YR","DRIVER_COUNT_50_64YR","DRIVER_COUNT_65_74YR","DRIVER_COUNT_75PLUS","EST_HRS_CLOSED","FATAL_COUNT","HEAVY_TRUCK_COUNT","HORSE_BUGGY_COUNT","HOUR_OF_DAY","ILLUMINATION","INJURY_COUNT","INTERSECTION_RELATED","INTERSECT_TYPE","LANE_CLOSED","LATITUDE","LN_CLOSE_DIR","LOCATION_TYPE","LONGITUDE","MAX_SEVERITY_LEVEL","MCYCLE_DEATH_COUNT","MCYCLE_SUSP_SERIOUS_INJ_COUNT","MOTORCYCLE_COUNT","MUNICIPALITY","NONMOTR_COUNT","NONMOTR_DEATH_COUNT","NONMOTR_SUSP_SERIOUS_INJ_COUNT","NTFY_HIWY_MAINT","PED_COUNT","PED_DEATH_COUNT","PED_SUSP_SERIOUS_INJ_COUNT","PERSON_COUNT","POLICE_AGCY","POSSIBLE_INJ_COUNT","RDWY_SURF_TYPE_CD","RELATION_TO_ROAD","ROADWAY_CLEARED","ROAD_CONDITION","SCH_BUS_IND","SCH_ZONE_IND","SECONDARY_CRASH","SMALL_TRUCK_COUNT","SPEC_JURIS_CD","SUSP_MINOR_INJ_COUNT","SUSP_SERIOUS_INJ_COUNT","SUV_COUNT","TCD_FUNC_CD","TCD_TYPE","TFC_DETOUR_IND","TIME_OF_DAY","TOTAL_UNITS","TOT_INJ_COUNT","UNBELTED_OCC_COUNT","UNB_DEATH_COUNT","UNB_SUSP_SERIOUS_INJ_COUNT","UNK_INJ_DEG_COUNT","UNK_INJ_PER_COUNT","URBAN_RURAL","VAN_COUNT","VEHICLE_COUNT","WEATHER1","WEATHER2","WORKERS_PRES","WORK_ZONE_IND","WORK_ZONE_LOC","WORK_ZONE_TYPE","WZ_CLOSE_DETOUR","WZ_FLAGGER","WZ_LAW_OFFCR_IND","WZ_LN_CLOSURE","WZ_MOVING","WZ_OTHER","WZ_SHLDER_MDN","WZ_WORKERS_INJ_KILLED"
"2007004661","","1","0","0","0","0","0","0","0","0","4","0","","02","1","2007","5","40.374","-80.099","0602","11","0","0","0","0","0","0","0","0","","0","0","0","","","2","","2","","40 22:26.400","","0","80 05:56.400","2","0","0","0","2102","0","0","0","N","0","0","0","4","02102","0","","1.0","","1","N","N","","1","","0","1","0","","2","","","2","2","0","0","0","1","0","2","0","2","","","","N","","","","","","","","","",""
"2007004664","","0","0","0","0","0","0","0","0","0","7","0","","02","1","2007","3","40.38574","-79.970915","1057","11","0","0","0","0","0","0","0","0","3","0","0","0","","","0","","0","","40 23:08.665","6","0","79 58:15.293","0","0","0","0","2403","0","0","0","N","0","0","0","1","02403","0","","5.0","","1","N","N","","0","","0","0","1","","0","Y","","1","0","0","0","0","0","0","2","0","1","","","","N","","","","","","","","","",""
"2007004666","","1","0","0","0","0","0","0","0","0","0","0","","02","1","2007","4","40.471389","-79.73149","0924","11","0","0","0","0","0","0","1","0","","0","0","0","","","0","","0","","40 28:17.000","","0","79 43:53.365","0","0","0","0","2466","0","0","0","N","0","0","0","1","02466","0","","2.0","","2","N","N","","0","","0","0","0","","0","","","1","0","0","0","0","0","0","2","0","1","","","","N","","","","","","","","","",""
"2007004673","","1","0","0","0","0","0","0","0","0","7","0","","02","1","2007","4","40.345199","-80.076323","1119","11","0","0","0","0","0","1","0","0","2","0","0","0","","","1","","0","","40 20:42.716","6","0","80 04:34.762","4","0","0","0","2123","0","0","0","N","0","0","0","1","02123","1","","5.0","","1","N","N","","0","","0","0","0","","0","Y","","1","1","1","0","0","0","0","2","0","1","","","","N","","","","","","","","","",""
"2007004686","","2","0","0","0","0","0","0","0","0","1","0","","02","1","2007","5","40.439065","-80.062396","1130","11","0","0","0","0","0","0","0","0","","0","0","0","","","0","","1","","40 26:20.634","","0","80 03:44.625","0","0","0","0","2421","0","0","0","N","0","0","0","3","02421","0","","1.0","","1","N","N","","0","","0","0","1","","0","","","3","0","0","0","0","0","0","2","0","3","","","","N","","","","","","","","","",""
"2007004702","","1","0","0","0","0","0","0","0","0","7","0","","02","1","2007","2","40.626525","-79.944125","2000","11","0","0","0","0","0","0","0","0","","0","0","0","","","0","","2","","40 37:35.491","","0","79 56:38.849","0","0","0","0","2217","0","0","0","N","0","0","0","1","02505","0","","5.0","","9","N","N","","0","","0","0","0","","3","","","1","0","0","0","0","0","0","2","0","1","","","","N","","","","","","","","","",""
"2007004705","","3","0","0","0","0","0","0","0","0","1","0","","02","1","2007","6","40.438611","-79.749942","1810","11","0","0","0","0","0","0","0","0","2","0","0","0","","","0","","0","","40 26:19.000","4","0","79 44:59.790","0","0","0","0","2446","0","0","0","N","0","0","0","4","02446","0","","1.0","","9","","N","","0","","0","0","0","","0","Y","","3","0","1","0","0","0","0","2","0","3","","","","N","","","","","","","","","",""
"2007004708","","2","0","0","0","0","0","0","0","0","4","0","","02","1","2007","5","40.672342","-80.088115","0833","11","0","0","0","0","0","1","0","0","1","0","0","0","","","0","","0","","40 40:20.432","4","0","80 05:17.213","0","0","0","0","2212","0","0","0","N","0","0","0","2","02505","0","","1.0","","1","N","N","","0","","0","0","0","","0","N","","2","0","0","0","0","0","0","2","0","2","","","","N","","","","","","","","","",""
"2007004718","","2","0","0","0","0","0","0","0","0","7","0","","02","1","2007","6","40.6048","-79.9472","1600","11","0","0","0","0","1","0","0","0","","0","0","0","","","1","","0","","40 36:17.280","","0","79 56:49.920","8","0","0","0","2207","0","0","0","N","0","0","0","3","02207","0","","2.0","","9","N","N","","0","","0","0","0","","0","","","2","1","0","0","0","1","0","2","0","2","","","","N","","","","","","","","","",""
"2007004719","","1","0","0","0","0","0","0","0","0","7","0","","02","1","2007","3","40.57139","-79.892448","1615","11","0","0","0","0","0","0","0","0","2","0","0","0","","","0","","0","","40 34:17.004","5","0","79 53:32.812","0","0","0","0","2209","0","0","0","N","0","0","0","1","02209","0","","4.0","","2","N","N","","0","","0","0","0","","0","Y","","1","0","0","0","0","0","0","2","0","1","","","","N","","","","","","","","","",""
"2007004783","","0","0","0","0","0","0","0","0","0","1","0","","02","1","2007","6","40.404722","-80.083552","1830","11","0","0","0","0","0","0","2","0","1","0","0","0","","","2","","1","","40 24:17.000","2","0","80 05:00.788","2","0","0","0","2415","0","0","0","N","0","0","0","2","02415","1","","1.0","","1","N","N","","0","","0","1","2","","2","Y","","2","2","1","0","1","0","0","2","0","2","","","","N","","","","","","","","","",""
"2007004785","","1","0","0","0","0","0","0","0","0","7","0","","02","1","2007","6","40.580278","-79.964564","2020","11","0","1","0","0","0","0","0","0","","0","0","0","","","0","","0","","40 34:49.000","","0","79 57:52.432","0","0","0","0","2207","0","0","0","N","0","0","0","1","02207","0","","4.0","","98","N","N","","0","","0","0","0","","0","","","1","0","0","0","0","0","0","2","0","1","","","","N","","","","","","","","","",""
"2007004787","","1","0","0","0","0","0","0","0","0","4","0","","02","1","2007","5","40.379167","-79.806365","2123","11","0","0","0","0","0","0","1","0","","0","0","0","","","0","","1","","40 22:45.000","","0","79 48:22.913","0","0","0","0","2424","0","0","0","","0","0","0","2","02424","0","","1.0","","1","N","N","","1","","0","0","0","","0","","","2","0","0","0","0","0","0","2","0","2","","","","N","","","","","","","","","",""
"2007004788","","0","0","0","0","0","0","0","0","0","8","1","","02","1","2007","6","40.430156","-80.064399","1810","11","0","0","0","0","0","0","0","0","","1","0","0","","","0","","2","","40 25:48.561","","0","80 03:51.836","1","0","0","0","2421","1","1","0","N","1","1","0","2","02421","0","2","1.0","","9","N","N","","1","0","0","0","0","","3","","","2","0","0","0","0","0","0","2","0","1","","","","N","","","","","","","","","",""
"2007005576","","1","0","0","0","0","0","0","0","0","7","0","","02","1","2007","7","40.521401","-80.268146","0149","11","0","0","0","0","0","1","0","0","2","0","0","0","","","0","","0","","40 31:17.045","5","0","80 16:05.327","0","0","0","0","2203","0","0","0","N","0","0","0","1","02203","0","","2.0","","7","N","N","","0","","0","0","0","","0","N","","1","0","0","0","0","0","0","2","0","1","","","","N","","","","","","","","","",""
"2007005715","","1","0","0","0","0","0","0","0","0","7","0","","02","1","2007","5","40.452222","-80.298692","0700","11","0","0","0","0","0","1","0","0","","0","0","0","","","1","","0","","40 27:08.000","","0","80 17:55.290","8","0","0","0","2203","0","0","0","N","0","0","0","1","02203","0","","5.0","","1","N","N","","0","","0","0","0","","0","","","1","1","0","0","0","1","0","1","0","1","","","","N","","","","","","","","","",""
"2007006246","","2","0","0","0","0","0","0","0","0","4","0","","02","1","2007","4","40.639716","-79.953888","1317","11","0","1","0","0","0","1","0","0","1","0","0","0","","","0","","1","","40 38:22.977","7","0","79 57:13.996","0","0","0","0","2217","0","0","0","N","0","0","0","2","02505","0","","1.0","","1","N","N","","0","","0","0","0","","3","N","","2","0","0","0","0","0","0","2","0","2","","","","N","","","","","","","","","",""
"2007006255","","1","0","0","0","0","0","0","0","0","7","0","","02","1","2007","7","40.408439","-79.890186","1047","11","0","0","0","0","0","0","0","0","","0","0","0","","","0","","0","","40 24:30.380","","0","79 53:24.668","0","0","0","0","2448","0","0","0","N","0","0","0","1","02448","0","","2.0","","2","N","N","","0","","0","0","0","","0","","","1","0","0","0","0","0","0","2","0","1","","","","N","","","","","","","","","",""
"2007006257","","1","0","0","0","0","0","0","0","0","7","0","","02","1","2007","7","40.64073","-80.008987","0846","11","1","0","0","0","0","0","0","0","","0","0","0","","","0","","0","","40 38:26.628","","0","80 00:32.352","0","0","0","0","2216","0","0","0","N","0","0","0","1","02505","0","","5.0","","7","N","N","","0","","0","0","0","","0","","","1","0","0","0","0","0","0","1","0","1","","","","N","","","","","","","","","",""
"2007006267","","0","0","0","0","0","0","0","0","0","7","0","","02","1","2007","3","40.501605","-79.883259","1800","11","0","0","1","0","0","0","0","0","","0","0","0","","","1","","0","","40 30:05.778","","0","79 52:59.732","4","0","0","0","2432","0","0","0","N","0","0","0","1","02432","1","","4.0","","2","N","N","","0","","0","0","1","","0","","","1","1","0","0","0","0","0","2","0","1","","","","N","","","","","","","","","",""
"2007006270","","3","0","0","0","0","0","0","0","0","5","0","","02","1","2007","6","40.415298","-80.061572","1645","11","0","0","0","0","0","0","0","0","","0","0","0","","","0","","0","","40 24:55.072","","0","80 03:41.659","0","0","0","0","2435","0","0","0","N","0","0","0","1","02435","0","","1.0","","1","N","N","","0","","0","0","0","","0","","","3","0","0","0","0","0","0","2","0","3","","","","N","","","","","","","","","",""
"2007006271","","1","0","0","0","0","0","0","0","0","7","0","","02","1","2007","3","40.551581","-79.879411","1710","11","0","0","0","0","1","0","0","0","","0","0","0","","","0","","0","","40 33:05.692","","0","79 52:45.881","9","0","0","0","2432","0","0","0","N","0","0","0","1","02432","0","","5.0","","2","N","N","","0","","0","0","0","","0","","","1","0","0","0","0","0","1","2","0","1","","","","N","","","","","","","","","",""
"2007006272","","2","0","0","0","0","0","0","0","0","4","0","","02","1","2007","7","40.354121","-80.004936","1641","11","0","0","0","1","0","0","0","0","","0","0","0","","","0","","1","","40 21:14.837","","0","80 00:17.770","0","0","0","0","2476","0","0","0","N","0","0","0","5","02476","0","","1.0","","1","N","N","","0","","0","0","0","","0","","","2","0","0","0","0","0","0","2","0","2","","","","N","","","","","","","","","",""
"2007006274","","2","0","0","0","0","0","0","0","0","7","0","","02","1","2007","3","40.275833","-79.889913","2152","11","0","0","2","0","0","0","0","0","3","0","0","0","","","0","","0","","40 16:33.000","2","3","79 53:23.685","0","0","0","0","2471","0","0","0","N","0","0","0","2","02428","0","","2.0","","2","N","N","","0","","0","0","0","","0","Y","","2","0","0","0","0","0","0","2","0","2","","","","N","","","","","","","","","",""
"2007006284","","2","0","0","0","0","0","0","0","0","4","0","","02","1","2007","7","40.321111","-79.942255","1803","11","0","0","0","0","0","1","1","0","1","0","0","0","","","2","","1","","40 19:16.000","1","0","79 56:32.119","4","0","0","0","2454","0","0","0","N","0","0","0","4","02454","2","","1.0","","1","N","N","","0","","0","0","0","","2","Y","","2","2","0","0","0","0","0","2","0","2","","","","N","","","","","","","","","",""
"2007006310","","0","0","0","0","0","0","0","0","0","7","0","","02","1","2007","7","40.552148","-80.012019","1248","11","0","0","0","0","0","0","0","0","","0","0","0","","","0","","0","","40 33:07.732","","0","80 00:43.268","0","0","0","0","2116","0","0","0","N","0","0","0","1","02116","0","","5.0","","1","N","N","","0","","0","0","0","","0","","","1","0","0","0","0","0","0","2","0","1","","","","N","","","","","","","","","",""
"2007006321","","2","0","0","0","0","0","0","0","0","4","0","","02","1","2007","7","40.435","-79.768458","1536","11","0","0","0","0","0","1","1","0","","0","0","0","","","0","","2","","40 26:06.000","","7","79 46:06.450","0","0","0","0","2446","0","0","0","N","0","0","0","2","02446","0","","1.0","","1","N","N","","0","","0","0","0","","2","","","2","0","0","0","0","0","0","2","0","2","","","","N","","","","","","","","","",""
"2007006325","","1","0","0","0","0","0","0","0","0","7","0","","02","1","2007","3","40.460692","-79.719554","1819","11","0","0","0","0","0","0","0","0","1","0","0","0","","","0","","0","","40 27:38.491","1","0","79 43:10.396","0","0","0","0","2466","0","0","0","N","0","0","0","1","02466","0","","5.0","","2","N","N","","0","","0","0","0","","0","N","","1","0","0","0","0","0","0","2","0","1","","","","N","","","","","","","","","",""
"2007006326","","1","0","0","0","0","0","0","0","0","7","0","","02","1","2007","7","40.449994","-79.7054","1930","11","0","0","0","0","1","0","0","0","1","0","0","0","","","0","","0","","40 26:59.979","6","0","79 42:19.440","0","0","0","0","2466","0","0","0","N","0","0","0","1","02466","0","","5.0","","1","N","N","","0","","0","0","0","","0","Y","","1","0","0","0","0","0","0","2","0","1","","","","N","","","","","","","","","",""
"2007006328","","2","0","0","0","0","0","0","0","0","99","0","","02","1","2007","1","40.615364","-79.933865","1523","11","0","0","0","0","0","0","0","0","","0","0","0","","","0","","1","","40 36:55.311","","0","79 56:01.915","0","0","0","0","2207","0","0","0","N","0","0","0","2","02207","0","","1.0","","9","N","N","","0","","0","0","0","","3","","","2","0","0","0","0","0","0","2","0","2","","","","N","","","","","","","","","",""
"2007006336","","1","0","0","0","0","0","0","0","0","7","0","","02","1","2007","6","40.519722","-79.80719","1652","11","0","0","0","0","0","1","0","0","1","0","0","0","","","0","","0","","40 31:11.000","6","0","79 48:25.883","0","0","0","0","2466","0","0","0","N","0","0","0","2","02466","0","","5.0","","2","N","N","","0","","0","0","0","","0","N","","1","0","0","0","0","0","0","2","0","1","","","","N","","","","","","","","","",""
"2007006337","","1","0","0","0","0","0","0","0","0","4","0","","02","1","2007","7","40.426972","-79.880913","1013","11","0","0","0","0","0","0","0","0","","0","0","0","","","0","","1","","40 25:37.099","","0","79 52:51.286","0","0","0","0","2426","0","0","0","N","0","0","0","3","02426","0","","1.0","","9","N","N","","1","","0","0","1","","3","","","3","0","0","0","0","0","0","2","0","3","","","","N","","","","","","","","","",""
"2007006340","","0","0","0","0","0","0","0","0","0","7","0","","02","1","2007","1","40.391542","-79.819356","1736","11","0","0","0","0","0","0","0","0","1","0","0","0","","","0","","0","","40 23:29.550","2","0","79 49:09.681","0","0","0","0","2111","0","0","0","N","0","0","0","1","02111","0","","5.0","","2","N","N","","0","","0","0","1","","0","N","","1","0","0","0","0","0","0","2","0","1","","","","N","","","","","","","","","",""
"2007006342","","2","0","0","0","0","0","0","0","0","7","0","","02","1","2007","1","40.414226","-80.050905","1724","11","0","0","1","0","0","0","0","0","","0","0","0","","","0","","0","","40 24:51.213","","0","80 03:03.258","0","0","0","0","2435","0","0","0","N","0","0","0","1","02435","0","","4.0","","2","N","N","","0","","0","0","1","","0","","","3","0","0","0","0","0","0","2","0","3","","","","N","","","","","","","","","",""
"2007006343","","0","0","0","0","0","0","0","0","0","7","0","","02","1","2007","1","40.365801","-79.814343","1640","11","0","0","0","1","0","0","0","0","2","0","0","0","","","1","","0","","40 21:56.883","1","0","79 48:51.634","4","0","0","0","2111","0","0","0","N","0","0","0","3","02111","1","","4.0","","2","N","N","","0","","0","0","1","","0","N","","1","1","1","0","0","0","0","2","0","1","","","","N","","","","","","","","","",""
"2007006354","","0","0","0","0","0","0","0","0","0","7","0","","02","1","2007","1","40.238889","-79.866242","1820","11","0","0","0","0","0","0","0","0","3","0","0","0","","","0","","2","","40 14:20.000","2","0","79 51:58.470","0","0","0","0","2204","0","0","0","N","0","0","0","5","02204","0","","2.0","","2","N","N","","1","","0","0","0","","3","Y","","1","0","0","0","0","0","0","1","0","1","","","","N","","","","","","","","","",""
"2007006357","","1","0","0","0","0","0","0","0","0","7","0","","02","1","2007","7","40.546111","-80.016945","0141","11","0","0","0","0","0","0","0","0","","0","0","0","","","1","","0","","40 32:46.000","","0","80 01:01.001","8","0","0","0","2116","0","0","0","N","0","0","0","1","02116","0","","5.0","","8","N","N","","0","","0","0","0","","0","","","1","1","0","0","0","1","0","2","0","1","","","","N","","","","","","","","","",""
"2007006358","","2","0","0","0","0","0","0","0","0","5","0","","02","1","2007","1","40.38929","-79.911153","1808","11","0","0","0","0","0","0","0","0","1","0","0","0","","","0","","0","","40 23:21.444","3","0","79 54:40.152","0","0","0","0","2448","0","0","0","","0","0","0","1","02448","0","","1.0","","2","","","","0","","0","0","1","","0","N","","3","0","1","0","0","0","0","2","0","3","","","","N","","","","","","","","","",""
"2007006362","","0","0","0","0","0","0","0","0","0","7","0","","02","1","2007","1","40.491558","-80.059513","1929","11","0","0","0","0","0","0","0","0","1","0","0","0","","","0","","0","","40 29:29.608","1","0","80 03:34.245","9","0","0","0","2404","0","0","0","N","0","0","0","1","02404","0","","2.0","","9","N","N","","0","","0","0","1","","0","Y","","1","0","0","0","0","0","1","2","0","1","","","","N","","","","","","","","","",""
"2007006363","","1","0","0","0","0","0","0","0","0","5","0","","02","1","2007","2","40.542009","-80.012979","1920","11","0","0","0","0","0","0","1","0","","0","0","0","","","0","","0","","40 32:31.231","","0","80 00:46.725","0","0","0","0","2116","0","0","0","N","0","0","0","4","02116","0","","1.0","","1","N","N","","0","","0","0","1","","0","","","2","0","0","0","0","0","0","2","0","2","","","","N","","","","","","","","","",""
"2007006365","","0","0","0","0","0","0","0","0","0","7","0","","02","1","2007","1","40.649631","-79.934232","1918","11","0","0","0","0","0","0","0","0","","0","0","0","","","0","","0","","40 38:58.673","","0","79 56:03.235","0","0","0","0","2217","0","0","0","N","0","0","0","1","02505","0","","5.0","","2","N","N","","1","","0","0","0","","0","","","1","0","0","0","0","0","0","2","0","1","","","","N","","","","","","","","","",""
"2007006368","","1","0","0","0","0","0","0","0","0","7","0","","02","1","2007","1","40.3785","-80.0994","1942","11","0","0","0","1","0","0","0","0","","0","0","0","","","0","","0","","40 22:42.600","","0","80 05:57.840","0","0","0","0","2102","0","0","0","N","0","0","0","2","02102","0","","3.0","","2","N","N","","0","","0","0","0","","0","","","1","0","0","0","0","0","0","2","0","1","","","","N","","","","","","","","","",""
"2007006370","","1","0","0","0","0","0","0","0","0","7","0","","02","1","2007","4","40.247265","-79.877901","0220","11","0","0","0","0","0","0","0","0","3","0","0","0","","","1","","0","","40 14:50.154","5","0","79 52:40.443","8","0","0","0","2204","0","0","0","Y","0","0","0","1","02204","0","","2.0","","9","N","N","","0","","0","0","0","","0","Y","","1","1","0","0","0","1","0","1","0","1","","","","N","","","","","","","","","",""
"2007006371","","2","0","0","0","0","0","0","0","0","4","0","","02","1","2007","6","40.445833","-79.84844","0506","11","0","0","0","0","0","1","0","0","","0","0","0","","","0","","1","","40 26:45.000","","0","79 50:54.385","0","0","0","0","2419","0","0","0","N","0","0","0","3","02419","0","","7.0","","9","N","N","","0","","0","0","0","","2","","","2","0","0","0","0","0","0","2","0","2","","","","N","","","","","","","","","",""
"2007006379","","1","0","0","0","0","0","0","0","0","4","0","","02","1","2007","4","40.293","-79.8747","1450","11","0","0","0","0","0","1","0","0","","0","0","0","","","0","","0","","40 17:34.800","","0","79 52:28.920","0","0","0","0","2302","0","0","0","N","0","0","0","2","02302","0","","1.0","","1","N","N","","1","","0","0","0","","0","","","2","0","2","0","0","0","0","2","0","2","","","","N","","","","","","","","","",""
"2007006411","","1","0","0","0","0","0","0","0","0","1","1","","02","1","2007","2","40.430833","-79.717662","1215","11","0","0","0","0","0","0","0","0","1","0","1","0","","","2","","0","","40 25:51.000","2","0","79 43:03.583","8","0","0","0","2446","0","0","0","N","0","0","0","2","02446","0","","1.0","","9","N","N","","0","","0","0","0","","0","N","","2","2","0","0","0","2","0","2","0","2","","","","N","","","","","","","","","",""
"2007006415","","0","0","0","0","0","0","0","0","0","7","0","","02","1","2007","1","40.521008","-79.902147","1620","11","0","0","0","0","1","0","0","0","","0","0","0","","","3","","0","","40 31:15.630","","0","79 54:07.730","3","0","0","0","2432","0","0","0","N","0","0","0","3","02432","2","","5.0","","2","N","N","","0","","1","0","1","","0","","","1","3","0","0","0","0","0","2","0","1","","","","N","","","","","","","","","",""
"2007006423","","0","0","0","0","0","0","0","0","0","7","0","","02","1","2007","1","40.4655","-80.1954","1600","11","0","0","0","0","0","0","0","0","","0","0","0","","","0","","0","","40 27:55.800","","0","80 11:43.440","0","0","0","0","2213","0","0","0","N","0","0","0","1","02213","0","","3.0","","2","Y","N","","0","","0","0","1","","0","","","1","0","0","0","0","0","0","2","0","1","","","","N","","","","","","","","","",""
"2007006424","","1","0","0","0","0","0","0","0","0","7","0","","02","1","2007","4","40.4719","-80.1658","0552","11","0","0","0","0","0","0","0","0","","0","0","0","","","0","","0","","40 28:18.840","","0","80 09:56.880","0","0","0","0","2213","0","0","0","N","0","0","0","1","02213","0","","5.0","","2","N","N","","0","","0","0","0","","0","","","1","0","0","0","0","0","0","2","0","1","","","","N","","","","","","","","","",""
"2007006425","","1","0","0","0","0","0","0","0","0","4","0","","02","1","2007","1","40.614661","-80.092044","1435","11","0","0","0","0","0","0","1","0","","0","0","0","","","1","","2","","40 36:52.780","","0","80 05:31.358","4","0","0","0","2481","0","0","0","N","0","0","0","3","02481","1","","1.0","","1","N","N","","0","","0","0","1","","2","","","2","1","0","0","0","0","0","2","0","2","","","","N","","","","","","","","","",""
"2007006468","","1","0","0","0","0","0","0","0","0","7","0","","02","1","2007","6","40.6607","-79.9837","2138","11","0","0","0","1","0","0","0","0","2","0","0","0","","","1","","0","","40 39:38.520","6","7","79 59:01.320","4","0","0","0","2217","0","0","0","N","0","0","0","1","02505","1","","5.0","","2","N","N","","0","","0","0","0","","0","Y","","1","1","1","0","0","0","0","1","0","1","","","","N","","","","","","","","","",""
"2007006471","","1","0","0","0","0","0","0","0","0","1","0","","02","1","2007","5","40.371787","-80.099696","2110","11","0","0","0","0","0","0","0","0","1","0","0","0","","","0","","0","","40 22:18.432","4","0","80 05:58.905","9","0","0","0","2102","0","0","0","N","0","0","0","2","02102","0","","1.0","","1","N","N","","1","","0","0","0","","0","N","","2","0","0","0","0","0","1","2","0","2","","","","N","","","","","","","","","",""
"2007006528","","2","0","0","0","0","0","0","0","0","4","0","","02","1","2007","6","40.622506","-79.95817","2001","11","0","0","0","0","0","0","0","0","2","0","0","0","","","1","","2","","40 37:21.021","2","0","79 57:29.412","3","0","0","0","2217","0","0","0","N","0","0","0","2","02505","0","","1.0","","9","N","N","","0","","1","0","0","","3","N","","2","1","0","0","0","0","0","2","0","2","","","","N","","","","","","","","","",""
"2007006589","","1","0","0","0","0","0","0","0","0","7","0","","02","1","2007","1","40.379444","-79.807737","2312","11","0","0","0","0","0","1","0","0","","0","0","0","","","0","","2","","40 22:46.000","","0","79 48:27.852","0","0","0","0","2424","0","0","0","N","0","0","0","3","02424","0","","5.0","","9","N","N","","0","","0","0","0","","0","","","1","0","0","0","0","0","0","2","0","1","","","","N","","","","","","","","","",""
"2007006602","","2","0","0","0","0","0","0","0","0","4","0","","02","1","2007","1","40.378611","-79.805019","1444","11","0","0","0","0","0","0","0","0","2","0","0","0","","","2","","0","","40 22:43.000","6","0","79 48:18.068","4","0","0","0","2111","0","0","0","N","0","0","0","2","02111","1","","1.0","","9","N","N","","0","","0","0","0","","0","Y","","2","2","0","0","0","1","0","2","0","2","","","","N","","","","","","","","","",""
"2007006604","","1","0","0","0","0","0","0","0","0","6","0","","02","1","2007","2","40.430523","-80.139216","1253","11","0","0","0","1","0","0","0","0","2","0","0","0","","","0","","0","","40 25:49.881","4","0","80 08:21.177","0","0","0","0","2102","0","0","0","N","0","0","0","2","02102","0","","1.0","","9","N","N","","1","","0","0","0","","0","N","","2","0","0","0","0","0","0","2","0","2","","","","N","","","","","","","","","",""
"2007006625","","0","0","0","0","0","0","0","0","0","7","0","","02","1","2007","7","40.375","-80.093772","1150","11","0","0","0","0","0","1","0","0","","0","0","0","","","1","","0","","40 22:30.000","","0","80 05:37.580","3","0","0","0","2117","0","0","0","N","0","0","0","2","02117","0","","2.0","","1","N","N","","0","","1","0","1","","0","","","1","1","0","0","0","0","0","2","0","1","","","","N","","","","","","","","","",""
"2007006627","","1","0","0","0","0","0","0","0","0","1","0","","02","1","2007","1","40.336389","-79.978936","1418","11","0","0","0","0","0","0","0","0","","0","0","0","","","1","","2","","40 20:11.000","","0","79 58:44.170","4","0","0","0","2454","0","0","0","N","0","0","0","6","02454","1","","1.0","","9","N","N","","0","","0","0","1","","2","","","2","1","0","0","0","0","0","2","0","2","","","","N","","","","","","","","","",""
"2007006631","","1","0","0","0","0","0","0","0","0","8","0","","02","1","2007","3","40.390863","-79.809978","1003","11","0","0","0","0","0","0","0","1","","0","0","0","","","1","","1","","40 23:27.106","","0","79 48:35.920","3","0","0","0","2479","1","0","0","N","1","0","0","2","02111","0","","1.0","","1","N","N","","0","","1","0","0","","3","","","2","1","0","0","0","0","0","2","0","1","","","","N","","","","","","","","","",""
"2007006635","","2","0","0","0","0","0","0","0","0","1","0","","02","1","2007","3","40.545833","-80.016963","1446","11","0","1","0","0","0","0","0","1","","0","0","0","","","0","","1","","40 32:45.000","","0","80 01:01.066","9","0","0","0","2116","0","0","0","N","0","0","0","5","02116","0","","1.0","","1","N","N","","0","","0","0","0","","2","","","2","0","0","0","0","0","1","2","0","2","","","","N","","","","","","","","","",""
"2007006649","","1","0","0","0","0","0","0","0","0","7","0","","02","1","2007","2","40.519078","-80.195722","1804","11","0","0","0","1","0","0","0","0","1","0","0","0","","","0","","0","","40 31:08.680","1","0","80 11:44.599","0","0","0","0","2213","0","0","0","N","0","0","0","1","02213","0","","5.0","","7","Y","N","","0","","0","0","0","","0","N","","1","0","0","0","0","0","0","2","0","1","","","","N","","","","","","","","","",""
"2007006679","","1","0","0","0","0","0","0","0","0","7","0","","02","1","2007","2","40.311835","-79.940581","0421","11","0","0","0","0","1","0","0","0","3","0","0","0","","","0","","0","","40 18:42.606","6","0","79 56:26.091","0","0","0","0","2440","0","0","0","N","0","0","0","1","02440","0","","5.0","","2","N","N","","0","","0","0","0","","0","N","","1","0","0","0","0","0","0","2","0","1","","","","N","","","","","","","","","",""