"CRN","ARRIVAL_TM","AUTOMOBILE_COUNT","BELTED_DEATH_COUNT","BELTED_SUSP_SERIOUS_INJ_COUNT","BICYCLE_COUNT","BICYCLE_DEATH_COUNT","BICYCLE_SUSP_SERIOUS_INJ_COUNT","BUS_COUNT","CHLDPAS_DEATH_COUNT","CHLDPAS_SUSP_SERIOUS_INJ_COUNT","COLLISION_TYPE","COMM_VEH_COUNT","CONS_ZONE_SPD_LIM","COUNTY","CRASH_MONTH","CRASH_YEAR","DAY_OF_WEEK","DEC_LATITUDE","DEC_LONGITUDE","DISPATCH_TM","DISTRICT","DRIVER_COUNT_16YR","DRIVER_COUNT_17YR","DRIVER_COUNT_18YR","DRIVER_COUNT_19YR","DRIVER_COUNT_20YR","DRIVER_COUNT_50_64YR","DRIVER_COUNT_65_74YR","DRIVER_COUNT_75PLUS","EST_HRS_CLOSED","FATAL_COUNT","HEAVY_TRUCK_COUNT","HORSE_BUGGY_COUNT","HOUR_OF_DAY","ILLUMINATION","INJURY_COUNT","INTERSECTION_RELATED","INTERSECT_TYPE","LANE_CLOSED","LATITUDE","LN_CLOSE_DIR","LOCATION_TYPE","LONGITUDE","MAX_SEVERITY_LEVEL","MCYCLE_DEATH_COUNT","MCYCLE_SUSP_SERIOUS_INJ_COUNT","MOTORCYCLE_COUNT","MUNICIPALITY","NONMOTR_COUNT","NONMOTR_DEATH_COUNT","NONMOTR_SUSP_SERIOUS_INJ_COUNT","NTFY_HIWY_MAINT","PED_COUNT","PED_DEATH_COUNT","PED_SUSP_SERIOUS_INJ_COUNT","PERSON_COUNT","POLICE_AGCY","POSSIBLE_INJ_COUNT","RDWY_SURF_TYPE_CD","RELATION_TO_ROAD","ROADWAY_CLEARED","ROAD_CONDITION","SCH_BUS_IND","SCH_ZONE_IND","SECONDARY_CRASH","SMALL_TRUCK_COUNT","SPEC_JURIS_CD","SUSP_MINOR_INJ_COUNT","SUSP_SERIOUS_INJ_COUNT","SUV_COUNT","TCD_FUNC_CD","TCD_TYPE","TFC_DETOUR_IND","TIME_OF_DAY","TOTAL_UNITS","TOT_INJ_COUNT","UNBELTED_OCC_COUNT","UNB_DEATH_COUNT","UNB_SUSP_SERIOUS_INJ_COUNT","UNK_INJ_DEG_COUNT","UNK_INJ_PER_COUNT","URBAN_RURAL","VAN_COUNT","VEHICLE_COUNT","WEATHER1","WEATHER2","WORKERS_PRES","WORK_ZONE_IND","WORK_ZONE_LOC","WORK_ZONE_TYPE","WZ_CLOSE_DETOUR","WZ_FLAGGER","WZ_LAW_OFFCR_IND","WZ_LN_CLOSURE","WZ_MOVING","WZ_OTHER","WZ_SHLDER_MDN","WZ_WORKERS_INJ_KILLED"
"2007007544","","2","0","0","0","0","0","0","0","0","4","0","","02","1","2007","6","40.435833","-79.999044","0719","11","0","0","0","0","0","0","1","0","","0","0","0","","","0","","5","","40 26:09.000","","2","79 59:56.559","0","0","0","0","2301","0","0","0","N","0","0","0","2","02301","0","","1.0","","9","N","N","","0","","0","0","0","","2","","","2","0","0","0","0","0","0","2","0","2","","","","N","","","","","","","","","",""
"2007007588","","2","0","0","0","0","0","0","0","0","4","0","","02","1","2007","5","40.430474","-80.065947","0250","11","0","0","0","0","0","0","0","0","","0","0","0","","","0","","2","","40 25:49.706","","0","80 03:57.409","0","0","0","0","2421","0","0","0","N","0","0","0","0","02421","0","","1.0","","9","N","N","","0","","0","0","0","","3","","","2","0","0","0","0","0","0","2","0","2","","","","N","","","","","","","","","",""
"2007007814","","1","0","0","0","0","0","0","0","0","4","0","","02","1","2007","7","40.299722","-79.828565","1923","11","0","0","0","0","0","1","0","0","1","0","0","0","","","0","","2","","40 17:59.000","2","0","79 49:42.833","0","0","0","0","2443","0","0","0","N","0","0","0","2","02443","0","","1.0","","1","N","N","","0","","0","0","1","","3","N","","2","0","0","0","0","0","0","1","0","2","","","","N","","","","","","","","","",""
"2007007833","","2","0","0","0","0","0","0","0","0","4","0","","02","1","2007","4","40.45289","-79.920715","1328","11","0","0","0","0","0","0","0","1","1","0","0","0","","","1","","1","","40 27:10.404","7","0","79 55:14.574","8","0","0","0","2301","0","0","0","N","0","0","0","4","02301","0","","1.0","","1","N","N","","0","","0","0","0","","2","N","","2","1","0","0","0","1","0","2","0","2","","","","N","","","","","","","","","",""
"2007007834","","1","0","0","0","0","0","0","0","0","8","0","","02","1","2007","6","40.458889","-79.931735","2145","11","0","0","0","0","0","0","0","0","","0","0","0","","","1","","2","","40 27:32.000","","0","79 55:54.245","4","0","0","0","2301","1","0","0","N","1","0","0","2","02301","1","","9.0","","9","N","N","","0","","0","0","0","","0","","","2","1","0","0","0","0","1","2","0","1","","","","N","","","","","","","","","",""
"2007007835","","1","0","0","0","0","0","0","0","0","7","0","","02","1","2007","2","40.464042","-79.896181","2041","11","0","0","0","0","0","0","0","0","","0","0","0","","","0","","0","","40 27:50.550","","0","79 53:46.250","0","0","0","0","2301","0","0","0","N","0","0","0","1","02301","0","","4.0","","1","N","N","","0","","0","0","0","","0","","","1","0","0","0","0","0","0","2","0","1","","","","N","","","","","","","","","",""
"2007007836","","1","0","0","0","0","0","0","0","0","1","0","","02","1","2007","6","40.460664","-79.932397","1438","11","0","0","0","0","0","1","0","0","","0","0","0","","","2","","1","","40 27:38.390","","0","79 55:56.629","8","0","0","0","2301","0","0","0","N","0","0","0","3","02301","0","","1.0","","9","N","N","","0","","0","0","1","","2","","","2","2","0","0","0","2","0","2","0","2","","","","N","","","","","","","","","",""
"2007007837","","0","0","0","0","0","0","0","0","0","2","0","","02","1","2007","7","40.453889","-79.912399","1719","11","0","0","0","0","0","0","0","0","","0","0","0","","","0","","1","","40 27:14.000","","0","79 54:44.638","0","0","0","0","2301","0","0","0","N","0","0","0","2","02301","0","","1.0","","1","N","N","","0","","0","0","1","","2","","","2","0","0","0","0","0","0","2","1","2","","","","N","","","","","","","","","",""
"2007007838","","2","0","0","0","0","0","0","0","0","4","0","","02","1","2007","7","40.435465","-79.911567","2210","11","0","0","0","0","0","1","0","0","1","0","0","0","","","1","","0","","40 26:07.674","2","0","79 54:41.641","8","0","0","0","2301","0","0","0","N","0","0","0","1","02301","0","","1.0","","9","N","N","","0","","0","0","0","","0","N","","2","1","0","0","0","1","0","2","0","2","","","","N","","","","","","","","","",""
"2007007839","","2","0","0","0","0","0","0","0","0","4","0","","02","1","2007","1","40.440623","-79.947956","1509","11","0","0","0","0","1","0","0","0","","0","0","0","","","1","","0","","40 26:26.244","","0","79 56:52.643","4","0","0","0","2301","0","0","0","","0","0","0","3","02301","1","","1.0","","1","N","N","","0","","0","0","0","","0","","","2","1","1","0","0","0","0","2","0","2","","","","N","","","","","","","","","",""
"2007007840","","2","0","0","0","0","0","0","0","0","4","0","","02","1","2007","2","40.45208","-79.930982","1012","11","0","0","0","0","0","1","0","0","","0","0","0","","","0","","1","","40 27:07.488","","0","79 55:51.535","0","0","0","0","2301","0","0","0","N","0","0","0","2","02301","0","","1.0","","1","N","N","","0","","0","0","0","","2","","","2","0","0","0","0","0","0","2","0","2","","","","N","","","","","","","","","",""
"2007007841","","2","0","0","0","0","0","0","0","0","1","0","","02","1","2007","2","40.434973","-79.944894","1214","11","0","0","0","0","0","0","0","0","","0","0","0","","","1","","3","","40 26:05.903","","0","79 56:41.619","4","0","0","0","2301","0","0","0","N","0","0","0","4","02301","1","","1.0","","9","N","N","","0","","0","0","0","","3","","","2","1","0","0","0","0","0","2","0","2","","","","N","","","","","","","","","",""
"2007007842","","2","0","0","0","0","0","0","0","0","4","0","","02","1","2007","2","40.440722","-79.915858","1214","11","0","0","0","0","0","0","0","0","1","0","0","0","","","0","","0","","40 26:26.599","6","0","79 54:57.088","0","0","0","0","2301","0","0","0","N","0","0","0","1","02301","0","","1.0","","9","N","N","","0","","0","0","0","","0","N","","3","0","0","0","0","0","0","2","1","3","","","","N","","","","","","","","","",""
"2007007843","","3","0","0","0","0","0","0","0","0","4","0","","02","1","2007","3","40.433115","-79.936825","1713","11","0","0","0","0","0","3","0","0","","0","0","0","","","0","","0","","40 25:59.213","","3","79 56:12.570","0","0","0","0","2301","0","0","0","N","0","0","0","3","02301","0","","1.0","","2","N","N","","0","","0","0","0","","0","","","3","0","0","0","0","0","0","2","0","3","","","","N","","","","","","","","","",""
"2007007844","","2","0","0","0","0","0","0","0","0","4","0","","02","1","2007","2","40.441956","-79.962881","2123","11","0","0","0","0","0","0","0","0","","0","0","0","","","3","","1","","40 26:31.041","","0","79 57:46.371","4","0","0","0","2301","0","0","0","N","0","0","0","3","02301","3","","1.0","","1","N","N","","0","","0","0","0","","2","","","2","3","0","0","0","0","0","2","0","2","","","","N","","","","","","","","","",""
"2007007845","","2","0","0","0","0","0","0","0","0","4","0","","02","1","2007","1","40.453889","-79.912399","0151","11","0","0","0","0","1","0","0","0","","0","0","0","","","0","","1","","40 27:14.000","","0","79 54:44.638","0","0","0","0","2301","0","0","0","N","0","0","0","3","02301","0","","1.0","","1","N","N","","0","","0","0","0","","2","","","2","0","0","0","0","0","0","2","0","2","","","","N","","","","","","","","","",""
"2007007846","","1","0","0","0","0","0","0","0","0","8","0","","02","1","2007","6","40.419643","-79.927184","1753","11","0","0","0","0","0","0","0","0","","0","0","0","","","1","","5","","40 25:10.714","","0","79 55:37.862","3","0","0","0","2301","1","0","0","N","1","0","0","2","02301","0","","1.0","","9","N","N","","0","","1","0","0","","2","","","2","1","0","0","0","0","0","2","0","1","","","","N","","","","","","","","","",""
"2007007847","","1","0","0","0","0","0","0","0","0","1","0","","02","1","2007","7","40.443882","-79.938809","1024","11","0","0","0","0","0","0","1","0","1","0","0","0","","","0","","2","","40 26:37.974","4","0","79 56:19.714","0","0","0","0","2301","0","0","0","N","0","0","0","2","02301","0","","1.0","","9","N","N","","1","","0","0","0","","2","N","","2","0","0","0","0","0","0","2","0","2","","","","N","","","","","","","","","",""
"2007007848","","1","0","0","0","0","0","0","0","0","8","0","","02","1","2007","7","40.446193","-79.895545","1120","11","0","0","0","0","0","0","0","0","","0","0","0","","","1","","1","","40 26:46.294","","0","79 53:43.962","4","0","0","0","2301","1","0","0","N","1","0","0","2","02301","1","","1.0","","9","N","N","","0","","0","0","0","","3","","","2","1","0","0","0","0","0","2","0","1","","","","N","","","","","","","","","",""
"2007007849","","1","0","0","0","0","0","0","0","0","7","0","","02","1","2007","2","40.4362","-80.0005","0056","11","0","0","0","0","0","0","0","0","","0","0","0","","","0","","0","","40 26:10.320","","2","80 00:01.800","0","0","0","0","2301","0","0","0","N","0","0","0","1","02301","0","","2.0","","9","N","N","","0","","0","0","0","","0","","","1","0","0","0","0","0","0","2","0","1","","","","N","","","","","","","","","",""
"2007007850","","1","0","0","0","0","0","0","0","0","4","0","","02","1","2007","4","40.470136","-79.908544","1235","11","0","0","0","0","0","0","0","0","","0","0","0","","","0","","0","","40 28:12.490","","0","79 54:30.760","0","0","0","0","2301","0","0","0","N","0","0","0","3","02301","0","","1.0","","9","N","N","","1","","0","0","0","","0","","","2","0","0","0","0","0","0","2","0","2","","","","N","","","","","","","","","",""
"2007007851","","1","0","0","0","0","0","0","0","0","7","0","","02","1","2007","6","40.441115","-79.961414","1316","11","0","0","0","0","0","1","0","0","","0","0","0","","","1","","2","","40 26:28.014","","0","79 57:41.090","4","0","0","0","2301","0","0","0","N","0","0","0","1","02301","1","","5.0","","9","N","N","","0","","0","0","0","","3","","","1","1","0","0","0","0","0","2","0","1","","","","N","","","","","","","","","",""
"2007007852","","2","0","0","0","0","0","0","0","0","4","0","","02","1","2007","5","40.447419","-79.942435","0053","11","0","0","0","0","0","0","0","0","4","0","0","0","","","1","","1","","40 26:50.707","7","0","79 56:32.767","4","0","0","0","2301","0","0","0","N","0","0","0","2","02301","1","","1.0","","1","N","N","","0","","0","0","0","","2","Y","","2","1","0","0","0","0","0","2","0","2","","","","N","","","","","","","","","",""
"2007007853","","2","0","0","0","0","0","0","0","0","4","0","","02","1","2007","1","40.44969","-79.972415","0737","11","0","0","0","0","0","0","1","0","","0","0","0","","","0","","0","","40 26:58.885","","0","79 58:20.694","0","0","0","0","2301","0","0","0","N","0","0","0","1","02301","0","","5.0","","1","N","N","","0","","0","0","1","","0","","","3","0","0","0","0","0","0","2","0","3","","","","N","","","","","","","","","",""
"2007007854","","1","0","0","0","0","0","0","0","0","7","0","","02","1","2007","5","40.459688","-80.018883","2236","11","0","1","0","0","0","0","0","0","","0","0","0","","","0","","0","","40 27:34.876","","0","80 01:07.978","0","0","0","0","2301","0","0","0","N","0","0","0","1","02301","0","","4.0","","1","N","N","","0","","0","0","0","","0","","","1","0","0","0","0","0","0","2","0","1","","","","N","","","","","","","","","",""
"2007007855","","0","0","0","0","0","0","0","0","0","7","0","","02","1","2007","6","40.46721","-79.982998","0304","11","0","0","0","0","0","0","0","0","3","0","0","0","","","0","","0","","40 28:01.955","6","0","79 58:58.793","9","0","0","0","2301","0","0","0","N","0","0","0","1","02301","0","","4.0","","9","N","N","","0","","0","0","1","","0","Y","","1","0","0","0","0","0","1","2","0","1","","","","N","","","","","","","","","",""
"2007007856","","1","0","0","0","0","0","0","0","0","1","1","","02","1","2007","6","40.4408","-80.0075","1202","11","0","0","0","0","0","0","1","0","","0","1","0","","","1","","0","","40 26:26.880","","2","80 00:27.000","8","0","0","0","2301","0","0","0","N","0","0","0","3","02301","0","","1.0","","9","N","N","","0","","0","0","0","","0","","","2","1","0","0","0","1","0","2","0","2","","","","N","","","","","","","","","",""
"2007007857","","1","0","0","0","0","0","0","0","0","7","0","","02","1","2007","7","40.445305","-80.013532","1935","11","0","0","0","0","0","0","0","0","","0","0","0","","","0","","2","","40 26:43.098","","0","80 00:48.715","0","0","0","0","2301","0","0","0","N","0","0","0","2","02301","0","","5.0","","9","N","N","","0","","0","0","0","","3","","","2","0","0","0","0","0","0","2","0","1","","","","N","","","","","","","","","",""
"2007007858","","0","0","0","0","0","0","0","0","0","1","0","","02","1","2007","5","40.435857","-80.014606","0843","11","0","0","0","0","0","0","0","0","","0","0","0","","","0","","2","","40 26:09.085","","0","80 00:52.581","0","0","0","0","2301","0","0","0","N","0","0","0","4","02301","0","","1.0","","1","N","N","","0","","0","0","3","","0","","","3","0","0","0","0","0","0","2","0","3","","","","N","","","","","","","","","",""
"2007007859","","2","0","0","0","0","0","0","0","0","4","0","","02","1","2007","6","40.427737","-79.98749","1304","11","0","0","0","0","0","0","0","0","1","0","0","0","","","0","","1","","40 25:39.853","3","0","79 59:14.964","0","0","0","0","2301","0","0","0","N","0","0","0","2","02301","0","","1.0","","9","N","N","","0","","0","0","0","","3","Y","","2","0","0","0","0","0","0","2","0","2","","","","N","","","","","","","","","",""
"2007007861","","2","0","0","0","0","0","0","0","0","1","0","","02","1","2007","4","40.48314","-79.950688","2150","11","0","0","0","0","0","0","0","0","","0","0","0","","","0","","0","","40 28:59.303","","0","79 57:02.475","0","0","0","0","2301","0","0","0","N","0","0","0","1","02301","0","","1.0","","1","N","N","","0","","0","0","0","","0","","","2","0","0","0","0","0","0","2","0","2","","","","N","","","","","","","","","",""
"2007007863","","1","0","0","0","0","0","0","0","0","7","0","","02","1","2007","3","40.457746","-79.988642","0112","11","0","0","0","0","0","0","0","0","1","0","0","0","","","1","","0","","40 27:27.885","6","0","79 59:19.111","3","0","0","0","2301","0","0","0","N","0","0","0","2","02301","0","","5.0","","1","N","N","","0","","1","0","1","","0","Y","","2","1","0","0","0","0","0","2","0","2","","","","N","","","","","","","","","",""
"2007007864","","0","0","0","1","0","0","0","0","0","8","0","","02","1","2007","3","40.45052","-80.003713","0837","11","0","0","0","0","0","0","0","0","","0","0","0","","","1","","0","","40 27:01.872","","0","80 00:13.365","3","0","0","0","2301","1","0","0","N","0","0","0","2","02301","0","","1.0","","9","N","N","","1","","1","0","0","","0","","","2","1","0","0","0","0","0","2","0","1","","","","N","","","","","","","","","",""
"2007007865","","2","0","0","0","0","0","0","0","0","4","0","","02","1","2007","1","40.489569","-80.018355","1945","11","0","0","0","0","0","0","0","0","","0","0","0","","","0","","2","","40 29:22.450","","0","80 01:06.078","0","0","0","0","2301","0","0","0","N","0","0","0","2","02301","0","","1.0","","9","N","N","","0","","0","0","0","","2","","","2","0","0","0","0","0","0","2","0","2","","","","N","","","","","","","","","",""
"2007007941","","1","0","0","0","0","0","0","0","0","1","0","","02","1","2007","3","40.33873","-79.887853","1401","11","0","0","0","0","0","0","0","0","2","0","0","0","","","2","","0","","40 20:19.429","5","0","79 53:16.269","8","0","0","0","2433","0","0","0","N","0","0","0","6","02433","0","","1.0","","1","N","N","","0","","0","0","1","","0","N","","2","2","1","0","0","2","0","2","0","2","","","","N","","","","","","","","","",""
"2007007942","","0","0","0","0","0","0","0","0","0","7","0","","02","1","2007","5","40.413124","-79.922513","0302","11","0","0","0","0","0","0","0","0","","0","0","0","","","0","","10","","40 24:47.246","","0","79 55:21.046","9","0","0","0","2301","0","0","0","N","0","0","0","1","02301","0","","4.0","","1","N","N","","0","","0","0","1","","0","","","1","0","0","0","0","0","1","2","0","1","","","","N","","","","","","","","","",""
"2007007944","","1","0","0","0","0","0","0","0","0","4","0","","02","1","2007","4","40.3817","-80.0524","1216","11","0","0","0","0","0","0","1","1","","0","0","0","","","0","","0","","40 22:54.120","","0","80 03:08.640","9","0","0","0","2109","0","0","0","N","0","0","0","2","02109","0","","1.0","","1","N","N","","0","","0","0","1","","0","","","2","0","0","0","0","0","2","2","0","2","","","","N","","","","","","","","","",""
"2007007945","","2","0","0","0","0","0","0","0","0","4","0","","02","1","2007","2","40.376395","-80.067611","1354","11","0","0","0","0","0","0","0","1","1","0","0","0","","","0","","1","","40 22:35.022","3","0","80 04:03.399","0","0","0","0","2109","0","0","0","N","0","0","0","3","02109","0","","1.0","","1","N","N","","0","","0","0","0","","2","N","","2","0","0","0","0","0","0","2","0","2","","","","N","","","","","","","","","",""
"2007007946","","0","0","0","0","0","0","0","0","0","1","0","","02","1","2007","5","40.364722","-80.048146","0740","11","0","0","0","0","1","0","0","0","2","0","0","0","","","0","","0","","40 21:53.000","1","0","80 02:53.325","0","0","0","0","2109","0","0","0","N","0","0","0","2","02109","0","","1.0","","1","N","N","","0","","0","0","2","","0","N","","2","0","0","0","0","0","0","2","0","2","","","","N","","","","","","","","","",""
"2007007947","","1","0","0","0","0","0","0","0","0","7","0","","02","1","2007","1","40.435833","-79.964811","1032","11","0","0","0","1","0","0","0","0","2","0","0","0","","","1","","10","","40 26:09.000","4","0","79 57:53.321","4","0","0","0","2301","0","0","0","N","0","0","0","3","02301","1","","5.0","","9","N","N","","0","","0","0","0","","0","Y","","1","1","0","0","0","0","0","2","0","1","","","","N","","","","","","","","","",""
"2007007948","","0","0","0","0","0","0","0","0","0","0","0","","02","1","2007","2","40.428444","-79.918539","1752","11","0","0","0","0","0","0","0","0","","0","0","0","","","0","","1","","40 25:42.398","","0","79 55:06.740","0","0","0","0","2301","0","0","0","N","0","0","0","2","02301","0","","1.0","","9","N","N","","0","","0","0","1","","2","","","1","0","0","0","0","0","0","2","0","1","","","","N","","","","","","","","","",""
"2007007949","","1","0","0","0","0","0","0","0","0","7","0","","02","1","2007","3","40.451499","-79.953396","1608","11","0","0","0","0","0","0","0","0","","0","0","0","","","0","","1","","40 27:05.396","","0","79 57:12.225","0","0","0","0","2301","0","0","0","N","0","0","0","1","02301","0","","2.0","","9","N","N","","0","","0","0","0","","3","","","1","0","0","0","0","0","0","2","0","1","","","","N","","","","","","","","","",""
"2007007950","","2","0","0","0","0","0","0","0","0","4","0","","02","1","2007","3","40.466743","-79.889434","1010","11","0","0","0","0","0","0","0","0","","0","0","0","","","0","","0","","40 28:00.274","","0","79 53:21.962","0","0","0","0","2301","0","0","0","N","0","0","0","1","02301","0","","1.0","","1","N","N","","0","","0","0","0","","0","","","2","0","1","0","0","0","0","2","0","2","","","","N","","","","","","","","","",""
"2007007951","","0","0","0","0","0","0","0","0","0","7","0","","02","1","2007","3","40.459979","-79.870956","1353","11","0","0","0","1","0","0","0","0","2","0","0","0","","","0","","0","","40 27:35.926","6","0","79 52:15.440","0","0","0","0","2301","0","0","0","N","0","0","0","2","02301","0","","5.0","","1","N","N","","0","","0","0","1","","0","Y","","1","0","0","0","0","0","0","2","0","1","","","","N","","","","","","","","","",""
"2007007952","","1","0","0","0","0","0","0","0","0","7","0","","02","1","2007","6","40.456294","-79.938658","2321","11","0","0","0","0","0","0","0","0","","0","0","0","","","1","","0","","40 27:22.660","","0","79 56:19.170","4","0","0","0","2301","0","0","0","N","0","0","0","1","02301","1","","5.0","","9","N","N","","0","","0","0","0","","0","","","1","1","0","0","0","0","0","2","0","1","","","","N","","","","","","","","","",""
"2007007953","","1","0","0","0","0","0","0","0","0","7","0","","02","1","2007","1","40.44118","-79.897485","0930","11","0","0","0","0","0","0","0","0","","0","0","0","","","1","","0","","40 26:28.248","","0","79 53:50.946","8","0","0","0","2301","0","0","0","N","0","0","0","1","02301","0","","4.0","","9","N","N","","0","","0","0","0","","0","","","1","1","1","0","0","1","0","2","0","1","","","","N","","","","","","","","","",""
"2007007954","","1","0","0","0","0","0","0","0","0","2","0","","02","1","2007","3","40.466811","-79.915844","1722","11","0","0","0","0","0","0","0","0","2","0","0","0","","","2","","0","","40 28:00.520","5","0","79 54:57.040","4","0","0","0","2301","0","0","0","N","0","0","0","3","02301","2","","1.0","","2","N","N","","0","","0","0","1","","0","Y","","2","2","0","0","0","0","0","2","0","2","","","","N","","","","","","","","","",""
"2007008084","","0","0","0","0","0","0","0","0","0","7","0","","02","1","2007","2","40.579167","-80.008755","0151","11","0","0","0","0","0","0","0","0","2","0","0","0","","","0","","0","","40 34:45.000","1","0","80 00:31.519","0","0","0","0","2108","0","0","0","N","0","0","0","1","02108","0","","4.0","","9","N","N","","0","","0","0","1","","0","N","","1","0","0","0","0","0","0","2","0","1","","","","N","","","","","","","","","",""
"2007008085","","1","0","0","0","0","0","0","0","0","2","0","","02","1","2007","2","40.575833","-80.015035","0715","11","0","0","0","0","0","1","0","0","","0","0","0","","","0","","0","","40 34:33.000","","0","80 00:54.126","0","0","0","0","2108","0","0","0","N","0","0","0","2","02108","0","","1.0","","9","N","N","","0","","0","0","0","","0","","","2","0","0","0","0","0","0","2","1","2","","","","N","","","","","","","","","",""
"2007008086","","1","0","0","0","0","0","0","0","0","4","0","","02","1","2007","3","40.550278","-80.037129","1227","11","0","0","0","0","0","1","0","0","1","0","0","0","","","2","","2","","40 33:01.000","5","0","80 02:13.664","4","0","0","0","2108","0","0","0","N","0","0","0","2","02108","2","","1.0","","1","N","N","","0","","0","0","1","","3","N","","2","2","1","0","0","0","0","2","0","2","","","","N","","","","","","","","","",""
"2007008110","","0","0","0","0","0","0","0","0","0","7","0","","02","1","2007","5","40.286332","-79.98171","1528","11","0","0","0","0","0","1","0","0","3","0","0","0","","","0","","0","","40 17:10.794","7","0","79 58:54.157","0","0","0","0","2219","0","0","0","N","0","0","0","1","02219","0","","2.0","","1","N","N","","1","","0","0","0","","0","Y","","1","0","1","0","0","0","0","2","0","1","","","","N","","","","","","","","","",""
"2007008114","","1","0","0","0","0","0","0","0","0","7","0","","02","1","2007","3","40.354304","-79.841559","0835","11","0","0","0","0","1","0","0","0","1","0","0","0","","","1","","0","","40 21:15.494","3","0","79 50:29.613","8","0","0","0","2304","0","0","0","N","0","0","0","1","02304","0","","2.0","","1","N","N","","0","","0","0","0","","0","N","","1","1","0","0","0","1","0","2","0","1","","","","N","","","","","","","","","",""
"2007008115","","0","0","0","0","0","0","0","0","0","7","0","","02","1","2007","1","40.346022","-79.881789","2034","11","0","0","0","0","0","0","0","0","2","0","0","0","","","1","","0","","40 20:45.680","4","0","79 52:54.440","2","0","0","0","2304","0","0","0","N","0","0","0","1","02304","0","","3.0","","9","N","N","","1","","0","1","0","","0","Y","","1","1","0","0","0","0","0","2","0","1","","","","N","","","","","","","","","",""
"2007008116","","1","0","0","0","0","0","0","0","0","7","0","","02","1","2007","4","40.3549","-79.8789","0224","11","0","0","0","0","0","0","0","0","","0","0","0","","","1","","9","","40 21:17.640","","0","79 52:44.040","4","0","0","0","2423","0","0","0","N","0","0","0","1","02304","1","","5.0","","1","N","N","","0","","0","0","0","","5","","","1","1","0","0","0","0","0","2","0","1","","","","N","","","","","","","","","",""
"2007008117","","1","0","0","0","0","0","0","0","0","5","0","","02","1","2007","3","40.349483","-79.866346","1429","11","0","0","0","0","0","0","1","0","","0","0","0","","","0","","0","","40 20:58.138","","0","79 51:58.845","0","0","0","0","2304","0","0","0","N","0","0","0","1","02304","0","","1.0","","1","N","N","","0","","0","0","1","","0","","","3","0","0","0","0","0","0","2","1","3","","","","N","","","","","","","","","",""
"2007008118","","2","0","0","0","0","0","0","0","0","1","0","","02","1","2007","1","40.329058","-79.833705","1857","11","0","0","0","0","1","0","0","0","","0","0","0","","","0","","0","","40 19:44.608","","0","79 50:01.338","0","0","0","0","2304","0","0","0","N","0","0","0","1","02504","0","","5.0","","9","N","N","","0","","0","0","0","","0","","","2","0","0","0","0","0","0","2","0","2","","","","N","","","","","","","","","",""
"2007008119","","1","0","0","0","0","0","0","0","0","7","0","","02","1","2007","3","40.344368","-79.883954","2322","11","0","0","0","0","0","0","0","0","1","0","0","0","","","0","","1","","40 20:39.725","3","0","79 53:02.233","0","0","0","0","2304","0","0","0","N","0","0","0","1","02304","0","","2.0","","2","N","N","","0","","0","0","0","","0","N","","1","0","1","0","0","0","0","2","0","1","","","","N","","","","","","","","","",""
"2007008120","","1","0","0","0","0","0","0","0","0","7","0","","02","1","2007","5","40.35423","-79.832357","1248","11","0","0","0","0","0","0","0","1","","0","0","0","","","0","","0","","40 21:15.228","","0","79 49:56.485","0","0","0","0","2304","0","0","0","N","0","0","0","2","02304","0","","5.0","","1","N","N","","0","","0","0","0","","0","","","1","0","0","0","0","0","0","2","0","1","","","","N","","","","","","","","","",""
"2007008121","","1","0","0","0","0","0","0","0","0","7","0","","02","1","2007","3","40.347778","-80.155179","2224","11","0","0","0","0","0","1","0","0","","0","0","0","","","0","","0","","40 20:52.000","","0","80 09:18.644","0","0","0","0","2119","0","0","0","N","0","0","0","1","02119","0","","4.0","","7","N","N","","0","","0","0","0","","0","","","1","0","0","0","0","0","0","2","0","1","","","","N","","","","","","","","","",""
"2007008122","","2","0","0","0","0","0","0","0","0","1","0","","02","1","2007","4","40.377778","-80.046186","1932","11","0","0","0","0","0","0","0","0","1","0","0","0","","","1","","2","","40 22:40.000","1","0","80 02:46.269","4","0","0","0","2109","0","0","0","N","0","0","0","4","02109","1","","1.0","","1","N","N","","0","","0","0","0","","2","N","","2","1","0","0","0","0","0","2","0","2","","","","N","","","","","","","","","",""
"2007008123","","2","0","0","0","0","0","0","0","0","1","0","","02","1","2007","7","40.355","-80.050283","0136","11","0","0","0","0","1","0","0","0","1","0","0","0","","","0","","1","","40 21:18.000","2","0","80 03:01.017","0","0","0","0","2109","0","0","0","N","0","0","0","2","02109","0","","1.0","","9","N","N","","0","","0","0","0","","2","N","","2","0","0","0","0","0","0","2","0","2","","","","N","","","","","","","","","",""
"2007008385","","2","0","0","0","0","0","0","0","0","1","0","","02","1","2007","4","40.490757","-79.79739","1057","11","0","0","0","0","1","0","0","0","","0","0","0","","","0","","0","","40 29:26.725","","0","79 47:50.604","0","0","0","0","2113","0","0","0","N","0","0","0","1","02113","0","","1.0","","1","N","N","","1","","0","0","0","","0","","","3","0","0","0","0","0","0","2","0","3","","","","N","","","","","","","","","",""