"CRN","ARRIVAL_TM","AUTOMOBILE_COUNT","BELTED_DEATH_COUNT","BELTED_SUSP_SERIOUS_INJ_COUNT","BICYCLE_COUNT","BICYCLE_DEATH_COUNT","BICYCLE_SUSP_SERIOUS_INJ_COUNT","BUS_COUNT","CHLDPAS_DEATH_COUNT","CHLDPAS_SUSP_SERIOUS_INJ_COUNT","COLLISION_TYPE","COMM_VEH_COUNT","CONS_ZONE_SPD_LIM","COUNTY","CRASH_MONTH","CRASH_YEAR","DAY_OF_WEEK","DEC_LATITUDE","DEC_LONGITUDE","DISPATCH_TM","DISTRICT","DRIVER_COUNT_16YR","DRIVER_COUNT_17YR","DRIVER_COUNT_18YR","DRIVER_COUNT_19YR","DRIVER_COUNT_20YR","DRIVER_COUNT_50_64YR","DRIVER_COUNT_65_74YR","DRIVER_COUNT_75PLUS","EST_HRS_CLOSED","FATAL_COUNT","HEAVY_TRUCK_COUNT","HORSE_BUGGY_COUNT","HOUR_OF_DAY","ILLUMINATION","INJURY_COUNT","INTERSECTION_RELATED","INTERSECT_TYPE","LANE_CLOSED","LATITUDE","LN_CLOSE_DIR","LOCATION_TYPE","LONGITUDE","MAX_SEVERITY_LEVEL","MCYCLE_DEATH_COUNT","MCYCLE_SUSP_SERIOUS_INJ_COUNT","MOTORCYCLE_COUNT","MUNICIPALITY","NONMOTR_COUNT","NONMOTR_DEATH_COUNT","NONMOTR_SUSP_SERIOUS_INJ_COUNT","NTFY_HIWY_MAINT","PED_COUNT","PED_DEATH_COUNT","PED_SUSP_SERIOUS_INJ_COUNT","PERSON_COUNT","POLICE_AGCY","POSSIBLE_INJ_COUNT","RDWY_SURF_TYPE_CD","RELATION_TO_ROAD","ROADWAY_CLEARED","ROAD_CONDITION","SCH_BUS_IND","SCH_ZONE_IND","SECONDARY_CRASH","SMALL_TRUCK_COUNT","SPEC_JURIS_CD","SUSP_MINOR_INJ_COUNT","SUSP_SERIOUS_INJ_COUNT","SUV_COUNT","TCD_FUNC_CD","TCD_TYPE","TFC_DETOUR_IND","TIME_OF_DAY","TOTAL_UNITS","TOT_INJ_COUNT","UNBELTED_OCC_COUNT","UNB_DEATH_COUNT","UNB_SUSP_SERIOUS_INJ_COUNT","UNK_INJ_DEG_COUNT","UNK_INJ_PER_COUNT","URBAN_RURAL","VAN_COUNT","VEHICLE_COUNT","WEATHER1","WEATHER2","WORKERS_PRES","WORK_ZONE_IND","WORK_ZONE_LOC","WORK_ZONE_TYPE","WZ_CLOSE_DETOUR","WZ_FLAGGER","WZ_LAW_OFFCR_IND","WZ_LN_CLOSURE","WZ_MOVING","WZ_OTHER","WZ_SHLDER_MDN","WZ_WORKERS_INJ_KILLED"
"2007009884","","2","0","0","0","0","0","0","0","0","7","0","","02","1","2007","5","40.4951","-79.9078","0754","11","0","0","0","0","0","0","0","0","2","0","0","0","","","0","","6","","40 29:42.360","3","2","79 54:28.080","0","0","0","0","2401","0","0","0","Y","0","0","0","2","02401","0","","2.0","","2","N","N","","0","","0","0","0","","0","N","","2","0","1","0","0","0","0","2","0","2","","","","N","","","","","","","","","",""
"2007009936","","1","0","0","0","0","0","0","0","0","7","0","","02","1","2007","6","40.625143","-80.101169","2305","11","1","0","0","0","0","0","0","0","1","0","0","0","","","0","","0","","40 37:30.514","3","0","80 06:04.210","0","0","0","0","2212","0","0","0","N","0","0","0","1","02505","0","","5.0","","2","N","N","","0","","0","0","0","","0","Y","","1","0","0","0","0","0","0","1","0","1","","","","N","","","","","","","","","",""
"2007009938","","1","0","0","0","0","0","0","0","0","7","0","","02","1","2007","7","40.656627","-80.050064","0346","11","0","0","0","0","1","0","0","0","","0","0","0","","","0","","0","","40 39:23.858","","0","80 03:00.229","0","0","0","0","2216","0","0","0","N","0","0","0","1","02505","0","","5.0","","9","N","N","","0","","0","0","0","","0","","","1","0","0","0","0","0","0","2","0","1","","","","N","","","","","","","","","",""
"2007009940","","0","0","0","0","0","0","0","0","0","7","0","","02","1","2007","2","40.628889","-79.933082","0046","11","0","0","0","0","0","0","0","0","","0","0","0","","","0","","0","","40 37:44.000","","0","79 55:59.095","0","0","0","0","2217","0","0","0","N","0","0","0","1","02505","0","","5.0","","6","N","N","","0","","0","0","1","","0","","","1","0","1","0","0","0","0","2","0","1","","","","N","","","","","","","","","",""
"2007009965","","2","0","0","0","0","0","0","0","0","4","0","","02","1","2007","7","40.34","-79.96737","1247","11","0","0","0","0","0","0","0","0","2","0","0","0","","","2","","2","","40 20:24.000","3","0","79 58:02.531","3","0","0","0","2454","0","0","0","N","0","0","0","3","02454","0","","1.0","","9","N","N","","0","","2","0","0","","2","N","","2","2","0","0","0","0","0","2","0","2","","","","N","","","","","","","","","",""
"2007009974","","0","0","0","0","0","0","0","0","0","7","0","","02","1","2007","6","40.395274","-79.902235","1536","11","0","0","0","0","0","0","0","0","2","0","0","0","","","1","","0","","40 23:42.986","5","0","79 54:08.045","8","0","0","0","2448","0","0","0","N","0","0","0","1","02448","0","","2.0","","6","N","N","","0","","0","0","1","","0","Y","","1","1","1","0","0","1","0","2","0","1","","","","N","","","","","","","","","",""
"2007009982","","1","0","0","0","0","0","0","0","0","8","0","","02","1","2007","7","40.5325","-79.968022","1547","11","1","0","0","0","0","0","0","0","1","0","0","0","","","1","","2","","40 31:57.000","3","0","79 58:04.878","8","0","0","0","2118","1","0","0","N","1","0","0","2","02118","0","","1.0","","9","N","N","","0","","0","0","0","","3","N","","2","1","0","0","0","1","0","2","0","1","","","","N","","","","","","","","","",""
"2007009984","","2","0","0","0","0","0","0","0","0","4","0","","02","1","2007","7","40.374778","-80.11514","1553","11","0","0","0","0","0","0","0","0","1","0","0","0","","","0","","1","","40 22:29.202","3","0","80 06:54.504","0","0","0","0","2102","0","0","0","N","0","0","0","2","02102","0","","1.0","","9","N","N","","0","","0","0","0","","2","N","","2","0","1","0","0","0","0","2","0","2","","","","N","","","","","","","","","",""
"2007009989","","1","0","0","0","0","0","0","0","0","7","0","","02","1","2007","6","40.596667","-79.829564","2125","11","0","0","0","0","0","0","0","0","","0","0","0","","","0","","0","","40 35:48.000","","0","79 49:46.431","0","0","0","0","2209","0","0","0","N","0","0","0","1","02209","0","","5.0","","98","N","N","","0","","0","0","0","","0","","","1","0","0","0","0","0","0","1","0","1","","","","N","","","","","","","","","",""
"2007009990","","2","0","0","0","0","0","0","0","0","2","0","","02","1","2007","6","40.56283","-79.89543","1652","11","0","1","0","0","0","0","0","0","","0","0","0","","","0","","0","","40 33:46.188","","0","79 53:43.548","0","0","0","0","2209","0","0","0","N","0","0","0","2","02209","0","","1.0","","9","N","N","","0","","0","0","0","","0","","","2","0","0","0","0","0","0","2","0","2","","","","N","","","","","","","","","",""
"2007010003","","1","0","0","0","0","0","0","0","0","6","0","","02","1","2007","7","40.486111","-80.054008","1442","11","0","0","1","0","0","0","0","0","1","0","0","0","","","0","","2","","40 29:10.000","1","0","80 03:14.429","0","0","0","0","2404","0","0","0","N","0","0","0","4","02404","0","","1.0","","1","N","N","","0","","0","0","1","","2","N","","2","0","0","0","0","0","0","2","0","2","","","","N","","","","","","","","","",""
"2007010006","","2","0","0","0","0","0","0","0","0","1","0","","02","1","2007","4","40.233333","-79.856932","0547","11","0","0","0","0","0","0","1","0","","0","0","0","","","4","","1","","40 14:00.000","","0","79 51:24.956","8","0","0","0","2204","0","0","0","N","0","0","0","4","02204","0","","1.0","","9","N","N","","0","","0","0","0","","2","","","2","4","0","0","0","4","0","1","0","2","","","","N","","","","","","","","","",""
"2007010009","","2","0","0","0","0","0","0","0","0","4","0","","02","1","2007","7","40.382984","-79.904516","2235","11","0","0","1","0","0","0","0","0","2","0","0","0","","","2","","0","","40 22:58.744","5","0","79 54:16.259","4","0","0","0","2448","0","0","0","N","0","0","0","2","02448","2","","6.0","","9","N","N","","0","","0","0","0","","0","Y","","2","2","0","0","0","0","0","2","0","2","","","","N","","","","","","","","","",""
"2007010011","","2","0","0","0","0","0","0","0","0","4","0","","02","1","2007","4","40.431111","-79.839076","1516","11","0","0","0","0","0","0","0","1","1","0","0","0","","","1","","2","","40 25:52.000","2","0","79 50:20.673","4","0","0","0","2419","0","0","0","N","0","0","0","2","02419","1","","1.0","","9","N","N","","0","","0","0","0","","3","N","","2","1","1","0","0","0","0","2","0","2","","","","N","","","","","","","","","",""
"2007010013","","1","0","0","0","0","0","0","0","0","7","0","","02","1","2007","5","40.545305","-80.030738","0214","11","0","0","0","0","0","0","0","0","","0","0","0","","","1","","2","","40 32:43.098","","0","80 01:50.656","3","0","0","0","2116","0","0","0","N","0","0","0","2","02116","0","","4.0","","1","N","N","","0","","1","0","0","","2","","","1","1","1","0","0","0","0","2","0","1","","","","N","","","","","","","","","",""
"2007010014","","1","0","0","0","0","0","0","0","0","7","0","","02","1","2007","1","40.643045","-80.108817","0729","11","0","0","0","0","0","0","0","0","1","0","0","0","","","0","","0","","40 38:34.962","5","0","80 06:31.741","0","0","0","0","2212","0","0","0","N","0","0","0","1","02505","0","","5.0","","2","N","N","","0","","0","0","0","","0","N","","1","0","0","0","0","0","0","2","0","1","","","","N","","","","","","","","","",""
"2007010033","","1","0","0","0","0","0","0","0","0","0","0","","02","1","2007","7","40.363611","-79.949627","1824","11","0","0","0","0","0","0","0","1","1","0","0","0","","","0","","0","","40 21:49.000","3","0","79 56:58.657","0","0","0","0","2403","0","0","0","N","0","0","0","1","02403","0","","1.0","","9","N","N","","0","","0","0","0","","0","N","","1","0","0","0","0","0","0","2","0","1","","","","N","","","","","","","","","",""
"2007010038","","1","0","0","0","0","0","0","0","0","4","0","","02","1","2007","1","40.489722","-79.776248","1528","11","0","1","0","0","0","0","0","0","1","0","0","0","","","3","","2","","40 29:23.000","5","0","79 46:34.494","8","0","0","0","2466","0","0","0","N","0","0","0","3","02466","0","","1.0","","9","N","N","","0","","0","0","1","","3","Y","","2","3","0","0","0","3","0","2","0","2","","","","N","","","","","","","","","",""
"2007010042","","2","0","0","0","0","0","0","0","0","4","0","","02","1","2007","7","40.533611","-79.844814","1835","11","0","0","0","0","0","0","0","1","","0","0","0","","","1","","2","","40 32:01.000","","0","79 50:41.331","8","0","0","0","2208","0","0","0","N","0","0","0","3","02208","0","","1.0","","9","N","N","","0","","0","0","0","","2","","","2","1","0","0","0","1","0","2","0","2","","","","N","","","","","","","","","",""
"2007010044","","1","0","0","0","0","0","0","0","0","4","0","","02","1","2007","1","40.4094","-80.0817","1700","11","0","0","0","0","0","2","0","0","2","0","0","0","","","2","","1","","40 24:33.840","5","0","80 04:54.120","4","0","0","0","2415","0","0","0","N","0","0","0","6","02415","1","","1.0","","9","N","N","","0","","0","0","1","","2","Y","","2","2","0","0","0","1","0","2","0","2","","","","N","","","","","","","","","",""
"2007010045","","1","0","0","0","0","0","0","0","0","7","0","","02","1","2007","1","40.419021","-79.775874","1707","11","0","0","0","0","0","1","0","0","1","0","0","0","","","0","","0","","40 25:08.476","4","0","79 46:33.145","0","0","0","0","2470","0","0","0","N","0","0","0","1","02424","0","","5.0","","6","N","N","","0","","0","0","0","","0","Y","","1","0","0","0","0","0","0","2","0","1","","","","N","","","","","","","","","",""
"2007010052","","0","0","0","0","0","0","0","0","0","7","0","","02","1","2007","1","40.365611","-79.829889","1640","11","0","0","1","0","0","0","0","0","3","0","0","0","","","4","","0","","40 21:56.200","1","0","79 49:47.600","3","0","0","0","2111","0","0","0","N","0","0","0","5","02111","1","","2.0","","9","N","N","","0","","3","0","1","","0","N","","1","4","3","0","0","0","0","2","0","1","","","","N","","","","","","","","","",""
"2007010055","","1","0","0","0","0","0","0","0","0","7","0","","02","1","2007","1","40.545642","-79.753645","0306","11","0","0","0","0","0","0","0","0","","0","0","0","","","0","","2","","40 32:44.311","","0","79 45:13.122","0","0","0","0","2466","0","0","0","N","0","0","0","1","02466","0","","2.0","","7","N","N","","0","","0","0","0","","0","","","1","0","0","0","0","0","0","2","0","1","","","","N","","","","","","","","","",""
"2007010057","","1","0","0","0","0","0","0","0","0","7","0","","02","1","2007","1","40.40908","-79.89146","1737","11","0","0","0","0","0","1","0","0","4","0","0","0","","","1","","0","","40 24:32.688","6","0","79 53:29.257","3","0","0","0","2448","0","0","0","N","0","0","0","2","02448","0","","5.0","","2","N","N","","0","","1","0","0","","0","Y","","1","1","0","0","0","0","0","2","0","1","","","","N","","","","","","","","","",""
"2007010058","","0","0","0","0","0","0","0","0","0","7","0","","02","1","2007","1","40.359071","-79.974673","1725","11","0","0","0","0","0","0","0","0","1","0","0","0","","","0","","0","","40 21:32.657","3","0","79 58:28.824","0","0","0","0","2476","0","0","0","N","0","0","0","1","02476","0","","4.0","","6","N","N","","0","","0","0","1","","0","N","","1","0","0","0","0","0","0","2","0","1","","","","N","","","","","","","","","",""
"2007010060","","1","0","0","0","0","0","0","0","0","7","0","","02","1","2007","1","40.3528","-79.9779","1712","11","0","0","1","0","0","0","0","0","2","0","0","0","","","1","","0","","40 21:10.080","1","0","79 58:40.440","4","0","0","0","2476","0","0","0","N","0","0","0","2","02476","1","","2.0","","7","N","N","","0","","0","0","0","","0","N","","1","1","0","0","0","0","0","2","0","1","","","","N","","","","","","","","","",""
"2007010072","","1","0","0","0","0","0","0","0","0","7","0","","02","1","2007","1","40.633265","-79.876453","0211","11","0","0","0","0","1","0","0","0","2","0","0","0","","","0","","2","","40 37:59.754","2","0","79 52:35.230","0","0","0","0","2220","0","0","0","N","0","0","0","3","02220","0","","5.0","","2","N","N","","0","","0","0","0","","0","Y","","1","0","0","0","0","0","0","2","0","1","","","","N","","","","","","","","","",""
"2007010076","","0","0","0","0","0","0","0","0","0","7","0","","02","1","2007","1","40.34365","-79.989467","2303","11","0","0","0","0","0","0","0","0","","0","0","0","","","0","","0","","40 20:37.140","","0","79 59:22.081","0","0","0","0","2403","0","0","0","N","0","0","0","1","02403","0","","5.0","","2","N","N","","0","","0","0","1","","0","","","1","0","1","0","0","0","0","2","0","1","","","","N","","","","","","","","","",""
"2007010078","","0","0","0","0","0","0","0","0","0","7","0","","02","1","2007","3","40.529167","-79.993735","2054","11","0","0","0","0","0","0","0","0","1","0","0","0","","","0","","0","","40 31:45.000","3","0","79 59:37.445","0","0","0","0","2116","0","0","0","N","0","0","0","1","02116","0","","5.0","","2","N","N","","1","","0","0","0","","0","N","","1","0","0","0","0","0","0","2","0","1","","","","N","","","","","","","","","",""
"2007010080","","1","0","0","0","0","0","0","0","0","0","0","","02","1","2007","1","40.5001","-80.0125","0044","11","0","0","0","0","0","1","0","0","","0","0","0","","","0","","5","","40 30:00.360","","0","80 00:45.000","0","0","0","0","2116","0","0","0","N","0","0","0","1","02116","0","","2.0","","1","N","N","","0","","0","0","0","","0","","","1","0","0","0","0","0","0","2","0","1","","","","N","","","","","","","","","",""
"2007010085","","0","0","0","0","0","0","0","0","0","7","0","","02","1","2007","1","40.548874","-79.960798","0913","11","0","0","1","0","0","0","0","0","","0","0","0","","","0","","0","","40 32:55.946","","0","79 57:38.872","0","0","0","0","2118","0","0","0","N","0","0","0","1","02118","0","","2.0","","7","N","N","","0","","0","0","1","","0","","","1","0","0","0","0","0","0","2","0","1","","","","N","","","","","","","","","",""
"2007010090","","1","0","0","0","0","0","0","0","0","7","0","","02","1","2007","1","40.468209","-80.085317","1019","11","0","0","0","0","0","0","0","0","","0","0","0","","","0","","1","","40 28:05.552","","0","80 05:07.141","0","0","0","0","2126","0","0","0","N","0","0","0","1","02126","0","","2.0","","7","N","N","","0","","0","0","0","","0","","","1","0","0","0","0","0","0","2","0","1","","","","N","","","","","","","","","",""
"2007010098","","1","0","0","0","0","0","0","0","0","7","0","","02","1","2007","1","40.642965","-80.067028","0953","11","0","0","0","0","0","0","0","0","","0","0","0","","","1","","0","","40 38:34.673","","0","80 04:01.302","4","0","0","0","2412","0","0","0","N","0","0","0","2","02505","1","","2.0","","7","N","N","","0","","0","0","0","","0","","","1","1","0","0","0","0","0","2","0","1","","","","N","","","","","","","","","",""
"2007010107","","1","0","0","0","0","0","0","0","0","7","0","","02","1","2007","1","40.5375","-80.011147","1005","11","0","0","0","0","0","0","0","0","","0","0","0","","","0","","1","","40 32:15.000","","0","80 00:40.130","0","0","0","0","2116","0","0","0","N","0","0","0","1","02116","0","","5.0","","7","N","N","","0","","0","0","0","","2","","","1","0","0","0","0","0","0","2","0","1","","","","N","","","","","","","","","",""
"2007010108","","2","0","0","0","0","0","0","0","0","4","0","","02","1","2007","2","40.520835","-80.025321","1243","11","0","0","1","0","0","0","0","0","","0","0","0","","","0","","0","","40 31:15.007","","7","80 01:31.156","0","0","0","0","2474","0","0","0","N","0","0","0","2","02474","0","","1.0","","9","N","N","","0","","0","0","0","","0","","","2","0","0","0","0","0","0","2","0","2","","","","N","","","","","","","","","",""
"2007010111","","2","0","0","0","0","0","0","0","0","2","0","","02","1","2007","1","40.433056","-79.740932","1615","11","0","0","0","0","0","2","0","0","","0","0","0","","","0","","0","","40 25:59.000","","0","79 44:27.356","0","0","0","0","2446","0","0","0","N","0","0","0","3","02446","0","","1.0","","7","N","N","","0","","0","0","0","","0","","","2","0","0","0","0","0","0","2","0","2","","","","N","","","","","","","","","",""
"2007010113","","1","0","0","0","0","0","0","0","0","7","0","","02","1","2007","1","40.198889","-79.871292","1723","11","0","0","0","0","0","0","0","0","2","0","0","0","","","1","","0","","40 11:56.000","4","0","79 52:16.650","4","0","0","0","2204","0","0","0","N","0","0","0","1","02204","1","","5.0","","7","N","N","","0","","0","0","0","","0","N","","1","1","0","0","0","0","0","1","0","1","","","","N","","","","","","","","","",""
"2007010114","","1","0","0","0","0","0","0","0","0","4","1","","02","1","2007","2","40.503333","-80.025119","1130","11","0","0","0","0","0","0","0","0","","0","1","0","","","0","","1","","40 30:12.000","","0","80 01:30.427","0","0","0","0","2116","0","0","0","N","0","0","0","2","02116","0","","1.0","","9","N","N","","0","","0","0","0","","2","","","2","0","0","0","0","0","0","2","0","2","","","","N","","","","","","","","","",""
"2007010118","","1","0","0","0","0","0","0","0","0","7","0","","02","1","2007","1","40.433064","-79.761064","2124","11","0","0","0","0","0","0","0","0","","0","0","0","","","0","","0","","40 25:59.030","","0","79 45:39.830","0","0","0","0","2446","0","0","0","N","0","0","0","1","02446","0","","5.0","","9","N","N","","0","","0","0","0","","0","","","1","0","0","0","0","0","0","2","0","1","","","","N","","","","","","","","","",""
"2007010123","","0","0","0","0","0","0","0","0","0","7","0","","02","1","2007","1","40.525856","-80.228263","0315","11","0","0","0","0","0","0","0","0","","0","0","0","","","0","","0","","40 31:33.083","","0","80 13:41.746","9","0","0","0","2213","0","0","0","N","0","0","0","1","02213","0","","2.0","","2","N","N","","0","","0","0","0","","0","","","1","0","0","0","0","0","1","2","1","1","","","","N","","","","","","","","","",""
"2007010124","","1","0","0","0","0","0","0","0","0","7","0","","02","1","2007","5","40.483926","-80.179882","0959","11","0","0","0","0","1","0","0","0","","0","0","0","","","0","","0","","40 29:02.132","","0","80 10:47.575","0","0","0","0","2213","0","0","0","N","0","0","0","2","02213","0","","2.0","","1","N","N","","0","","0","0","0","","0","","","1","0","2","0","0","0","0","2","0","1","","","","N","","","","","","","","","",""
"2007010125","","1","0","0","0","0","0","0","0","0","7","0","","02","1","2007","6","40.4692","-80.1619","1358","11","0","1","0","0","0","0","0","0","","0","0","0","","","0","","0","","40 28:09.120","","0","80 09:42.840","0","0","0","0","2213","0","0","0","N","0","0","0","1","02213","0","","4.0","","7","N","N","","0","","0","0","0","","0","","","1","0","0","0","0","0","0","2","0","1","","","","N","","","","","","","","","",""
"2007010126","","1","0","0","0","0","0","0","0","0","7","0","","02","1","2007","2","40.520349","-80.193191","1807","11","0","0","0","0","0","1","0","0","","0","0","0","","","0","","0","","40 31:13.256","","0","80 11:35.487","0","0","0","0","2213","0","0","0","N","0","0","0","2","02213","0","","5.0","","7","N","N","","0","","0","0","0","","0","","","1","0","0","0","0","0","0","2","0","1","","","","N","","","","","","","","","",""
"2007010127","","0","0","0","0","0","0","0","0","0","1","1","","02","1","2007","2","40.513056","-80.222331","0953","11","0","0","0","0","0","1","0","0","2","0","0","0","","","1","","2","","40 30:47.000","1","0","80 13:20.391","4","0","0","0","2213","0","0","0","N","0","0","0","2","02213","1","","1.0","","9","N","N","","2","","0","0","0","","2","N","","2","1","0","0","0","0","0","2","0","2","","","","N","","","","","","","","","",""
"2007010128","","2","0","0","0","0","0","0","0","0","1","0","","02","1","2007","7","40.605278","-79.947103","2331","11","0","0","0","0","0","1","0","0","","0","0","0","","","0","","2","","40 36:19.000","","1","79 56:49.569","0","0","0","0","2207","0","0","0","N","0","0","0","4","02207","0","","1.0","","9","N","N","","1","","0","0","0","","2","","","3","0","0","0","0","0","0","2","0","3","","","","N","","","","","","","","","",""
"2007010205","","1","0","0","0","0","0","0","0","0","8","0","","02","1","2007","4","40.464811","-80.069067","1158","11","0","0","0","0","0","0","0","1","1","0","0","0","","","1","","0","","40 27:53.319","5","7","80 04:08.641","8","0","0","0","2444","1","0","0","N","1","0","0","2","02444","0","","1.0","","1","N","N","","0","","0","0","0","","0","Y","","2","1","0","0","0","1","0","2","0","1","","","","N","","","","","","","","","",""
"2007010210","","1","0","0","0","0","0","0","0","0","7","0","","02","1","2007","5","40.559476","-80.20122","1230","11","0","0","0","0","0","0","0","0","1","0","0","0","","","0","","2","","40 33:34.115","4","0","80 12:04.391","0","0","0","0","2441","0","0","0","N","0","0","0","2","02441","0","","5.0","","1","N","N","","0","","0","0","0","","3","N","","1","0","0","0","0","0","0","2","0","1","","","","N","","","","","","","","","",""
"2007010224","","2","0","0","0","0","0","0","0","0","1","0","","02","1","2007","4","40.452778","-80.172414","1014","11","0","0","0","0","0","0","0","0","2","0","0","0","","","1","","1","","40 27:10.000","3","2","80 10:20.690","4","0","0","0","2214","0","0","0","","0","0","0","2","02214","1","","1.0","","1","","","","0","","0","0","0","","2","N","","2","1","0","0","0","0","0","2","0","2","","","","N","","","","","","","","","",""
"2007010247","","1","0","0","0","0","0","0","0","0","7","0","","02","1","2007","6","40.651219","-80.117892","1607","11","0","0","0","0","0","0","0","0","3","0","0","0","","","0","","0","","40 39:04.387","6","0","80 07:04.411","0","0","0","0","2212","0","0","0","Y","0","0","0","1","02505","0","","5.0","","2","N","N","","0","","0","0","0","","0","Y","","1","0","0","0","0","0","0","1","0","1","","","","N","","","","","","","","","",""
"2007010249","","1","0","0","0","0","0","0","0","0","4","0","","02","1","2007","2","40.523129","-79.879819","1822","11","0","0","0","0","0","1","0","0","","0","0","0","","","0","","0","","40 31:23.266","","7","79 52:47.350","0","0","0","0","2432","0","0","0","N","0","0","0","2","02432","0","","1.0","","1","N","N","","0","","0","0","0","","0","","","2","0","0","0","0","0","0","2","1","2","","","","N","","","","","","","","","",""
"2007010377","","2","0","0","0","0","0","0","0","0","2","0","","02","1","2007","6","40.406667","-79.911266","0016","11","0","0","0","0","0","0","0","0","2","0","0","0","","","1","","0","","40 24:24.000","3","0","79 54:40.558","3","0","0","0","2438","0","0","0","N","0","0","0","2","02438","0","","6.0","","7","N","N","","1","","1","0","0","","0","Y","","3","1","1","0","0","0","0","2","0","3","","","","N","","","","","","","","","",""
"2007010905","","1","0","0","0","0","0","0","0","0","7","0","","02","1","2007","3","40.655049","-80.014882","0038","11","0","0","0","0","0","1","0","0","","0","0","0","","","0","","0","","40 39:18.177","","0","80 00:53.576","0","0","0","0","2216","0","0","0","N","0","0","0","1","02505","0","","2.0","","9","N","N","","0","","0","0","0","","0","","","1","0","1","0","0","0","0","2","0","1","","","","N","","","","","","","","","",""
"2007011035","","1","0","0","0","0","0","0","0","0","7","0","","02","1","2007","3","40.365833","-79.949444","0134","11","0","0","0","0","0","0","0","0","","0","0","0","","","0","","2","","40 21:57.000","","0","79 56:57.999","0","0","0","0","2403","0","0","0","Y","0","0","0","1","02403","0","","5.0","","2","N","N","","0","","0","0","0","","6","","","1","0","0","0","0","0","0","2","0","1","","","","N","","","","","","","","","",""
"2007011043","","0","0","0","0","0","0","0","0","0","7","0","","02","1","2007","3","40.559226","-79.839662","0732","11","0","0","0","0","0","0","0","0","2","0","0","0","","","1","","0","","40 33:33.214","1","0","79 50:22.782","8","0","0","0","2208","0","0","0","N","0","0","0","1","02208","0","","5.0","","2","N","N","","0","","0","0","1","","0","N","","1","1","0","0","0","1","0","1","0","1","","","","N","","","","","","","","","",""
"2007011047","","0","0","0","0","0","0","0","0","0","7","0","","02","1","2007","3","40.304335","-79.961768","0729","11","0","0","0","0","0","1","0","0","2","0","0","0","","","0","","0","","40 18:15.607","6","0","79 57:42.364","0","0","0","0","2440","0","0","0","N","0","0","0","1","02440","0","","4.0","","2","N","N","","0","","0","0","1","","0","Y","","1","0","0","0","0","0","0","2","0","1","","","","N","","","","","","","","","",""
"2007011053","","1","0","0","0","0","0","0","0","0","1","1","","02","1","2007","2","40.391667","-79.835018","1413","11","0","0","0","0","0","0","0","0","2","0","1","0","","","1","","0","","40 23:30.000","6","3","79 50:06.063","3","0","0","0","2111","0","0","0","N","0","0","0","2","02111","0","","1.0","","1","N","N","","0","","1","0","0","","0","N","","2","1","0","0","0","0","0","2","0","2","","","","N","","","","","","","","","",""
"2007011067","","1","0","0","0","0","0","0","0","0","1","0","","02","1","2007","3","40.667222","-80.096358","1405","11","0","0","0","0","0","0","0","0","1","0","0","0","","","0","","2","","40 40:02.000","3","0","80 05:46.889","0","0","0","0","2212","0","0","0","N","0","0","0","2","02505","0","","1.0","","7","N","N","","1","","0","0","0","","2","N","","2","0","0","0","0","0","0","2","0","2","","","","N","","","","","","","","","",""
"2007011072","","1","0","0","0","0","0","0","0","0","7","0","","02","1","2007","3","40.673569","-80.104728","1401","11","0","0","0","0","0","1","0","0","1","0","0","0","","","0","","0","","40 40:24.849","1","0","80 06:17.021","0","0","0","0","2212","0","0","0","N","0","0","0","1","02505","0","","4.0","","7","N","N","","0","","0","0","0","","0","N","","1","0","0","0","0","0","0","2","0","1","","","","N","","","","","","","","","",""
"2007011073","","1","0","0","0","0","0","0","0","0","7","0","","02","1","2007","2","40.513313","-80.014416","1602","11","0","0","1","0","0","0","0","0","1","0","0","0","","","0","","0","","40 30:47.927","3","0","80 00:51.896","0","0","0","0","2116","0","0","0","N","0","0","0","5","02116","0","","5.0","","2","N","N","","0","","0","0","0","","0","N","","2","0","0","0","0","0","0","2","0","1","","","","N","","","","","","","","","",""
"2007011083","","2","0","0","0","0","0","0","0","0","1","0","","02","1","2007","3","40.49462","-80.053602","1513","11","0","0","0","0","0","0","0","0","","0","0","0","","","1","","2","","40 29:40.632","","0","80 03:12.967","8","0","0","0","2404","0","0","0","N","0","0","0","3","02404","0","","1.0","","1","N","Y","","0","","0","0","0","","0","","","2","1","0","0","0","1","0","2","0","2","","","","N","","","","","","","","","",""
"2007011084","","1","0","0","0","0","0","0","0","0","7","0","","02","1","2007","1","40.5174","-80.2205","1555","11","0","0","0","0","0","0","0","0","","0","0","0","","","1","","0","","40 31:02.640","","0","80 13:13.800","4","0","0","0","2213","0","0","0","N","0","0","0","1","02213","1","","5.0","","7","N","N","","0","","0","0","0","","0","","","1","1","0","0","0","0","0","2","0","1","","","","N","","","","","","","","","",""
"2007011194","","0","0","0","0","0","0","0","0","0","7","0","","02","1","2007","1","40.219739","-79.907449","2143","11","0","0","0","0","0","1","0","0","2","0","0","0","","","0","","0","","40 13:11.061","6","0","79 54:26.816","0","0","0","0","2204","0","0","0","N","0","0","0","1","02204","0","","5.0","","2","N","N","","1","","0","0","0","","0","Y","","1","0","0","0","0","0","0","1","0","1","","","","N","","","","","","","","","",""
"2007011195","","2","0","0","0","0","0","0","0","0","6","0","","02","1","2007","2","40.599453","-79.936008","1659","11","1","0","0","0","0","1","0","0","","0","0","0","","","0","","2","","40 35:58.030","","0","79 56:09.628","9","0","0","0","2207","0","0","0","N","0","0","0","2","02207","0","","1.0","","1","N","N","","0","","0","0","0","","0","","","2","0","0","0","0","0","1","2","0","2","","","","N","","","","","","","","","",""