"CRN","ARRIVAL_TM","AUTOMOBILE_COUNT","BELTED_DEATH_COUNT","BELTED_SUSP_SERIOUS_INJ_COUNT","BICYCLE_COUNT","BICYCLE_DEATH_COUNT","BICYCLE_SUSP_SERIOUS_INJ_COUNT","BUS_COUNT","CHLDPAS_DEATH_COUNT","CHLDPAS_SUSP_SERIOUS_INJ_COUNT","COLLISION_TYPE","COMM_VEH_COUNT","CONS_ZONE_SPD_LIM","COUNTY","CRASH_MONTH","CRASH_YEAR","DAY_OF_WEEK","DEC_LATITUDE","DEC_LONGITUDE","DISPATCH_TM","DISTRICT","DRIVER_COUNT_16YR","DRIVER_COUNT_17YR","DRIVER_COUNT_18YR","DRIVER_COUNT_19YR","DRIVER_COUNT_20YR","DRIVER_COUNT_50_64YR","DRIVER_COUNT_65_74YR","DRIVER_COUNT_75PLUS","EST_HRS_CLOSED","FATAL_COUNT","HEAVY_TRUCK_COUNT","HORSE_BUGGY_COUNT","HOUR_OF_DAY","ILLUMINATION","INJURY_COUNT","INTERSECTION_RELATED","INTERSECT_TYPE","LANE_CLOSED","LATITUDE","LN_CLOSE_DIR","LOCATION_TYPE","LONGITUDE","MAX_SEVERITY_LEVEL","MCYCLE_DEATH_COUNT","MCYCLE_SUSP_SERIOUS_INJ_COUNT","MOTORCYCLE_COUNT","MUNICIPALITY","NONMOTR_COUNT","NONMOTR_DEATH_COUNT","NONMOTR_SUSP_SERIOUS_INJ_COUNT","NTFY_HIWY_MAINT","PED_COUNT","PED_DEATH_COUNT","PED_SUSP_SERIOUS_INJ_COUNT","PERSON_COUNT","POLICE_AGCY","POSSIBLE_INJ_COUNT","RDWY_SURF_TYPE_CD","RELATION_TO_ROAD","ROADWAY_CLEARED","ROAD_CONDITION","SCH_BUS_IND","SCH_ZONE_IND","SECONDARY_CRASH","SMALL_TRUCK_COUNT","SPEC_JURIS_CD","SUSP_MINOR_INJ_COUNT","SUSP_SERIOUS_INJ_COUNT","SUV_COUNT","TCD_FUNC_CD","TCD_TYPE","TFC_DETOUR_IND","TIME_OF_DAY","TOTAL_UNITS","TOT_INJ_COUNT","UNBELTED_OCC_COUNT","UNB_DEATH_COUNT","UNB_SUSP_SERIOUS_INJ_COUNT","UNK_INJ_DEG_COUNT","UNK_INJ_PER_COUNT","URBAN_RURAL","VAN_COUNT","VEHICLE_COUNT","WEATHER1","WEATHER2","WORKERS_PRES","WORK_ZONE_IND","WORK_ZONE_LOC","WORK_ZONE_TYPE","WZ_CLOSE_DETOUR","WZ_FLAGGER","WZ_LAW_OFFCR_IND","WZ_LN_CLOSURE","WZ_MOVING","WZ_OTHER","WZ_SHLDER_MDN","WZ_WORKERS_INJ_KILLED"
"2007011198","","1","0","0","0","0","0","0","0","0","4","0","","02","1","2007","2","40.450278","-80.250883","1050","11","0","0","0","0","0","1","0","0","","0","0","0","","","1","","0","","40 27:01.000","","0","80 15:03.177","4","0","0","0","2203","0","0","0","N","0","0","0","2","02203","1","","1.0","","1","N","N","","0","","0","0","1","","3","","","2","1","0","0","0","0","0","2","0","2","","","","N","","","","","","","","","",""
"2007011202","","0","0","0","0","0","0","0","0","0","8","0","","02","1","2007","6","40.52","-79.842859","1757","11","0","0","0","0","0","1","0","0","","0","0","0","","","1","","2","","40 31:12.000","","0","79 50:34.291","4","0","0","0","2451","1","0","0","N","1","0","0","2","02451","1","","1.0","","9","N","N","","0","","0","0","1","","3","","","2","1","0","0","0","0","0","2","0","1","","","","N","","","","","","","","","",""
"2007011206","","1","0","0","0","0","0","0","0","0","99","0","","02","1","2007","3","40.4725","-79.707145","0558","11","0","0","0","0","0","0","0","0","","0","0","0","","","0","","0","","40 28:21.000","","0","79 42:25.721","0","0","0","0","2466","0","0","0","N","0","0","0","1","02466","0","","1.0","","9","N","N","","0","","0","0","0","","0","","","1","0","0","0","0","0","0","2","0","1","","","","N","","","","","","","","","",""
"2007011208","","2","0","0","0","0","0","0","0","0","4","0","","02","1","2007","6","40.441249","-79.959225","2301","11","0","0","0","0","0","0","0","0","","0","0","0","","","0","","2","","40 26:28.496","","0","79 57:33.210","0","0","0","0","2301","0","0","0","Y","0","0","0","2","02506","0","","1.0","","1","N","N","","0","","0","0","0","","0","","","2","0","0","0","0","0","0","2","0","2","","","","N","","","","","","","","","",""
"2007011216","","2","0","0","0","0","0","0","0","0","4","0","","02","1","2007","2","40.45748","-80.192766","0605","11","0","0","0","0","0","0","0","0","2","0","0","0","","","2","","1","","40 27:26.928","4","0","80 11:33.957","4","0","0","0","2203","0","0","0","N","0","0","0","2","02203","2","","1.0","","9","N","N","","0","","0","0","0","","0","N","","2","2","0","0","0","0","0","2","0","2","","","","N","","","","","","","","","",""
"2007011218","","1","0","0","0","0","0","0","0","0","7","0","","02","1","2007","4","40.632438","-79.976575","0605","11","0","0","0","0","0","1","0","0","","0","0","0","","","1","","0","","40 37:56.776","","0","79 58:35.670","4","0","0","0","2217","0","0","0","N","0","0","0","1","02505","1","","5.0","","7","N","N","","0","","0","0","0","","0","","","1","1","0","0","0","0","0","1","0","1","","","","N","","","","","","","","","",""
"2007011221","","1","0","0","0","0","0","0","0","0","7","0","","02","1","2007","3","40.306667","-80.093989","2241","11","1","0","0","0","0","0","0","0","3","0","0","0","","","1","","2","","40 18:24.000","2","0","80 05:38.361","8","0","0","0","2123","0","0","0","Y","0","0","0","1","02123","0","","4.0","","9","N","N","","0","","0","0","0","","0","Y","","1","1","0","0","0","1","0","2","0","1","","","","N","","","","","","","","","",""
"2007011222","","1","0","0","0","0","0","0","0","0","7","0","","02","1","2007","3","40.621944","-80.00023","0955","11","0","0","0","0","0","0","1","0","","0","0","0","","","0","","0","","40 37:19.000","","0","80 00:00.827","0","0","0","0","2216","0","0","0","N","0","0","0","1","02505","0","","5.0","","7","N","N","","0","","0","0","0","","0","","","1","0","0","0","0","0","0","2","0","1","","","","N","","","","","","","","","",""
"2007011225","","2","0","0","0","0","0","0","0","0","4","0","","02","1","2007","3","40.390556","-80.074573","1215","11","0","0","0","0","0","0","0","1","","0","0","0","","","0","","0","","40 23:26.000","","0","80 04:28.461","0","0","0","0","2117","0","0","0","N","0","0","0","3","02117","0","","1.0","","1","N","N","","0","","0","0","0","","8","","","2","0","0","0","0","0","0","2","0","2","","","","N","","","","","","","","","",""
"2007011227","","1","0","0","0","0","0","0","0","0","7","0","","02","1","2007","4","40.39631","-79.804587","0831","11","0","0","0","0","0","0","0","0","1","0","0","0","","","1","","2","","40 23:46.716","3","0","79 48:16.513","4","0","0","0","2446","0","0","0","Y","0","0","0","1","02111","1","","2.0","","1","N","N","","0","","0","0","0","","0","N","","1","1","1","0","0","0","0","2","0","1","","","","N","","","","","","","","","",""
"2007011229","","0","0","0","0","0","0","0","0","0","7","0","","02","1","2007","3","40.659167","-80.013486","1411","11","0","0","0","0","0","0","0","0","","0","0","0","","","0","","0","","40 39:33.000","","0","80 00:48.550","0","0","0","0","2216","0","0","0","N","0","0","0","1","02505","0","","5.0","","7","N","N","","0","","0","0","1","","0","","","1","0","0","0","0","0","0","2","0","1","","","","N","","","","","","","","","",""
"2007011241","","0","0","0","0","0","0","0","0","0","4","0","","02","1","2007","1","40.653882","-79.960214","1042","11","0","0","1","0","0","0","0","0","","0","0","0","","","0","","0","","40 39:13.975","","0","79 57:36.770","0","0","0","0","2217","0","0","0","N","0","0","0","2","02505","0","","1.0","","7","N","N","","0","","0","0","2","","0","","","2","0","0","0","0","0","0","2","0","2","","","","N","","","","","","","","","",""
"2007011251","","1","0","0","0","0","0","0","0","0","7","0","","02","1","2007","4","40.534736","-79.937704","1340","11","0","0","0","0","0","0","0","1","3","0","0","0","","","0","","0","","40 32:05.049","5","0","79 56:15.734","0","0","0","0","2118","0","0","0","N","0","0","0","2","02118","0","","5.0","","1","N","N","","0","","0","0","0","","0","Y","","1","0","0","0","0","0","0","2","0","1","","","","N","","","","","","","","","",""
"2007011254","","3","0","0","0","0","0","0","0","0","1","0","","02","1","2007","3","40.369722","-79.784407","1629","11","0","0","0","0","0","1","0","0","2","0","0","0","","","1","","2","","40 22:11.000","6","0","79 47:03.864","3","0","0","0","2111","0","0","0","N","0","0","0","4","02111","0","","1.0","","9","N","N","","0","","1","0","0","","0","N","","3","1","0","0","0","0","0","2","0","3","","","","N","","","","","","","","","",""
"2007011261","","0","0","0","0","0","0","0","0","0","4","0","","02","1","2007","4","40.550198","-80.026138","1728","11","0","0","0","0","0","0","0","0","1","0","0","0","","","1","","0","","40 33:00.712","4","0","80 01:34.096","4","0","0","0","2116","0","0","0","N","0","0","0","3","02116","1","","1.0","","1","N","N","","0","","0","0","2","","0","N","","2","1","0","0","0","0","0","2","0","2","","","","N","","","","","","","","","",""
"2007011263","","1","0","0","0","0","0","0","0","0","1","0","","02","1","2007","7","40.534035","-80.019122","1800","11","0","0","0","0","0","1","0","0","","0","0","0","","","1","","1","","40 32:02.526","","0","80 01:08.839","4","0","0","0","2116","0","0","0","N","0","0","0","3","02116","1","","1.0","","1","N","N","","1","","0","0","0","","0","","","2","1","0","0","0","0","0","2","0","2","","","","N","","","","","","","","","",""
"2007011268","","3","0","0","0","0","0","0","0","0","1","0","","02","1","2007","5","40.5068","-80.2232","0937","11","0","0","0","0","0","1","0","0","","0","0","0","","","1","","0","","40 30:24.480","","7","80 13:23.520","8","0","0","0","2213","0","0","0","N","0","0","0","3","02213","0","","1.0","","9","N","Y","","0","","0","0","1","","0","","","4","1","0","0","0","1","0","2","0","4","","","","N","","","","","","","","","",""
"2007011269","","0","0","0","0","0","0","0","0","0","7","0","","02","1","2007","3","40.503","-80.2222","0225","11","0","0","0","0","0","0","0","0","","0","0","0","","","0","","0","","40 30:10.800","","0","80 13:19.920","0","0","0","0","2213","0","0","0","N","0","0","0","1","02213","0","","4.0","","1","N","N","","1","","0","0","0","","0","","","1","0","0","0","0","0","0","2","0","1","","","","N","","","","","","","","","",""
"2007011270","","1","0","0","0","0","0","0","0","0","1","0","","02","1","2007","3","40.542219","-80.203737","1255","11","0","0","1","0","0","0","0","0","","0","0","0","","","0","","0","","40 32:31.989","","0","80 12:13.452","0","0","0","0","2213","0","0","0","N","0","0","0","3","02213","0","","1.0","","2","N","N","","1","","0","0","0","","0","","","2","0","0","0","0","0","0","2","0","2","","","","N","","","","","","","","","",""
"2007011271","","1","0","0","0","0","0","0","0","0","7","0","","02","1","2007","4","40.318144","-80.034861","1904","11","0","0","0","0","0","0","0","0","","0","0","0","","","1","","0","","40 19:05.318","","0","80 02:05.499","4","0","0","0","2407","0","0","0","N","0","0","0","1","02407","1","","2.0","","2","N","N","","1","","0","0","0","","0","","","3","1","0","0","0","0","0","2","1","3","","","","N","","","","","","","","","",""
"2007011272","","1","0","0","0","0","0","0","0","0","4","0","","02","1","2007","6","40.331111","-80.052771","1539","11","0","0","0","0","0","0","0","0","1","0","0","0","","","1","","2","","40 19:52.000","2","0","80 03:09.976","4","0","0","0","2407","0","0","0","N","0","0","0","2","02407","1","","1.0","","9","N","N","","1","","0","0","0","","3","N","","2","1","0","0","0","0","0","2","0","2","","","","N","","","","","","","","","",""
"2007011273","","2","0","0","0","0","0","0","0","0","4","0","","02","1","2007","2","40.331111","-80.052777","1638","11","1","0","0","0","0","0","0","0","","0","0","0","","","0","","2","","40 19:52.000","","0","80 03:09.996","0","0","0","0","2407","0","0","0","N","0","0","0","2","02407","0","","1.0","","9","N","N","","0","","0","0","0","","3","","","2","0","0","0","0","0","0","2","0","2","","","","N","","","","","","","","","",""
"2007011274","","1","0","0","0","0","0","0","0","0","4","0","","02","1","2007","3","40.396389","-80.031108","1715","11","0","0","0","0","0","1","0","0","","0","0","0","","","0","","2","","40 23:47.000","","0","80 01:51.989","0","0","0","0","2422","0","0","0","N","0","0","0","4","02422","0","","1.0","","1","N","N","","0","","0","0","1","","3","","","2","0","0","0","0","0","0","2","0","2","","","","N","","","","","","","","","",""
"2007011323","","2","0","0","0","0","0","0","0","0","4","0","","02","1","2007","4","40.511944","-80.271044","1848","11","0","1","0","0","0","1","0","0","","0","0","0","","","0","","0","","40 30:43.000","","0","80 16:15.757","0","0","0","0","2203","0","0","0","N","0","0","0","2","02203","0","","7.0","","1","N","N","","0","","0","0","0","","0","","","2","0","0","0","0","0","0","2","0","2","","","","N","","","","","","","","","",""
"2007011325","","0","0","0","0","0","0","0","0","0","0","0","","02","1","2007","3","40.587083","-79.925919","2158","11","1","0","0","0","0","0","0","0","","0","0","0","","","0","","0","","40 35:13.498","","0","79 55:33.308","0","0","0","0","2207","0","0","0","N","0","0","0","1","02207","0","","1.0","","1","N","N","","1","","0","0","0","","0","","","1","0","0","0","0","0","0","2","0","1","","","","N","","","","","","","","","",""
"2007011329","","1","0","0","0","0","0","0","0","0","7","0","","02","1","2007","4","40.627222","-80.051133","1613","11","0","0","0","0","0","0","0","0","1","0","0","0","","","1","","0","","40 37:38.000","6","0","80 03:04.080","4","0","0","0","2216","0","0","0","N","0","0","0","1","02505","1","","5.0","","2","N","N","","0","","0","0","0","","0","Y","","1","1","0","0","0","0","0","2","0","1","","","","N","","","","","","","","","",""
"2007011337","","1","0","0","0","0","0","0","0","0","7","0","","02","1","2007","1","40.660556","-79.983659","0230","11","0","0","0","0","0","0","0","0","","0","0","0","","","0","","2","","40 39:38.000","","0","79 59:01.171","0","0","0","0","2217","0","0","0","N","0","0","0","1","02505","0","","5.0","","2","N","N","","0","","0","0","0","","0","","","1","0","0","0","0","0","0","1","0","1","","","","N","","","","","","","","","",""
"2007011340","","0","0","0","0","0","0","0","0","0","7","0","","02","2","2007","5","40.282252","-79.910998","0028","11","0","0","0","0","0","0","0","0","2","0","0","0","","","1","","0","","40 16:56.107","6","0","79 54:39.592","4","0","0","0","2440","0","0","0","N","0","0","0","1","02440","1","","5.0","","2","N","N","","0","","0","0","1","","0","Y","","1","1","0","0","0","0","0","2","0","1","","","","N","","","","","","","","","",""
"2007011342","","0","0","0","0","0","0","0","0","0","8","0","","02","1","2007","4","40.370437","-79.975188","0657","11","0","0","0","0","0","0","1","0","1","0","0","0","","","1","","1","","40 22:13.573","7","0","79 58:30.676","2","0","0","0","2413","1","0","1","N","1","0","1","2","02413","0","","1.0","","9","Y","N","","0","","0","1","0","","2","N","","2","1","0","0","0","0","0","2","1","1","","","","N","","","","","","","","","",""
"2007011343","","1","0","0","0","0","0","0","0","0","7","0","","02","1","2007","1","40.613889","-79.947279","0045","11","0","0","1","0","0","0","0","0","2","0","0","0","","","1","","0","","40 36:50.000","1","0","79 56:50.206","4","0","0","0","2207","0","0","0","N","0","0","0","2","02207","1","","5.0","","9","N","N","","0","","0","0","0","","0","N","","1","1","0","0","0","0","0","2","0","1","","","","N","","","","","","","","","",""
"2007011348","","1","0","0","0","0","0","0","0","0","0","0","","02","1","2007","1","40.6346","-80.0606","0840","11","0","0","0","0","0","1","0","0","2","0","0","0","","","0","","0","","40 38:04.560","2","0","80 03:38.160","0","0","0","0","2216","0","0","0","N","0","0","0","1","02505","0","","4.0","","7","N","N","","0","","0","0","0","","0","N","","1","0","0","0","0","0","0","2","0","1","","","","N","","","","","","","","","",""
"2007011351","","1","0","0","0","0","0","0","0","0","7","0","","02","1","2007","1","40.6304","-80.0027","1106","11","0","1","0","0","0","0","0","0","","0","0","0","","","0","","0","","40 37:49.440","","0","80 00:09.720","0","0","0","0","2216","0","0","0","N","0","0","0","1","02505","0","","5.0","","7","N","N","","0","","0","0","0","","0","","","1","0","0","0","0","0","0","2","0","1","","","","N","","","","","","","","","",""
"2007011356","","1","0","0","0","0","0","0","0","0","7","0","","02","1","2007","2","40.381111","-79.813387","2015","11","0","0","0","0","1","0","0","0","","0","0","0","","","0","","0","","40 22:52.000","","0","79 48:48.194","0","0","0","0","2424","0","0","0","N","0","0","0","1","02424","0","","2.0","","2","N","N","","0","","0","0","0","","0","","","1","0","1","0","0","0","0","2","0","1","","","","N","","","","","","","","","",""
"2007011359","","1","0","0","0","0","0","0","0","0","0","0","","02","2","2007","5","40.393845","-79.792539","0928","11","0","0","0","0","0","0","1","0","","0","0","0","","","0","","0","","40 23:37.842","","0","79 47:33.140","0","0","0","0","2470","0","0","0","N","0","0","0","1","02424","0","","1.0","","1","N","N","","0","","0","0","0","","0","","","1","0","0","0","0","0","0","2","0","1","","","","N","","","","","","","","","",""
"2007011363","","1","0","0","0","0","0","0","0","0","7","0","","02","2","2007","5","40.5246","-79.9665","0815","11","0","1","0","0","0","0","0","0","6","0","0","0","","","0","","0","","40 31:28.560","6","0","79 57:59.400","0","0","0","0","2118","0","0","0","N","0","0","0","1","02118","0","","2.0","","98","N","N","","0","","0","0","0","","0","Y","","1","0","0","0","0","0","0","2","0","1","","","","N","","","","","","","","","",""
"2007011370","","2","0","0","0","0","0","0","0","0","4","0","","02","1","2007","4","40.331815","-79.986074","1847","11","0","0","0","0","0","0","0","0","","0","0","0","","","0","","2","","40 19:54.535","","0","79 59:09.868","0","0","0","0","2403","0","0","0","N","0","0","0","2","02403","0","","1.0","","1","N","N","","0","","0","0","0","","0","","","2","0","0","0","0","0","0","2","0","2","","","","N","","","","","","","","","",""
"2007011375","","1","0","0","0","0","0","0","0","0","4","0","","02","2","2007","5","40.599595","-79.930702","1442","11","0","0","0","0","0","0","0","0","","0","0","0","","","1","","2","","40 35:58.542","","0","79 55:50.527","8","0","0","0","2207","0","0","0","N","0","0","0","2","02207","0","","1.0","","1","N","N","","0","","0","0","1","","3","","","2","1","0","0","0","1","0","2","0","2","","","","N","","","","","","","","","",""
"2007011379","","2","0","0","0","0","0","0","0","0","4","0","","02","1","2007","4","40.49704","-80.051004","2023","11","0","0","0","0","0","1","0","0","","0","0","0","","","1","","2","","40 29:49.343","","0","80 03:03.614","4","0","0","0","2116","0","0","0","N","0","0","0","2","02116","1","","1.0","","98","N","N","","0","","0","0","0","","3","","","2","1","0","0","0","0","0","2","0","2","","","","N","","","","","","","","","",""
"2007011381","","0","0","0","0","0","0","0","0","0","6","0","","02","1","2007","4","40.231698","-79.882891","1800","11","0","1","0","0","0","1","0","0","1","0","0","0","","","0","","2","","40 13:54.112","5","0","79 52:58.407","0","0","0","0","2204","0","0","0","N","0","0","0","2","02204","0","","1.0","","1","N","N","","0","","0","0","1","","0","N","","2","0","0","0","0","0","0","1","1","2","","","","N","","","","","","","","","",""
"2007011385","","0","0","0","0","0","0","0","0","0","7","0","","02","1","2007","2","40.482587","-80.182324","2114","11","0","0","0","0","0","1","0","0","","0","0","0","","","0","","0","","40 28:57.314","","0","80 10:56.368","0","0","0","0","2213","0","0","0","N","0","0","0","1","02213","0","","4.0","","3","N","N","","0","","0","0","1","","0","","","1","0","0","0","0","0","0","2","0","1","","","","N","","","","","","","","","",""
"2007011386","","2","0","0","0","0","0","0","0","0","4","0","","02","1","2007","3","40.331277","-80.052777","1716","11","0","0","0","0","0","2","0","0","1","0","0","0","","","0","","2","","40 19:52.598","4","0","80 03:09.996","0","0","0","0","2407","0","0","0","N","0","0","0","2","02407","0","","1.0","","1","N","N","","0","","0","0","0","","3","Y","","2","0","0","0","0","0","0","2","0","2","","","","N","","","","","","","","","",""
"2007011387","","2","0","0","0","0","0","0","0","0","1","0","","02","1","2007","3","40.342177","-80.038506","1930","11","0","1","0","0","0","1","0","0","","0","0","0","","","0","","2","","40 20:31.837","","0","80 02:18.621","0","0","0","0","2407","0","0","0","N","0","0","0","3","02407","0","","1.0","","1","N","N","","0","","0","0","0","","3","","","2","0","0","0","0","0","0","2","0","2","","","","N","","","","","","","","","",""
"2007011425","","2","0","0","0","0","0","0","0","0","1","0","","02","2","2007","5","40.6212","-79.9438","1812","11","0","0","0","0","0","0","1","0","1","0","0","0","","","1","","0","","40 37:16.320","2","0","79 56:37.680","4","0","0","0","2217","0","0","0","N","0","0","0","3","02505","1","","1.0","","1","N","N","","0","","0","0","0","","0","N","","2","1","0","0","0","0","0","2","0","2","","","","N","","","","","","","","","",""
"2007011455","","0","0","0","0","0","0","0","0","0","0","0","","02","1","2007","2","40.2878","-79.9166","1627","11","0","0","0","0","0","0","0","0","","0","0","0","","","0","","0","","40 17:16.080","","0","79 54:59.760","0","0","0","0","2440","0","0","0","N","0","0","0","1","68T09","0","","1.0","","9","N","N","","0","","0","0","1","","0","","","1","0","0","0","0","0","0","1","0","1","","","","N","","","","","","","","","",""
"2007011612","","2","0","0","0","0","0","0","0","0","4","0","","02","1","2007","7","","","1300","11","0","0","1","0","0","0","0","0","","0","0","0","","","0","","2","","","","0","","9","0","0","0","2302","0","0","0","N","0","0","0","2","02302","0","","1.0","","9","N","N","","0","","0","0","0","","0","","","2","0","0","0","0","0","1","1","0","2","","","","N","","","","","","","","","",""
"2007011613","","0","0","0","1","0","0","0","0","0","8","0","","02","1","2007","1","40.294747","-79.88059","1430","11","0","0","0","0","0","0","0","0","","0","0","0","","","1","","2","","40 17:41.089","","0","79 52:50.124","4","0","0","0","2302","1","0","0","N","0","0","0","2","02302","1","","1.0","","9","N","N","","0","","0","0","1","","0","","","2","1","0","0","0","0","0","2","0","1","","","","N","","","","","","","","","",""
"2007011684","","1","0","0","0","0","0","0","0","0","4","0","","02","1","2007","4","40.3875","-80.090992","0651","11","0","0","0","0","0","0","0","1","1","0","0","0","","","2","","2","","40 23:15.000","3","0","80 05:27.572","3","0","0","0","2437","0","0","0","Y","0","0","0","2","02437","1","","1.0","","2","","","","1","","1","0","0","","2","N","","2","2","0","0","0","0","0","2","0","2","","","","N","","","","","","","","","",""
"2007011748","","1","0","0","0","0","0","0","0","0","1","0","","02","1","2007","2","40.342811","-79.968235","0526","11","0","0","0","0","0","1","0","0","1","0","0","0","","","1","","0","","40 20:34.118","1","0","79 58:05.645","8","0","0","0","2403","0","0","0","N","0","0","0","2","02403","0","","1.0","","1","N","N","","1","","0","0","0","","0","N","","2","1","0","0","0","1","0","2","0","2","","","","N","","","","","","","","","",""
"2007011909","","1","0","0","0","0","0","0","0","0","7","0","","02","1","2007","6","40.648611","-79.796871","1640","11","0","0","0","0","0","1","0","0","","0","0","0","","","0","","0","","40 38:55.000","","0","79 47:48.736","0","0","0","0","2202","0","0","0","N","0","0","0","1","02202","0","","5.0","","7","N","N","","0","","0","0","0","","0","","","1","0","0","0","0","0","0","1","0","1","","","","N","","","","","","","","","",""
"2007011931","","1","0","0","0","0","0","0","0","0","7","0","","02","2","2007","5","40.383223","-79.806161","2355","11","0","0","0","0","0","0","0","0","1","0","0","0","","","1","","0","","40 22:59.602","2","0","79 48:22.180","4","0","0","0","2424","0","0","0","N","0","0","0","1","02111","1","","5.0","","9","N","N","","0","","0","0","0","","0","N","","1","1","0","0","0","0","0","2","0","1","","","","N","","","","","","","","","",""
"2007011933","","0","0","0","0","0","0","0","0","0","7","0","","02","2","2007","5","40.387318","-79.799345","0000","11","0","0","0","0","0","1","0","0","2","0","0","0","","","1","","10","","40 23:14.344","5","99","79 47:57.642","3","0","0","0","2424","0","0","0","N","0","0","0","1","02424","0","","5.0","","9","N","N","","1","","1","0","0","","0","Y","","1","1","0","0","0","0","0","2","0","1","","","","N","","","","","","","","","",""
"2007011934","","1","0","0","0","0","0","0","0","0","1","1","","02","2","2007","5","40.438611","-79.749137","2230","11","0","0","0","0","0","0","0","0","2","0","1","0","","","0","","0","","40 26:19.000","4","0","79 44:56.893","0","0","0","0","2446","0","0","0","N","0","0","0","2","02446","0","","1.0","","1","N","N","","0","","0","0","0","","0","Y","","2","0","0","0","0","0","0","2","0","2","","","","N","","","","","","","","","",""
"2007011938","","0","0","0","0","0","0","1","0","0","6","1","","02","2","2007","5","40.476509","-80.031692","1358","11","0","0","0","0","0","0","0","0","","0","0","0","","","1","","1","","40 28:35.432","","0","80 01:54.091","4","0","0","0","2301","0","0","0","N","0","0","0","6","02503","1","","1.0","","1","N","N","","0","","0","0","0","","2","","","2","1","0","0","0","0","0","2","0","2","","","","N","","","","","","","","","",""
"2007011939","","1","0","0","0","0","0","0","0","0","4","0","","02","1","2007","5","40.427499","-79.751215","0704","11","0","1","0","0","0","0","0","0","1","0","0","0","","","2","","2","","40 25:38.996","1","0","79 45:04.374","3","0","0","0","2446","0","0","0","N","0","0","0","4","02446","1","","1.0","","9","N","N","","0","","1","0","0","","2","N","","2","2","0","0","0","0","0","2","1","2","","","","N","","","","","","","","","",""
"2007011943","","1","0","0","0","0","0","0","0","0","0","0","","02","1","2007","2","40.390621","-79.950729","1307","11","0","0","0","0","0","0","0","0","2","0","0","0","","","1","","0","","40 23:26.236","6","0","79 57:02.626","8","0","0","0","2403","0","0","0","N","0","0","0","1","02403","0","","9.0","","9","N","N","","0","","0","0","0","","0","Y","","1","1","0","0","0","1","0","2","0","1","","","","N","","","","","","","","","",""
"2007011944","","1","0","0","0","0","0","0","0","0","7","0","","02","1","2007","4","40.346944","-80.054887","1944","11","0","0","0","0","0","0","0","1","","0","0","0","","","1","","1","","40 20:49.000","","0","80 03:17.594","3","0","0","0","2123","0","0","0","N","0","0","0","2","02123","0","","2.0","","1","N","N","","0","","1","0","0","","2","","","1","1","1","0","0","0","0","2","0","1","","","","N","","","","","","","","","",""
"2007011950","","1","0","0","0","0","0","0","0","0","7","0","","02","1","2007","1","40.396969","-79.978533","1132","11","0","0","0","0","0","0","0","0","","0","0","0","","","0","","0","","40 23:49.088","","0","79 58:42.719","0","0","0","0","2403","0","0","0","N","0","0","0","1","02403","0","","4.0","","7","N","N","","0","","0","0","0","","2","","","1","0","0","0","0","0","0","2","0","1","","","","N","","","","","","","","","",""
"2007011954","","2","0","0","0","0","0","0","0","0","1","0","","02","2","2007","6","40.380556","-79.810663","1040","11","0","0","0","0","0","0","0","1","","0","0","0","","","2","","0","","40 22:50.000","","0","79 48:38.388","4","0","0","0","2424","0","0","0","N","0","0","0","2","02424","2","","1.0","","9","N","N","","0","","0","0","0","","0","","","2","2","2","0","0","0","0","2","0","2","","","","N","","","","","","","","","",""
"2007011960","","1","0","0","0","0","0","0","0","0","7","0","","02","2","2007","6","40.670377","-80.102853","1258","11","0","0","0","0","0","0","0","0","1","0","0","0","","","0","","0","","40 40:13.357","1","0","80 06:10.270","0","0","0","0","2212","0","0","0","N","0","0","0","1","02505","0","","2.0","","2","N","N","","0","","0","0","0","","0","N","","1","0","0","0","0","0","0","2","0","1","","","","N","","","","","","","","","",""
"2007011973","","2","0","0","0","0","0","0","0","0","4","0","","02","2","2007","6","40.379444","-79.812714","1700","11","0","0","0","0","0","0","0","0","1","0","0","0","","","1","","2","","40 22:46.000","2","0","79 48:45.772","8","0","0","0","2111","0","0","0","N","0","0","0","4","02111","0","","1.0","","7","N","N","","0","","0","0","0","","3","N","","2","1","0","0","0","1","0","2","0","2","","","","N","","","","","","","","","",""
"2007011974","","0","0","0","0","0","0","0","0","0","2","0","","02","2","2007","6","40.5231","-79.9689","1600","11","0","0","0","0","0","0","0","0","","0","0","0","","","1","","0","","40 31:23.160","","0","79 58:08.040","4","0","0","0","2118","0","0","0","N","0","0","0","3","02118","1","","1.0","","7","N","N","","1","","0","0","1","","0","","","2","1","0","0","0","0","0","2","0","2","","","","N","","","","","","","","","",""
"2007012057","","1","0","0","0","0","0","0","0","0","7","0","","02","1","2007","5","40.526544","-80.072591","2107","11","1","0","0","0","0","0","0","0","","0","0","0","","","0","","0","","40 31:35.558","","0","80 04:21.327","0","0","0","0","2215","0","0","0","N","0","0","0","2","02215","0","","5.0","","7","N","N","","0","","0","0","0","","0","","","1","0","0","0","0","0","0","2","0","1","","","","N","","","","","","","","","",""