"CRN","ARRIVAL_TM","AUTOMOBILE_COUNT","BELTED_DEATH_COUNT","BELTED_SUSP_SERIOUS_INJ_COUNT","BICYCLE_COUNT","BICYCLE_DEATH_COUNT","BICYCLE_SUSP_SERIOUS_INJ_COUNT","BUS_COUNT","CHLDPAS_DEATH_COUNT","CHLDPAS_SUSP_SERIOUS_INJ_COUNT","COLLISION_TYPE","COMM_VEH_COUNT","CONS_ZONE_SPD_LIM","COUNTY","CRASH_MONTH","CRASH_YEAR","DAY_OF_WEEK","DEC_LATITUDE","DEC_LONGITUDE","DISPATCH_TM","DISTRICT","DRIVER_COUNT_16YR","DRIVER_COUNT_17YR","DRIVER_COUNT_18YR","DRIVER_COUNT_19YR","DRIVER_COUNT_20YR","DRIVER_COUNT_50_64YR","DRIVER_COUNT_65_74YR","DRIVER_COUNT_75PLUS","EST_HRS_CLOSED","FATAL_COUNT","HEAVY_TRUCK_COUNT","HORSE_BUGGY_COUNT","HOUR_OF_DAY","ILLUMINATION","INJURY_COUNT","INTERSECTION_RELATED","INTERSECT_TYPE","LANE_CLOSED","LATITUDE","LN_CLOSE_DIR","LOCATION_TYPE","LONGITUDE","MAX_SEVERITY_LEVEL","MCYCLE_DEATH_COUNT","MCYCLE_SUSP_SERIOUS_INJ_COUNT","MOTORCYCLE_COUNT","MUNICIPALITY","NONMOTR_COUNT","NONMOTR_DEATH_COUNT","NONMOTR_SUSP_SERIOUS_INJ_COUNT","NTFY_HIWY_MAINT","PED_COUNT","PED_DEATH_COUNT","PED_SUSP_SERIOUS_INJ_COUNT","PERSON_COUNT","POLICE_AGCY","POSSIBLE_INJ_COUNT","RDWY_SURF_TYPE_CD","RELATION_TO_ROAD","ROADWAY_CLEARED","ROAD_CONDITION","SCH_BUS_IND","SCH_ZONE_IND","SECONDARY_CRASH","SMALL_TRUCK_COUNT","SPEC_JURIS_CD","SUSP_MINOR_INJ_COUNT","SUSP_SERIOUS_INJ_COUNT","SUV_COUNT","TCD_FUNC_CD","TCD_TYPE","TFC_DETOUR_IND","TIME_OF_DAY","TOTAL_UNITS","TOT_INJ_COUNT","UNBELTED_OCC_COUNT","UNB_DEATH_COUNT","UNB_SUSP_SERIOUS_INJ_COUNT","UNK_INJ_DEG_COUNT","UNK_INJ_PER_COUNT","URBAN_RURAL","VAN_COUNT","VEHICLE_COUNT","WEATHER1","WEATHER2","WORKERS_PRES","WORK_ZONE_IND","WORK_ZONE_LOC","WORK_ZONE_TYPE","WZ_CLOSE_DETOUR","WZ_FLAGGER","WZ_LAW_OFFCR_IND","WZ_LN_CLOSURE","WZ_MOVING","WZ_OTHER","WZ_SHLDER_MDN","WZ_WORKERS_INJ_KILLED"
"2007012869","","1","0","0","0","0","0","0","0","0","7","0","","02","1","2007","1","40.525236","-80.19094","1830","11","0","0","0","0","0","1","0","0","","0","0","0","","","0","","2","","40 31:30.849","","0","80 11:27.384","0","0","0","0","2213","0","0","0","N","0","0","0","1","02213","0","","5.0","","7","N","N","","0","","0","0","0","","0","","","1","0","0","0","0","0","0","2","0","1","","","","N","","","","","","","","","",""
"2007012870","","1","0","0","0","0","0","0","0","0","7","0","","02","2","2007","7","40.472967","-80.16908","1426","11","0","1","0","0","0","0","0","0","","0","0","0","","","2","","0","","40 28:22.681","","0","80 10:08.687","4","0","0","0","2213","0","0","0","N","0","0","0","2","02213","2","","5.0","","2","N","N","","0","","0","0","0","","0","","","1","2","1","0","0","0","0","2","0","1","","","","N","","","","","","","","","",""
"2007012871","","0","0","0","0","0","0","0","0","0","7","0","","02","1","2007","1","40.4719","-80.1658","0131","11","0","0","0","0","0","0","0","0","2","0","0","0","","","0","","0","","40 28:18.840","4","0","80 09:56.880","0","0","0","0","2213","0","0","0","N","0","0","0","2","02213","0","","5.0","","7","N","N","","0","","0","0","1","","0","N","","1","0","0","0","0","0","0","2","0","1","","","","N","","","","","","","","","",""
"2007012872","","0","0","0","0","0","0","0","0","0","1","0","","02","1","2007","3","40.325833","-80.049259","2156","11","0","0","0","0","0","0","0","0","","0","0","0","","","1","","0","","40 19:33.000","","0","80 02:57.332","4","0","0","0","2407","0","0","0","N","0","0","0","2","02407","1","","1.0","","7","N","N","","0","","0","0","1","","2","","","2","1","0","0","0","0","0","2","1","2","","","","N","","","","","","","","","",""
"2007012920","","2","0","0","0","0","0","0","0","0","4","0","","02","1","2007","3","40.405787","-79.907481","1621","11","0","0","0","0","0","1","0","0","","0","0","0","","","0","","1","","40 24:20.833","","0","79 54:26.931","0","0","0","0","2438","0","0","0","N","0","0","0","2","02438","0","","1.0","","1","N","N","","0","","0","0","0","","3","","","2","0","0","0","0","0","0","2","0","2","","","","N","","","","","","","","","",""
"2007013007","","1","0","0","0","0","0","0","0","0","7","0","","02","1","2007","3","40.3987","-80.1203","2315","11","0","0","0","0","0","0","0","0","2","0","0","0","","","1","","0","","40 23:55.320","4","0","80 07:13.080","4","0","0","0","2102","0","0","0","N","0","0","0","3","02102","1","","4.0","","1","N","N","","0","","0","0","0","","0","N","","1","1","0","0","0","0","2","2","0","1","","","","N","","","","","","","","","",""
"2007013018","","1","0","0","0","0","0","0","0","0","0","0","","02","1","2007","4","40.400054","-80.000373","2329","11","0","0","0","0","0","0","0","0","2","0","0","0","","","0","","0","","40 24:00.196","1","0","80 00:01.341","0","0","0","0","2301","0","0","0","N","0","0","0","2","02301","0","","1.0","","2","N","N","","0","","0","0","0","","0","N","","1","0","0","0","0","0","0","2","0","1","","","","N","","","","","","","","","",""
"2007013019","","2","0","0","0","0","0","0","0","0","2","0","","02","1","2007","4","40.383762","-79.992923","0546","11","0","0","0","0","0","1","0","0","2","0","0","0","","","1","","0","","40 23:01.543","6","0","79 59:34.522","4","0","0","0","2301","0","0","0","N","0","0","0","3","02301","1","","1.0","","1","N","N","","1","","0","0","0","","0","Y","","3","1","0","0","0","0","0","2","0","3","","","","N","","","","","","","","","",""
"2007013020","","0","0","0","0","0","0","0","0","0","7","0","","02","1","2007","7","40.4434","-80.0285","1915","11","0","0","0","0","0","0","0","0","","0","0","0","","","2","","10","","40 26:36.240","","0","80 01:42.600","4","0","0","0","2301","0","0","0","N","0","0","0","3","02301","2","","2.0","","9","N","N","","0","","0","0","1","","3","","","1","2","2","0","0","0","0","2","0","1","","","","N","","","","","","","","","",""
"2007013021","","1","0","0","0","0","0","0","0","0","7","0","","02","1","2007","2","40.408327","-80.004631","1250","11","0","0","0","0","0","0","0","0","","0","0","0","","","1","","0","","40 24:29.978","","0","80 00:16.670","3","0","0","0","2301","0","0","0","N","0","0","0","1","02301","0","","3.0","","9","N","N","","0","","1","0","0","","0","","","1","1","0","0","0","0","0","2","0","1","","","","N","","","","","","","","","",""
"2007013022","","1","0","0","0","0","0","0","0","0","1","0","","02","1","2007","4","40.425833","-80.019963","0639","11","0","0","0","0","0","0","0","0","","0","0","0","","","0","","1","","40 25:33.000","","0","80 01:11.868","0","0","0","0","2301","0","0","0","N","0","0","0","2","02301","0","","1.0","","2","N","N","","0","","0","0","0","","2","","","2","0","0","0","0","0","0","2","1","2","","","","N","","","","","","","","","",""
"2007013146","","1","0","0","0","0","0","0","0","0","7","0","","02","1","2007","7","40.4364","-79.9944","2036","11","0","0","0","0","0","0","0","0","1","0","0","0","","","1","","7","","40 26:11.040","1","2","79 59:39.840","4","0","0","0","2301","0","0","0","N","0","0","0","1","02301","1","","4.0","","9","N","N","","0","","0","0","0","","0","Y","","1","1","0","0","0","0","0","2","0","1","","","","N","","","","","","","","","",""
"2007013147","","2","0","0","0","0","0","0","0","0","2","0","","02","1","2007","3","40.43458","-79.986209","1818","11","0","0","0","1","0","0","0","0","1","0","0","0","","","2","","0","","40 26:04.487","3","0","79 59:10.352","4","0","0","0","2301","0","0","0","N","0","0","0","4","02301","1","","1.0","","1","N","N","","0","","0","0","0","","2","N","","2","2","0","0","0","1","0","2","0","2","","","","N","","","","","","","","","",""
"2007013226","","1","0","0","0","0","0","0","0","0","7","0","","02","2","2007","2","40.434722","-79.792118","0157","11","0","0","0","0","0","1","0","0","","0","0","0","","","0","","7","","40 26:05.000","","2","79 47:31.624","0","0","0","0","2446","0","0","0","N","0","0","0","1","02446","0","","5.0","","2","N","N","","0","","0","0","0","","0","","","1","0","0","0","0","0","0","2","0","1","","","","N","","","","","","","","","",""
"2007013260","","3","0","0","0","0","0","0","0","0","1","0","","02","1","2007","4","40.464167","-79.925481","1825","11","0","1","0","0","0","1","0","0","2","0","0","0","","","0","","1","","40 27:51.000","2","0","79 55:31.733","0","0","0","0","2301","0","0","0","N","0","0","0","3","02301","0","","1.0","","1","N","N","","0","","0","0","0","","3","N","","3","0","0","0","0","0","0","2","0","3","","","","N","","","","","","","","","",""
"2007013261","","2","0","0","0","0","0","0","0","0","4","0","","02","1","2007","4","40.459722","-79.925679","0652","11","0","0","0","0","0","1","0","0","1","0","0","0","","","0","","5","","40 27:35.000","3","0","79 55:32.443","0","0","0","0","2301","0","0","0","N","0","0","0","2","02301","0","","1.0","","1","N","N","","0","","0","0","0","","2","N","","2","0","0","0","0","0","0","2","0","2","","","","N","","","","","","","","","",""
"2007013262","","1","0","0","0","0","0","0","0","0","7","0","","02","1","2007","3","40.3906","-79.9341","0207","11","0","0","0","0","0","0","0","0","1","0","0","0","","","0","","0","","40 23:26.160","1","2","79 56:02.760","9","0","0","0","2301","0","0","0","N","0","0","0","1","02301","0","","4.0","","1","N","N","","0","","0","0","0","","0","N","","1","0","0","0","0","0","1","2","0","1","","","","N","","","","","","","","","",""
"2007013263","","2","0","0","0","0","0","0","0","0","4","0","","02","1","2007","1","40.449027","-79.951897","0236","11","0","0","0","0","0","1","0","0","1","0","0","0","","","0","","1","","40 26:56.497","3","0","79 57:06.829","0","0","0","0","2301","0","0","0","N","0","0","0","2","02301","0","","1.0","","9","N","N","","0","","0","0","0","","3","N","","2","0","0","0","0","0","0","2","0","2","","","","N","","","","","","","","","",""
"2007013264","","2","0","0","0","0","0","0","0","0","2","0","","02","1","2007","4","40.481667","-79.95326","1620","11","0","0","0","0","0","1","0","0","","0","0","0","","","1","","1","","40 28:54.000","","0","79 57:11.735","4","0","0","0","2301","0","0","0","N","0","0","0","2","03201","1","","1.0","","1","N","N","","0","","0","0","0","","2","","","2","1","0","0","0","0","0","2","0","2","","","","N","","","","","","","","","",""
"2007013265","","0","0","0","0","0","0","0","0","0","7","0","","02","1","2007","7","40.425278","-80.03139","1955","11","0","0","0","0","0","0","0","0","","0","0","0","","","0","","0","","40 25:31.000","","0","80 01:53.004","0","0","0","0","2301","0","0","0","N","0","0","0","1","02301","0","","2.0","","9","N","N","","1","","0","0","0","","0","","","1","0","0","0","0","0","0","2","0","1","","","","N","","","","","","","","","",""
"2007013267","","1","0","0","0","0","0","0","0","0","1","0","","02","1","2007","2","40.4485","-80.0128","1412","11","0","0","0","0","0","0","0","0","","0","0","0","","","0","","7","","40 26:54.600","","2","80 00:46.080","0","0","0","0","2301","0","0","0","N","0","0","0","2","02301","0","","7.0","","9","N","N","","0","","0","0","0","","0","","","2","0","0","0","0","0","0","2","0","1","","","","N","","","","","","","","","",""
"2007013308","","1","0","0","0","0","0","0","0","0","7","0","","02","1","2007","3","40.323611","-79.877869","1220","11","0","0","0","0","0","0","0","0","2","0","0","0","","","2","","0","","40 19:25.000","6","0","79 52:40.329","8","0","0","0","2433","0","0","0","N","0","0","0","2","02433","0","","4.0","","9","N","N","","0","","0","0","0","","0","Y","","1","2","2","0","0","2","0","2","0","1","","","","N","","","","","","","","","",""
"2007013309","","0","0","0","0","0","0","0","0","0","7","1","","02","1","2007","5","40.435126","-79.956406","1036","11","0","0","0","0","0","0","0","1","3","0","1","0","","","0","","1","","40 26:06.452","5","1","79 57:23.060","0","0","0","0","2301","0","0","0","N","0","0","0","1","02301","0","","4.0","","1","N","N","","0","","0","0","0","","2","Y","","1","0","0","0","0","0","0","2","0","1","","","","N","","","","","","","","","",""
"2007013347","","1","0","0","0","0","0","0","0","0","8","0","","02","1","2007","2","40.449626","-80.173865","1819","11","0","0","0","0","0","0","0","0","","0","0","0","","","1","","0","","40 26:58.653","","0","80 10:25.914","4","0","0","0","2214","1","0","0","N","1","0","0","2","02214","1","","1.0","","1","N","N","","0","","0","0","0","","0","","","2","1","0","0","0","0","0","2","0","1","","","","N","","","","","","","","","",""
"2007013438","","1","0","0","0","0","0","0","0","0","7","0","","02","1","2007","2","40.350253","-79.894549","1613","11","0","1","0","0","0","0","0","0","","0","0","0","","","0","","2","","40 21:00.911","","0","79 53:40.378","0","0","0","0","2423","0","0","0","Y","0","0","0","2","02304","0","","4.0","","1","N","N","","0","","0","0","0","","0","","","2","0","0","0","0","0","0","2","0","1","","","","N","","","","","","","","","",""
"2007013439","","1","0","0","0","0","0","0","0","0","7","0","","02","1","2007","1","40.344423","-79.883943","2114","11","0","0","0","0","0","0","0","0","1","0","0","0","","","0","","0","","40 20:39.923","1","3","79 53:02.193","0","0","0","0","2304","0","0","0","Y","0","0","0","1","02304","0","","2.0","","9","N","N","","0","","0","0","0","","0","N","","1","0","0","0","0","0","0","2","0","1","","","","N","","","","","","","","","",""
"2007013683","","2","0","0","0","0","0","0","0","0","5","0","","02","1","2007","1","40.473056","-79.84821","2357","11","0","0","1","0","0","0","0","0","2","0","0","0","","","2","","2","","40 28:23.000","2","0","79 50:53.557","3","0","0","0","2113","0","0","0","Y","0","0","0","2","02113","1","","1.0","","9","N","N","","0","","1","0","0","","3","N","","2","2","0","0","0","0","0","2","0","2","","05","","N","","","","","","","","","",""
"2007013782","","1","0","0","0","0","0","0","0","0","4","0","","02","1","2007","4","40.460664","-79.932397","1750","11","0","0","0","0","0","1","0","1","","0","0","0","","","1","","1","","40 27:38.390","","0","79 55:56.629","4","0","0","0","2301","0","0","0","N","0","0","0","2","02301","1","","1.0","","1","N","N","","1","","0","0","0","","2","","","2","1","0","0","0","0","0","2","0","2","","","","N","","","","","","","","","",""
"2007013783","","1","0","0","0","0","0","0","0","0","5","0","","02","1","2007","3","40.456313","-79.873297","1437","11","0","0","0","0","0","0","0","0","","0","0","0","","","0","","0","","40 27:22.726","","0","79 52:23.869","0","0","0","0","2301","0","0","0","N","0","0","0","2","02301","0","","1.0","","1","N","N","","0","","0","0","0","","0","","","2","0","0","0","0","0","0","2","1","2","","","","N","","","","","","","","","",""
"2007013795","","0","0","0","0","0","0","0","0","0","7","0","","02","1","2007","4","40.268611","-79.884155","1554","11","0","0","0","0","0","0","0","0","2","0","0","0","","","1","","0","","40 16:07.000","2","0","79 53:02.959","8","0","0","0","2428","0","0","0","N","0","0","0","2","02428","0","","5.0","","1","N","N","","0","","0","0","0","","0","Y","","1","1","0","0","0","1","0","1","1","1","","","","N","","","","","","","","","",""
"2007013796","","0","0","0","0","0","0","0","0","0","7","0","","02","2","2007","2","40.342844","-80.087102","2324","11","0","1","0","0","0","0","0","0","","0","0","0","","","1","","0","","40 20:34.238","","0","80 05:13.567","4","0","0","0","2123","0","0","0","N","0","0","0","1","02123","1","","4.0","","1","N","N","","0","","0","0","1","","0","","","1","1","0","0","0","0","0","2","0","1","","","","N","","","","","","","","","",""
"2007013800","","2","0","0","0","0","0","0","0","0","4","0","","02","1","2007","3","40.551944","-80.037621","1747","11","0","0","0","0","0","0","0","1","","0","0","0","","","1","","2","","40 33:07.000","","0","80 02:15.435","4","0","0","0","2116","0","0","0","N","0","0","0","3","02116","1","","1.0","","98","N","N","","0","","0","0","0","","0","","","2","1","0","0","0","0","0","2","0","2","","","","N","","","","","","","","","",""
"2007013805","","1","0","0","0","0","0","0","0","0","7","0","","02","2","2007","5","40.632522","-80.104955","0857","11","0","0","0","0","0","0","0","0","1","0","0","0","","","0","","0","","40 37:57.079","2","0","80 06:17.838","0","0","0","0","2212","0","0","0","N","0","0","0","1","02505","0","","4.0","","2","N","N","","0","","0","0","0","","0","N","","1","0","0","0","0","0","0","1","0","1","","","","N","","","","","","","","","",""
"2007013806","","2","0","0","0","0","0","0","0","0","4","1","","02","1","2007","3","40.321111","-79.829087","1343","11","0","0","0","0","0","1","1","0","","1","1","0","","","0","","0","","40 19:16.000","","7","79 49:44.714","1","0","0","0","2304","0","0","0","N","0","0","0","3","02501","0","2","1.0","","9","N","N","","0","0","0","0","0","","0","","","3","0","0","0","0","0","0","2","0","3","","","","N","","","","","","","","","",""
"2007013810","","2","0","0","0","0","0","0","0","0","6","0","","02","2","2007","3","40.516986","-79.943856","1045","11","0","0","0","0","0","1","1","0","1","0","0","0","","","0","","0","","40 31:01.150","4","0","79 56:37.880","0","0","0","0","2118","0","0","0","N","0","0","0","2","02118","0","","1.0","","1","N","N","","0","","0","0","0","","0","N","","2","0","0","0","0","0","0","2","0","2","","","","N","","","","","","","","","",""
"2007013820","","2","0","0","0","0","0","0","0","0","2","0","","02","2","2007","3","40.497286","-80.054389","1441","11","0","0","0","0","0","0","0","0","","0","0","0","","","1","","1","","40 29:50.229","","0","80 03:15.800","8","0","0","0","2404","0","0","0","N","0","0","0","3","02404","0","","1.0","","1","N","N","","0","","0","0","0","","0","","","2","1","2","0","0","1","0","2","0","2","","","","N","","","","","","","","","",""
"2007013821","","0","0","0","0","0","0","0","0","0","1","0","","02","2","2007","3","40.381111","-79.812448","1505","11","0","0","0","0","1","0","0","0","","0","0","0","","","0","","1","","40 22:52.000","","0","79 48:44.813","0","0","0","0","2424","0","0","0","N","0","0","0","5","02424","0","","1.0","","1","N","N","","0","","0","0","2","","2","","","3","0","2","0","0","0","0","2","1","3","","","","N","","","","","","","","","",""
"2007013825","","2","0","0","0","0","0","0","0","0","6","0","","02","2","2007","1","40.668058","-80.022309","1429","11","0","1","0","0","0","0","0","0","1","0","0","0","","","1","","0","","40 40:05.010","6","0","80 01:20.313","4","0","0","0","2216","0","0","0","N","0","0","0","2","02505","1","","1.0","","7","N","N","","0","","0","0","0","","0","N","","2","1","0","0","0","0","0","2","0","2","","","","N","","","","","","","","","",""
"2007013829","","0","0","0","0","0","0","0","0","0","7","1","","02","2","2007","2","40.518611","-80.026083","1033","11","0","0","0","0","0","1","0","0","","0","1","0","","","0","","2","","40 31:07.000","","0","80 01:33.897","0","0","0","0","2474","0","0","0","N","0","0","0","1","02474","0","","5.0","","1","N","N","","0","","0","0","0","","0","","","1","0","0","0","0","0","0","2","0","1","","","","N","","","","","","","","","",""
"2007013854","","1","0","0","0","0","0","0","0","0","7","0","","02","2","2007","2","40.491389","-79.968174","2051","11","0","0","1","0","0","0","0","0","2","0","0","0","","","1","","0","","40 29:29.000","6","0","79 58:05.426","4","0","0","0","2118","0","0","0","N","0","0","0","1","02118","1","","5.0","","2","N","N","","0","","0","0","0","","0","Y","","1","1","0","0","0","0","0","2","0","1","","","","N","","","","","","","","","",""
"2007013887","","0","0","0","0","0","0","0","0","0","7","0","","02","1","2007","2","40.4583","-79.9993","0548","11","0","0","0","0","0","1","0","0","","0","0","0","","","0","","2","","40 27:29.880","","0","79 59:57.480","0","0","0","0","2301","0","0","0","N","0","0","0","3","02301","0","","4.0","","9","N","N","","0","","0","0","1","","0","","","1","0","0","0","0","0","0","2","0","1","","","","N","","","","","","","","","",""
"2007013910","","1","0","0","0","0","0","0","0","0","7","0","","02","1","2007","4","40.556667","-80.022723","2104","11","0","1","0","0","0","0","0","0","","0","0","0","","","0","","0","","40 33:24.000","","0","80 01:21.802","0","0","0","0","2116","0","0","0","N","0","0","0","1","02116","0","","3.0","","1","N","N","","0","","0","0","0","","0","","","1","0","0","0","0","0","0","2","0","1","","","","N","","","","","","","","","",""
"2007013916","","1","0","0","0","0","0","0","0","0","1","0","","02","2","2007","3","40.508889","-80.029337","1248","11","0","0","0","0","0","0","0","1","","0","0","0","","","0","","1","","40 30:32.000","","0","80 01:45.613","0","0","0","0","2474","0","0","0","N","0","0","0","2","02474","0","","1.0","","1","N","N","","0","","0","0","1","","2","","","2","0","0","0","0","0","0","2","0","2","","","","N","","","","","","","","","",""
"2007013917","","2","0","0","0","0","0","0","0","0","1","0","","02","1","2007","2","40.407222","-79.910493","1330","11","0","0","0","0","1","0","0","0","","0","0","0","","","0","","0","","40 24:26.000","","0","79 54:37.774","0","0","0","0","2438","0","0","0","N","0","0","0","1","02438","0","","6.0","","1","N","N","","0","","0","0","0","","0","","","2","0","0","0","0","0","0","2","0","2","","","","N","","","","","","","","","",""
"2007013918","","1","0","0","0","0","0","0","0","0","2","0","","02","1","2007","4","40.51","-80.093989","1547","11","0","0","0","0","0","1","0","0","1","0","0","0","","","1","","2","","40 30:36.000","2","0","80 05:38.359","4","0","0","0","2429","0","0","0","N","0","0","0","2","02215","1","","1.0","","1","N","N","","1","","0","0","0","","0","N","","2","1","0","0","0","0","0","2","0","2","","","","N","","","","","","","","","",""
"2007013936","","0","0","0","0","0","0","0","0","0","7","0","","02","2","2007","2","40.40742","-79.909089","1240","11","0","0","0","0","0","0","0","0","","0","0","0","","","0","","0","","40 24:26.712","","0","79 54:32.720","0","0","0","0","2438","0","0","0","N","0","0","0","1","02438","0","","4.0","","2","N","N","","0","","0","0","1","","0","","","1","0","0","0","0","0","0","2","0","1","","","","N","","","","","","","","","",""
"2007013941","","1","0","0","0","0","0","0","0","0","0","0","","02","1","2007","4","40.326389","-80.077701","1925","11","0","0","0","0","0","0","0","0","1","0","0","0","","","0","","0","","40 19:35.000","2","0","80 04:39.725","0","0","0","0","2123","0","0","0","N","0","0","0","1","02123","0","","2.0","","1","N","N","","0","","0","0","0","","0","Y","","1","0","0","0","0","0","0","2","0","1","","","","N","","","","","","","","","",""
"2007013962","","0","0","0","0","0","0","1","0","0","4","1","","02","2","2007","4","40.466884","-79.916769","0756","11","0","0","0","0","0","0","0","0","","0","0","0","","","2","","0","","40 28:00.783","","0","79 55:00.370","3","0","0","0","2301","0","0","0","N","0","0","0","3","02503","1","","1.0","","7","N","N","","1","","1","0","0","","0","","","2","2","0","0","0","0","0","2","0","2","","","","N","","","","","","","","","",""
"2007013983","","2","0","0","0","0","0","0","0","0","1","0","","02","2","2007","4","40.389424","-79.906358","1700","11","0","0","0","0","0","1","0","0","","0","0","0","","","0","","0","","40 23:21.925","","0","79 54:22.888","0","0","0","0","2448","0","0","0","N","0","0","0","2","02448","0","","1.0","","1","N","N","","0","","0","0","0","","0","","","2","0","0","0","0","0","0","2","0","2","","","","N","","","","","","","","","",""
"2007013984","","2","0","0","0","0","0","0","0","0","4","0","","02","1","2007","3","40.351667","-80.011492","0802","11","0","0","0","0","0","2","0","0","1","0","0","0","","","1","","1","","40 21:06.000","4","0","80 00:41.372","4","0","0","0","2407","0","0","0","N","0","0","0","2","02407","1","","1.0","","6","N","N","","0","","0","0","0","","2","Y","","2","1","0","0","0","0","0","2","0","2","","","","N","","","","","","","","","",""
"2007014047","","1","0","0","0","0","0","0","0","0","7","0","","02","2","2007","1","40.248056","-79.916158","2230","11","0","0","0","1","0","0","0","0","2","0","0","0","","","0","","0","","40 14:53.000","5","0","79 54:58.167","0","0","0","0","2204","0","0","0","N","0","0","0","1","02204","0","","5.0","","2","N","N","","0","","0","0","0","","0","Y","","1","0","0","0","0","0","0","1","0","1","","","","N","","","","","","","","","",""
"2007014048","","1","0","0","0","0","0","0","0","0","7","0","","02","2","2007","4","40.500331","-79.732306","0217","11","0","0","1","0","0","0","0","0","","0","0","0","","","1","","0","","40 30:01.191","","0","79 43:56.303","4","0","0","0","2466","0","0","0","N","0","0","0","1","02466","1","","5.0","","7","N","N","","0","","0","0","0","","0","","","1","1","1","0","0","0","0","2","0","1","","","","N","","","","","","","","","",""
"2007014050","","1","0","0","0","0","0","0","0","0","7","0","","02","2","2007","7","40.502078","-79.985169","0120","11","0","0","0","0","0","0","0","0","6","0","0","0","","","1","","0","","40 30:07.482","5","0","79 59:06.608","4","0","0","0","2118","0","0","0","N","0","0","0","1","02118","1","","5.0","","1","N","N","","0","","0","0","0","","0","Y","","1","1","0","0","0","0","0","2","0","1","","","","N","","","","","","","","","",""
"2007014090","","0","0","0","0","0","0","0","0","0","7","0","","02","2","2007","1","40.525833","-80.228263","0009","11","0","0","0","0","0","0","0","0","","0","0","0","","","1","","0","","40 31:33.000","","0","80 13:41.746","8","0","0","0","2213","0","0","0","N","0","0","0","1","02213","0","","5.0","","1","N","N","","0","","0","0","1","","0","","","1","1","0","0","0","1","0","2","0","1","","","","N","","","","","","","","","",""
"2007014091","","1","0","0","0","0","0","0","0","0","7","0","","02","2","2007","7","40.487778","-80.189452","2320","11","0","0","0","0","0","0","0","0","3","0","0","0","","","1","","1","","40 29:16.000","2","0","80 11:22.026","3","0","0","0","2213","0","0","0","N","0","0","0","2","02213","0","","4.0","","1","N","N","","0","","1","0","0","","2","N","","1","1","0","0","0","0","0","2","0","1","","","","N","","","","","","","","","",""
"2007014092","","0","0","0","0","0","0","0","0","0","4","0","","02","2","2007","6","40.331667","-80.021392","1629","11","0","0","0","0","0","1","0","0","","0","0","0","","","1","","0","","40 19:54.000","","0","80 01:17.012","3","0","0","0","2407","0","0","0","N","0","0","0","2","02407","0","","1.0","","9","N","N","","0","","1","0","1","","0","","","2","1","0","0","0","0","0","2","1","2","","","","N","","","","","","","","","",""
"2007014127","","1","0","0","0","0","0","0","0","0","4","0","","02","2","2007","5","40.623611","-79.832588","1927","11","0","0","0","0","0","0","0","1","2","0","0","0","","","1","","2","","40 37:25.000","2","0","79 49:57.318","3","0","0","0","2220","0","0","0","N","0","0","0","3","02220","0","","1.0","","1","N","N","","1","","1","0","0","","3","N","","2","1","0","0","0","0","0","2","0","2","","","","N","","","","","","","","","",""
"2007014130","","0","0","0","0","0","0","0","0","0","0","0","","02","2","2007","5","40.661322","-80.076074","1825","11","0","0","0","0","0","1","0","0","","0","0","0","","","1","","0","","40 39:40.759","","0","80 04:33.866","3","0","0","0","2212","0","0","0","N","0","0","0","1","02505","0","","4.0","","1","N","N","","1","","1","0","0","","0","","","1","1","0","0","0","0","0","2","0","1","","","","N","","","","","","","","","",""
"2007014132","","1","0","0","0","0","0","0","0","0","7","0","","02","1","2007","6","40.445","-79.915451","0725","11","0","0","0","0","0","0","0","0","","0","0","0","","","0","","2","","40 26:42.000","","0","79 54:55.625","0","0","0","0","2301","0","0","0","N","0","0","0","1","02301","0","","4.0","","2","N","Y","","0","","0","0","0","","0","","","1","0","0","0","0","0","0","2","0","1","","","","N","","","","","","","","","",""
"2007014133","","1","0","0","0","0","0","0","0","0","7","0","","02","1","2007","7","40.43311","-79.958417","2348","11","0","0","0","0","0","0","0","0","1","0","0","0","","","1","","0","","40 25:59.195","6","0","79 57:30.300","3","0","0","0","2301","0","0","0","N","0","0","0","1","02301","0","","2.0","","2","N","N","","0","","1","0","0","","0","Y","","1","1","1","0","0","0","0","2","0","1","","","","N","","","","","","","","","",""
"2007014134","","1","0","0","0","0","0","0","0","0","7","0","","02","1","2007","3","40.4443","-79.9908","1720","11","0","0","0","0","0","0","0","0","","0","0","0","","","1","","7","","40 26:39.480","","2","79 59:26.880","4","0","0","0","2301","0","0","0","N","0","0","0","1","02301","1","","3.0","","1","N","N","","0","","0","0","0","","0","","","1","1","0","0","0","0","0","2","0","1","","","","N","","","","","","","","","",""
"2007014169","","1","0","0","0","0","0","0","0","0","7","0","","02","1","2007","7","40.401389","-79.728742","0805","11","0","0","1","0","0","0","0","0","1","0","0","0","","","0","","0","","40 24:05.000","4","2","79 43:43.470","0","0","0","0","2446","0","0","0","N","0","0","0","3","68T09","0","","2.0","","9","N","N","","0","","0","0","0","","8","N","","1","0","0","0","0","0","0","2","0","1","","","","N","","","","","","","","","",""