"CRN","ARRIVAL_TM","AUTOMOBILE_COUNT","BELTED_DEATH_COUNT","BELTED_SUSP_SERIOUS_INJ_COUNT","BICYCLE_COUNT","BICYCLE_DEATH_COUNT","BICYCLE_SUSP_SERIOUS_INJ_COUNT","BUS_COUNT","CHLDPAS_DEATH_COUNT","CHLDPAS_SUSP_SERIOUS_INJ_COUNT","COLLISION_TYPE","COMM_VEH_COUNT","CONS_ZONE_SPD_LIM","COUNTY","CRASH_MONTH","CRASH_YEAR","DAY_OF_WEEK","DEC_LATITUDE","DEC_LONGITUDE","DISPATCH_TM","DISTRICT","DRIVER_COUNT_16YR","DRIVER_COUNT_17YR","DRIVER_COUNT_18YR","DRIVER_COUNT_19YR","DRIVER_COUNT_20YR","DRIVER_COUNT_50_64YR","DRIVER_COUNT_65_74YR","DRIVER_COUNT_75PLUS","EST_HRS_CLOSED","FATAL_COUNT","HEAVY_TRUCK_COUNT","HORSE_BUGGY_COUNT","HOUR_OF_DAY","ILLUMINATION","INJURY_COUNT","INTERSECTION_RELATED","INTERSECT_TYPE","LANE_CLOSED","LATITUDE","LN_CLOSE_DIR","LOCATION_TYPE","LONGITUDE","MAX_SEVERITY_LEVEL","MCYCLE_DEATH_COUNT","MCYCLE_SUSP_SERIOUS_INJ_COUNT","MOTORCYCLE_COUNT","MUNICIPALITY","NONMOTR_COUNT","NONMOTR_DEATH_COUNT","NONMOTR_SUSP_SERIOUS_INJ_COUNT","NTFY_HIWY_MAINT","PED_COUNT","PED_DEATH_COUNT","PED_SUSP_SERIOUS_INJ_COUNT","PERSON_COUNT","POLICE_AGCY","POSSIBLE_INJ_COUNT","RDWY_SURF_TYPE_CD","RELATION_TO_ROAD","ROADWAY_CLEARED","ROAD_CONDITION","SCH_BUS_IND","SCH_ZONE_IND","SECONDARY_CRASH","SMALL_TRUCK_COUNT","SPEC_JURIS_CD","SUSP_MINOR_INJ_COUNT","SUSP_SERIOUS_INJ_COUNT","SUV_COUNT","TCD_FUNC_CD","TCD_TYPE","TFC_DETOUR_IND","TIME_OF_DAY","TOTAL_UNITS","TOT_INJ_COUNT","UNBELTED_OCC_COUNT","UNB_DEATH_COUNT","UNB_SUSP_SERIOUS_INJ_COUNT","UNK_INJ_DEG_COUNT","UNK_INJ_PER_COUNT","URBAN_RURAL","VAN_COUNT","VEHICLE_COUNT","WEATHER1","WEATHER2","WORKERS_PRES","WORK_ZONE_IND","WORK_ZONE_LOC","WORK_ZONE_TYPE","WZ_CLOSE_DETOUR","WZ_FLAGGER","WZ_LAW_OFFCR_IND","WZ_LN_CLOSURE","WZ_MOVING","WZ_OTHER","WZ_SHLDER_MDN","WZ_WORKERS_INJ_KILLED"
"2007014178","","0","0","0","0","0","0","0","0","0","99","0","","02","1","2007","2","40.2802","-79.9337","1740","11","0","0","0","0","0","0","0","0","","0","0","0","","","0","","0","","40 16:48.720","","0","79 56:01.320","0","0","0","0","2440","0","0","0","N","0","0","0","1","68T09","0","","1.0","","1","N","N","","0","","0","0","1","","0","","","1","0","0","0","0","0","0","2","0","1","","","","N","","","","","","","","","",""
"2007014209","","1","0","0","0","0","0","0","0","0","7","0","","02","1","2007","6","40.5654","-79.8537","0811","11","0","0","0","0","0","0","0","0","","0","0","0","","","0","","0","","40 33:55.440","","0","79 51:13.320","0","0","0","0","2209","0","0","0","N","0","0","0","1","68T02","0","","2.0","","9","N","N","","0","","0","0","0","","0","","","1","0","0","0","0","0","0","2","0","1","","","","N","","","","","","","","","",""
"2007014269","","1","0","0","0","0","0","0","0","0","4","0","","02","1","2007","4","40.5242","-80.071","1656","11","0","0","0","0","0","1","0","1","","0","0","0","","","0","","3","","40 31:27.120","","2","80 04:15.600","0","0","0","0","2215","0","0","0","N","0","0","0","2","68B03","0","","1.0","","1","N","N","","0","","0","0","1","","4","","","2","0","0","0","0","0","0","2","0","2","","","","N","","","","","","","","","",""
"2007014310","","1","0","0","0","0","0","0","0","0","1","0","","02","1","2007","5","","","1007","11","0","0","0","0","0","1","0","0","","0","0","0","","","1","","6","","40 26:23.28","","8","80 00:35.28","4","0","0","0","2301","0","0","0","N","0","0","0","4","68B03","1","","7.0","","1","N","N","","0","","0","0","0","","3","","","2","1","0","0","0","0","0","2","1","2","","","","N","","","","","","","","","",""
"2007014313","","1","0","0","0","0","0","0","0","0","7","0","","02","2","2007","5","40.5055","-79.9967","2252","11","0","0","0","0","0","0","0","0","4","0","0","0","","","1","","0","","40 30:19.800","5","0","79 59:48.120","4","0","0","0","2116","0","0","0","N","0","0","0","1","02116","1","","5.0","","1","N","N","","0","","0","0","0","","0","Y","","1","1","1","0","0","0","0","2","0","1","","","","N","","","","","","","","","",""
"2007014347","","0","0","0","0","0","0","0","0","0","7","0","","02","1","2007","7","40.314444","-79.859703","1035","11","0","0","0","0","0","1","0","0","2","0","0","0","","","0","","0","","40 18:52.000","1","0","79 51:34.931","0","0","0","0","2443","0","0","0","Y","0","0","0","1","02443","0","","4.0","","7","N","N","","0","","0","0","0","","0","Y","","1","0","0","0","0","0","0","1","1","1","","","","N","","","","","","","","","",""
"2007014351","","1","0","0","0","0","0","0","0","0","7","0","","02","1","2007","1","40.475747","-80.034982","1235","11","0","0","0","0","0","0","0","0","","0","0","0","","","1","","0","","40 28:32.689","","0","80 02:05.935","3","0","0","0","2301","0","0","0","N","0","0","0","1","02301","0","","5.0","","98","N","N","","0","","1","0","0","","0","","","1","1","1","0","0","0","0","2","0","1","","","","N","","","","","","","","","",""
"2007014352","","0","0","0","0","0","0","0","0","0","7","0","","02","1","2007","7","40.465","-79.979405","0718","11","0","0","0","0","0","0","0","0","3","0","0","0","","","1","","0","","40 27:54.000","2","0","79 58:45.858","3","0","0","0","2301","0","0","0","Y","0","0","0","1","02301","0","","4.0","","9","N","N","","1","","1","0","0","","0","Y","","1","1","1","0","0","0","0","2","0","1","","","","N","","","","","","","","","",""
"2007014415","","0","0","0","0","0","0","0","0","0","7","0","","02","1","2007","3","40.524903","-79.9882","0657","11","0","0","0","0","0","0","0","0","1","0","0","0","","","0","","0","","40 31:29.650","1","0","79 59:17.520","0","0","0","0","2118","0","0","0","N","0","0","0","1","02118","0","","5.0","","2","N","N","","0","","0","0","1","","0","N","","1","0","0","0","0","0","0","2","0","1","","","","N","","","","","","","","","",""
"2007014460","","1","0","0","0","0","0","0","0","0","2","0","","02","2","2007","1","40.544952","-79.973613","0653","11","0","0","0","0","0","0","0","0","","0","0","0","","","1","","0","","40 32:41.827","","0","79 58:25.006","4","0","0","0","2118","0","0","0","N","0","0","0","1","02118","1","","6.0","","1","N","N","","0","","0","0","1","","0","","","2","1","0","0","0","0","0","2","0","2","","","","N","","","","","","","","","",""
"2007014503","","1","0","0","0","0","0","0","0","0","0","0","","02","2","2007","6","40.511667","-79.763563","0013","11","0","0","1","0","0","0","0","0","1","0","0","0","","","0","","0","","40 30:42.000","2","0","79 45:48.826","0","0","0","0","2466","0","0","0","N","0","0","0","1","02466","0","","2.0","","2","N","N","","0","","0","0","0","","0","N","","1","0","0","0","0","0","0","1","0","1","","","","N","","","","","","","","","",""
"2007014613","","1","0","0","0","0","0","0","0","0","1","0","","02","1","2007","5","","","0722","11","0","0","0","0","0","0","0","1","","0","0","0","","","0","","6","","40 24:42.48","","2","80 04:35.04","0","0","0","0","2113","0","0","0","N","0","0","0","3","68B03","0","","1.0","","1","N","N","","0","","0","0","1","","4","","","2","0","0","0","0","0","0","2","0","2","","","","N","","","","","","","","","",""
"2007014619","","2","0","0","0","0","0","0","0","0","1","0","","02","1","2007","6","","","0743","11","0","1","0","0","0","0","0","0","","0","0","0","","","0","","0","","40 29:08.88","","0","80 00:31.68","0","0","0","0","2301","0","0","0","N","0","0","0","2","68B03","0","","1.0","","9","N","N","","0","","0","0","0","","0","","","2","0","0","0","0","0","0","2","0","2","","","","N","","","","","","","","","",""
"2007014621","","0","0","0","0","0","0","0","0","0","7","0","","02","1","2007","5","","","0820","11","0","0","0","0","0","0","0","0","","0","0","0","","","0","","0","","40 26:03.84","","0","79 59:23.28","0","0","0","0","2301","0","0","0","N","0","0","0","1","68B03","0","","5.0","","1","N","N","","0","","0","0","0","","0","","","1","0","0","0","0","0","0","2","1","1","","","","N","","","","","","","","","",""
"2007014622","","1","0","0","0","0","0","0","0","0","5","0","","02","1","2007","3","40.418056","-80.102907","0600","11","0","0","0","0","0","0","0","0","","0","0","0","","","4","","0","","40 25:05.000","","0","80 06:10.465","2","0","0","0","2102","0","0","0","Y","0","0","0","6","68B03","3","","1.0","","1","N","N","","0","","0","1","2","","0","","","3","4","2","0","1","0","0","2","0","3","","","","N","","","","","","","","","",""
"2007014623","","1","0","0","0","0","0","0","0","0","99","0","","02","1","2007","5","40.671667","-80.094746","0613","11","0","0","0","0","0","0","0","0","","0","0","0","","","0","","0","","40 40:18.000","","0","80 05:41.085","0","0","0","0","2212","0","0","0","N","0","0","0","1","68B03","0","","1.0","","1","N","N","","0","","0","0","0","","0","","","1","0","0","0","0","0","0","2","0","1","","","","N","","","","","","","","","",""
"2007014761","","0","0","0","0","0","0","0","0","0","7","0","","02","1","2007","6","40.518333","-80.13264","0810","11","0","0","0","0","0","0","0","0","","0","0","0","","","0","","0","","40 31:06.000","","0","80 07:57.503","0","0","0","0","2125","0","0","0","N","0","0","0","1","68B03","0","","4.0","","9","N","N","","0","","0","0","1","","0","","","1","0","0","0","0","0","0","2","0","1","","","","N","","","","","","","","","",""
"2007014762","","0","0","0","0","0","0","0","0","0","99","0","","02","1","2007","5","","","1455","11","0","0","0","0","0","0","0","0","","0","0","0","","","0","","0","","40 29:53.16","","0","80 01:16.32","0","0","0","0","2116","0","0","0","N","0","0","0","1","68B03","0","","1.0","","1","N","N","","0","","0","0","1","","0","","","1","0","0","0","0","0","0","2","0","1","","","","N","","","","","","","","","",""
"2007014855","","1","0","0","0","0","0","0","0","0","0","0","","02","1","2007","1","","","1030","11","0","0","0","0","0","0","1","0","2","0","0","0","","","0","","0","","40 25:37.20","4","0","79 55:10.20","0","0","0","0","2301","0","0","0","N","0","0","0","1","68B03","0","","2.0","","1","N","N","","0","","0","0","0","","0","N","","1","0","0","0","0","0","0","2","0","1","","","","N","","","","","","","","","",""
"2007014891","","1","0","0","0","0","0","0","0","0","7","0","","02","2","2007","3","40.6659","-79.934","0921","11","0","0","0","0","0","0","0","0","3","0","0","0","","","1","","0","","40 39:57.240","1","0","79 56:02.400","2","0","0","0","2118","0","0","0","N","0","0","0","1","02118","0","","5.0","","1","N","N","","1","","0","1","0","","0","N","","2","1","1","0","1","0","0","1","0","2","","","","N","","","","","","","","","",""
"2007014913","","1","0","0","0","0","0","0","0","0","7","0","","02","2","2007","6","40.358611","-79.995809","1253","11","0","0","0","0","0","0","0","1","","0","0","0","","","1","","2","","40 21:31.000","","0","79 59:44.912","8","0","0","0","2476","0","0","0","N","0","0","0","1","02476","0","","2.0","","1","N","N","","0","","0","0","0","","0","","","1","1","0","0","0","1","0","2","0","1","","","","N","","","","","","","","","",""
"2007014919","","0","0","0","0","0","0","0","0","0","4","0","","02","2","2007","4","40.538333","-80.050237","1144","11","0","0","0","0","0","0","2","0","","0","0","0","","","0","","1","","40 32:18.000","","0","80 03:00.854","0","0","0","0","2116","0","0","0","N","0","0","0","2","02116","0","","1.0","","1","N","N","","1","","0","0","1","","2","","","2","0","0","0","0","0","0","2","0","2","","","","N","","","","","","","","","",""
"2007014924","","3","0","0","0","0","0","0","0","0","1","0","","02","1","2007","2","40.536944","-80.010969","1809","11","0","0","0","0","0","1","0","0","","0","0","0","","","0","","0","","40 32:13.000","","0","80 00:39.488","9","0","0","0","2116","0","0","0","N","0","0","0","4","02116","0","","1.0","","1","N","N","","0","","0","0","0","","0","","","3","0","0","0","0","0","1","2","0","3","","","","N","","","","","","","","","",""
"2007014925","","1","0","0","0","0","0","0","0","0","7","0","","02","2","2007","5","40.39","-79.945482","1553","11","0","0","0","0","1","0","0","0","","0","0","0","","","1","","0","","40 23:24.000","","0","79 56:43.736","3","0","0","0","2403","0","0","0","N","0","0","0","2","02403","0","","2.0","","2","N","N","","0","","1","0","0","","0","","","1","1","2","0","0","0","0","2","0","1","","","","N","","","","","","","","","",""
"2007014927","","1","0","0","0","0","0","0","0","0","1","0","","02","2","2007","4","40.625278","-79.941886","1651","11","0","0","0","0","0","1","0","0","","0","0","0","","","1","","1","","40 37:31.000","","0","79 56:30.788","4","0","0","0","2217","0","0","0","N","0","0","0","3","02505","1","","1.0","","1","N","N","","1","","0","0","0","","2","","","2","1","0","0","0","0","0","2","0","2","","","","N","","","","","","","","","",""
"2007014940","","2","0","0","0","0","0","0","0","0","4","0","","02","1","2007","4","40.543027","-80.217728","0650","11","0","0","0","0","0","1","0","0","1","0","0","0","","","0","","2","","40 32:34.898","1","0","80 13:03.820","0","0","0","0","2213","0","0","0","N","0","0","0","2","02213","0","","1.0","","1","N","N","","0","","0","0","0","","3","N","","2","0","0","0","0","0","0","2","0","2","","","","N","","","","","","","","","",""
"2007014961","","0","0","0","0","0","0","0","0","0","7","0","","02","1","2007","1","40.401944","-80.000624","2040","11","0","0","0","0","0","0","0","0","1","0","0","0","","","0","","1","","40 24:07.000","2","0","80 00:02.245","0","0","0","0","2301","0","0","0","N","0","0","0","1","02301","0","","3.0","","2","N","N","","0","","0","0","1","","2","N","","1","0","0","0","0","0","0","2","0","1","","","","N","","","","","","","","","",""
"2007015015","","1","0","0","0","0","0","0","0","0","7","0","","02","2","2007","6","40.559902","-79.963612","1623","11","0","0","0","0","0","0","0","0","","0","0","0","","","1","","0","","40 33:35.646","","0","79 57:49.003","8","0","0","0","2207","0","0","0","N","0","0","0","3","02207","0","","4.0","","1","N","N","","0","","0","0","0","","0","","","2","1","0","0","0","1","0","2","0","1","","","","N","","","","","","","","","",""
"2007015020","","2","0","0","0","0","0","0","0","0","1","0","","02","1","2007","4","40.450556","-79.905774","1036","11","0","0","0","0","0","1","0","0","1","0","0","0","","","0","","2","","40 27:02.000","4","0","79 54:20.788","0","0","0","0","2301","0","0","0","N","0","0","0","2","02301","0","","1.0","","9","N","N","","0","","0","0","0","","0","N","","2","0","0","0","0","0","0","2","0","2","","","","N","","","","","","","","","",""
"2007015021","","1","0","0","0","0","0","0","0","0","4","0","","02","1","2007","5","40.446389","-79.893602","1346","11","0","0","0","0","0","0","0","0","","0","0","0","","","0","","2","","40 26:47.000","","0","79 53:36.968","0","0","0","0","2301","0","0","0","N","0","0","0","2","02301","0","","1.0","","9","N","N","","1","","0","0","0","","0","","","2","0","0","0","0","0","0","2","0","2","","","","N","","","","","","","","","",""
"2007015022","","2","0","0","0","0","0","0","0","0","4","0","","02","1","2007","5","40.392902","-80.018828","1641","11","0","0","0","0","0","1","0","0","","0","0","0","","","1","","0","","40 23:34.447","","0","80 01:07.780","4","0","0","0","2301","0","0","0","N","0","0","0","2","02301","1","","1.0","","6","N","N","","0","","0","0","0","","0","","","2","1","0","0","0","0","0","2","0","2","","","","N","","","","","","","","","",""
"2007015023","","3","0","0","0","0","0","0","0","0","1","0","","02","1","2007","1","40.429167","-79.999223","1425","11","0","0","1","0","0","0","0","0","","0","0","0","","","0","","2","","40 25:45.000","","4","79 59:57.204","0","0","0","0","2301","0","0","0","N","0","0","0","3","02301","0","","1.0","","9","N","N","","0","","0","0","0","","0","","","3","0","0","0","0","0","0","2","0","3","","","","N","","","","","","","","","",""
"2007015024","","2","0","0","0","0","0","0","0","0","4","0","","02","1","2007","4","40.4","-80.023929","1240","11","0","0","0","0","0","0","0","0","2","0","0","0","","","0","","2","","40 24:00.000","2","7","80 01:26.146","0","0","0","0","2301","0","0","0","N","0","0","0","2","02301","0","","1.0","","9","N","N","","0","","0","0","0","","0","N","","2","0","0","0","0","0","0","2","0","2","","","","N","","","","","","","","","",""
"2007015025","","2","0","0","0","0","0","0","0","0","1","0","","02","1","2007","5","40.4192","-80.0297","0730","11","0","0","0","0","0","0","0","0","","0","0","0","","","1","","0","","40 25:09.120","","0","80 01:46.920","8","0","0","0","2301","0","0","0","N","0","0","0","2","02301","0","","1.0","","9","N","N","","0","","0","0","0","","0","","","2","1","0","0","0","1","1","2","0","2","","","","N","","","","","","","","","",""
"2007015026","","0","0","0","0","0","0","0","0","0","7","1","","02","1","2007","4","40.473153","-79.958528","1822","11","0","0","0","0","0","1","0","0","9","0","1","0","","","0","","1","","40 28:23.352","7","0","79 57:30.701","0","0","0","0","2301","0","0","0","N","0","0","0","1","02301","0","","4.0","","9","N","N","","0","","0","0","0","","2","Y","","1","0","0","0","0","0","0","2","0","1","","","","N","","","","","","","","","",""
"2007015075","","2","0","0","0","0","0","0","0","0","1","0","","02","2","2007","6","40.381586","-79.811321","1615","11","0","0","0","0","0","2","0","0","","0","0","0","","","2","","0","","40 22:53.709","","0","79 48:40.755","8","0","0","0","2424","0","0","0","N","0","0","0","3","02424","0","","1.0","","1","N","N","","0","","0","0","0","","0","","","2","2","0","0","0","2","0","2","0","2","","","","N","","","","","","","","","",""
"2007015158","","1","0","0","0","0","0","0","0","0","4","0","","02","1","2007","3","40.369167","-80.049346","1011","11","0","0","0","0","0","1","0","0","2","0","0","0","","","0","","0","","40 22:09.000","2","0","80 02:57.644","0","0","0","0","2109","0","0","0","N","0","0","0","3","02109","0","","1.0","","9","N","N","","0","","0","0","1","","0","N","","2","0","0","0","0","0","0","2","0","2","","","","N","","","","","","","","","",""
"2007015175","","1","0","0","0","0","0","0","0","0","7","0","","02","1","2007","1","40.4368","-79.9947","0552","11","0","0","0","0","0","0","0","0","4","0","0","0","","","1","","0","","40 26:12.480","1","2","79 59:40.920","8","0","0","0","2301","0","0","0","N","0","0","0","1","02301","0","","4.0","","1","N","N","","0","","0","0","0","","0","Y","","1","1","0","0","0","1","0","2","0","1","","","","N","","","","","","","","","",""
"2007015176","","1","0","0","0","0","0","0","0","0","7","0","","02","1","2007","1","40.458333","-79.957119","0919","11","0","0","0","0","0","0","0","0","1","0","0","0","","","1","","1","","40 27:30.000","4","0","79 57:25.630","8","0","0","0","2301","0","0","0","N","0","0","0","1","02301","0","","4.0","","9","","","","0","","0","0","0","","0","N","","1","1","0","0","0","1","0","2","0","1","","","","N","","","","","","","","","",""
"2007015177","","0","0","0","0","0","0","0","0","0","7","0","","02","1","2007","4","40.440245","-79.993338","1537","11","0","0","0","0","0","1","0","0","","0","0","0","","","0","","2","","40 26:24.882","","0","79 59:36.016","0","0","0","0","2301","0","0","0","N","0","0","0","1","02301","0","","3.0","","9","N","N","","1","","0","0","0","","3","","","2","0","0","0","0","0","0","2","0","1","","","","N","","","","","","","","","",""
"2007015178","","1","0","0","0","0","0","0","0","0","7","0","","02","1","2007","1","40.434955","-79.99284","1716","11","0","0","0","0","0","0","0","0","","0","0","0","","","2","","0","","40 26:05.837","","0","79 59:34.225","4","0","0","0","2301","0","0","0","N","0","0","0","2","02301","2","","5.0","","7","N","N","","0","","0","0","0","","0","","","1","2","0","0","0","0","0","2","0","1","","","","N","","","","","","","","","",""
"2007015179","","1","0","0","0","0","0","0","0","0","4","0","","02","1","2007","1","40.449725","-79.986084","0113","11","0","0","1","0","0","0","0","0","2","0","0","0","","","0","","5","","40 26:59.010","2","0","79 59:09.902","0","0","0","0","2301","0","0","0","N","0","0","0","4","02301","0","","1.0","","1","N","N","","0","","0","0","1","","3","N","","2","0","0","0","0","0","0","2","0","2","","","","N","","","","","","","","","",""
"2007015180","","2","0","0","0","0","0","0","0","0","4","0","","02","1","2007","1","40.468611","-79.962201","0225","11","0","0","0","0","0","0","0","0","","0","0","0","","","4","","1","","40 28:07.000","","0","79 57:43.925","3","0","0","0","2301","0","0","0","N","0","0","0","5","02301","1","","1.0","","1","N","N","","0","","3","0","0","","2","","","2","4","2","0","0","0","0","2","0","2","","","","N","","","","","","","","","",""
"2007015181","","2","0","0","0","0","0","0","0","0","2","0","","02","1","2007","7","40.440466","-79.991536","0209","11","0","0","0","0","0","0","0","0","2","0","0","0","","","2","","1","","40 26:25.678","5","0","79 59:29.530","4","0","0","0","2301","0","0","0","N","0","0","0","3","02301","2","","1.0","","9","N","N","","0","","0","0","0","","2","Y","","2","2","1","0","0","0","0","2","0","2","","","","N","","","","","","","","","",""
"2007015182","","1","0","0","0","0","0","0","0","0","7","0","","02","1","2007","1","40.458574","-79.902117","0230","11","0","0","0","0","0","0","0","0","","0","0","0","","","0","","2","","40 27:30.866","","0","79 54:07.621","9","0","0","0","2301","0","0","0","N","0","0","0","1","02301","0","","4.0","","9","N","N","","0","","0","0","0","","0","","","1","0","0","0","0","0","1","2","0","1","","","","N","","","","","","","","","",""
"2007015183","","3","0","0","0","0","0","0","0","0","4","0","","02","1","2007","1","","","1034","11","0","0","0","0","0","0","0","0","","0","0","0","","","0","","0","","","","0","","0","0","0","0","2301","0","0","0","N","0","0","0","2","02301","0","","6.0","","7","N","N","","0","","0","0","0","","0","","","3","0","0","0","0","0","0","1","0","3","","","","N","","","","","","","","","",""
"2007015184","","2","0","0","0","0","0","0","0","0","4","0","","02","1","2007","2","40.455157","-79.947729","1414","11","0","0","0","0","0","1","0","0","1","0","0","0","","","1","","2","","40 27:18.565","2","0","79 56:51.824","4","0","0","0","2301","0","0","0","N","0","0","0","3","02301","1","","1.0","","9","N","N","","0","","0","0","0","","3","N","","2","1","0","0","0","0","0","2","0","2","","","","N","","","","","","","","","",""
"2007015188","","2","0","0","0","0","0","0","0","0","4","0","","02","1","2007","1","40.473889","-80.063594","1745","11","0","0","0","0","0","0","0","0","","0","0","0","","","0","","0","","40 28:26.000","","7","80 03:48.937","0","0","0","0","2444","0","0","0","N","0","0","0","2","02444","0","","1.0","","2","N","N","","0","","0","0","0","","0","","","2","0","0","0","0","0","0","2","0","2","","","","N","","","","","","","","","",""
"2007015303","","2","0","0","0","0","0","0","0","0","4","0","","02","1","2007","7","40.419722","-79.858942","2309","11","0","0","0","0","0","0","0","0","2","0","0","0","","","2","","0","","40 25:11.000","6","0","79 51:32.190","4","0","0","0","2411","0","0","0","N","0","0","0","3","02411","2","","1.0","","9","N","N","","0","","0","0","0","","0","Y","","2","2","0","0","0","0","0","2","0","2","","","","N","","","","","","","","","",""
"2007015307","","1","0","0","0","0","0","0","0","0","2","0","","02","1","2007","7","40.510035","-80.086683","0302","11","0","0","1","0","0","0","0","0","","0","0","0","","","0","","0","","40 30:36.126","","0","80 05:12.059","0","0","0","0","2405","0","0","0","N","0","0","0","1","02211","0","","6.0","","7","N","N","","0","","0","0","1","","0","","","2","0","0","0","0","0","0","2","0","2","","","","N","","","","","","","","","",""
"2007015352","","1","0","0","0","0","0","0","0","0","4","0","","02","1","2007","6","40.463065","-79.950588","2200","11","0","0","0","0","0","0","0","0","","0","0","0","","","0","","1","","40 27:47.034","","0","79 57:02.116","0","0","0","0","2301","0","0","0","","0","0","0","2","02301","0","","1.0","","1","N","N","","1","","0","0","1","","3","","","3","0","0","0","0","0","0","2","0","3","","","","N","","","","","","","","","",""
"2007015353","","2","0","0","0","0","0","0","0","0","4","0","","02","1","2007","4","40.432607","-79.927568","0816","11","0","0","0","0","0","0","0","0","1","0","0","0","","","0","","1","","40 25:57.385","4","0","79 55:39.244","0","0","0","0","2301","0","0","0","N","0","0","0","3","02301","0","","1.0","","9","N","N","","0","","0","0","0","","2","N","","2","0","0","0","0","0","0","2","0","2","","","","N","","","","","","","","","",""
"2007015354","","0","0","0","0","0","0","0","0","0","7","0","","02","1","2007","2","40.445629","-79.931226","0902","11","0","0","0","0","0","1","0","0","","0","0","0","","","0","","2","","40 26:44.266","","0","79 55:52.412","0","0","0","0","2301","0","0","0","N","0","0","0","1","02301","0","","5.0","","2","N","N","","0","","0","0","1","","2","","","1","0","0","0","0","0","0","2","0","1","","","","N","","","","","","","","","",""
"2007015355","","1","0","0","0","0","0","0","0","0","7","0","","02","1","2007","1","40.439663","-79.897667","2208","11","0","0","0","0","0","0","0","0","","0","0","0","","","0","","1","","40 26:22.786","","0","79 53:51.601","0","0","0","0","2301","0","0","0","N","0","0","0","1","02301","0","","4.0","","2","N","N","","0","","0","0","0","","2","","","1","0","0","0","0","0","0","2","0","1","","","","N","","","","","","","","","",""
"2007015356","","2","0","0","0","0","0","0","0","0","1","0","","02","1","2007","6","40.3919","-79.9348","1953","11","0","0","0","0","0","2","0","0","","0","0","0","","","1","","7","","40 23:30.840","","2","79 56:05.280","8","0","0","0","2301","0","0","0","N","0","0","0","3","02301","0","","7.0","","9","N","N","","1","","0","0","0","","4","","","3","1","1","0","0","1","0","2","0","3","","","","N","","","","","","","","","",""
"2007015357","","1","0","0","0","0","0","0","0","0","7","0","","02","1","2007","5","40.464843","-80.010003","0940","11","0","0","0","1","0","0","0","0","","0","0","0","","","0","","0","","40 27:53.434","","0","80 00:36.010","0","0","0","0","2301","0","0","0","N","0","0","0","2","02301","0","","4.0","","7","N","N","","0","","0","0","0","","0","","","1","0","0","0","0","0","0","2","0","1","","","","N","","","","","","","","","",""
"2007015358","","1","0","0","0","0","0","0","0","0","7","0","","02","1","2007","6","40.481366","-80.042548","2125","11","0","0","0","0","0","0","0","0","1","0","0","0","","","0","","0","","40 28:52.918","3","0","80 02:33.171","0","0","0","0","2301","0","0","0","N","0","0","0","1","02301","0","","2.0","","6","N","N","","0","","0","0","0","","0","N","","1","0","0","0","0","0","0","2","0","1","","","","N","","","","","","","","","",""
"2007015359","","1","0","0","0","0","0","0","0","0","4","0","","02","1","2007","6","40.459515","-80.017708","2100","11","0","0","0","0","0","0","0","0","","0","0","0","","","0","","1","","40 27:34.254","","0","80 01:03.748","0","0","0","0","2301","0","0","0","N","0","0","0","6","02301","0","","1.0","","7","N","N","","0","","0","0","1","","3","","","2","0","0","0","0","0","0","2","0","2","","","","N","","","","","","","","","",""
"2007015360","","1","0","0","0","0","0","0","0","0","4","0","","02","1","2007","5","40.400159","-79.989156","0746","11","0","0","0","0","0","0","0","0","","0","0","0","","","0","","2","","40 24:00.572","","0","79 59:20.961","0","0","0","0","2301","0","0","0","N","0","0","0","2","02301","0","","1.0","","9","N","N","","0","","0","0","1","","3","","","2","0","0","0","0","0","0","2","0","2","","","","N","","","","","","","","","",""
"2007015361","","1","0","0","0","0","0","0","0","0","4","0","","02","1","2007","5","40.426292","-79.963576","1801","11","0","0","0","0","0","1","0","0","","0","0","0","","","0","","1","","40 25:34.651","","0","79 57:48.873","0","0","0","0","2301","0","0","0","N","0","0","0","4","02301","0","","1.0","","9","N","N","","0","","0","0","1","","2","","","3","0","0","0","0","0","0","2","1","3","","","","N","","","","","","","","","",""
"2007015362","","2","0","0","0","0","0","0","0","0","4","0","","02","1","2007","7","40.398889","-80.025152","1709","11","0","0","0","0","0","0","0","1","","0","0","0","","","0","","1","","40 23:56.000","","0","80 01:30.546","0","0","0","0","2301","0","0","0","N","0","0","0","2","02301","0","","1.0","","1","N","N","","0","","0","0","0","","3","","","2","0","0","0","0","0","0","2","0","2","","","","N","","","","","","","","","",""
"2007015363","","0","0","0","0","0","0","0","0","0","7","0","","02","1","2007","6","40.380673","-79.994756","2215","11","0","0","0","0","0","0","0","0","","0","0","0","","","0","","0","","40 22:50.422","","0","79 59:41.123","9","0","0","0","2301","0","0","0","","0","0","0","1","02301","0","","5.0","","1","N","N","","0","","0","0","0","","0","","","1","0","0","0","0","0","1","2","0","1","","","","N","","","","","","","","","",""
"2007015364","","1","0","0","0","0","0","0","0","0","1","0","","02","1","2007","7","40.4525","-80.039167","1819","11","0","0","0","0","0","0","0","0","","0","0","0","","","2","","2","","40 27:09.000","","0","80 02:21.002","8","0","0","0","2301","0","0","0","N","0","0","0","5","02301","0","","1.0","","9","N","N","","0","","0","0","0","","2","","","2","2","3","0","0","2","1","2","0","2","","","","N","","","","","","","","","",""