"CRN","ARRIVAL_TM","AUTOMOBILE_COUNT","BELTED_DEATH_COUNT","BELTED_SUSP_SERIOUS_INJ_COUNT","BICYCLE_COUNT","BICYCLE_DEATH_COUNT","BICYCLE_SUSP_SERIOUS_INJ_COUNT","BUS_COUNT","CHLDPAS_DEATH_COUNT","CHLDPAS_SUSP_SERIOUS_INJ_COUNT","COLLISION_TYPE","COMM_VEH_COUNT","CONS_ZONE_SPD_LIM","COUNTY","CRASH_MONTH","CRASH_YEAR","DAY_OF_WEEK","DEC_LATITUDE","DEC_LONGITUDE","DISPATCH_TM","DISTRICT","DRIVER_COUNT_16YR","DRIVER_COUNT_17YR","DRIVER_COUNT_18YR","DRIVER_COUNT_19YR","DRIVER_COUNT_20YR","DRIVER_COUNT_50_64YR","DRIVER_COUNT_65_74YR","DRIVER_COUNT_75PLUS","EST_HRS_CLOSED","FATAL_COUNT","HEAVY_TRUCK_COUNT","HORSE_BUGGY_COUNT","HOUR_OF_DAY","ILLUMINATION","INJURY_COUNT","INTERSECTION_RELATED","INTERSECT_TYPE","LANE_CLOSED","LATITUDE","LN_CLOSE_DIR","LOCATION_TYPE","LONGITUDE","MAX_SEVERITY_LEVEL","MCYCLE_DEATH_COUNT","MCYCLE_SUSP_SERIOUS_INJ_COUNT","MOTORCYCLE_COUNT","MUNICIPALITY","NONMOTR_COUNT","NONMOTR_DEATH_COUNT","NONMOTR_SUSP_SERIOUS_INJ_COUNT","NTFY_HIWY_MAINT","PED_COUNT","PED_DEATH_COUNT","PED_SUSP_SERIOUS_INJ_COUNT","PERSON_COUNT","POLICE_AGCY","POSSIBLE_INJ_COUNT","RDWY_SURF_TYPE_CD","RELATION_TO_ROAD","ROADWAY_CLEARED","ROAD_CONDITION","SCH_BUS_IND","SCH_ZONE_IND","SECONDARY_CRASH","SMALL_TRUCK_COUNT","SPEC_JURIS_CD","SUSP_MINOR_INJ_COUNT","SUSP_SERIOUS_INJ_COUNT","SUV_COUNT","TCD_FUNC_CD","TCD_TYPE","TFC_DETOUR_IND","TIME_OF_DAY","TOTAL_UNITS","TOT_INJ_COUNT","UNBELTED_OCC_COUNT","UNB_DEATH_COUNT","UNB_SUSP_SERIOUS_INJ_COUNT","UNK_INJ_DEG_COUNT","UNK_INJ_PER_COUNT","URBAN_RURAL","VAN_COUNT","VEHICLE_COUNT","WEATHER1","WEATHER2","WORKERS_PRES","WORK_ZONE_IND","WORK_ZONE_LOC","WORK_ZONE_TYPE","WZ_CLOSE_DETOUR","WZ_FLAGGER","WZ_LAW_OFFCR_IND","WZ_LN_CLOSURE","WZ_MOVING","WZ_OTHER","WZ_SHLDER_MDN","WZ_WORKERS_INJ_KILLED"
"2007016362","","1","0","0","0","0","0","0","0","0","2","0","","02","2","2007","5","40.399073","-80.009638","0857","11","0","0","0","0","0","0","0","0","","0","0","0","","","0","","0","","40 23:56.662","","0","80 00:34.696","0","0","0","0","2301","0","0","0","N","0","0","0","4","02301","0","","1.0","","2","N","N","","1","","0","0","0","","0","","","2","0","0","0","0","0","0","2","0","2","","","","N","","","","","","","","","",""
"2007016363","","2","0","0","0","0","0","0","0","0","1","0","","02","2","2007","5","40.416945","-80.016027","2005","11","0","0","0","1","1","0","0","0","","0","0","0","","","0","","0","","40 25:01.002","","0","80 00:57.697","0","0","0","0","2301","0","0","0","N","0","0","0","6","02301","0","","1.0","","2","N","N","","0","","0","0","1","","0","","","4","0","0","0","0","0","0","2","1","4","","","","N","","","","","","","","","",""
"2007016364","","1","0","0","0","0","0","0","0","0","1","0","","02","2","2007","5","40.405","-80.018824","2207","11","0","0","0","0","0","0","0","0","","0","0","0","","","0","","0","","40 24:18.000","","0","80 01:07.765","0","0","0","0","2301","0","0","0","N","0","0","0","1","02301","0","","5.0","","2","N","N","","0","","0","0","0","","0","","","2","0","0","0","0","0","0","2","0","2","","","","N","","","","","","","","","",""
"2007016365","","1","0","0","0","0","0","0","0","0","8","0","","02","1","2007","4","40.442225","-79.957896","1627","11","0","0","0","0","0","1","0","0","","0","0","0","","","1","","2","","40 26:32.010","","0","79 57:28.425","4","0","0","0","2301","1","0","0","N","1","0","0","2","02301","1","","1.0","","1","N","N","","0","","0","0","0","","0","","","2","1","0","0","0","0","0","2","0","1","","","","N","","","","","","","","","",""
"2007016366","","2","0","0","0","0","0","0","0","0","4","0","","02","1","2007","4","40.432149","-79.935014","0846","11","0","0","0","0","0","0","0","1","1","0","0","0","","","0","","3","","40 25:55.736","4","0","79 56:06.050","0","0","0","0","2301","0","0","0","N","0","0","0","2","02301","0","","1.0","","98","N","N","","0","","0","0","0","","0","N","","2","0","0","0","0","0","0","2","0","2","","","","N","","","","","","","","","",""
"2007016367","","1","0","0","0","0","0","0","0","0","1","0","","02","1","2007","4","40.4725","-80.038232","0857","11","0","0","0","0","0","1","0","0","","0","0","0","","","0","","0","","40 28:21.000","","0","80 02:17.636","0","0","0","0","2301","0","0","0","N","0","0","0","3","02301","0","","1.0","","9","N","N","","0","","0","0","1","","0","","","2","0","0","0","0","0","0","2","0","2","","","","N","","","","","","","","","",""
"2007016382","","2","0","0","0","0","0","0","0","0","2","0","","02","2","2007","6","40.450916","-79.943053","0220","11","0","0","0","0","0","0","0","0","1","0","0","0","","","0","","1","","40 27:03.297","4","0","79 56:34.990","0","0","0","0","2301","0","0","0","N","0","0","0","4","02301","0","","1.0","","9","N","N","","0","","0","0","0","","2","N","","2","0","0","0","0","0","0","2","0","2","","","","N","","","","","","","","","",""
"2007016401","","1","0","0","0","0","0","0","0","0","7","0","","02","1","2007","6","40.323889","-79.818518","0631","11","0","0","0","0","0","0","0","0","","0","0","0","","","1","","0","","40 19:26.000","","0","79 49:06.666","4","0","0","0","2304","0","0","0","N","0","0","0","1","02304","1","","4.0","","2","N","N","","0","","0","0","0","","0","","","1","1","0","0","0","0","0","2","0","1","","","","N","","","","","","","","","",""
"2007016402","","2","0","0","0","0","0","0","0","0","4","0","","02","1","2007","2","40.349354","-79.833896","1634","11","0","0","0","0","0","0","0","0","","0","0","0","","","0","","2","","40 20:57.674","","0","79 50:02.025","0","0","0","0","2304","0","0","0","N","0","0","0","2","02304","0","","1.0","","1","N","N","","0","","0","0","0","","0","","","2","0","0","0","0","0","0","2","0","2","","","","N","","","","","","","","","",""
"2007016403","","2","0","0","0","0","0","0","0","0","4","0","","02","1","2007","3","40.3525","-79.883208","1826","11","0","0","0","0","0","0","0","0","2","0","0","0","","","0","","0","","40 21:09.000","6","0","79 52:59.548","0","0","0","0","2423","0","0","0","N","0","0","0","1","02304","0","","1.0","","2","N","N","","0","","0","0","0","","0","Y","","3","0","0","0","0","0","0","2","1","3","","","","N","","","","","","","","","",""
"2007016404","","1","0","0","0","0","0","0","0","0","7","0","","02","1","2007","1","40.351389","-79.865072","1107","11","0","0","0","0","1","0","0","0","1","0","0","0","","","0","","1","","40 21:05.000","4","0","79 51:54.259","0","0","0","0","2304","0","0","0","N","0","0","0","2","02304","0","","2.0","","7","N","N","","0","","0","0","0","","2","N","","1","0","0","0","0","0","0","2","0","1","","","","N","","","","","","","","","",""
"2007016452","","1","0","0","0","0","0","0","0","0","7","0","","02","1","2007","6","40.4593","-79.8744","1349","11","0","0","0","0","0","1","0","0","","0","0","0","","","2","","0","","40 27:33.480","","0","79 52:27.840","8","0","0","0","2113","0","0","0","N","0","0","0","2","02113","0","","5.0","","7","N","N","","0","","0","0","0","","0","","","1","2","0","0","0","2","0","2","0","1","","","","N","","","","","","","","","",""
"2007016453","","1","0","0","0","0","0","0","0","0","4","0","","02","1","2007","4","40.469305","-79.820169","1314","11","0","0","0","0","0","1","0","0","","0","0","0","","","1","","1","","40 28:09.498","","0","79 49:12.608","4","0","0","0","2113","0","0","0","N","0","0","0","2","02113","1","","1.0","","1","N","N","","1","","0","0","0","","3","","","2","1","0","0","0","0","0","2","0","2","","","","N","","","","","","","","","",""
"2007016455","","1","0","0","0","0","0","0","0","0","2","0","","02","1","2007","3","40.449722","-79.827018","0618","11","0","0","0","0","0","1","0","0","3","0","0","0","","","2","","0","","40 26:59.000","1","0","79 49:37.266","4","0","0","0","2113","0","0","0","N","0","0","0","2","02113","2","","1.0","","1","N","N","","0","","0","0","1","","0","N","","2","2","0","0","0","0","0","2","0","2","","","","N","","","","","","","","","",""
"2007016456","","2","0","0","0","0","0","0","0","0","4","0","","02","1","2007","7","40.461111","-79.863097","0729","11","0","0","0","0","0","0","0","0","9","0","0","0","","","0","","1","","40 27:40.000","6","0","79 51:47.149","0","0","0","0","2113","0","0","0","N","0","0","0","3","02113","0","","1.0","","1","N","N","","0","","0","0","0","","2","N","","2","0","0","0","0","0","0","2","0","2","","","","N","","","","","","","","","",""
"2007016457","","2","0","0","0","0","0","0","0","0","1","0","","02","1","2007","7","40.468611","-79.824418","1042","11","0","0","0","0","1","1","0","1","","0","0","0","","","3","","0","","40 28:07.000","","0","79 49:27.903","3","0","0","0","2113","0","0","0","N","0","0","0","6","02113","2","","1.0","","9","N","N","","1","","1","0","0","","0","","","3","3","0","0","0","0","0","2","0","3","","","","N","","","","","","","","","",""
"2007016458","","1","0","0","0","0","0","0","0","0","8","0","","02","1","2007","3","40.4675","-79.790952","0714","11","0","0","0","0","0","0","0","0","","0","0","0","","","1","","0","","40 28:03.000","","0","79 47:27.427","4","0","0","0","2113","1","0","0","N","1","0","0","2","02113","1","","2.0","","9","N","N","","0","","0","0","0","","3","","","2","1","0","0","0","0","0","2","0","1","","","","N","","","","","","","","","",""
"2007016459","","0","0","0","0","0","0","0","0","0","7","0","","02","1","2007","7","40.4828","-79.8095","2314","11","0","0","0","0","0","0","0","0","1","0","0","0","","","0","","0","","40 28:58.080","6","0","79 48:34.200","0","0","0","0","2113","0","0","0","N","0","0","0","1","02113","0","","2.0","","9","N","N","","0","","0","0","1","","0","Y","","1","0","0","0","0","0","0","2","0","1","","","","N","","","","","","","","","",""
"2007016460","","2","0","0","0","0","0","0","0","0","7","0","","02","1","2007","4","40.461111","-79.870914","1845","11","0","0","0","0","0","1","0","0","1","0","0","0","","","1","","0","","40 27:40.000","6","0","79 52:15.289","8","0","0","0","2113","0","0","0","N","0","0","0","2","02113","0","","2.0","","6","N","N","","0","","0","0","0","","0","N","","2","1","0","0","0","1","0","2","0","2","","","","N","","","","","","","","","",""
"2007016485","","0","0","0","0","0","0","0","0","0","6","0","","02","2","2007","3","40.484444","-79.737854","0954","11","0","0","0","0","0","0","0","0","1","0","0","0","","","0","","0","","40 29:04.000","1","0","79 44:16.276","0","0","0","0","2466","0","0","0","N","0","0","0","5","02466","0","","1.0","","7","N","N","","0","","0","0","2","","0","N","","2","0","0","0","0","0","0","2","0","2","","","","N","","","","","","","","","",""
"2007016487","","0","0","0","0","0","0","1","0","0","4","1","","02","2","2007","4","","","1100","11","0","0","0","0","0","2","0","0","2","0","0","0","","","0","","3","","","2","0","","0","0","0","0","2304","0","0","0","N","0","0","0","2","02503","0","","1.0","","7","N","N","","1","","0","0","0","","2","Y","","2","0","0","0","0","0","0","1","0","2","","","","N","","","","","","","","","",""
"2007016499","","1","0","0","0","0","0","0","0","0","5","1","","02","2","2007","5","40.321111","-79.942255","0657","11","0","0","0","0","0","0","0","0","2","0","1","0","","","0","","2","","40 19:16.000","1","0","79 56:32.119","0","0","0","0","2440","0","0","0","N","0","0","0","2","02440","0","","1.0","","9","","N","","0","","0","0","0","","2","N","","2","0","0","0","0","0","0","2","0","2","","","","N","","","","","","","","","",""
"2007016512","","2","0","0","0","0","0","0","0","0","4","0","","02","2","2007","5","40.368236","-79.983441","1130","11","0","0","0","0","0","0","0","1","","0","0","0","","","1","","2","","40 22:05.648","","0","79 59:00.386","2","0","0","0","2413","0","0","0","","0","0","0","2","02413","0","","1.0","","6","N","N","","0","","0","1","0","","2","","","2","1","0","0","0","0","0","2","0","2","","","","N","","","","","","","","","",""
"2007016515","","1","0","0","0","0","0","0","0","0","4","0","","02","2","2007","2","40.545","-80.035909","1808","11","0","0","0","0","0","2","0","0","","0","0","0","","","1","","1","","40 32:42.000","","0","80 02:09.271","4","0","0","0","2116","0","0","0","N","0","0","0","3","02116","1","","1.0","","1","N","N","","0","","0","0","2","","2","","","3","1","0","0","0","0","0","2","0","3","","","","N","","","","","","","","","",""
"2007016517","","1","0","0","0","0","0","0","0","0","2","0","","02","2","2007","3","40.5179","-79.8058","1350","11","0","0","0","0","0","0","0","0","3","0","0","0","","","0","","0","","40 31:04.440","5","0","79 48:20.880","0","0","0","0","2466","0","0","0","N","0","0","0","6","02466","0","","1.0","","7","N","N","","0","","0","0","0","","0","Y","","2","0","0","0","0","0","0","2","0","2","","","","N","","","","","","","","","",""
"2007016518","","0","0","0","0","0","0","0","0","0","7","1","","02","1","2007","4","40.3996","-80.1019","1330","11","0","0","0","0","0","0","0","0","3","0","1","0","","","0","","0","","40 23:58.560","6","3","80 06:06.840","0","0","0","0","2102","0","0","0","Y","0","0","0","1","02102","0","","4.0","","1","N","N","","0","","0","0","0","","0","N","","1","0","0","0","0","0","0","2","0","1","","","","N","","","","","","","","","",""
"2007016531","","1","0","0","0","0","0","0","0","0","7","0","","02","2","2007","3","40.1992","-79.9087","2050","11","0","0","0","0","0","0","0","0","2","0","0","0","","","0","","0","","40 11:57.120","6","0","79 54:31.320","0","0","0","0","2204","0","0","0","N","0","0","0","1","02204","0","","5.0","","7","N","N","","0","","0","0","0","","0","N","","1","0","0","0","0","0","0","1","0","1","","","","N","","","","","","","","","",""
"2007016540","","2","0","0","0","0","0","0","0","0","4","0","","02","2","2007","5","40.378056","-79.804144","1558","11","0","0","0","0","0","1","0","0","1","0","0","0","","","1","","1","","40 22:41.000","3","0","79 48:14.919","8","0","0","0","2111","0","0","0","N","0","0","0","4","02111","0","","1.0","","9","N","N","","0","","0","0","0","","3","Y","","2","1","1","0","0","1","0","2","0","2","","","","N","","","","","","","","","",""
"2007016541","","1","0","0","0","0","0","0","0","0","4","0","","02","2","2007","5","40.408056","-80.080159","1645","11","0","0","0","0","0","0","0","0","2","0","0","0","","","0","","0","","40 24:29.000","1","0","80 04:48.574","0","0","0","0","2415","0","0","0","N","0","0","0","2","02415","0","","1.0","","2","N","N","","0","","0","0","1","","0","N","","2","0","0","0","0","0","0","2","0","2","","","","N","","","","","","","","","",""
"2007016542","","1","0","0","0","0","0","0","0","0","2","0","","02","2","2007","3","40.5488","-79.9156","1157","11","0","0","0","0","0","1","0","0","","0","0","0","","","0","","0","","40 32:55.680","","0","79 54:56.160","0","0","0","0","2209","0","0","0","Y","0","0","0","2","02209","0","","1.0","","7","N","N","","1","","0","0","0","","0","","","2","0","0","0","0","0","0","2","0","2","","","","N","","","","","","","","","",""
"2007016543","","2","0","0","0","0","0","0","0","0","4","0","","02","2","2007","5","40.5147","-80.2223","1723","11","0","0","0","0","0","0","0","1","","0","0","0","","","1","","0","","40 30:52.920","","0","80 13:20.280","4","0","0","0","2213","0","0","0","N","0","0","0","2","02213","1","","1.0","","1","N","N","","0","","0","0","0","","0","","","2","1","0","0","0","0","0","2","0","2","","","","N","","","","","","","","","",""
"2007016544","","2","0","0","0","0","0","0","0","0","4","0","","02","2","2007","5","40.506111","-80.223141","1557","11","0","0","0","1","0","0","0","0","1","0","0","0","","","2","","2","","40 30:22.000","1","0","80 13:23.306","3","0","0","0","2213","0","0","0","N","0","0","0","5","02213","0","","1.0","","1","N","N","","0","","1","0","0","","3","Y","","2","2","1","0","0","1","0","2","0","2","","","","N","","","","","","","","","",""
"2007016583","","3","0","0","0","0","0","0","0","0","3","0","","02","1","2007","4","40.385556","-79.994793","1632","11","0","0","1","0","0","0","0","0","","0","0","0","","","0","","0","","40 23:08.000","","0","79 59:41.256","0","0","0","0","2301","0","0","0","N","0","0","0","3","02301","0","","1.0","","1","N","N","","0","","0","0","0","","0","","","3","0","0","0","0","0","0","2","0","3","","","","N","","","","","","","","","",""
"2007016584","","0","0","0","0","0","0","0","0","0","7","0","","02","2","2007","5","40.421834","-79.985392","1037","11","0","0","0","0","0","1","0","0","","0","0","0","","","0","","2","","40 25:18.602","","0","79 59:07.411","0","0","0","0","2301","0","0","0","N","0","0","0","1","02301","0","","5.0","","1","N","N","","0","","0","0","1","","0","","","1","0","0","0","0","0","0","2","0","1","","","","N","","","","","","","","","",""
"2007016585","","1","0","0","0","0","0","0","0","0","4","0","","02","2","2007","5","40.4287","-79.988519","2136","11","0","0","0","0","0","0","0","0","","0","0","0","","","0","","1","","40 25:43.319","","0","79 59:18.670","0","0","0","0","2301","0","0","0","N","0","0","0","3","02301","0","","1.0","","1","N","N","","0","","0","0","1","","2","","","2","0","0","0","0","0","0","2","0","2","","","","N","","","","","","","","","",""
"2007016590","","1","0","0","0","0","0","0","0","0","4","0","","02","1","2007","7","40.333836","-79.823457","1419","11","0","1","0","0","0","0","1","0","","0","0","0","","","1","","0","","40 20:01.809","","0","79 49:24.445","4","0","0","0","2304","0","0","0","N","0","0","0","4","02304","1","","1.0","","1","N","N","","1","","0","0","0","","0","","","2","1","0","0","0","0","0","2","0","2","","","","N","","","","","","","","","",""
"2007016601","","0","0","0","0","0","0","0","0","0","7","0","","02","2","2007","1","40.292045","-79.910255","0147","11","0","0","0","0","0","0","0","0","","0","0","0","","","0","","0","","40 17:31.361","","0","79 54:36.918","0","0","0","0","2440","0","0","0","N","0","0","0","1","02440","0","","2.0","","1","N","N","","0","","0","0","1","","0","","","1","0","0","0","0","0","0","2","0","1","","","","N","","","","","","","","","",""
"2007016603","","0","0","0","0","0","0","0","0","0","7","0","","02","2","2007","5","40.646","-79.7863","1703","11","0","0","0","0","0","0","0","0","","0","0","0","","","0","","0","","40 38:45.600","","0","79 47:10.680","0","0","0","0","2202","0","0","0","N","0","0","0","1","02202","0","","5.0","","6","N","N","","1","","0","0","0","","0","","","1","0","0","0","0","0","0","1","0","1","","","","N","","","","","","","","","",""
"2007016606","","1","0","0","0","0","0","0","0","0","4","0","","02","2","2007","5","40.4218","-80.0492","1630","11","0","0","0","0","0","1","0","0","1","0","0","0","","","1","","0","","40 25:18.480","2","0","80 02:57.120","4","0","0","0","2435","0","0","0","N","0","0","0","2","02435","1","","1.0","","1","N","N","","0","","0","0","1","","0","N","","2","1","0","0","0","0","0","2","0","2","","","","N","","","","","","","","","",""
"2007016631","","1","0","0","0","0","0","0","0","0","7","0","","02","1","2007","1","40.43368","-79.937636","2133","11","0","0","0","0","0","0","0","0","","0","0","0","","","0","","0","","40 26:01.248","","0","79 56:15.490","0","0","0","0","2301","0","0","0","N","0","0","0","1","02301","0","","4.0","","2","N","N","","0","","0","0","0","","0","","","1","0","1","0","0","0","0","2","0","1","","","","N","","","","","","","","","",""
"2007016632","","2","0","0","0","0","0","0","0","0","7","0","","02","1","2007","6","40.443696","-80.044816","0125","11","0","0","0","0","0","0","0","0","","0","0","0","","","1","","0","","40 26:37.305","","0","80 02:41.337","4","0","0","0","2301","0","0","0","N","0","0","0","2","02301","1","","4.0","","9","N","N","","0","","0","0","0","","0","","","2","1","1","0","0","0","0","2","0","2","","","","N","","","","","","","","","",""
"2007016633","","2","0","0","0","0","0","0","0","0","2","0","","02","1","2007","1","40.428611","-79.988542","0227","11","0","0","0","0","0","0","0","0","","0","0","0","","","0","","1","","40 25:43.000","","0","79 59:18.751","0","0","0","0","2301","0","0","0","N","0","0","0","5","02301","0","","1.0","","1","N","N","","0","","0","0","0","","2","","","2","0","0","0","0","0","0","2","0","2","","","","N","","","","","","","","","",""
"2007016634","","2","0","0","0","0","0","0","0","0","4","0","","02","1","2007","1","40.427407","-79.980707","1133","11","0","0","0","0","0","0","0","0","","0","0","0","","","0","","2","","40 25:38.665","","0","79 58:50.545","0","0","0","0","2301","0","0","0","N","0","0","0","4","02301","0","","1.0","","1","N","N","","0","","0","0","0","","0","","","2","0","0","0","0","0","0","2","0","2","","","","N","","","","","","","","","",""
"2007016635","","2","0","0","0","0","0","0","0","0","4","0","","02","1","2007","4","40.391258","-80.028673","1951","11","0","0","1","0","0","0","0","0","","0","0","0","","","1","","2","","40 23:28.528","","0","80 01:43.222","4","0","0","0","2301","0","0","0","N","0","0","0","5","02301","1","","1.0","","2","N","N","","0","","0","0","0","","2","","","2","1","0","0","0","0","0","2","0","2","","","","N","","","","","","","","","",""
"2007016636","","3","0","0","0","0","0","0","0","0","1","0","","02","1","2007","7","40.410833","-80.006075","1455","11","0","0","0","0","0","1","0","0","","0","0","0","","","1","","2","","40 24:39.000","","0","80 00:21.871","8","0","0","0","2301","0","0","0","N","0","0","0","4","02301","0","","1.0","","9","N","N","","0","","0","0","0","","0","","","3","1","0","0","0","1","0","2","0","3","","","","N","","","","","","","","","",""
"2007016637","","1","0","0","0","0","0","0","0","0","7","0","","02","1","2007","1","40.405251","-79.990893","0152","11","0","0","0","0","0","0","0","0","","0","0","0","","","0","","0","","40 24:18.903","","0","79 59:27.214","9","0","0","0","2301","0","0","0","N","0","0","0","1","02301","0","","5.0","","1","N","N","","0","","0","0","0","","0","","","1","0","0","0","0","0","1","2","0","1","","","","N","","","","","","","","","",""
"2007016638","","2","0","0","0","0","0","0","0","0","4","0","","02","1","2007","4","40.396195","-80.023707","2048","11","0","0","0","0","0","2","0","0","","0","0","0","","","0","","1","","40 23:46.302","","0","80 01:25.345","0","0","0","0","2301","0","0","0","N","0","0","0","5","02301","0","","1.0","","1","N","N","","0","","0","0","0","","2","","","2","0","0","0","0","0","0","2","0","2","","","","N","","","","","","","","","",""
"2007016639","","0","0","0","0","0","0","0","0","0","4","0","","02","1","2007","6","40.413067","-80.009967","1429","11","0","0","0","0","0","0","0","0","2","0","0","0","","","0","","1","","40 24:47.041","2","0","80 00:35.882","0","0","0","0","2301","0","0","0","N","0","0","0","3","02301","0","","1.0","","9","N","N","","1","","0","0","1","","2","N","","2","0","0","0","0","0","0","2","0","2","","","","N","","","","","","","","","",""
"2007016640","","1","0","0","0","0","0","0","0","0","2","0","","02","1","2007","7","40.428611","-79.988542","0311","11","1","0","0","0","0","0","0","0","","0","0","0","","","1","","1","","40 25:43.000","","0","79 59:18.751","4","0","0","0","2301","0","0","0","N","0","0","0","3","02301","1","","1.0","","7","N","N","","1","","0","0","0","","2","","","2","1","2","0","0","0","0","2","0","2","","","","N","","","","","","","","","",""
"2007016641","","1","0","0","0","0","0","0","0","0","4","0","","02","1","2007","7","40.412778","-80.010009","0924","11","0","0","0","0","0","1","0","0","1","0","0","0","","","1","","1","","40 24:46.000","1","2","80 00:36.034","8","0","0","0","2301","0","0","0","N","0","0","0","2","02301","0","","1.0","","9","N","N","","1","","0","0","0","","2","N","","2","1","0","0","0","1","0","2","0","2","","","","N","","","","","","","","","",""
"2007016642","","1","0","0","0","0","0","1","0","0","1","1","","02","1","2007","1","40.428922","-79.974589","0125","11","0","0","0","0","0","0","0","0","","0","0","0","","","0","","1","","40 25:44.119","","0","79 58:28.520","0","0","0","0","2301","0","0","0","N","0","0","0","9","02301","0","","1.0","","1","N","N","","0","","0","0","0","","0","","","2","0","0","0","0","0","0","2","0","2","","","","N","","","","","","","","","",""
"2007016643","","1","0","0","0","0","0","0","0","0","4","0","","02","1","2007","6","40.420222","-80.010985","1621","11","0","0","0","0","0","0","0","0","","0","0","0","","","1","","0","","40 25:12.799","","0","80 00:39.546","8","0","0","0","2301","0","0","0","N","0","0","0","1","02301","0","","1.0","","9","N","N","","0","","0","0","1","","0","","","2","1","0","0","0","1","0","2","0","2","","","","N","","","","","","","","","",""
"2007016644","","1","0","0","0","0","0","0","0","0","7","0","","02","1","2007","2","40.445745","-79.99102","1733","11","0","0","0","0","1","0","0","0","","0","0","0","","","0","","0","","40 26:44.682","","0","79 59:27.672","0","0","0","0","2301","0","0","0","N","0","0","0","2","02301","0","","4.0","","9","N","N","","0","","0","0","0","","0","","","1","0","0","0","0","0","0","2","0","1","","","","N","","","","","","","","","",""
"2007016645","","1","0","0","0","0","0","0","0","0","7","0","","02","1","2007","1","40.391377","-80.004376","1721","11","0","0","0","0","0","0","0","0","1","0","0","0","","","0","","0","","40 23:28.957","4","0","80 00:15.753","0","0","0","0","2301","0","0","0","N","0","0","0","1","02301","0","","4.0","","2","N","N","","0","","0","0","0","","0","N","","1","0","0","0","0","0","0","2","0","1","","","","N","","","","","","","","","",""
"2007016646","","3","0","0","0","0","0","0","0","0","4","0","","02","1","2007","1","40.385138","-79.978381","1213","11","0","0","0","0","0","1","0","0","","0","0","0","","","0","","0","","40 23:06.498","","0","79 58:42.173","0","0","0","0","2301","0","0","0","N","0","0","0","2","02301","0","","1.0","","1","N","N","","2","","0","0","0","","0","","","5","0","0","0","0","0","0","2","0","5","","","","N","","","","","","","","","",""
"2007016647","","1","0","0","0","0","0","0","0","0","7","0","","02","1","2007","1","40.395854","-79.994091","1651","11","0","0","1","0","0","0","0","0","1","0","0","0","","","1","","0","","40 23:45.074","2","0","79 59:38.727","4","0","0","0","2301","0","0","0","N","0","0","0","3","02302","1","","2.0","","2","N","N","","0","","0","0","0","","0","N","","1","1","0","0","0","0","0","2","0","1","","05","","N","","","","","","","","","",""
"2007016648","","2","0","0","0","0","0","0","0","0","4","0","","02","1","2007","1","40.425613","-80.001213","1828","11","0","0","0","0","0","0","0","0","","0","0","0","","","1","","2","","40 25:32.206","","0","80 00:04.366","4","0","0","0","2301","0","0","0","N","0","0","0","2","02301","1","","4.0","","2","N","N","","0","","0","0","0","","3","","","2","1","0","0","0","0","0","2","0","2","","","","N","","","","","","","","","",""
"2007016649","","2","0","0","0","0","0","0","0","0","4","0","","02","1","2007","2","40.401944","-80.000624","1332","11","0","0","0","0","0","0","0","0","","0","0","0","","","3","","1","","40 24:07.000","","0","80 00:02.245","4","0","0","0","2301","0","0","0","N","0","0","0","3","02301","1","","1.0","","9","N","N","","0","","0","0","0","","2","","","2","3","0","0","0","2","0","2","0","2","","","","N","","","","","","","","","",""
"2007016650","","1","0","0","0","0","0","0","0","0","7","0","","02","1","2007","5","40.412778","-80.010169","0259","11","0","0","0","0","0","0","0","0","3","1","0","0","","","0","","1","","40 24:46.000","5","0","80 00:36.608","1","0","0","0","2301","0","0","0","N","0","0","0","1","02301","0","1","5.0","","9","N","N","","0","0","0","0","0","","1","Y","","1","0","0","0","0","0","0","2","0","1","","","","N","","","","","","","","","",""
"2007016651","","1","0","0","0","0","0","0","0","0","1","0","","02","1","2007","7","40.4434","-80.0285","1929","11","0","0","0","1","0","0","0","0","3","0","0","0","","","1","","10","","40 26:36.240","4","0","80 01:42.600","8","0","0","1","2301","0","0","0","N","0","0","0","5","02301","0","","1.0","","9","N","N","","0","","0","0","0","","2","Y","","2","1","0","0","0","1","0","2","0","2","","","","N","","","","","","","","","",""
"2007016656","","1","0","0","0","0","0","0","0","0","7","0","","02","1","2007","4","40.46189","-79.968302","1336","11","0","0","0","0","0","0","0","0","","0","0","0","","","1","","0","","40 27:42.803","","0","79 58:05.886","4","0","0","0","2301","0","0","0","N","0","0","0","1","02301","1","","5.0","","1","N","N","","0","","0","0","0","","0","","","1","1","0","0","0","0","0","2","0","1","","","","N","","","","","","","","","",""
"2007016657","","2","0","0","0","0","0","0","0","0","4","0","","02","1","2007","5","40.468332","-79.955522","1047","11","0","0","0","0","0","0","0","0","2","0","0","0","","","0","","1","","40 28:05.995","2","0","79 57:19.879","0","0","0","0","2301","0","0","0","N","0","0","0","2","02301","0","","1.0","","1","N","N","","0","","0","0","0","","0","Y","","2","0","0","0","0","0","0","2","0","2","","","","N","","","","","","","","","",""