"CRN","ARRIVAL_TM","AUTOMOBILE_COUNT","BELTED_DEATH_COUNT","BELTED_SUSP_SERIOUS_INJ_COUNT","BICYCLE_COUNT","BICYCLE_DEATH_COUNT","BICYCLE_SUSP_SERIOUS_INJ_COUNT","BUS_COUNT","CHLDPAS_DEATH_COUNT","CHLDPAS_SUSP_SERIOUS_INJ_COUNT","COLLISION_TYPE","COMM_VEH_COUNT","CONS_ZONE_SPD_LIM","COUNTY","CRASH_MONTH","CRASH_YEAR","DAY_OF_WEEK","DEC_LATITUDE","DEC_LONGITUDE","DISPATCH_TM","DISTRICT","DRIVER_COUNT_16YR","DRIVER_COUNT_17YR","DRIVER_COUNT_18YR","DRIVER_COUNT_19YR","DRIVER_COUNT_20YR","DRIVER_COUNT_50_64YR","DRIVER_COUNT_65_74YR","DRIVER_COUNT_75PLUS","EST_HRS_CLOSED","FATAL_COUNT","HEAVY_TRUCK_COUNT","HORSE_BUGGY_COUNT","HOUR_OF_DAY","ILLUMINATION","INJURY_COUNT","INTERSECTION_RELATED","INTERSECT_TYPE","LANE_CLOSED","LATITUDE","LN_CLOSE_DIR","LOCATION_TYPE","LONGITUDE","MAX_SEVERITY_LEVEL","MCYCLE_DEATH_COUNT","MCYCLE_SUSP_SERIOUS_INJ_COUNT","MOTORCYCLE_COUNT","MUNICIPALITY","NONMOTR_COUNT","NONMOTR_DEATH_COUNT","NONMOTR_SUSP_SERIOUS_INJ_COUNT","NTFY_HIWY_MAINT","PED_COUNT","PED_DEATH_COUNT","PED_SUSP_SERIOUS_INJ_COUNT","PERSON_COUNT","POLICE_AGCY","POSSIBLE_INJ_COUNT","RDWY_SURF_TYPE_CD","RELATION_TO_ROAD","ROADWAY_CLEARED","ROAD_CONDITION","SCH_BUS_IND","SCH_ZONE_IND","SECONDARY_CRASH","SMALL_TRUCK_COUNT","SPEC_JURIS_CD","SUSP_MINOR_INJ_COUNT","SUSP_SERIOUS_INJ_COUNT","SUV_COUNT","TCD_FUNC_CD","TCD_TYPE","TFC_DETOUR_IND","TIME_OF_DAY","TOTAL_UNITS","TOT_INJ_COUNT","UNBELTED_OCC_COUNT","UNB_DEATH_COUNT","UNB_SUSP_SERIOUS_INJ_COUNT","UNK_INJ_DEG_COUNT","UNK_INJ_PER_COUNT","URBAN_RURAL","VAN_COUNT","VEHICLE_COUNT","WEATHER1","WEATHER2","WORKERS_PRES","WORK_ZONE_IND","WORK_ZONE_LOC","WORK_ZONE_TYPE","WZ_CLOSE_DETOUR","WZ_FLAGGER","WZ_LAW_OFFCR_IND","WZ_LN_CLOSURE","WZ_MOVING","WZ_OTHER","WZ_SHLDER_MDN","WZ_WORKERS_INJ_KILLED"
"2007017310","","1","0","0","0","0","0","0","0","0","7","0","","02","1","2007","4","40.611262","-80.04075","1641","11","0","1","0","0","0","0","0","0","","0","0","0","","","1","","0","","40 36:40.543","","0","80 02:26.699","4","0","0","0","2108","0","0","0","N","0","0","0","1","02108","1","","5.0","","9","N","N","","0","","0","0","0","","0","","","1","1","0","0","0","0","0","2","0","1","","","","N","","","","","","","","","",""
"2007017311","","1","0","0","0","0","0","0","0","0","7","0","","02","1","2007","5","40.583228","-79.998164","0129","11","0","0","1","0","0","0","0","0","","0","0","0","","","0","","0","","40 34:59.620","","0","79 59:53.392","0","0","0","0","2108","0","0","0","N","0","0","0","2","02108","0","","5.0","","7","N","N","","0","","0","0","0","","0","","","1","0","0","0","0","0","0","2","0","1","","","","N","","","","","","","","","",""
"2007017312","","2","0","0","0","0","0","0","0","0","1","0","","02","1","2007","5","40.571944","-80.02367","1201","11","0","0","0","0","0","0","0","0","2","0","0","0","","","0","","1","","40 34:19.000","2","0","80 01:25.213","0","0","0","0","2108","0","0","0","N","0","0","0","3","02108","0","","1.0","","1","N","N","","0","","0","0","0","","2","N","","2","0","0","0","0","0","0","2","0","2","","","","N","","","","","","","","","",""
"2007017313","","2","0","0","0","0","0","0","0","0","1","0","","02","1","2007","5","40.571944","-80.02367","1158","11","0","0","0","0","1","0","0","0","2","0","0","0","","","1","","1","","40 34:19.000","2","0","80 01:25.213","8","0","0","0","2108","0","0","0","N","0","0","0","2","02108","0","","1.0","","1","N","N","","0","","0","0","0","","2","N","","2","1","0","0","0","1","0","2","0","2","","","","N","","","","","","","","","",""
"2007017314","","1","0","0","0","0","0","0","0","0","0","0","","02","1","2007","1","40.586667","-80.041629","1923","11","0","0","0","0","1","0","0","0","","0","0","0","","","0","","1","","40 35:12.000","","0","80 02:29.866","0","0","0","0","2108","0","0","0","N","0","0","0","1","02108","0","","1.0","","6","N","N","","0","","0","0","0","","2","","","1","0","0","0","0","0","0","2","0","1","","","","N","","","","","","","","","",""
"2007017340","","1","0","0","0","0","0","0","0","0","7","0","","02","1","2007","5","40.361389","-80.063857","0227","11","0","0","0","0","0","0","0","0","","0","0","0","","","0","","2","","40 21:41.000","","0","80 03:49.884","0","0","0","0","2109","0","0","0","N","0","0","0","1","02109","0","","3.0","","1","N","N","","0","","0","0","0","","2","","","1","0","0","0","0","0","0","2","0","1","","","","N","","","","","","","","","",""
"2007017345","","1","0","0","0","0","0","0","0","0","7","0","","02","1","2007","4","40.388957","-80.049137","1545","11","0","0","0","0","0","0","0","1","","0","0","0","","","2","","1","","40 23:20.245","","0","80 02:56.893","4","0","0","0","2109","0","0","0","N","0","0","0","2","02109","2","","5.0","","1","N","N","","0","","0","0","0","","0","","","1","2","0","0","0","0","0","2","0","1","","","","N","","","","","","","","","",""
"2007017346","","2","0","0","0","0","0","0","0","0","1","0","","02","1","2007","5","40.3589","-80.0597","1844","11","0","0","0","0","0","1","0","0","1","0","0","0","","","0","","0","","40 21:32.040","3","0","80 03:34.920","0","0","0","0","2109","0","0","0","N","0","0","0","2","02109","0","","1.0","","1","N","N","","0","","0","0","0","","0","N","","2","0","1","0","0","0","0","2","0","2","","","","N","","","","","","","","","",""
"2007017347","","1","0","0","0","0","0","0","0","0","7","0","","02","1","2007","2","40.377213","-80.024556","2001","11","0","1","0","0","0","0","0","0","1","0","0","0","","","1","","0","","40 22:37.966","6","0","80 01:28.401","3","0","0","0","2109","0","0","0","N","0","0","0","3","02109","0","","5.0","","7","N","N","","0","","1","0","0","","0","Y","","1","1","0","0","0","0","0","2","0","1","","","","N","","","","","","","","","",""
"2007017349","","1","0","0","0","0","0","0","0","0","4","0","","02","1","2007","7","40.388056","-80.089932","2032","11","0","0","0","0","0","0","1","0","","0","0","0","","","4","","1","","40 23:17.000","","0","80 05:23.754","4","0","0","0","2437","0","0","0","N","0","0","0","4","02437","4","","1.0","","1","N","N","","1","","0","0","0","","2","","","2","4","0","0","0","0","0","2","0","2","","","","N","","","","","","","","","",""
"2007017350","","0","0","0","0","0","0","0","0","0","4","0","","02","1","2007","3","40.3875","-80.090909","1852","11","0","0","0","0","0","0","0","0","","0","0","0","","","1","","2","","40 23:15.000","","0","80 05:27.271","4","0","0","0","2437","0","0","0","","0","0","0","2","02437","1","","1.0","","9","","","","1","","0","0","1","","2","","","2","1","1","0","0","0","0","2","0","2","","","","N","","","","","","","","","",""
"2007017507","","2","0","0","0","0","0","0","0","0","1","0","","02","1","2007","5","40.4215","-80.104","0929","11","0","0","0","0","0","0","0","0","1","0","0","0","","","0","","0","","40 25:17.400","4","2","80 06:14.400","0","0","0","0","2102","0","0","0","N","0","0","0","2","68B03","0","","1.0","","1","N","N","","0","","0","0","0","","8","N","","2","0","0","0","0","0","0","2","0","2","","","","N","","","","","","","","","",""
"2007017508","","0","0","0","0","0","0","0","0","0","7","0","","02","1","2007","4","","","1634","11","0","0","0","0","0","0","0","0","","0","0","0","","","0","","0","","40 26:25.44","","0","79 49:59.16","0","0","0","0","2419","0","0","0","Y","0","0","0","2","68B03","0","","2.0","","1","N","N","","1","","0","0","0","","0","","","1","0","0","0","0","0","0","2","0","1","","","","N","","","","","","","","","",""
"2007017509","","2","0","0","0","0","0","0","0","0","1","0","","02","1","2007","4","","","1824","11","0","0","0","0","0","1","0","0","1","0","0","0","","","1","","0","","40 29:03.12","1","0","80 00:28.44","8","0","0","0","2301","0","0","0","N","0","0","0","4","68B03","0","","1.0","","1","N","N","","0","","0","0","1","","0","N","","3","1","0","0","0","1","0","2","0","3","","","","N","","","","","","","","","",""
"2007017525","","2","0","0","0","0","0","0","0","0","1","0","","02","1","2007","2","","","1310","11","0","0","0","0","0","0","0","0","1","0","0","0","","","0","","7","","40 26:02.04","3","2","79 59:35.16","0","0","0","0","2301","0","0","0","N","0","0","0","2","68B03","0","","1.0","","1","N","N","","0","","0","0","0","","0","Y","","2","0","0","0","0","0","0","2","0","2","","","","N","","","","","","","","","",""
"2007017526","","0","0","0","0","0","0","0","0","0","7","0","","02","1","2007","3","40.439167","-80.237537","0751","11","0","0","0","0","0","0","0","0","","0","0","0","","","1","","0","","40 26:21.000","","3","80 14:15.132","3","0","0","0","2214","0","0","0","N","0","0","0","1","68B03","0","","4.0","","2","N","N","","0","","1","0","1","","0","","","1","1","0","0","0","0","0","2","0","1","","","","N","","","","","","","","","",""
"2007017556","","1","0","0","0","0","0","0","0","0","4","0","","02","2","2007","3","40.545833","-80.016963","0610","11","0","0","0","0","0","1","0","0","1","0","0","0","","","1","","1","","40 32:45.000","2","0","80 01:01.066","8","0","0","0","2116","0","0","0","N","0","0","0","2","02116","0","","1.0","","1","N","N","","1","","0","0","0","","2","Y","","2","1","0","0","0","1","0","2","0","2","","","","N","","","","","","","","","",""
"2007017598","","1","0","0","0","0","0","0","0","0","99","0","","02","1","2007","4","40.665556","-80.093107","2346","11","0","0","0","0","0","0","0","0","","0","0","0","","","0","","0","","40 39:56.000","","0","80 05:35.186","0","0","0","0","2212","0","0","0","N","0","0","0","2","68D01","0","","1.0","","1","N","N","","0","","0","0","1","","0","","","2","0","0","0","0","0","0","2","0","2","","","","N","","","","","","","","","",""
"2007017667","","1","0","0","0","0","0","0","0","0","7","0","","02","1","2007","6","40.432636","-80.109151","0915","11","0","0","0","1","0","0","0","0","","0","0","0","","","0","","0","","40 25:57.490","","3","80 06:32.943","0","0","0","0","2115","0","0","0","N","0","0","0","1","68B03","0","","3.0","","9","N","N","","0","","0","0","0","","0","","","1","0","0","0","0","0","0","2","0","1","","","","N","","","","","","","","","",""
"2007017668","","1","0","0","0","0","0","0","0","0","99","0","","02","1","2007","7","40.419167","-80.103183","0015","11","0","0","0","0","0","0","0","0","","0","0","0","","","1","","0","","40 25:09.000","","0","80 06:11.460","4","0","0","0","2102","0","0","0","N","0","0","0","1","68B03","1","","1.0","","1","N","N","","0","","0","0","0","","0","","","1","1","0","0","0","0","0","2","0","1","","","","N","","","","","","","","","",""
"2007017717","","1","0","0","0","0","0","0","0","0","1","0","","02","2","2007","6","40.541944","-80.012975","0355","11","0","0","0","0","1","1","0","0","","0","0","0","","","1","","2","","40 32:31.000","","7","80 00:46.709","8","0","0","0","2116","0","0","0","N","0","0","0","4","02116","0","","1.0","","6","N","N","","0","","0","0","1","","2","","","2","1","0","0","0","1","0","2","0","2","","","","N","","","","","","","","","",""
"2007017722","","2","0","0","0","0","0","0","0","0","0","0","","02","1","2007","4","40.469167","-79.823689","1643","11","0","0","2","0","0","1","0","0","","0","0","0","","","0","","2","","40 28:09.000","","0","79 49:25.280","0","0","0","0","2113","0","0","0","N","0","0","0","5","02113","0","","1.0","","1","N","N","","2","","0","0","0","","0","","","4","0","0","0","0","0","0","2","0","4","","","","N","","","","","","","","","",""
"2007017723","","1","0","0","0","0","0","0","0","0","7","0","","02","1","2007","1","40.47327","-79.817927","1631","11","0","0","1","0","0","0","0","0","1","0","0","0","","","1","","0","","40 28:23.772","2","0","79 49:04.537","4","0","0","0","2113","0","0","0","N","0","0","0","1","02113","1","","2.0","","2","N","N","","0","","0","0","0","","0","N","","1","1","0","0","0","0","0","2","0","1","","","","N","","","","","","","","","",""
"2007017724","","2","0","0","0","0","0","0","0","0","0","0","","02","1","2007","1","40.4533","-79.8448","2231","11","0","0","0","0","1","0","0","0","2","0","0","0","","","1","","0","","40 27:11.880","5","0","79 50:41.280","4","0","0","0","2113","0","0","0","N","0","0","0","1","02113","1","","5.0","","9","N","N","","0","","0","0","0","","0","Y","","2","1","0","0","0","0","0","2","0","2","","","","N","","","","","","","","","",""
"2007017725","","0","0","0","0","0","0","0","0","0","7","0","","02","1","2007","6","40.456576","-79.808729","0909","11","0","0","0","0","0","0","0","0","","0","0","0","","","0","","0","","40 27:23.673","","0","79 48:31.424","0","0","0","0","2113","0","0","0","N","0","0","0","1","02113","0","","5.0","","2","N","N","","0","","0","0","0","","0","","","1","0","0","0","0","0","0","2","1","1","","","","N","","","","","","","","","",""
"2007017738","","0","0","0","0","0","0","0","0","0","7","0","","02","1","2007","3","40.455556","-79.793702","2256","11","0","0","0","0","0","0","0","0","","0","0","0","","","0","","0","","40 27:20.000","","0","79 47:37.327","0","0","0","0","2113","0","0","0","N","0","0","0","1","02113","0","","2.0","","2","N","N","","0","","0","0","1","","0","","","1","0","0","0","0","0","0","2","0","1","","","","N","","","","","","","","","",""
"2007017743","","2","0","0","0","0","0","0","0","0","4","0","","02","1","2007","1","40.459436","-79.844022","1844","11","0","0","0","0","1","0","0","0","1","0","0","0","","","0","","2","","40 27:33.969","6","0","79 50:38.479","0","0","0","0","2113","0","0","0","N","0","0","0","6","02113","0","","1.0","","9","N","N","","0","","0","0","0","","0","N","","2","0","0","0","0","0","0","2","0","2","","","","N","","","","","","","","","",""
"2007017744","","1","0","0","0","0","0","0","0","0","7","0","","02","1","2007","1","40.478879","-79.833183","1631","11","0","0","0","0","0","0","0","0","","0","0","0","","","0","","0","","40 28:43.964","","0","79 49:59.458","0","0","0","0","2113","0","0","0","N","0","0","0","1","02113","0","","5.0","","2","N","N","","0","","0","0","0","","0","","","1","0","0","0","0","0","0","2","0","1","","","","N","","","","","","","","","",""
"2007017745","","2","0","0","0","0","0","0","0","0","4","0","","02","1","2007","4","40.449722","-79.826991","1921","11","0","0","0","0","0","0","0","0","1","0","0","0","","","1","","0","","40 26:59.000","2","7","79 49:37.166","8","0","0","0","2113","0","0","0","N","0","0","0","2","02113","0","","1.0","","9","N","N","","0","","0","0","0","","0","N","","2","1","0","0","0","1","0","2","0","2","","","","N","","","","","","","","","",""
"2007017820","","1","0","0","0","0","0","0","0","0","4","0","","02","1","2007","6","40.454047","-79.953379","1541","11","0","0","0","0","0","0","0","0","1","0","0","0","","","0","","0","","40 27:14.569","6","0","79 57:12.164","0","0","0","0","2301","0","0","0","N","0","0","0","2","02301","0","","1.0","","9","N","N","","0","","0","0","1","","0","N","","2","0","0","0","0","0","0","2","0","2","","","","N","","","","","","","","","",""
"2007017821","","2","0","0","0","0","0","0","0","0","6","0","","02","1","2007","2","40.457119","-79.916887","2010","11","0","0","1","0","0","1","0","0","","0","0","0","","","0","","0","","40 27:25.629","","0","79 55:00.793","0","0","0","0","2301","0","0","0","N","0","0","0","2","02301","0","","1.0","","2","N","N","","0","","0","0","0","","0","","","2","0","0","0","0","0","0","2","0","2","","","","N","","","","","","","","","",""
"2007017822","","2","0","0","0","0","0","0","0","0","1","0","","02","1","2007","7","40.456574","-79.939691","1724","11","0","0","0","0","0","1","0","0","","0","0","0","","","2","","1","","40 27:23.665","","0","79 56:22.888","4","0","0","0","2301","0","0","0","N","0","0","0","3","02301","1","","1.0","","1","N","N","","0","","0","0","0","","2","","","2","2","0","0","0","1","0","2","0","2","","","","N","","","","","","","","","",""
"2007017823","","3","0","0","0","0","0","0","0","0","4","0","","02","1","2007","7","40.46413","-79.932505","2114","11","0","0","0","0","0","0","0","0","3","1","0","0","","","1","","1","","40 27:50.868","7","0","79 55:57.018","1","0","0","0","2301","2","1","1","N","2","1","1","3","02301","0","1","4.0","","9","N","N","","0","0","0","1","0","","0","Y","","6","1","1","0","0","0","0","2","1","4","","","","N","","","","","","","","","",""
"2007017832","","2","0","0","0","0","0","0","0","0","1","0","","02","2","2007","5","40.432778","-79.799176","1258","11","0","0","0","0","0","2","0","0","","0","0","0","","","0","","0","","40 25:58.000","","0","79 47:57.035","0","0","0","0","2446","0","0","0","N","0","0","0","4","02446","0","","1.0","","1","N","N","","0","","0","0","1","","0","","","4","0","0","0","0","0","0","2","1","4","","","","N","","","","","","","","","",""
"2007017841","","1","0","0","0","0","0","0","0","0","7","0","","02","2","2007","5","40.581667","-79.778656","0958","11","0","0","0","0","0","0","0","0","2","0","0","0","","","2","","0","","40 34:54.000","5","0","79 46:43.162","2","0","0","0","2104","0","0","0","Y","0","0","0","2","02104","0","","5.0","","1","N","N","","0","","1","1","0","","0","Y","","1","2","0","0","0","0","0","2","0","1","","","","N","","","","","","","","","",""
"2007017845","","1","0","0","0","0","0","0","0","0","7","0","","02","2","2007","5","40.5505","-79.7782","1644","11","0","1","0","0","0","0","0","0","2","0","0","0","","","0","","0","","40 33:01.800","1","0","79 46:41.520","0","0","0","0","2121","0","0","0","N","0","0","0","1","02121","0","","5.0","","9","N","N","","0","","0","0","0","","0","N","","1","0","1","0","0","0","0","1","0","1","","","","N","","","","","","","","","",""
"2007017846","","2","0","0","0","0","0","0","0","0","1","0","","02","2","2007","6","40.3705","-80.1005","0750","11","0","0","0","0","0","0","0","0","1","0","0","0","","","1","","0","","40 22:13.800","1","0","80 06:01.800","4","0","0","0","2102","0","0","0","N","0","0","0","4","02102","1","","1.0","","9","N","N","","0","","0","0","1","","8","N","","3","1","0","0","0","0","0","2","0","3","","","","N","","","","","","","","","",""
"2007017860","","1","0","0","0","0","0","0","0","0","0","0","","02","2","2007","6","40.6425","-79.802595","0743","11","0","0","1","0","0","0","0","0","","0","0","0","","","0","","0","","40 38:33.000","","0","79 48:09.342","0","0","0","0","2202","0","0","0","N","0","0","0","1","02202","0","","1.0","","2","N","N","","0","","0","0","0","","0","","","1","0","0","0","0","0","0","1","0","1","","","","N","","","","","","","","","",""
"2007017865","","2","0","0","0","0","0","0","0","0","2","0","","02","2","2007","3","40.53528","-79.977553","0950","11","0","0","0","0","0","0","0","0","1","0","0","0","","","0","","0","","40 32:07.008","3","0","79 58:39.190","0","0","0","0","2118","0","0","0","N","0","0","0","2","02118","0","","1.0","","7","N","N","","0","","0","0","0","","0","N","","2","0","0","0","0","0","0","2","0","2","","","","N","","","","","","","","","",""
"2007017867","","1","0","0","0","0","0","0","0","0","4","0","","02","2","2007","6","40.438333","-79.842886","1144","11","0","0","0","0","0","0","0","0","1","0","0","0","","","1","","2","","40 26:18.000","2","0","79 50:34.391","4","0","0","0","2419","0","0","0","N","0","0","0","4","02419","1","","1.0","","6","N","N","","0","","0","0","1","","3","N","","2","1","0","0","0","0","0","2","0","2","","","","N","","","","","","","","","",""
"2007017869","","1","0","0","0","0","0","0","0","0","5","0","","02","2","2007","3","40.484","-79.9613","1430","11","0","0","0","0","0","0","0","0","1","0","0","0","","","0","","0","","40 29:02.400","1","0","79 57:40.680","0","0","0","0","2118","0","0","0","N","0","0","0","2","02118","0","","1.0","","7","N","N","","0","","0","0","0","","0","N","","2","0","0","0","0","0","0","2","1","2","","","","N","","","","","","","","","",""
"2007017875","","1","0","0","0","0","0","0","0","0","4","0","","02","2","2007","4","40.6425","-79.938504","0839","11","0","0","0","0","0","2","0","0","1","0","0","0","","","0","","0","","40 38:33.000","2","0","79 56:18.616","0","0","0","0","2217","0","0","0","N","0","0","0","2","02505","0","","1.0","","7","N","N","","1","","0","0","0","","0","N","","2","0","0","0","0","0","0","2","0","2","","","","N","","","","","","","","","",""
"2007017901","","2","0","0","0","0","0","0","0","0","4","0","","02","2","2007","6","40.430278","-79.710839","1646","11","0","0","0","0","1","0","0","0","2","0","0","0","","","0","","1","","40 25:49.000","4","0","79 42:39.020","0","0","0","0","2446","0","0","0","N","0","0","0","3","02446","0","","1.0","","1","N","N","","0","","0","0","0","","2","Y","","2","0","2","0","0","0","0","2","0","2","","","","N","","","","","","","","","",""
"2007017963","","1","0","0","0","0","0","0","0","0","8","0","","02","2","2007","6","40.45559","-79.979269","0223","11","0","0","0","0","0","0","0","0","","0","0","0","","","1","","1","","40 27:20.124","","0","79 58:45.368","4","0","0","0","2301","1","0","0","N","1","0","0","2","02301","1","","1.0","","1","N","N","","0","","0","0","0","","0","","","2","1","0","0","0","0","0","2","0","1","","","","N","","","","","","","","","",""
"2007017981","","1","0","0","0","0","0","0","0","0","7","0","","02","1","2007","1","40.438041","-79.994066","0243","11","0","0","0","1","0","0","0","0","2","0","0","0","","","2","","1","","40 26:16.948","3","8","79 59:38.639","8","0","0","0","2301","0","0","0","N","0","0","0","4","03201","0","","3.0","","1","N","N","","0","","0","0","0","","2","N","","1","2","0","0","0","2","0","2","0","1","","","","N","","","","","","","","","",""
"2007017983","","2","0","0","0","0","0","0","0","0","1","0","","02","2","2007","1","40.441586","-79.980635","0424","11","0","0","0","0","0","0","0","0","","0","0","0","","","0","","0","","40 26:29.709","","0","79 58:50.286","0","0","0","0","2301","0","0","0","N","0","0","0","2","02301","0","","1.0","","2","N","N","","1","","0","0","0","","0","","","3","0","0","0","0","0","0","2","0","3","","","","N","","","","","","","","","",""
"2007017984","","0","0","0","0","0","0","0","0","0","7","0","","02","1","2007","3","40.462756","-79.95364","1751","11","0","0","0","0","0","0","0","0","2","0","0","0","","","0","","0","","40 27:45.920","2","3","79 57:13.105","0","0","0","0","2301","0","0","0","N","0","0","0","1","02301","0","","4.0","","2","N","N","","0","","0","0","1","","0","N","","1","0","0","0","0","0","0","2","0","1","","","","N","","","","","","","","","",""
"2007018003","","2","0","0","0","0","0","0","0","0","1","0","","02","2","2007","7","40.446345","-79.942337","2226","11","0","0","0","0","1","0","0","0","","0","0","0","","","0","","0","","40 26:46.842","","0","79 56:32.413","0","0","0","0","2301","0","0","0","N","0","0","0","7","02301","0","","1.0","","1","N","N","","0","","0","0","0","","0","","","2","0","0","0","0","0","0","2","0","2","","","","N","","","","","","","","","",""
"2007018005","","3","0","0","0","0","0","0","0","0","1","0","","02","2","2007","6","40.486037","-79.933611","2117","11","0","0","0","0","0","0","0","0","1","0","0","0","","","0","","0","","40 29:09.733","3","0","79 56:00.999","0","0","0","0","2301","0","0","0","N","0","0","0","2","02301","0","","1.0","","7","N","N","","0","","0","0","0","","0","N","","3","0","1","0","0","0","0","2","0","3","","","","N","","","","","","","","","",""
"2007018006","","1","0","0","0","0","0","0","0","0","7","0","","02","2","2007","7","40.428843","-79.982641","0233","11","0","0","0","0","0","0","0","0","1","0","0","0","","","1","","0","","40 25:43.836","3","0","79 58:57.508","4","0","0","0","2301","0","0","0","N","0","0","0","3","02301","1","","2.0","","9","N","N","","0","","0","0","0","","0","N","","1","1","0","0","0","0","0","2","0","1","","","","N","","","","","","","","","",""
"2007018007","","2","0","0","0","0","0","0","0","0","1","0","","02","2","2007","7","40.428611","-79.980545","0303","11","0","0","0","0","0","0","0","0","","0","0","0","","","1","","1","","40 25:43.000","","0","79 58:49.963","4","0","0","0","2301","0","0","0","N","0","0","0","2","02301","1","","1.0","","2","N","N","","0","","0","0","0","","2","","","2","1","0","0","0","0","0","2","0","2","","","","N","","","","","","","","","",""
"2007018057","","4","0","0","0","0","0","0","0","0","1","0","","02","2","2007","6","40.478889","-79.732308","1808","11","0","0","1","0","0","0","0","0","","0","0","0","","","0","","2","","40 28:44.000","","0","79 43:56.308","9","0","0","0","2466","0","0","0","N","0","0","0","5","02466","0","","1.0","","9","N","N","","0","","0","0","0","","3","","","4","0","0","0","0","0","3","2","0","4","","","","N","","","","","","","","","",""
"2007018058","","1","0","0","0","0","0","0","0","0","7","0","","02","2","2007","6","40.508789","-79.888124","1934","11","0","0","1","0","0","0","0","0","1","0","0","0","","","0","","0","","40 30:31.642","2","0","79 53:17.248","0","0","0","0","2432","0","0","0","N","0","0","0","1","02432","0","","5.0","","1","N","N","","0","","0","0","0","","0","N","","1","0","0","0","0","0","0","2","0","1","","","","N","","","","","","","","","",""
"2007018059","","1","0","0","0","0","0","0","0","0","2","0","","02","2","2007","6","","","1606","11","0","1","0","0","0","0","0","0","1","0","0","0","","","1","","0","","","6","0","","4","0","0","0","2446","0","0","0","N","0","0","0","4","02446","1","","1.0","","1","N","N","","0","","0","0","1","","0","N","","2","1","0","0","0","0","0","1","0","2","","","","N","","","","","","","","","",""
"2007018084","","1","0","0","0","0","0","0","0","0","7","0","","02","1","2007","5","40.344413","-79.883941","1556","11","0","0","0","0","0","0","0","0","1","0","0","0","","","0","","0","","40 20:39.888","4","0","79 53:02.186","0","0","0","0","2304","0","0","0","N","0","0","0","2","02304","0","","3.0","","2","N","N","","0","","0","0","1","","0","N","","2","0","0","0","0","0","0","2","0","2","","","","N","","","","","","","","","",""
"2007018085","","2","0","0","0","0","0","0","0","0","1","0","","02","2","2007","1","40.4567","-80.0292","2316","11","0","0","1","1","0","0","0","0","","0","0","0","","","0","","2","","40 27:24.120","","0","80 01:45.120","0","0","0","0","2301","0","0","0","N","0","0","0","2","02301","0","","1.0","","2","N","N","","0","","0","0","0","","2","","","2","0","0","0","0","0","0","2","0","2","","","","N","","","","","","","","","",""
"2007018086","","2","0","0","0","0","0","0","0","0","2","0","","02","2","2007","7","40.413855","-80.018446","2330","11","0","0","0","0","0","0","0","0","","0","0","0","","","0","","0","","40 24:49.878","","0","80 01:06.405","9","0","0","0","2301","0","0","0","N","0","0","0","1","02301","0","","2.0","","1","N","N","","0","","0","0","0","","0","","","2","0","0","0","0","0","1","2","0","2","","","","N","","","","","","","","","",""
"2007018087","","2","0","0","0","0","0","0","0","0","1","0","","02","2","2007","1","40.421053","-80.027352","0516","11","0","0","0","0","0","0","0","0","","0","0","0","","","1","","0","","40 25:15.790","","0","80 01:38.467","4","0","0","0","2301","0","0","0","N","0","0","0","1","02301","1","","1.0","","2","N","N","","0","","0","0","0","","0","","","2","1","0","0","0","0","0","2","0","2","","","","N","","","","","","","","","",""
"2007018088","","1","0","0","0","0","0","0","0","0","7","0","","02","1","2007","6","40.456279","-79.97498","1042","11","0","0","0","0","0","0","0","0","3","0","0","0","","","0","","1","","40 27:22.604","4","0","79 58:29.928","0","0","0","0","2301","0","0","0","N","0","0","0","1","02301","0","","5.0","","9","N","N","","0","","0","0","0","","2","N","","1","0","0","0","0","0","0","2","0","1","","","","N","","","","","","","","","",""
"2007018117","","1","0","0","0","0","0","0","0","0","1","1","","02","1","2007","5","40.5365","-79.8219","0932","11","0","0","0","1","0","1","0","0","","0","1","0","","","0","","0","","40 32:11.400","","2","79 49:18.840","0","0","0","0","2208","0","0","0","N","0","0","0","4","68T02","0","","7.0","","1","N","N","","0","","0","0","2","","0","","","4","0","0","0","0","0","0","1","0","4","","","","N","","","","","","","","","",""
"2007018154","","1","0","0","0","0","0","0","0","0","99","0","","02","1","2007","5","40.4639","-79.7614","0510","11","0","0","0","0","0","0","0","0","","0","0","0","","","0","","0","","40 27:50.040","","0","79 45:41.040","0","0","0","0","2466","0","0","0","N","0","0","0","1","68T02","0","","1.0","","1","N","N","","0","","0","0","0","","0","","","1","0","0","0","0","0","0","2","0","1","","","","N","","","","","","","","","",""
"2007018156","","1","0","0","0","0","0","0","0","0","7","0","","02","1","2007","7","40.5981","-79.92","2040","11","0","0","0","0","0","0","0","0","1","0","0","0","","","2","","0","","40 35:53.160","3","0","79 55:12.000","4","0","0","0","2220","0","0","0","N","0","0","0","2","68T02","2","","2.0","","1","N","N","","0","","0","0","0","","0","N","","1","2","0","0","0","0","0","1","0","1","","","","N","","","","","","","","","",""
"2007018178","","0","0","0","0","0","0","0","0","0","1","0","","02","2","2007","6","40.444408","-79.995795","2229","11","0","0","0","0","0","0","0","0","2","0","0","0","","","1","","0","","40 26:39.870","4","0","79 59:44.863","4","0","0","0","2301","0","0","0","N","0","0","0","1","02301","1","","1.0","","2","N","N","","0","","0","0","2","","0","Y","","2","1","1","0","0","0","0","2","0","2","","","","N","","","","","","","","","",""