"CRN","ARRIVAL_TM","AUTOMOBILE_COUNT","BELTED_DEATH_COUNT","BELTED_SUSP_SERIOUS_INJ_COUNT","BICYCLE_COUNT","BICYCLE_DEATH_COUNT","BICYCLE_SUSP_SERIOUS_INJ_COUNT","BUS_COUNT","CHLDPAS_DEATH_COUNT","CHLDPAS_SUSP_SERIOUS_INJ_COUNT","COLLISION_TYPE","COMM_VEH_COUNT","CONS_ZONE_SPD_LIM","COUNTY","CRASH_MONTH","CRASH_YEAR","DAY_OF_WEEK","DEC_LATITUDE","DEC_LONGITUDE","DISPATCH_TM","DISTRICT","DRIVER_COUNT_16YR","DRIVER_COUNT_17YR","DRIVER_COUNT_18YR","DRIVER_COUNT_19YR","DRIVER_COUNT_20YR","DRIVER_COUNT_50_64YR","DRIVER_COUNT_65_74YR","DRIVER_COUNT_75PLUS","EST_HRS_CLOSED","FATAL_COUNT","HEAVY_TRUCK_COUNT","HORSE_BUGGY_COUNT","HOUR_OF_DAY","ILLUMINATION","INJURY_COUNT","INTERSECTION_RELATED","INTERSECT_TYPE","LANE_CLOSED","LATITUDE","LN_CLOSE_DIR","LOCATION_TYPE","LONGITUDE","MAX_SEVERITY_LEVEL","MCYCLE_DEATH_COUNT","MCYCLE_SUSP_SERIOUS_INJ_COUNT","MOTORCYCLE_COUNT","MUNICIPALITY","NONMOTR_COUNT","NONMOTR_DEATH_COUNT","NONMOTR_SUSP_SERIOUS_INJ_COUNT","NTFY_HIWY_MAINT","PED_COUNT","PED_DEATH_COUNT","PED_SUSP_SERIOUS_INJ_COUNT","PERSON_COUNT","POLICE_AGCY","POSSIBLE_INJ_COUNT","RDWY_SURF_TYPE_CD","RELATION_TO_ROAD","ROADWAY_CLEARED","ROAD_CONDITION","SCH_BUS_IND","SCH_ZONE_IND","SECONDARY_CRASH","SMALL_TRUCK_COUNT","SPEC_JURIS_CD","SUSP_MINOR_INJ_COUNT","SUSP_SERIOUS_INJ_COUNT","SUV_COUNT","TCD_FUNC_CD","TCD_TYPE","TFC_DETOUR_IND","TIME_OF_DAY","TOTAL_UNITS","TOT_INJ_COUNT","UNBELTED_OCC_COUNT","UNB_DEATH_COUNT","UNB_SUSP_SERIOUS_INJ_COUNT","UNK_INJ_DEG_COUNT","UNK_INJ_PER_COUNT","URBAN_RURAL","VAN_COUNT","VEHICLE_COUNT","WEATHER1","WEATHER2","WORKERS_PRES","WORK_ZONE_IND","WORK_ZONE_LOC","WORK_ZONE_TYPE","WZ_CLOSE_DETOUR","WZ_FLAGGER","WZ_LAW_OFFCR_IND","WZ_LN_CLOSURE","WZ_MOVING","WZ_OTHER","WZ_SHLDER_MDN","WZ_WORKERS_INJ_KILLED"
"2007018179","","2","0","0","0","0","0","0","0","0","1","0","","02","2","2007","6","40.448766","-79.961629","1406","11","0","0","0","0","0","1","0","0","","0","0","0","","","1","","0","","40 26:55.558","","0","79 57:41.866","4","0","0","0","2301","0","0","0","N","0","0","0","4","02301","1","","1.0","","2","N","N","","0","","0","0","0","","0","","","2","1","0","0","0","0","0","2","0","2","","","","N","","","","","","","","","",""
"2007018180","","2","0","0","0","0","0","0","0","0","4","0","","02","2","2007","1","40.464484","-79.930088","1953","11","0","0","0","0","0","0","0","0","1","0","0","0","","","1","","1","","40 27:52.142","5","0","79 55:48.316","3","0","0","0","2301","0","0","0","N","0","0","0","3","02301","0","","1.0","","1","N","N","","0","","1","0","0","","3","Y","","2","1","1","0","0","0","0","2","0","2","","","","N","","","","","","","","","",""
"2007018181","","1","0","0","0","0","0","0","0","0","7","0","","02","1","2007","6","","","0243","11","0","0","0","0","0","0","0","0","","0","0","0","","","1","","0","","40 26:29.04","","0","79 49:42.60","4","0","0","0","2113","0","0","0","N","0","0","0","1","68B03","1","","3.0","","9","N","N","","0","","0","0","0","","0","","","1","1","0","0","0","0","0","2","0","1","","","","N","","","","","","","","","",""
"2007018182","","0","0","0","0","0","0","0","0","0","7","0","","02","1","2007","5","","","0157","11","0","0","0","0","0","0","0","0","2","0","0","0","","","1","","0","","40 32:15.72","1","0","80 04:43.68","2","0","0","0","2215","0","0","0","Y","0","0","0","1","68B03","0","","4.0","","1","N","N","","1","","0","1","0","","0","N","","1","1","1","0","1","0","0","2","0","1","","","","N","","","","","","","","","",""
"2007018183","","1","0","0","0","0","0","0","0","0","7","0","","02","1","2007","7","","","1003","11","0","0","0","0","0","0","0","0","1","0","0","0","","","0","","0","","40 25:21.36","1","0","80 06:06.12","0","0","0","0","2102","0","0","0","N","0","0","0","2","68B03","0","","4.0","","9","N","N","","0","","0","0","0","","0","N","","1","0","0","0","0","0","0","2","0","1","","","","N","","","","","","","","","",""
"2007018184","","1","0","0","0","0","0","0","0","0","7","0","","02","1","2007","7","","","0057","11","0","0","0","0","0","0","0","0","1","0","0","0","","","0","","0","","40 26:10.68","4","0","79 58:21.36","0","0","0","0","2301","0","0","0","N","0","0","0","2","68B03","0","","3.0","","8","N","N","","0","","0","0","0","","0","N","","1","0","0","0","0","0","0","2","0","1","","","","N","","","","","","","","","",""
"2007018185","","2","0","0","0","0","0","0","0","0","4","0","","02","1","2007","4","40.4893","-79.8748","0955","11","0","0","0","0","0","1","0","1","","0","0","0","","","0","","0","","40 29:21.480","","0","79 52:29.280","0","0","0","0","2112","0","0","0","N","0","0","0","2","02112","0","","1.0","","1","N","N","","0","","0","0","0","","0","","","2","0","0","0","0","0","0","2","0","2","","","","N","","","","","","","","","",""
"2007018186","","0","0","0","0","0","0","0","0","0","7","0","","02","1","2007","5","40.502835","-79.857916","0320","11","0","0","0","0","0","0","0","0","","0","0","0","","","0","","0","","40 30:10.206","","0","79 51:28.497","0","0","0","0","2112","0","0","0","N","0","0","0","1","02112","0","","5.0","","1","N","N","","1","","0","0","0","","0","","","1","0","0","0","0","0","0","2","0","1","","","","N","","","","","","","","","",""
"2007018187","","2","0","0","0","0","0","0","0","0","4","0","","02","1","2007","4","40.487703","-79.87359","1602","11","0","0","0","0","0","1","0","0","9","0","0","0","","","0","","1","","40 29:15.731","2","0","79 52:24.924","0","0","0","0","2112","0","0","0","","0","0","0","2","02112","0","","1.0","","1","N","N","","0","","0","0","0","","3","N","","2","0","0","0","0","0","0","2","0","2","","","","N","","","","","","","","","",""
"2007018188","","1","0","0","0","0","0","0","0","0","1","0","","02","1","2007","4","40.4906","-79.8688","1805","11","0","0","0","0","0","1","0","0","","0","0","0","","","0","","3","","40 29:26.160","","0","79 52:07.680","0","0","0","0","2112","0","0","0","N","0","0","0","2","02112","0","","1.0","","1","N","N","","0","","0","0","1","","3","","","2","0","0","0","0","0","0","2","0","2","","","","N","","","","","","","","","",""
"2007018189","","1","0","0","0","0","0","0","0","0","4","0","","02","1","2007","3","40.515036","-79.933944","1820","11","0","0","0","0","0","0","0","0","","0","0","0","","","0","","2","","40 30:54.129","","0","79 56:02.198","0","0","0","0","2112","0","0","0","N","0","0","0","2","02112","0","","1.0","","1","N","N","","0","","0","0","0","","3","","","2","0","0","0","0","0","0","2","1","2","","","","N","","","","","","","","","",""
"2007018190","","1","0","0","0","0","0","0","0","0","4","0","","02","1","2007","7","40.5073","-79.8516","2230","11","0","1","0","0","0","0","0","0","1","0","0","0","","","1","","2","","40 30:26.280","5","0","79 51:05.760","4","0","0","0","2112","0","0","0","N","0","0","0","3","02112","1","","1.0","","9","N","N","","0","","0","0","1","","2","N","","2","1","0","0","0","0","0","2","0","2","","","","N","","","","","","","","","",""
"2007018191","","2","0","0","0","0","0","0","0","0","1","0","","02","1","2007","3","40.501106","-79.861568","1919","11","0","0","0","0","0","1","1","0","","0","0","0","","","0","","0","","40 30:03.981","","0","79 51:41.644","0","0","0","0","2112","0","0","0","N","0","0","0","3","02112","0","","1.0","","98","N","N","","0","","0","0","0","","0","","","2","0","0","0","0","0","0","2","0","2","","","","N","","","","","","","","","",""
"2007018192","","1","0","0","0","0","0","0","0","0","4","0","","02","1","2007","4","40.48746","-79.883276","1455","11","0","0","0","0","0","1","0","0","1","0","0","0","","","1","","0","","40 29:14.855","1","0","79 52:59.795","4","0","0","0","2112","0","0","0","N","0","0","0","2","02112","1","","1.0","","1","N","N","","0","","0","0","1","","0","N","","2","1","0","0","0","0","0","2","0","2","","","","N","","","","","","","","","",""
"2007018200","","0","0","0","0","0","0","0","0","0","2","0","","02","1","2007","3","40.467624","-80.052628","2203","11","0","0","0","0","0","0","0","0","2","0","0","0","","","1","","0","","40 28:03.448","5","0","80 03:09.460","8","0","0","0","2444","0","0","0","N","0","0","0","2","02444","0","","1.0","","2","N","N","","0","","0","0","2","","0","Y","","2","1","0","0","0","1","0","2","0","2","","","","N","","","","","","","","","",""
"2007018201","","1","0","0","0","0","0","0","0","0","7","0","","02","2","2007","7","40.46443","-80.059309","0406","11","0","0","0","1","0","0","0","0","","0","0","0","","","0","","2","","40 27:51.947","","0","80 03:33.511","0","0","0","0","2444","0","0","0","","0","0","0","1","02444","0","","2.0","","2","","","","0","","0","0","0","","0","","","1","0","0","0","0","0","0","2","0","1","","","","N","","","","","","","","","",""
"2007018323","","0","0","0","0","0","0","0","0","0","1","0","","02","1","2007","7","40.6411","-80.0108","0955","11","0","0","0","1","0","0","0","0","","0","0","0","","","0","","0","","40 38:27.960","","0","80 00:38.880","9","0","0","0","2216","0","0","0","N","0","0","0","2","68T02","0","","1.0","","9","N","N","","1","","0","0","1","","0","","","2","0","0","0","0","0","1","2","0","2","","","","N","","","","","","","","","",""
"2007018377","","1","0","0","0","0","0","0","0","0","7","0","","02","2","2007","1","40.436103","-79.896104","0446","11","0","0","1","0","0","0","0","0","","0","0","0","","","0","","0","","40 26:09.970","","0","79 53:45.976","0","0","0","0","2301","0","0","0","N","0","0","0","1","02301","0","","2.0","","1","N","N","","0","","0","0","1","","0","","","2","0","0","0","0","0","0","2","0","2","","","","N","","","","","","","","","",""
"2007018378","","0","0","0","0","0","0","0","0","0","7","0","","02","2","2007","2","40.431944","-79.958572","0144","11","0","0","0","0","0","0","0","0","","0","0","0","","","0","","7","","40 25:55.000","","2","79 57:30.858","0","0","0","0","2301","0","0","0","N","0","0","0","2","02301","0","","4.0","","1","N","N","","1","","0","0","0","","0","","","1","0","0","0","0","0","0","2","0","1","","","","N","","","","","","","","","",""
"2007018379","","1","0","0","0","0","0","0","0","0","6","0","","02","2","2007","6","40.454722","-79.994438","2004","11","0","0","0","0","1","0","0","0","","0","0","0","","","0","","1","","40 27:17.000","","2","79 59:39.975","0","0","0","0","2301","0","0","0","N","0","0","0","2","02301","0","","1.0","","9","N","N","","1","","0","0","0","","0","","","2","0","0","0","0","0","0","2","0","2","","","","N","","","","","","","","","",""
"2007018380","","2","0","0","0","0","0","0","0","0","4","0","","02","2","2007","7","40.449444","-80.025099","9999","11","0","0","0","0","0","0","0","0","","0","0","0","","","3","","1","","40 26:58.000","","2","80 01:30.357","3","0","0","0","2301","0","0","0","N","0","0","0","5","02301","1","","7.0","","9","N","N","","0","","2","0","0","","2","","","2","3","0","0","0","0","0","2","0","2","","","","N","","","","","","","","","",""
"2007018381","","1","0","0","0","0","0","0","0","0","7","0","","02","1","2007","4","40.4303","-80.0285","0829","11","0","0","0","0","0","1","0","0","1","0","0","0","","","1","","6","","40 25:49.080","4","2","80 01:42.600","8","0","0","0","2301","0","0","0","N","0","0","0","2","02301","0","","4.0","","2","N","N","","0","","0","0","0","","0","N","","1","1","0","0","0","1","0","2","0","1","","","","N","","","","","","","","","",""
"2007018382","","1","0","0","0","0","0","0","0","0","7","0","","02","2","2007","7","40.421504","-79.982474","0448","11","0","0","0","0","0","0","0","0","","0","0","0","","","0","","0","","40 25:17.414","","0","79 58:56.906","9","0","0","0","2301","0","0","0","N","0","0","0","1","02301","0","","5.0","","9","N","N","","0","","0","0","0","","0","","","1","0","0","0","0","0","1","2","0","1","","","","N","","","","","","","","","",""
"2007018383","","0","0","0","0","0","0","0","0","0","2","0","","02","2","2007","5","40.427211","-79.989774","1549","11","0","0","0","0","0","1","0","0","","0","0","0","","","3","","2","","40 25:37.959","","0","79 59:23.186","4","0","0","0","2301","0","0","0","N","0","0","0","3","02301","3","","1.0","","1","N","N","","0","","0","0","1","","3","","","2","3","0","0","0","0","0","2","1","2","","","","N","","","","","","","","","",""
"2007018384","","1","0","0","0","0","0","0","0","0","7","0","","02","2","2007","6","40.415803","-79.978574","1715","11","0","0","0","0","0","1","0","0","","0","0","0","","","0","","0","","40 24:56.889","","0","79 58:42.868","0","0","0","0","2301","0","0","0","N","0","0","0","1","02301","0","","4.0","","2","N","N","","0","","0","0","0","","0","","","1","0","1","0","0","0","0","2","0","1","","","","N","","","","","","","","","",""
"2007018385","","1","0","0","0","0","0","0","0","0","4","0","","02","2","2007","1","40.426975","-79.980753","1242","11","0","0","1","0","0","0","0","0","","0","0","0","","","1","","1","","40 25:37.110","","0","79 58:50.710","4","0","0","0","2301","0","0","0","N","0","0","0","6","02301","1","","1.0","","1","N","N","","0","","0","0","1","","2","","","2","1","0","0","0","0","0","2","0","2","","","","N","","","","","","","","","",""
"2007018386","","0","0","0","0","0","0","0","0","0","7","0","","02","2","2007","6","40.406671","-79.967404","0600","11","0","0","0","0","0","0","0","0","","0","0","0","","","1","","0","","40 24:24.015","","0","79 58:02.654","2","0","0","0","2301","0","0","0","N","0","0","0","1","02301","0","","4.0","","9","N","N","","0","","0","1","1","","0","","","1","1","1","0","1","0","0","2","0","1","","","","N","","","","","","","","","",""
"2007018387","","2","0","0","0","0","0","0","0","0","6","0","","02","2","2007","6","40.396964","-79.978661","1441","11","0","0","0","0","0","0","1","0","","0","0","0","","","1","","1","","40 23:49.071","","0","79 58:43.179","4","0","0","0","2301","0","0","0","N","0","0","0","3","02301","1","","1.0","","9","N","N","","0","","0","0","0","","2","","","2","1","0","0","0","0","0","2","0","2","","","","N","","","","","","","","","",""
"2007018388","","0","0","0","0","0","0","0","0","0","7","0","","02","2","2007","6","40.427197","-79.962553","1815","11","0","0","0","0","0","0","0","0","","0","0","0","","","0","","2","","40 25:37.909","","0","79 57:45.190","0","0","0","0","2301","0","0","0","N","0","0","0","1","02301","0","","2.0","","7","N","N","","1","","0","0","0","","0","","","1","0","0","0","0","0","0","2","0","1","","","","N","","","","","","","","","",""
"2007018389","","0","0","0","0","0","0","0","0","0","7","0","","02","2","2007","6","40.407107","-80.045385","1716","11","0","0","0","0","0","0","0","0","2","0","0","0","","","0","","0","","40 24:25.585","3","0","80 02:43.386","0","0","0","0","2301","0","0","0","N","0","0","0","1","02301","0","","4.0","","2","N","N","","1","","0","0","0","","0","Y","","1","0","0","0","0","0","0","2","0","1","","","","N","","","","","","","","","",""
"2007018390","","2","0","0","0","0","0","0","0","0","5","0","","02","2","2007","6","40.436944","-79.972679","1813","11","0","0","0","0","0","0","0","0","1","0","0","0","","","1","","0","","40 26:13.000","1","3","79 58:21.645","4","0","0","0","2301","0","0","0","N","0","0","0","4","02301","1","","1.0","","2","N","N","","0","","0","0","0","","0","Y","","2","1","0","0","0","0","0","2","0","2","","","","N","","","","","","","","","",""
"2007018391","","1","0","0","0","0","0","1","0","0","4","1","","02","2","2007","7","40.430024","-79.98866","0220","11","0","0","0","0","0","0","0","0","1","0","0","0","","","3","","2","","40 25:48.086","6","0","79 59:19.176","4","0","0","0","2301","0","0","0","N","0","0","0","21","02301","3","","1.0","","2","N","N","","0","","0","0","0","","1","N","","2","3","0","0","0","0","0","2","0","2","","","","N","","","","","","","","","",""
"2007018392","","2","0","0","0","0","0","0","0","0","1","0","","02","2","2007","7","40.385041","-79.994947","1206","11","0","0","0","0","0","0","0","0","","0","0","0","","","1","","0","","40 23:06.148","","0","79 59:41.810","3","0","0","0","2301","0","0","0","N","0","0","0","2","02301","0","","1.0","","1","N","N","","0","","1","0","0","","0","","","2","1","1","0","0","0","0","2","0","2","","","","N","","","","","","","","","",""
"2007018393","","0","0","0","0","0","0","0","0","0","8","0","","02","2","2007","7","","","1526","11","0","0","0","0","0","0","0","0","","0","0","0","","","1","","2","","","","0","","3","0","0","0","2301","1","0","0","N","1","0","0","2","02301","0","","1.0","","1","N","N","","0","","1","0","1","","0","","","2","1","0","0","0","0","0","1","0","1","","","","N","","","","","","","","","",""
"2007018394","","1","0","0","0","0","0","0","0","0","7","0","","02","2","2007","7","40.420278","-79.958081","2200","11","0","0","0","0","0","0","0","0","","0","0","0","","","0","","0","","40 25:13.000","","0","79 57:29.090","0","0","0","0","2301","0","0","0","N","0","0","0","1","02301","0","","2.0","","2","N","N","","0","","0","0","0","","0","","","1","0","0","0","0","0","0","2","0","1","","","","N","","","","","","","","","",""
"2007018395","","2","0","0","0","0","0","0","0","0","4","0","","02","2","2007","1","40.417277","-79.974532","1028","11","0","0","0","0","0","0","0","0","","0","0","0","","","0","","1","","40 25:02.197","","0","79 58:28.315","0","0","0","0","2301","0","0","0","N","0","0","0","2","02301","0","","1.0","","1","N","N","","0","","0","0","0","","0","","","2","0","0","0","0","0","0","2","0","2","","","","N","","","","","","","","","",""
"2007018396","","1","0","0","0","0","0","0","0","0","7","0","","02","2","2007","1","40.441558","-80.029886","2348","11","0","0","0","0","0","0","0","0","1","0","0","0","","","1","","0","","40 26:29.608","6","0","80 01:47.589","4","0","0","0","2301","0","0","0","N","0","0","0","1","02301","1","","2.0","","1","N","N","","0","","0","0","0","","0","N","","1","1","0","0","0","0","0","2","0","1","","","","N","","","","","","","","","",""
"2007018397","","2","0","0","0","0","0","0","0","0","4","0","","02","2","2007","7","40.413472","-80.042753","0923","11","0","0","0","0","0","0","0","1","","0","0","0","","","2","","1","","40 24:48.499","","0","80 02:33.910","8","0","0","0","2301","0","0","0","N","0","0","0","5","02301","0","","1.0","","9","N","N","","0","","0","0","0","","3","","","2","2","0","0","0","2","0","2","0","2","","","","N","","","","","","","","","",""
"2007018398","","1","0","0","0","0","0","0","0","0","1","0","","02","2","2007","6","40.442878","-79.923667","0833","11","0","0","0","0","0","0","0","0","","0","0","0","","","0","","2","","40 26:34.360","","0","79 55:25.201","0","0","0","0","2301","0","0","0","N","0","0","0","4","02301","0","","1.0","","9","N","N","","0","","0","0","0","","0","","","2","0","0","0","0","0","0","2","1","2","","","","N","","","","","","","","","",""
"2007018399","","2","0","0","0","0","0","0","0","0","4","0","","02","2","2007","6","40.447623","-79.938879","1543","11","0","0","0","0","0","0","0","1","","0","0","0","","","0","","0","","40 26:51.442","","0","79 56:19.964","0","0","0","0","2301","0","0","0","N","0","0","0","2","02301","0","","1.0","","9","N","N","","0","","0","0","0","","0","","","2","0","0","0","0","0","0","2","0","2","","","","N","","","","","","","","","",""
"2007018400","","1","0","0","0","0","0","0","0","0","99","0","","02","2","2007","6","40.435275","-79.945118","1710","11","0","0","0","0","0","1","0","0","","0","0","0","","","0","","0","","40 26:06.989","","0","79 56:42.423","0","0","0","0","2301","0","0","0","N","0","0","0","1","02301","0","","4.0","","7","N","N","","0","","0","0","0","","0","","","1","0","0","0","0","0","0","2","0","1","","","","N","","","","","","","","","",""
"2007018401","","2","0","0","0","0","0","0","0","0","99","0","","02","2","2007","6","40.426534","-79.927425","1845","11","0","0","0","0","0","0","0","0","","0","0","0","","","0","","0","","40 25:35.523","","0","79 55:38.729","0","0","0","0","2301","0","0","0","N","0","0","0","5","02301","0","","5.0","","2","N","N","","0","","0","0","0","","0","","","2","0","0","0","0","0","0","2","0","2","","","","N","","","","","","","","","",""
"2007018409","","1","0","0","0","0","0","0","0","0","7","0","","02","2","2007","7","40.454444","-80.040992","0351","11","0","0","0","0","0","0","0","0","2","0","0","0","","","0","","2","","40 27:16.000","4","0","80 02:27.572","9","0","0","0","2301","0","0","0","N","0","0","0","1","02301","0","","2.0","","2","N","N","","0","","0","0","0","","0","N","","1","0","0","0","0","0","1","2","0","1","","","","N","","","","","","","","","",""
"2007018410","","0","0","0","0","0","0","0","0","0","7","0","","02","2","2007","6","40.441944","-80.031866","0236","11","0","0","0","0","0","0","0","0","1","0","0","0","","","0","","0","","40 26:31.000","5","3","80 01:54.717","0","0","0","0","2301","0","0","0","N","0","0","0","1","02301","0","","2.0","","1","N","N","","1","","0","0","0","","0","N","","1","0","1","0","0","0","0","2","0","1","","","","N","","","","","","","","","",""
"2007018520","","2","0","0","0","0","0","0","0","0","1","0","","02","2","2007","7","40.366944","-79.910022","1126","11","0","0","0","0","0","0","0","0","","0","0","0","","","0","","0","","40 22:01.000","","0","79 54:36.080","0","0","0","0","2301","0","0","0","N","0","0","0","2","02301","0","","1.0","","1","N","N","","0","","0","0","0","","0","","","2","0","0","0","0","0","0","2","0","2","","","","N","","","","","","","","","",""
"2007018599","","1","0","0","0","0","0","0","0","0","7","0","","02","2","2007","7","40.412714","-79.983517","0416","11","0","0","0","0","0","0","0","0","","0","0","0","","","0","","0","","40 24:45.770","","0","79 59:00.661","9","0","0","0","2447","0","0","0","N","0","0","0","1","02447","0","","5.0","","2","N","N","","0","","0","0","0","","0","","","1","0","0","0","0","0","1","2","0","1","","","","N","","","","","","","","","",""
"2007018601","","1","0","0","0","0","0","0","0","0","4","0","","02","2","2007","7","40.330556","-79.987503","0633","11","0","0","0","0","0","1","0","0","","0","0","0","","","0","","3","","40 19:50.000","","0","79 59:15.012","0","0","0","0","2219","0","0","0","N","0","0","0","3","02219","0","","1.0","","1","N","N","","0","","0","0","0","","2","","","2","0","0","0","0","0","0","2","1","2","","","","N","","","","","","","","","",""
"2007018611","","0","0","0","0","0","0","0","0","0","7","0","","02","1","2007","3","40.353056","-79.882536","1826","11","0","0","0","0","0","0","0","0","2","0","0","0","","","0","","0","","40 21:11.000","6","0","79 52:57.130","0","0","0","0","2423","0","0","0","Y","0","0","0","2","02304","0","","4.0","","2","N","N","","1","","0","0","0","","0","Y","","1","0","0","0","0","0","0","2","0","1","","","","N","","","","","","","","","",""
"2007018612","","1","0","0","0","0","0","0","0","0","4","0","","02","1","2007","7","40.324444","-79.83481","1606","11","0","0","1","0","0","0","0","0","2","0","0","0","","","2","","2","","40 19:28.000","5","0","79 50:05.315","4","0","0","0","2304","0","0","0","N","0","0","0","2","02301","1","","1.0","","1","N","N","","1","","0","0","0","","3","Y","","2","2","0","0","0","1","0","2","0","2","","","","N","","","","","","","","","",""
"2007018613","","1","0","0","0","0","0","0","0","0","7","0","","02","1","2007","4","40.354029","-79.84286","1904","11","0","0","0","1","0","0","0","0","9","0","0","0","","","1","","0","","40 21:14.505","4","0","79 50:34.295","4","0","0","0","2304","0","0","0","N","0","0","0","3","02304","1","","3.0","","2","N","N","","1","","0","0","0","","0","N","","3","1","0","0","0","0","0","2","1","3","","","","N","","","","","","","","","",""
"2007018614","","1","0","0","0","0","0","0","0","0","7","0","","02","1","2007","1","40.385368","-80.026691","2241","11","0","0","1","0","0","0","0","0","","0","0","0","","","0","","3","","40 23:07.324","","0","80 01:36.087","0","0","0","0","2109","0","0","0","N","0","0","0","1","02109","0","","2.0","","7","N","N","","0","","0","0","0","","0","","","1","0","0","0","0","0","0","2","0","1","","","","N","","","","","","","","","",""
"2007018615","","2","0","0","0","0","0","0","0","0","4","0","","02","2","2007","3","40.379894","-80.042645","0040","11","0","0","0","0","0","1","0","0","1","0","0","0","","","0","","0","","40 22:47.618","3","0","80 02:33.522","0","0","0","0","2109","0","0","0","N","0","0","0","1","02109","0","","6.0","","1","N","N","","0","","0","0","0","","0","N","","2","0","0","0","0","0","0","2","0","2","","","","N","","","","","","","","","",""
"2007018720","","1","0","0","0","0","0","0","0","0","7","0","","02","1","2007","1","","","1710","11","0","0","1","0","0","0","0","0","","0","0","0","","","1","","6","","40 26:01.68","","2","79 59:27.96","4","0","0","0","2301","0","0","0","N","0","0","0","1","68B03","1","","2.0","","9","N","N","","0","","0","0","0","","0","","","1","1","1","0","0","0","0","2","0","1","","","","N","","","","","","","","","",""
"2007018829","","1","0","0","0","0","0","0","0","0","7","0","","02","1","2007","4","40.561667","-79.800083","0334","11","0","0","0","0","0","0","0","0","2","0","0","0","","","1","","0","","40 33:42.000","1","0","79 48:00.300","8","0","0","0","2106","0","0","0","N","0","0","0","2","68D02","0","","2.0","","7","N","N","","0","","0","0","0","","0","N","","1","1","0","0","0","1","0","2","0","1","","","","N","","","","","","","","","",""
"2007018864","","2","0","0","0","0","0","0","0","0","7","0","","02","2","2007","7","40.478056","-79.750969","0252","11","0","0","0","0","0","0","0","0","","0","0","0","","","0","","2","","40 28:41.000","","0","79 45:03.489","0","0","0","0","2466","0","0","0","N","0","0","0","1","02466","0","","2.0","","1","N","N","","0","","0","0","0","","3","","","2","0","0","0","0","0","0","2","0","2","","","","N","","","","","","","","","",""
"2007018897","","1","0","0","0","0","0","0","0","0","1","0","","02","2","2007","6","40.327105","-79.891441","0335","11","0","0","0","0","0","0","0","0","","0","0","0","","","0","","0","","40 19:37.577","","0","79 53:29.188","0","0","0","0","2433","0","0","0","N","0","0","0","1","02433","0","","6.0","","1","N","N","","0","","0","0","1","","0","","","2","0","0","0","0","0","0","2","0","2","","","","N","","","","","","","","","",""
"2007018938","","0","0","0","0","0","0","0","0","0","1","0","55","02","1","2007","3","40.533056","-79.847675","1507","11","0","0","1","0","0","0","1","0","2","0","0","0","","","0","","0","","40 31:59.000","2","3","79 50:51.629","0","0","0","0","2208","0","0","0","N","0","0","0","2","68D02","0","","1.0","","9","N","N","","0","","0","0","2","","8","N","","2","0","0","0","0","0","0","2","0","2","","","Y","Y","2","2","","","Y","Y","","","Y",""
"2007018949","","1","0","0","0","0","0","0","0","0","1","0","","02","1","2007","5","40.548056","-79.82436","0745","11","0","0","0","0","0","0","0","0","","0","0","0","","","0","","0","","40 32:53.000","","0","79 49:27.696","0","0","0","0","2208","0","0","0","N","0","0","0","2","68D02","0","","1.0","","1","N","N","","1","","0","0","0","","0","","","2","0","0","0","0","0","0","2","0","2","","","","N","","","","","","","","","",""
"2007018978","","2","0","0","0","0","0","0","0","0","4","0","","02","2","2007","6","40.516607","-79.843271","1440","11","0","0","0","0","0","0","0","0","","0","0","0","","","0","","0","","40 30:59.786","","0","79 50:35.777","0","0","0","0","2451","0","0","0","N","0","0","0","2","02451","0","","1.0","","98","N","N","","0","","0","0","0","","0","","","2","0","0","0","0","0","0","2","0","2","","","","N","","","","","","","","","",""
"2007018986","","1","0","0","0","0","0","0","0","0","7","0","","02","2","2007","2","40.3463","-80.00584","1517","11","0","0","0","0","1","0","0","0","3","0","0","0","","","1","","0","","40 20:46.680","4","0","80 00:21.024","8","0","0","0","2403","0","0","0","N","0","0","0","1","02403","0","","2.0","","9","N","N","","0","","0","0","0","","0","N","","1","1","0","0","0","1","0","2","0","1","","","","N","","","","","","","","","",""
"2007018989","","1","0","0","0","0","0","0","0","0","7","0","","02","2","2007","3","40.313356","-79.952","1747","11","0","0","0","1","0","0","0","0","","0","0","0","","","0","","0","","40 18:48.081","","0","79 57:07.200","0","0","0","0","2440","0","0","0","N","0","0","0","1","02440","0","","5.0","","2","N","N","","0","","0","0","0","","0","","","1","0","0","0","0","0","0","2","0","1","","","","N","","","","","","","","","",""
"2007019011","","0","0","0","0","0","0","0","0","0","7","0","","02","2","2007","3","40.201389","-79.907198","2210","11","0","0","0","0","0","0","0","0","2","0","0","0","","","0","","0","","40 12:05.000","5","0","79 54:25.913","0","0","0","0","2204","0","0","0","N","0","0","0","2","02204","0","","4.0","","7","N","N","","0","","0","0","1","","0","Y","","1","0","1","0","0","0","0","1","0","1","","","","N","","","","","","","","","",""
"2007019015","","0","0","0","0","0","0","0","0","0","7","0","","02","2","2007","1","40.6715","-80.0981","1950","11","0","0","0","0","0","1","0","0","","0","0","0","","","0","","0","","40 40:17.400","","0","80 05:53.160","0","0","0","0","2212","0","0","0","N","0","0","0","5","02505","0","","5.0","","1","N","N","","0","","0","0","0","","0","","","1","0","0","0","0","0","0","2","1","1","","","","N","","","","","","","","","",""