"CRN","ARRIVAL_TM","AUTOMOBILE_COUNT","BELTED_DEATH_COUNT","BELTED_SUSP_SERIOUS_INJ_COUNT","BICYCLE_COUNT","BICYCLE_DEATH_COUNT","BICYCLE_SUSP_SERIOUS_INJ_COUNT","BUS_COUNT","CHLDPAS_DEATH_COUNT","CHLDPAS_SUSP_SERIOUS_INJ_COUNT","COLLISION_TYPE","COMM_VEH_COUNT","CONS_ZONE_SPD_LIM","COUNTY","CRASH_MONTH","CRASH_YEAR","DAY_OF_WEEK","DEC_LATITUDE","DEC_LONGITUDE","DISPATCH_TM","DISTRICT","DRIVER_COUNT_16YR","DRIVER_COUNT_17YR","DRIVER_COUNT_18YR","DRIVER_COUNT_19YR","DRIVER_COUNT_20YR","DRIVER_COUNT_50_64YR","DRIVER_COUNT_65_74YR","DRIVER_COUNT_75PLUS","EST_HRS_CLOSED","FATAL_COUNT","HEAVY_TRUCK_COUNT","HORSE_BUGGY_COUNT","HOUR_OF_DAY","ILLUMINATION","INJURY_COUNT","INTERSECTION_RELATED","INTERSECT_TYPE","LANE_CLOSED","LATITUDE","LN_CLOSE_DIR","LOCATION_TYPE","LONGITUDE","MAX_SEVERITY_LEVEL","MCYCLE_DEATH_COUNT","MCYCLE_SUSP_SERIOUS_INJ_COUNT","MOTORCYCLE_COUNT","MUNICIPALITY","NONMOTR_COUNT","NONMOTR_DEATH_COUNT","NONMOTR_SUSP_SERIOUS_INJ_COUNT","NTFY_HIWY_MAINT","PED_COUNT","PED_DEATH_COUNT","PED_SUSP_SERIOUS_INJ_COUNT","PERSON_COUNT","POLICE_AGCY","POSSIBLE_INJ_COUNT","RDWY_SURF_TYPE_CD","RELATION_TO_ROAD","ROADWAY_CLEARED","ROAD_CONDITION","SCH_BUS_IND","SCH_ZONE_IND","SECONDARY_CRASH","SMALL_TRUCK_COUNT","SPEC_JURIS_CD","SUSP_MINOR_INJ_COUNT","SUSP_SERIOUS_INJ_COUNT","SUV_COUNT","TCD_FUNC_CD","TCD_TYPE","TFC_DETOUR_IND","TIME_OF_DAY","TOTAL_UNITS","TOT_INJ_COUNT","UNBELTED_OCC_COUNT","UNB_DEATH_COUNT","UNB_SUSP_SERIOUS_INJ_COUNT","UNK_INJ_DEG_COUNT","UNK_INJ_PER_COUNT","URBAN_RURAL","VAN_COUNT","VEHICLE_COUNT","WEATHER1","WEATHER2","WORKERS_PRES","WORK_ZONE_IND","WORK_ZONE_LOC","WORK_ZONE_TYPE","WZ_CLOSE_DETOUR","WZ_FLAGGER","WZ_LAW_OFFCR_IND","WZ_LN_CLOSURE","WZ_MOVING","WZ_OTHER","WZ_SHLDER_MDN","WZ_WORKERS_INJ_KILLED"
"2007019017","","2","0","0","0","0","0","0","0","0","4","0","","02","2","2007","7","40.442933","-79.772979","1554","11","0","0","0","0","0","1","0","0","","0","0","0","","","0","","1","","40 26:34.558","","0","79 46:22.724","0","0","0","0","2446","0","0","0","N","0","0","0","2","02446","0","","1.0","","1","N","N","","0","","0","0","0","","3","","","2","0","0","0","0","0","0","2","0","2","","","","N","","","","","","","","","",""
"2007019019","","0","0","0","0","0","0","0","0","0","0","0","","02","2","2007","7","40.438214","-79.774283","1050","11","0","0","0","0","0","0","0","0","1","0","0","0","","","0","","0","","40 26:17.572","2","0","79 46:27.420","0","0","0","0","2446","0","0","0","N","0","0","0","1","02446","0","","1.0","","1","N","N","","0","","0","0","1","","0","N","","1","0","0","0","0","0","0","2","0","1","","","","N","","","","","","","","","",""
"2007019038","","1","0","0","0","0","0","0","0","0","7","0","","02","2","2007","3","40.563056","-79.966386","1630","11","0","0","0","0","0","0","0","0","","0","0","0","","","0","","1","","40 33:47.000","","0","79 57:58.989","0","0","0","0","2207","0","0","0","N","0","0","0","1","02207","0","","2.0","","7","N","N","","0","","0","0","0","","0","","","1","0","0","0","0","0","0","2","0","1","","","","N","","","","","","","","","",""
"2007019039","","2","0","0","0","0","0","0","0","0","1","0","","02","2","2007","5","40.4036","-79.8824","1128","11","0","0","0","0","0","1","0","0","","0","0","0","","","1","","0","","40 24:12.960","","0","79 52:56.640","4","0","0","0","2475","0","0","0","N","0","0","0","2","02475","1","","1.0","","1","N","N","","0","","0","0","0","","0","","","2","1","1","0","0","0","0","2","0","2","","","","N","","","","","","","","","",""
"2007019041","","0","0","0","0","0","0","0","0","0","7","0","","02","2","2007","7","40.514441","-79.90618","1811","11","0","0","0","0","0","0","0","0","","0","0","0","","","0","","0","","40 30:51.987","","0","79 54:22.248","0","0","0","0","2432","0","0","0","N","0","0","0","1","02432","0","","2.0","","1","N","N","","1","","0","0","0","","0","","","1","0","0","0","0","0","0","2","0","1","","","","N","","","","","","","","","",""
"2007019047","","0","0","0","0","0","0","0","0","0","7","0","","02","2","2007","1","40.406389","-79.887948","0210","11","0","0","0","0","0","0","0","0","","0","0","0","","","1","","0","","40 24:23.000","","0","79 53:16.614","4","0","0","0","2448","0","0","0","N","0","0","0","1","02448","1","","2.0","","2","N","N","","0","","0","0","0","","0","","","1","1","0","0","0","0","0","2","0","1","","","","N","","","","","","","","","",""
"2007019049","","0","0","0","0","0","0","0","0","0","7","0","","02","2","2007","7","40.358451","-79.996325","0107","11","0","0","0","0","0","0","0","0","","0","0","0","","","0","","0","","40 21:30.424","","0","79 59:46.769","0","0","0","0","2476","0","0","0","N","0","0","0","1","02476","0","","2.0","","2","N","N","","1","","0","0","0","","0","","","1","0","0","0","0","0","0","2","0","1","","","","N","","","","","","","","","",""
"2007019053","","0","0","0","0","0","0","0","0","0","7","0","","02","2","2007","1","40.569722","-79.941543","0157","11","0","0","1","0","0","0","0","0","","0","0","0","","","0","","0","","40 34:11.000","","0","79 56:29.555","0","0","0","0","2207","0","0","0","N","0","0","0","2","02207","0","","5.0","","7","N","N","","0","","0","0","0","","0","","","1","0","0","0","0","0","0","2","1","1","","","","N","","","","","","","","","",""
"2007019055","","2","0","0","0","0","0","0","0","0","4","0","","02","2","2007","6","40.5002","-80.0612","1108","11","0","0","0","0","0","1","0","0","","0","0","0","","","1","","0","","40 30:00.720","","0","80 03:40.320","4","0","0","0","2404","0","0","0","N","0","0","0","3","02404","1","","1.0","","2","N","N","","0","","0","0","0","","0","","","2","1","0","0","0","0","0","2","0","2","","","","N","","","","","","","","","",""
"2007019056","","1","0","0","0","0","0","0","0","0","7","0","","02","2","2007","7","40.361667","-79.950736","1044","11","0","0","0","0","0","0","0","0","1","0","0","0","","","0","","0","","40 21:42.000","3","0","79 57:02.651","0","0","0","0","2403","0","0","0","Y","0","0","0","1","02403","0","","5.0","","2","N","N","","0","","0","0","0","","0","N","","1","0","0","0","0","0","0","2","0","1","","","","N","","","","","","","","","",""
"2007019057","","2","0","0","0","0","0","0","0","0","99","0","","02","2","2007","6","40.52118","-80.034762","1527","11","0","0","0","0","0","0","0","0","1","0","0","0","","","1","","2","","40 31:16.248","4","0","80 02:05.143","4","0","0","0","2474","0","0","0","N","0","0","0","5","02474","1","","1.0","","1","N","N","","0","","0","0","0","","3","N","","2","1","0","0","0","0","0","2","0","2","","","","N","","","","","","","","","",""
"2007019058","","1","0","0","0","0","0","0","0","0","7","0","","02","2","2007","7","40.317889","-79.909699","1149","11","0","0","1","0","0","0","0","0","","0","0","0","","","0","","0","","40 19:04.402","","0","79 54:34.918","0","0","0","0","2440","0","0","0","N","0","0","0","1","02440","0","","2.0","","9","N","N","","0","","0","0","0","","0","","","1","0","0","0","0","0","0","2","0","1","","","","N","","","","","","","","","",""
"2007019059","","1","0","0","0","0","0","0","0","0","4","1","","02","2","2007","5","40.543889","-80.192779","1348","11","0","0","0","0","0","0","0","0","1","0","1","0","","","1","","1","","40 32:38.000","2","0","80 11:34.004","3","0","0","0","2427","0","0","0","N","0","0","0","2","02427","0","","1.0","","9","N","N","","0","","1","0","0","","2","N","","2","1","1","0","0","0","0","2","0","2","","","","N","","","","","","","","","",""
"2007019060","","1","0","0","0","0","0","0","0","0","5","0","","02","2","2007","7","40.5584","-80.0235","1314","11","0","0","0","0","0","1","0","0","","0","0","0","","","0","","0","","40 33:30.240","","0","80 01:24.600","0","0","0","0","2116","0","0","0","N","0","0","0","3","02116","0","","1.0","","9","N","N","","0","","0","0","0","","0","","","2","0","0","0","0","0","0","2","1","2","","","","N","","","","","","","","","",""
"2007019076","","3","0","0","0","0","0","0","0","0","1","0","","02","2","2007","7","40.5505","-80.0192","0919","11","0","0","0","0","0","2","0","1","2","0","0","0","","","1","","1","","40 33:01.800","4","0","80 01:09.120","4","0","0","0","2116","0","0","0","N","0","0","0","5","02116","1","","1.0","","1","N","N","","0","","0","0","1","","2","N","","4","1","1","0","0","0","0","2","0","4","","","","N","","","","","","","","","",""
"2007019080","","1","0","0","0","0","0","0","0","0","7","0","","02","2","2007","1","40.55","-80.056191","1256","11","0","0","0","1","0","0","0","0","","0","0","0","","","0","","0","","40 33:00.000","","0","80 03:22.289","0","0","0","0","2116","0","0","0","N","0","0","0","1","02116","0","","5.0","","7","N","N","","0","","0","0","0","","0","","","1","0","0","0","0","0","0","2","0","1","","","","N","","","","","","","","","",""
"2007019086","","0","0","0","0","0","0","0","0","0","7","0","","02","2","2007","1","40.333889","-79.946536","1602","11","0","0","0","0","0","0","0","0","1","0","0","0","","","0","","0","","40 20:02.000","2","0","79 56:47.529","0","0","0","0","2454","0","0","0","N","0","0","0","2","02454","0","","2.0","","7","N","N","","0","","0","0","1","","0","Y","","1","0","0","0","0","0","0","2","0","1","","","","N","","","","","","","","","",""
"2007019088","","0","0","0","0","0","0","0","0","0","7","0","","02","2","2007","7","40.4297","-80.1453","2155","11","0","0","0","0","1","0","0","0","6","0","0","0","","","0","","0","","40 25:46.920","6","0","80 08:43.080","0","0","0","0","2102","0","0","0","N","0","0","0","1","02102","0","","4.0","","7","N","N","","0","","0","0","1","","0","Y","","1","0","0","0","0","0","0","2","0","1","","","","N","","","","","","","","","",""
"2007019095","","1","0","0","0","0","0","0","0","0","4","0","","02","2","2007","1","40.646944","-80.105924","1723","11","1","0","0","0","0","0","0","0","","0","0","0","","","0","","0","","40 38:49.000","","0","80 06:21.327","0","0","0","0","2212","0","0","0","N","0","0","0","4","02505","0","","5.0","","7","N","N","","1","","0","0","0","","0","","","2","0","0","0","0","0","0","2","0","2","","","","N","","","","","","","","","",""
"2007019099","","0","0","0","0","0","0","0","0","0","0","0","","02","1","2007","3","40.562881","-79.966154","0553","11","0","0","0","0","0","0","0","0","","0","0","0","","","0","","0","","40 33:46.372","","0","79 57:58.156","0","0","0","0","2207","0","0","0","N","0","0","0","1","02207","0","","5.0","","98","N","N","","0","","0","0","1","","0","","","1","0","0","0","0","0","0","2","0","1","","","","N","","","","","","","","","",""
"2007019107","","0","0","0","0","0","0","0","0","0","1","0","","02","2","2007","2","40.4375","-79.7777","0013","11","0","0","0","0","0","0","0","0","","0","0","0","","","1","","2","","40 26:15.000","","0","79 46:39.720","8","0","0","0","2446","0","0","0","N","0","0","0","2","02446","0","","1.0","","1","N","N","","0","","0","0","0","","2","","","2","1","0","0","0","1","0","2","2","2","","","","N","","","","","","","","","",""
"2007019112","","0","0","0","0","0","0","0","0","0","7","0","","02","2","2007","1","40.666944","-79.73408","0034","11","0","0","0","1","0","0","0","0","","0","0","0","","","0","","0","","40 40:01.000","","0","79 44:02.689","0","0","0","0","2202","0","0","0","N","0","0","0","1","02202","0","","2.0","","7","N","N","","1","","0","0","0","","0","","","1","0","0","0","0","0","0","2","0","1","","","","N","","","","","","","","","",""
"2007019119","","1","0","0","0","0","0","0","0","0","7","0","","02","2","2007","2","40.5903","-79.9468","0711","11","0","0","0","0","0","0","0","0","","0","0","0","","","0","","0","","40 35:25.080","","0","79 56:48.480","0","0","0","0","2207","0","0","0","N","0","0","0","1","02207","0","","5.0","","2","N","N","","0","","0","0","0","","0","","","1","0","0","0","0","0","0","2","0","1","","","","N","","","","","","","","","",""
"2007019122","","1","0","0","0","0","0","0","0","0","7","0","","02","2","2007","2","40.5271","-79.8166","0826","11","0","0","0","0","0","0","0","0","1","0","0","0","","","1","","0","","40 31:37.560","4","0","79 48:59.760","8","0","0","0","2466","0","0","0","N","0","0","0","1","02466","0","","5.0","","1","N","N","","0","","0","0","0","","0","N","","1","1","0","0","0","1","0","2","0","1","","","","N","","","","","","","","","",""
"2007019127","","2","0","0","0","0","0","0","0","0","1","0","","02","2","2007","7","40.4406","-79.8287","1425","11","0","0","0","0","0","1","0","0","1","0","0","0","","","1","","0","","40 26:26.160","2","0","79 49:43.320","3","0","0","0","2419","0","0","0","N","0","0","0","2","02419","0","","1.0","","2","N","N","","0","","1","0","0","","0","Y","","2","1","0","0","0","0","0","2","0","2","","","","N","","","","","","","","","",""
"2007019131","","0","0","0","0","0","0","1","0","0","8","1","","02","2","2007","2","40.389615","-79.900976","1015","11","0","0","0","0","0","1","0","0","","0","0","0","","","1","","2","","40 23:22.614","","0","79 54:03.513","8","0","0","0","2448","1","0","0","N","1","0","0","2","02448","0","","1.0","","2","N","Y","","0","","0","0","0","","0","","","2","1","0","0","0","1","0","2","0","1","","","","N","","","","","","","","","",""
"2007019137","","0","0","0","0","0","0","1","0","0","1","1","","02","2","2007","6","","","1455","11","0","0","0","0","0","1","0","0","","0","0","0","","","0","","0","","","","0","","0","0","0","0","2109","0","0","0","N","0","0","0","3","02503","0","","1.0","","1","N","N","","0","","0","0","0","","0","","","2","0","0","0","0","0","0","1","1","2","","","","N","","","","","","","","","",""
"2007019138","","2","0","0","0","0","0","0","0","0","2","0","","02","2","2007","3","40.4832","-79.9719","1222","11","0","0","0","0","0","0","0","0","2","0","0","0","","","2","","0","","40 28:59.520","5","0","79 58:18.840","4","0","0","0","2118","0","0","0","Y","0","0","0","3","02118","2","","1.0","","7","N","N","","0","","0","0","0","","0","Y","","2","2","0","0","0","0","0","2","0","2","","","","N","","","","","","","","","",""
"2007019140","","2","0","0","0","0","0","0","0","0","1","0","","02","2","2007","2","40.336111","-79.978048","1154","11","0","0","0","0","1","0","0","0","2","0","0","0","","","1","","0","","40 20:10.000","3","0","79 58:40.972","3","0","0","0","2454","0","0","0","N","0","0","0","10","02454","0","","1.0","","9","N","N","","0","","1","0","2","","2","Y","","4","1","0","0","0","0","0","2","0","4","","","","N","","","","","","","","","",""
"2007019148","","0","0","0","0","0","0","0","0","0","7","0","","02","2","2007","1","40.365556","-79.984608","1452","11","0","0","0","0","0","0","0","0","2","0","0","0","","","1","","0","","40 21:56.000","1","0","79 59:04.588","4","0","0","0","2476","0","0","0","N","0","0","0","2","02476","1","","5.0","","2","N","N","","0","","0","0","1","","0","Y","","1","1","0","0","0","0","0","2","0","1","","","","N","","","","","","","","","",""
"2007019156","","0","0","0","0","0","0","0","0","0","7","0","","02","2","2007","7","40.546111","-79.904915","0946","11","0","0","0","0","0","0","0","0","2","0","0","0","","","2","","0","","40 32:46.000","6","0","79 54:17.694","4","0","0","0","2209","0","0","0","N","0","0","0","3","02209","2","","2.0","","1","N","N","","0","","0","0","1","","0","Y","","1","2","2","0","0","0","0","2","0","1","","","","N","","","","","","","","","",""
"2007019157","","1","0","0","0","0","0","0","0","0","7","0","","02","2","2007","1","40.57","-79.861855","1335","11","0","0","0","0","0","0","0","1","","0","0","0","","","0","","0","","40 34:12.000","","0","79 51:42.677","0","0","0","0","2209","0","0","0","Y","0","0","0","1","02209","0","","4.0","","7","N","N","","0","","0","0","0","","0","","","1","0","0","0","0","0","0","2","0","1","","","","N","","","","","","","","","",""
"2007019158","","1","0","0","0","0","0","0","0","0","7","0","","02","2","2007","7","40.520833","-80.224363","0306","11","0","0","0","0","0","0","0","0","","0","0","0","","","1","","0","","40 31:15.000","","0","80 13:27.705","8","0","0","0","2213","0","0","0","N","0","0","0","1","02213","0","","4.0","","1","N","N","","0","","0","0","0","","0","","","1","1","0","0","0","1","0","2","0","1","","","","N","","","","","","","","","",""
"2007019189","","1","0","0","0","0","0","0","0","0","6","0","","02","2","2007","2","40.404444","-80.09128","1810","11","0","0","0","0","1","0","0","0","","0","0","0","","","0","","2","","40 24:16.000","","0","80 05:28.607","0","0","0","0","2415","0","0","0","N","0","0","0","3","02415","0","","1.0","","1","N","N","","0","","0","0","0","","2","","","2","0","0","0","0","0","0","2","1","2","","","","N","","","","","","","","","",""
"2007019195","","1","0","0","0","0","0","0","0","0","7","0","","02","1","2007","1","40.438942","-79.768833","1954","11","0","0","0","0","0","0","0","0","","0","0","0","","","0","","0","","40 26:20.191","","0","79 46:07.798","0","0","0","0","2446","0","0","0","N","0","0","0","1","02446","0","","2.0","","1","N","N","","0","","0","0","0","","0","","","1","0","0","0","0","0","0","2","0","1","","","","N","","","","","","","","","",""
"2007019196","","1","0","0","0","0","0","0","0","0","6","0","","02","2","2007","5","40.404759","-79.761063","1602","11","0","0","0","0","0","1","0","0","1","0","0","0","","","0","","0","","40 24:17.132","2","0","79 45:39.826","0","0","0","0","2446","0","0","0","N","0","0","0","2","02446","0","","1.0","","2","N","N","","0","","0","0","0","","0","N","","2","0","0","0","0","0","0","2","0","2","","","","N","","","","","","","","","",""
"2007019198","","0","0","0","0","0","0","0","0","0","1","0","","02","2","2007","4","40.437778","-79.759935","1822","11","0","0","0","0","0","1","0","0","","0","0","0","","","0","","0","","40 26:16.000","","0","79 45:35.766","0","0","0","0","2446","0","0","0","N","0","0","0","2","02446","0","","1.0","","1","N","N","","0","","0","0","0","","0","","","2","0","0","0","0","0","0","2","0","2","","","","N","","","","","","","","","",""
"2007019200","","0","0","0","0","0","0","0","0","0","7","0","","02","2","2007","5","40.401111","-79.78023","1950","11","0","0","0","0","0","0","0","0","","0","0","0","","","0","","0","","40 24:04.000","","0","79 46:48.827","0","0","0","0","2446","0","0","0","N","0","0","0","1","02446","0","","2.0","","1","N","N","","0","","0","0","1","","0","","","1","0","0","0","0","0","0","2","0","1","","","","N","","","","","","","","","",""
"2007019203","","2","0","0","0","0","0","0","0","0","1","0","","02","2","2007","2","40.501721","-79.982719","2114","11","0","0","0","0","0","1","0","0","","0","0","0","","","1","","2","","40 30:06.197","","0","79 58:57.787","8","0","0","0","2118","0","0","0","N","0","0","0","2","02118","0","","1.0","","1","N","N","","0","","0","0","0","","0","","","2","1","0","0","0","1","1","2","0","2","","","","N","","","","","","","","","",""
"2007019209","","1","0","0","0","0","0","0","0","0","2","0","","02","2","2007","7","40.367615","-79.999137","0226","11","0","0","0","0","0","0","0","0","2","0","0","0","","","0","","0","","40 22:03.413","1","0","79 59:56.892","0","0","0","0","2476","0","0","0","N","0","0","0","2","02476","0","","1.0","","1","N","N","","1","","0","0","0","","0","N","","2","0","0","0","0","0","0","2","0","2","","","","N","","","","","","","","","",""
"2007019210","","0","0","0","0","0","0","0","0","0","7","0","","02","2","2007","3","40.199","-79.908","1343","11","0","0","0","1","0","0","0","0","","0","0","0","","","0","","0","","40 11:56.400","","0","79 54:28.800","0","0","0","0","2204","0","0","0","N","0","0","0","4","02204","0","","5.0","","7","N","N","","0","","0","0","1","","0","","","1","0","0","0","0","0","0","1","0","1","","","","N","","","","","","","","","",""
"2007019218","","1","0","0","0","0","0","0","0","0","7","0","","02","2","2007","2","40.658889","-80.091756","2339","11","0","0","0","0","0","0","0","0","1","0","0","0","","","1","","0","","40 39:32.000","2","0","80 05:30.322","8","0","0","0","2212","0","0","0","N","0","0","0","1","02505","0","","3.0","","9","N","N","","0","","0","0","0","","0","N","","1","1","0","0","0","1","0","2","0","1","","","","N","","","","","","","","","",""
"2007019233","","0","0","0","0","0","0","0","0","0","7","0","","02","2","2007","7","40.649122","-79.934448","1041","11","0","0","0","0","0","0","0","0","","0","0","0","","","0","","0","","40 38:56.839","","0","79 56:04.012","0","0","0","0","2217","0","0","0","N","0","0","0","1","02505","0","","5.0","","1","N","N","","1","","0","0","0","","0","","","1","0","0","0","0","0","0","2","0","1","","","","N","","","","","","","","","",""
"2007019234","","1","0","0","0","0","0","0","0","0","7","0","","02","2","2007","3","40.671944","-80.098066","0707","11","0","0","0","0","0","1","0","0","","0","0","0","","","1","","0","","40 40:19.000","","0","80 05:53.039","3","0","0","0","2212","0","0","0","N","0","0","0","1","02505","0","","3.0","","6","N","N","","0","","1","0","0","","0","","","1","1","0","0","0","0","0","2","0","1","","","","N","","","","","","","","","",""
"2007019237","","2","0","0","0","0","0","0","0","0","2","0","","02","2","2007","7","40.3865","-80.0923","1520","11","0","0","0","0","0","1","0","0","1","0","0","0","","","0","","0","","40 23:11.400","4","7","80 05:32.280","0","0","0","0","2102","0","0","0","N","0","0","0","3","02102","0","","1.0","","1","N","N","","0","","0","0","0","","2","Y","","2","0","0","0","0","0","0","2","0","2","","","","N","","","","","","","","","",""
"2007019243","","1","0","0","0","0","0","0","0","0","7","0","","02","2","2007","6","40.510408","-79.891691","0815","11","0","0","1","0","0","0","0","0","","0","0","0","","","0","","0","","40 30:37.468","","0","79 53:30.089","9","0","0","0","2432","0","0","0","N","0","0","0","1","02432","0","","5.0","","2","N","N","","0","","0","0","0","","0","","","1","0","0","0","0","0","1","2","0","1","","","","N","","","","","","","","","",""
"2007019244","","2","0","0","0","0","0","0","0","0","4","0","","02","2","2007","3","40.634167","-79.950209","0941","11","0","0","0","0","0","1","0","0","1","0","0","0","","","0","","0","","40 38:03.000","3","0","79 57:00.754","0","0","0","0","2217","0","0","0","N","0","0","0","4","02505","0","","1.0","","7","N","N","","0","","0","0","0","","0","N","","2","0","0","0","0","0","0","2","0","2","","","","N","","","","","","","","","",""
"2007019246","","0","0","0","0","0","0","0","0","0","7","0","","02","2","2007","1","40.360249","-80.072066","1929","11","0","0","0","0","0","0","0","0","1","0","0","0","","","0","","0","","40 21:36.896","3","0","80 04:19.437","0","0","0","0","2123","0","0","0","N","0","0","0","1","02123","0","","2.0","","6","N","N","","0","","0","0","0","","0","N","","1","0","0","0","0","0","0","2","1","1","","","","N","","","","","","","","","",""
"2007019252","","0","0","0","0","0","0","1","0","0","1","1","","02","2","2007","3","40.458921","-79.907889","1045","11","0","0","0","0","0","1","0","0","","0","0","0","","","1","","10","","40 27:32.117","","0","79 54:28.399","4","0","0","0","2301","0","0","0","N","0","0","0","3","02503","1","","1.0","","1","N","N","","1","","0","0","0","","2","","","2","1","0","0","0","0","0","2","0","2","","","","N","","","","","","","","","",""
"2007019255","","1","0","0","0","0","0","0","0","0","1","0","90","02","2","2007","3","40.524281","-79.87955","1207","11","0","0","0","0","0","1","0","0","2","0","0","0","","","0","","0","","40 31:27.411","2","0","79 52:46.380","0","0","0","0","2432","0","0","0","N","0","0","0","2","02432","0","","1.0","","1","N","N","","0","","0","0","1","","7","N","","2","0","0","0","0","0","0","2","0","2","","","Y","Y","8","3","","Y","N","","","","",""
"2007019266","","0","0","0","0","0","0","0","0","0","4","0","","02","2","2007","2","40.617608","-79.931337","1859","11","0","0","0","0","0","1","0","0","2","0","0","0","","","0","","2","","40 37:03.389","3","0","79 55:52.812","0","0","0","0","2217","0","0","0","N","0","0","0","2","02505","0","","1.0","","1","N","N","","0","","0","0","2","","3","N","","2","0","0","0","0","0","0","2","0","2","","","","N","","","","","","","","","",""
"2007019270","","2","0","0","0","0","0","0","0","0","1","0","","02","2","2007","3","40.311887","-79.965791","1601","11","0","0","0","0","0","0","1","0","1","0","0","0","","","1","","0","","40 18:42.794","1","0","79 57:56.846","4","0","0","0","2440","0","0","0","N","0","0","0","5","02440","1","","1.0","","9","N","N","","0","","0","0","0","","0","N","","3","1","0","0","0","0","0","2","1","3","","","","N","","","","","","","","","",""
"2007019271","","1","0","0","0","0","0","0","0","0","1","0","","02","2","2007","3","40.536111","-79.970908","1625","11","0","0","0","0","0","1","1","0","1","0","0","0","","","1","","0","","40 32:10.000","2","0","79 58:15.269","4","0","0","0","2118","0","0","0","N","0","0","0","3","02118","1","","1.0","","9","N","N","","1","","0","0","0","","0","N","","2","1","1","0","0","0","0","2","0","2","","","","N","","","","","","","","","",""
"2007019273","","2","0","0","0","0","0","0","0","0","2","0","","02","2","2007","1","40.468878","-80.098004","1721","11","0","0","0","0","0","0","0","0","2","0","0","0","","","3","","0","","40 28:07.960","3","0","80 05:52.814","4","0","0","0","2126","0","0","0","N","0","0","0","3","02126","3","","1.0","","2","N","N","","0","","0","0","0","","0","N","","2","3","0","0","0","0","0","2","0","2","","","","N","","","","","","","","","",""
"2007019276","","2","0","0","0","0","0","0","0","0","4","0","","02","2","2007","5","40.416389","-80.045011","1745","11","0","0","0","0","0","0","0","0","","0","0","0","","","0","","2","","40 24:59.000","","0","80 02:42.040","0","0","0","0","2435","0","0","0","N","0","0","0","2","02435","0","","1.0","","1","N","N","","0","","0","0","0","","3","","","2","0","0","0","0","0","0","2","0","2","","","","N","","","","","","","","","",""
"2007019277","","2","0","0","0","0","0","0","0","0","4","0","","02","2","2007","3","40.497736","-80.050599","1637","11","0","0","0","0","0","1","0","0","","0","0","0","","","1","","1","","40 29:51.849","","0","80 03:02.156","8","0","0","0","2404","0","0","0","N","0","0","0","3","02404","0","","1.0","","9","N","N","","0","","0","0","0","","0","","","2","1","0","0","0","1","0","2","0","2","","","","N","","","","","","","","","",""
"2007019279","","1","0","0","0","0","0","0","0","0","7","0","","02","2","2007","3","40.4733","-80.1713","0758","11","0","0","0","0","1","0","0","0","2","0","0","0","","","1","","0","","40 28:23.880","3","0","80 10:16.680","4","0","0","0","2213","0","0","0","N","0","0","0","1","02213","1","","2.0","","7","N","N","","0","","0","0","0","","0","N","","1","1","0","0","0","0","0","2","0","1","","","","N","","","","","","","","","",""
"2007019280","","1","0","0","0","0","0","0","0","0","7","0","","02","2","2007","7","40.545278","-80.235661","2049","11","0","0","0","0","0","1","0","0","1","0","0","0","","","1","","0","","40 32:43.000","6","0","80 14:08.379","8","0","0","0","2213","0","0","0","N","0","0","0","1","02213","0","","4.0","","7","N","N","","0","","0","0","0","","0","N","","1","1","0","0","0","1","0","2","0","1","","","","N","","","","","","","","","",""
"2007019281","","1","0","0","0","0","0","0","0","0","1","0","","02","2","2007","6","40.505556","-80.223073","2223","11","1","0","0","0","0","0","0","0","1","0","0","0","","","2","","2","","40 30:20.000","1","0","80 13:23.062","4","0","0","0","2213","0","0","0","N","0","0","0","5","02213","2","","1.0","","1","N","N","","0","","0","0","1","","3","N","","2","2","0","0","0","0","0","2","0","2","","","","N","","","","","","","","","",""
"2007019282","","1","0","0","0","0","0","0","0","0","5","0","","02","2","2007","4","40.4855","-80.2022","1555","11","0","0","0","0","0","0","0","0","","0","0","0","","","1","","0","","40 29:07.800","","0","80 12:07.920","4","0","0","0","2213","0","0","0","N","0","0","0","3","02213","1","","1.0","","7","N","N","","0","","0","0","0","","0","","","2","1","0","0","0","0","0","2","1","2","","","","N","","","","","","","","","",""
"2007019283","","1","0","0","0","0","0","0","0","0","7","0","","02","2","2007","3","40.4859","-80.2025","1308","11","0","0","0","0","0","0","0","0","","0","0","0","","","0","","0","","40 29:09.240","","0","80 12:09.000","0","0","0","0","2213","0","0","0","N","0","0","0","1","02213","0","","4.0","","2","N","N","","0","","0","0","0","","0","","","1","0","0","0","0","0","0","2","0","1","","","","N","","","","","","","","","",""
"2007019284","","1","0","0","0","0","0","0","0","0","7","0","","02","2","2007","5","40.531963","-80.269595","1323","11","0","0","0","0","0","0","0","0","","0","0","0","","","1","","0","","40 31:55.066","","0","80 16:10.542","4","0","0","0","2213","0","0","0","N","0","0","0","2","02213","1","","5.0","","2","N","N","","0","","0","0","0","","0","","","1","1","0","0","0","0","0","1","0","1","","","","N","","","","","","","","","",""