"CRN","ARRIVAL_TM","AUTOMOBILE_COUNT","BELTED_DEATH_COUNT","BELTED_SUSP_SERIOUS_INJ_COUNT","BICYCLE_COUNT","BICYCLE_DEATH_COUNT","BICYCLE_SUSP_SERIOUS_INJ_COUNT","BUS_COUNT","CHLDPAS_DEATH_COUNT","CHLDPAS_SUSP_SERIOUS_INJ_COUNT","COLLISION_TYPE","COMM_VEH_COUNT","CONS_ZONE_SPD_LIM","COUNTY","CRASH_MONTH","CRASH_YEAR","DAY_OF_WEEK","DEC_LATITUDE","DEC_LONGITUDE","DISPATCH_TM","DISTRICT","DRIVER_COUNT_16YR","DRIVER_COUNT_17YR","DRIVER_COUNT_18YR","DRIVER_COUNT_19YR","DRIVER_COUNT_20YR","DRIVER_COUNT_50_64YR","DRIVER_COUNT_65_74YR","DRIVER_COUNT_75PLUS","EST_HRS_CLOSED","FATAL_COUNT","HEAVY_TRUCK_COUNT","HORSE_BUGGY_COUNT","HOUR_OF_DAY","ILLUMINATION","INJURY_COUNT","INTERSECTION_RELATED","INTERSECT_TYPE","LANE_CLOSED","LATITUDE","LN_CLOSE_DIR","LOCATION_TYPE","LONGITUDE","MAX_SEVERITY_LEVEL","MCYCLE_DEATH_COUNT","MCYCLE_SUSP_SERIOUS_INJ_COUNT","MOTORCYCLE_COUNT","MUNICIPALITY","NONMOTR_COUNT","NONMOTR_DEATH_COUNT","NONMOTR_SUSP_SERIOUS_INJ_COUNT","NTFY_HIWY_MAINT","PED_COUNT","PED_DEATH_COUNT","PED_SUSP_SERIOUS_INJ_COUNT","PERSON_COUNT","POLICE_AGCY","POSSIBLE_INJ_COUNT","RDWY_SURF_TYPE_CD","RELATION_TO_ROAD","ROADWAY_CLEARED","ROAD_CONDITION","SCH_BUS_IND","SCH_ZONE_IND","SECONDARY_CRASH","SMALL_TRUCK_COUNT","SPEC_JURIS_CD","SUSP_MINOR_INJ_COUNT","SUSP_SERIOUS_INJ_COUNT","SUV_COUNT","TCD_FUNC_CD","TCD_TYPE","TFC_DETOUR_IND","TIME_OF_DAY","TOTAL_UNITS","TOT_INJ_COUNT","UNBELTED_OCC_COUNT","UNB_DEATH_COUNT","UNB_SUSP_SERIOUS_INJ_COUNT","UNK_INJ_DEG_COUNT","UNK_INJ_PER_COUNT","URBAN_RURAL","VAN_COUNT","VEHICLE_COUNT","WEATHER1","WEATHER2","WORKERS_PRES","WORK_ZONE_IND","WORK_ZONE_LOC","WORK_ZONE_TYPE","WZ_CLOSE_DETOUR","WZ_FLAGGER","WZ_LAW_OFFCR_IND","WZ_LN_CLOSURE","WZ_MOVING","WZ_OTHER","WZ_SHLDER_MDN","WZ_WORKERS_INJ_KILLED"
"2007021034","","0","0","0","0","0","0","0","0","0","7","0","","02","1","2007","5","40.557327","-79.999265","1623","11","0","0","0","0","0","1","0","0","1","0","0","0","","","0","","0","","40 33:26.377","5","0","79 59:57.354","0","0","0","0","2108","0","0","0","N","0","0","0","1","02108","0","","5.0","","6","N","N","","0","","0","0","0","","0","Y","","1","0","0","0","0","0","0","2","1","1","","","","N","","","","","","","","","",""
"2007021035","","1","0","0","0","0","0","0","0","0","7","0","","02","1","2007","5","40.561364","-79.997756","2215","11","0","1","0","0","0","0","0","0","","0","0","0","","","0","","0","","40 33:40.912","","0","79 59:51.921","0","0","0","0","2108","0","0","0","N","0","0","0","1","02108","0","","5.0","","7","N","N","","0","","0","0","0","","0","","","1","0","0","0","0","0","0","2","0","1","","","","N","","","","","","","","","",""
"2007021036","","1","0","0","0","0","0","0","0","0","7","0","","02","2","2007","5","40.593889","-80.06444","0646","11","0","0","0","0","0","0","0","0","3","0","0","0","","","0","","0","","40 35:38.000","3","0","80 03:51.984","0","0","0","0","2108","0","0","0","Y","0","0","0","1","02108","0","","2.0","","2","N","N","","0","","0","0","0","","0","N","","1","0","0","0","0","0","0","2","0","1","","","","N","","","","","","","","","",""
"2007021037","","1","0","0","0","0","0","0","0","0","7","0","","02","2","2007","5","40.588056","-80.048651","0722","11","0","0","0","0","0","1","0","0","","0","0","0","","","1","","2","","40 35:17.000","","0","80 02:55.144","4","0","0","0","2108","0","0","0","N","0","0","0","1","02108","1","","4.0","","1","N","N","","0","","0","0","0","","3","","","1","1","0","0","0","0","0","2","0","1","","","","N","","","","","","","","","",""
"2007021038","","2","0","0","0","0","0","0","0","0","4","0","","02","2","2007","5","40.581944","-80.038076","1304","11","0","0","0","0","0","0","2","0","2","0","0","0","","","0","","1","","40 34:55.000","1","0","80 02:17.074","0","0","0","0","2108","0","0","0","N","0","0","0","2","02108","0","","1.0","","1","N","N","","0","","0","0","0","","2","N","","2","0","0","0","0","0","0","2","0","2","","","","N","","","","","","","","","",""
"2007021039","","2","0","0","0","0","0","0","0","0","4","0","","02","1","2007","6","40.576876","-80.055876","1355","11","0","0","0","0","0","0","0","1","1","0","0","0","","","0","","1","","40 34:36.753","4","0","80 03:21.153","0","0","0","0","2108","0","0","0","N","0","0","0","3","02108","0","","1.0","","7","N","N","","0","","0","0","0","","3","N","","2","0","0","0","0","0","0","2","0","2","","","","N","","","","","","","","","",""
"2007021040","","0","0","0","0","0","0","0","0","0","4","0","","02","2","2007","2","40.586667","-80.041754","0858","11","0","0","0","0","0","0","0","1","1","0","0","0","","","1","","1","","40 35:12.000","3","0","80 02:30.314","4","0","0","0","2108","0","0","0","N","0","0","0","2","02108","1","","1.0","","1","N","N","","1","","0","0","1","","2","Y","","2","1","0","0","0","0","0","2","0","2","","","","N","","","","","","","","","",""
"2007021041","","2","0","0","0","0","0","0","0","0","4","0","","02","2","2007","5","40.5821","-80.0381","0719","11","0","1","0","0","0","0","0","0","2","0","0","0","","","0","","0","","40 34:55.560","1","7","80 02:17.160","0","0","0","0","2108","0","0","0","N","0","0","0","3","02108","0","","1.0","","1","N","N","","0","","0","0","1","","2","N","","3","0","0","0","0","0","0","2","0","3","","","","N","","","","","","","","","",""
"2007021042","","1","0","0","0","0","0","0","0","0","7","0","","02","1","2007","5","40.562174","-80.015556","1705","11","0","0","0","0","0","1","0","0","","0","0","0","","","1","","0","","40 33:43.826","","0","80 00:56.001","8","0","0","0","2108","0","0","0","N","0","0","0","1","02108","0","","5.0","","7","N","N","","0","","0","0","0","","0","","","1","1","0","0","0","1","0","2","0","1","","","","N","","","","","","","","","",""
"2007021043","","2","0","0","0","0","0","0","0","0","2","0","","02","2","2007","4","40.588056","-80.048651","1450","11","0","0","1","0","0","0","1","0","1","0","0","0","","","0","","2","","40 35:17.000","3","0","80 02:55.144","0","0","0","0","2108","0","0","0","N","0","0","0","2","02108","0","","1.0","","1","N","N","","0","","0","0","0","","0","N","","2","0","0","0","0","0","0","2","0","2","","","","N","","","","","","","","","",""
"2007021076","","1","0","0","0","0","0","0","0","0","1","0","","02","2","2007","4","40.590833","-80.047309","1737","11","0","0","0","0","0","1","0","0","","0","0","0","","","0","","1","","40 35:27.000","","0","80 02:50.312","0","0","0","0","2108","0","0","0","N","0","0","0","2","02108","0","","7.0","","1","N","N","","0","","0","0","1","","4","","","2","0","0","0","0","0","0","2","0","2","","","","N","","","","","","","","","",""
"2007021190","","0","0","0","0","0","0","0","0","0","7","0","","02","1","2007","3","","","1715","11","0","0","0","0","0","0","0","0","2","0","0","0","","","0","","0","","40 28:08.04","1","0","80 00:07.92","0","0","0","0","2301","0","0","0","N","0","0","0","2","68B03","0","","3.0","","9","N","N","","0","","0","0","1","","0","N","","1","0","0","0","0","0","0","2","0","1","","","","N","","","","","","","","","",""
"2007021191","","1","0","0","0","0","0","0","0","0","7","0","","02","1","2007","1","","","0807","11","0","0","0","0","0","1","0","0","1","0","0","0","","","1","","0","","40 24:54.36","1","0","80 03:39.96","8","0","0","0","2435","0","0","0","N","0","0","0","1","68B03","0","","2.0","","1","N","N","","0","","0","0","0","","0","N","","1","1","0","0","0","1","0","2","0","1","","","","N","","","","","","","","","",""
"2007021201","","0","0","0","0","0","0","0","0","0","5","0","","02","1","2007","3","","","1710","11","0","0","0","0","0","0","0","0","","0","0","0","","","0","","0","","40 26:17.52","","0","80 00:21.96","0","0","0","0","2301","0","0","0","N","0","0","0","4","68B03","0","","1.0","","1","N","N","","0","","0","0","2","","0","","","2","0","0","0","0","0","0","2","0","2","","","","N","","","","","","","","","",""
"2007021202","","0","0","0","0","0","0","0","0","0","7","0","","02","1","2007","3","40.341389","-80.127102","2216","11","0","0","0","0","0","0","0","0","","0","0","0","","","0","","0","","40 20:29.000","","0","80 07:37.568","0","0","0","0","2119","0","0","0","N","0","0","0","1","68B03","0","","4.0","","2","N","N","","0","","0","0","1","","0","","","1","0","0","0","0","0","0","2","0","1","","","","N","","","","","","","","","",""
"2007021204","","2","0","0","0","0","0","0","0","0","1","0","","02","1","2007","6","","","1113","11","0","0","0","0","1","1","0","0","","0","0","0","","","2","","0","","40 25:37.56","","4","79 55:09.84","4","0","0","0","2301","0","0","0","N","0","0","0","3","68B03","2","","1.0","","1","N","N","","1","","0","0","0","","0","","","3","2","0","0","0","0","0","2","0","3","","","","N","","","","","","","","","",""
"2007021206","","1","0","0","0","0","0","0","0","0","7","0","","02","1","2007","4","","","0027","11","0","0","0","0","0","0","0","0","2","0","0","0","","","0","","0","","40 26:08.52","3","0","79 58:37.92","0","0","0","0","2301","0","0","0","N","0","0","0","1","68B03","0","","2.0","","7","N","N","","0","","0","0","0","","0","N","","1","0","0","0","0","0","0","2","0","1","","","","N","","","","","","","","","",""
"2007021207","","1","0","0","0","0","0","0","0","0","7","0","","02","1","2007","5","40.429444","-80.106582","0822","11","0","0","0","0","0","1","0","0","2","0","0","0","","","0","","7","","40 25:46.000","2","2","80 06:23.694","0","0","0","0","2115","0","0","0","Y","0","0","0","1","68B03","0","","2.0","","2","N","N","","0","","0","0","0","","0","N","","1","0","0","0","0","0","0","2","0","1","","","","N","","","","","","","","","",""
"2007021208","","1","0","0","0","0","0","0","0","0","1","0","","02","1","2007","6","","","1623","11","0","0","0","0","0","0","0","0","","0","0","0","","","0","","0","","40 26:09.60","","0","79 58:21.00","0","0","0","0","2301","0","0","0","N","0","0","0","2","68B03","0","","1.0","","1","N","N","","0","","0","0","0","","0","","","2","0","0","0","0","0","0","2","1","2","","","","N","","","","","","","","","",""
"2007021209","","1","0","0","0","0","0","0","0","0","1","0","","02","1","2007","4","","","0838","11","0","0","0","0","1","0","0","0","","0","0","0","","","0","","6","","40 24:42.48","","2","80 04:35.04","0","0","0","0","2117","0","0","0","N","0","0","0","2","68B03","0","","1.0","","1","N","N","","0","","0","0","1","","4","","","2","0","0","0","0","0","0","2","0","2","","","","N","","","","","","","","","",""
"2007021210","","2","0","0","0","0","0","0","0","0","1","0","","02","1","2007","4","","","1245","11","0","0","0","0","0","1","0","0","1","0","0","0","","","1","","0","","40 25:12.00","1","4","80 03:02.16","4","0","0","0","2301","0","0","0","N","0","0","0","2","68B03","1","","1.0","","1","N","N","","0","","0","0","0","","0","N","","2","1","0","0","0","0","0","2","0","2","","","","N","","","","","","","","","",""
"2007021211","","1","0","0","0","0","0","0","0","0","1","0","","02","1","2007","3","","","1817","11","0","0","0","0","0","0","0","0","","0","0","0","","","0","","0","","40 25:06.60","","0","80 05:20.04","0","0","0","0","2117","0","0","0","N","0","0","0","2","68B03","0","","1.0","","1","N","N","","0","","0","0","1","","0","","","2","0","0","0","0","0","0","2","0","2","","","","N","","","","","","","","","",""
"2007021213","","1","0","0","0","0","0","0","0","0","7","0","","02","1","2007","3","40.426667","-80.287011","1659","11","0","0","0","0","0","0","0","0","2","0","0","0","","","2","","0","","40 25:36.000","4","0","80 17:13.238","8","0","0","0","2214","0","0","0","N","0","0","0","3","68B03","0","","2.0","","7","N","N","","0","","0","0","0","","0","N","","2","2","0","0","0","2","0","1","1","2","","","","N","","","","","","","","","",""
"2007021214","","1","0","0","0","0","0","0","0","0","7","0","","02","1","2007","2","","","0041","11","0","0","0","0","0","0","0","0","","0","0","0","","","1","","0","","40 26:29.04","","1","79 49:42.60","4","0","0","0","2446","0","0","0","N","0","0","0","1","68B03","1","","2.0","","9","N","N","","0","","0","0","0","","0","","","1","1","1","0","0","0","0","2","0","1","","","","N","","","","","","","","","",""
"2007021215","","1","0","0","0","0","0","0","0","0","1","0","","02","1","2007","5","40.4394","-80.1895","0648","11","0","0","0","0","0","0","0","0","","0","0","0","","","0","","6","","40 26:21.840","","2","80 11:22.200","0","0","0","0","2115","0","0","0","N","0","0","0","2","68B03","0","","1.0","","1","N","N","","0","","0","0","1","","4","","","2","0","0","0","0","0","0","2","0","2","","","","N","","","","","","","","","",""
"2007021216","","1","0","0","0","0","0","0","0","0","1","0","","02","1","2007","7","","","2131","11","0","0","0","1","1","0","0","0","","0","0","0","","","0","","0","","40 27:16.56","","0","80 10:56.28","0","0","0","0","2214","0","0","0","N","0","0","0","3","68B03","0","","1.0","","1","N","N","","1","","0","0","0","","0","","","2","0","0","0","0","0","0","2","0","2","","","","N","","","","","","","","","",""
"2007021217","","1","0","0","0","0","0","0","0","0","7","0","","02","1","2007","7","","","1734","11","0","0","0","0","1","0","0","0","1","0","0","0","","","1","","0","","40 26:35.52","2","3","80 00:32.04","4","0","0","0","2301","0","0","0","Y","0","0","0","2","68B03","1","","4.0","","1","N","N","","0","","0","0","0","","0","N","","1","1","0","0","0","0","0","2","0","1","","","","N","","","","","","","","","",""
"2007021219","","1","0","0","0","0","0","0","0","0","1","0","","02","1","2007","1","","","1606","11","0","0","0","0","0","2","0","0","","0","0","0","","","0","","0","","40 30:03.60","","0","80 01:28.20","0","0","0","0","2116","0","0","0","N","0","0","0","3","68B03","0","","1.0","","9","N","N","","0","","0","0","1","","0","","","2","0","0","0","0","0","0","2","0","2","","","","N","","","","","","","","","",""
"2007021220","","1","0","0","0","0","0","0","0","0","7","0","","02","1","2007","3","40.4911","-80.01","1837","11","0","0","0","0","0","0","0","0","","0","0","0","","","0","","7","","40 29:27.960","","2","80 00:36.000","0","0","0","0","2301","0","0","0","N","0","0","0","3","68B03","0","","7.0","","2","N","N","","0","","0","0","0","","0","","","1","0","0","0","0","0","0","2","0","1","","","","N","","","","","","","","","",""
"2007021440","","1","0","0","0","0","0","0","0","0","1","0","","02","1","2007","4","40.612778","-80.095339","1922","11","0","0","0","0","0","1","0","0","","0","0","0","","","0","","0","","40 36:46.000","","0","80 05:43.220","0","0","0","0","2481","0","0","0","N","0","0","0","2","68B03","0","","1.0","","1","N","N","","1","","0","0","0","","0","","","2","0","0","0","0","0","0","2","0","2","","","","N","","","","","","","","","",""
"2007021507","","1","0","0","0","0","0","0","0","0","7","0","","02","1","2007","2","40.4877","-79.9127","2026","11","0","0","0","0","0","0","0","0","","0","0","0","","","0","","0","","40 29:15.720","","0","79 54:45.720","0","0","0","0","2112","0","0","0","N","0","0","0","1","68D02","0","","2.0","","9","N","N","","0","","0","0","0","","0","","","1","0","0","0","0","0","0","2","0","1","","","","N","","","","","","","","","",""
"2007021508","","1","0","0","0","0","0","0","0","0","7","0","","02","1","2007","1","40.555556","-79.811278","1646","11","0","1","0","0","0","0","0","0","","0","0","0","","","0","","0","","40 33:20.000","","0","79 48:40.600","0","0","0","0","2208","0","0","0","N","0","0","0","1","68D02","0","","2.0","","2","N","N","","0","","0","0","0","","0","","","1","0","0","0","0","0","0","2","0","1","","","","N","","","","","","","","","",""
"2007021509","","2","0","0","0","0","0","0","0","0","1","0","","02","1","2007","3","40.554444","-79.813566","0730","11","0","0","0","0","0","0","0","0","","0","0","0","","","1","","0","","40 33:16.000","","0","79 48:48.836","8","0","0","0","2208","0","0","0","N","0","0","0","3","68D02","0","","1.0","","1","N","N","","0","","0","0","0","","0","","","2","1","0","0","0","1","0","2","0","2","","","","N","","","","","","","","","",""
"2007021567","","0","0","0","0","0","0","0","0","0","7","0","","02","2","2007","1","40.480927","-79.838528","2239","11","0","0","0","0","0","0","0","0","2","0","0","0","","","1","","0","","40 28:51.337","5","0","79 50:18.700","8","0","0","0","2113","0","0","0","N","0","0","0","1","02113","0","","2.0","","2","N","N","","1","","0","0","0","","0","N","","1","1","0","0","0","1","0","2","0","1","","","","N","","","","","","","","","",""
"2007021570","","0","0","0","0","0","0","0","0","0","6","0","","02","2","2007","5","40.4852","-79.8569","0607","11","0","0","0","0","0","1","0","0","1","0","0","0","","","1","","2","","40 29:06.720","3","0","79 51:24.840","4","0","0","0","2113","0","0","0","Y","0","0","0","2","02113","1","","1.0","","2","N","N","","0","","0","0","2","","2","N","","2","1","0","0","0","0","0","2","0","2","","","","N","","","","","","","","","",""
"2007021630","","1","0","0","0","0","0","0","0","0","7","0","","02","1","2007","6","","","2223","11","0","0","0","0","0","0","0","0","1","0","0","0","","","1","","0","","40 25:06.96","2","0","80 05:19.68","4","0","0","0","2435","0","0","0","N","0","0","0","2","68B03","1","","4.0","","9","N","N","","0","","0","0","0","","0","N","","1","1","0","0","0","0","0","2","0","1","","","","N","","","","","","","","","",""
"2007021631","","2","0","0","0","0","0","0","0","0","1","0","","02","1","2007","6","","","1843","11","0","0","1","0","0","0","0","0","","0","0","0","","","1","","0","","40 24:42.48","","0","80 04:04.44","4","0","0","0","2435","0","0","0","N","0","0","0","4","68B03","1","","1.0","","9","N","N","","0","","0","0","0","","0","","","2","1","0","0","0","0","0","2","0","2","","","","N","","","","","","","","","",""
"2007021644","","2","0","0","0","0","0","0","0","0","1","0","","02","1","2007","5","40.530278","-79.850041","1531","11","0","0","0","1","0","0","0","0","","0","0","0","","","0","","0","","40 31:49.000","","0","79 51:00.148","0","0","0","0","2208","0","0","0","N","0","0","0","4","68D02","0","","1.0","","9","N","N","","0","","0","0","0","","0","","","2","0","0","0","0","0","0","2","0","2","","","","N","","","","","","","","","",""
"2007021645","","1","0","0","0","0","0","0","0","0","1","1","45","02","1","2007","4","40.528611","-79.850954","1421","11","0","0","0","0","0","0","0","0","","0","1","0","","","1","","0","","40 31:43.000","","0","79 51:03.434","4","0","0","0","2208","0","0","0","N","0","0","0","2","68D02","1","","1.0","","1","N","N","","0","","0","0","0","","0","","","2","1","0","0","0","0","0","2","0","2","","","U","Y","4","2","","","Y","Y","","","Y",""
"2007021647","","1","0","0","0","0","0","0","0","0","7","0","","02","1","2007","5","40.490833","-79.876778","0810","11","0","0","0","0","0","0","0","0","","0","0","0","","","0","","0","","40 29:27.000","","0","79 52:36.401","0","0","0","0","2212","0","0","0","N","0","0","0","1","68D02","0","","2.0","","9","N","N","","0","","0","0","0","","0","","","1","0","0","0","0","0","0","2","0","1","","","","N","","","","","","","","","",""
"2007021658","","2","0","0","0","0","0","0","0","0","1","0","","02","2","2007","3","40.360262","-79.990791","0824","11","0","0","0","1","0","0","0","1","","0","0","0","","","0","","0","","40 21:36.943","","0","79 59:26.847","0","0","0","0","2476","0","0","0","N","0","0","0","3","02476","0","","1.0","","1","N","N","","1","","0","0","0","","2","","","3","0","0","0","0","0","0","2","0","3","","","","N","","","","","","","","","",""
"2007021667","","2","0","0","0","0","0","0","0","0","4","0","","02","2","2007","3","40.368056","-79.816714","0836","11","0","0","0","0","0","0","0","0","","0","0","0","","","1","","2","","40 22:05.000","","0","79 49:00.172","4","0","0","0","2111","0","0","0","N","0","0","0","2","02111","1","","1.0","","1","N","N","","0","","0","0","0","","3","","","2","1","0","0","0","0","0","2","0","2","","","","N","","","","","","","","","",""
"2007021694","","1","0","0","0","0","0","0","0","0","1","0","","02","2","2007","5","40.3925","-80.067288","1935","11","0","0","1","0","0","0","0","0","1","0","0","0","","","1","","0","","40 23:33.000","5","0","80 04:02.237","8","0","0","0","2117","0","0","0","N","0","0","0","2","02117","0","","1.0","","1","N","N","","1","","0","0","0","","0","N","","2","1","0","0","0","1","0","2","0","2","","","","N","","","","","","","","","",""
"2007021698","","1","0","0","0","0","0","0","0","0","2","0","","02","2","2007","6","40.421188","-79.799861","2041","11","0","0","0","1","0","0","0","0","1","0","0","0","","","2","","2","","40 25:16.276","7","0","79 47:59.499","4","0","0","0","2446","0","0","0","N","0","0","0","5","02446","2","","1.0","","1","N","N","","0","","0","0","1","","0","N","","2","2","2","0","0","0","0","2","0","2","","","","N","","","","","","","","","",""
"2007021701","","0","0","0","0","0","0","0","0","0","3","0","","02","2","2007","2","40.287656","-80.025203","1140","11","0","0","0","0","0","0","0","0","","0","0","0","","","0","","0","","40 17:15.560","","0","80 01:30.731","0","0","0","0","2219","0","0","0","N","0","0","0","1","02219","0","","1.0","","1","N","N","","0","","0","0","1","","0","","","2","0","0","0","0","0","0","2","1","2","","","","N","","","","","","","","","",""
"2007021702","","0","0","0","0","0","0","0","0","0","7","0","","02","2","2007","2","40.386325","-79.967001","1729","11","0","0","0","0","0","0","0","0","1","0","0","0","","","1","","0","","40 23:10.769","1","0","79 58:01.202","8","0","0","0","2403","0","0","0","N","0","0","0","1","02403","0","","2.0","","1","N","N","","0","","0","0","1","","0","N","","1","1","1","0","0","1","0","2","0","1","","","","N","","","","","","","","","",""
"2007021707","","1","0","0","0","0","0","0","0","0","7","0","","02","2","2007","4","40.5919","-79.8881","0206","11","0","0","0","0","0","0","0","0","1","0","0","0","","","1","","0","","40 35:30.840","4","0","79 53:17.160","4","0","0","0","2209","0","0","0","N","0","0","0","1","02209","1","","5.0","","9","N","N","","0","","0","0","0","","0","N","","1","1","1","0","0","0","0","1","0","1","","","","N","","","","","","","","","",""
"2007021708","","2","0","0","0","0","0","0","0","0","6","0","","02","2","2007","1","40.316058","-80.026825","1945","11","1","0","0","0","0","0","0","0","","0","0","0","","","2","","0","","40 18:57.808","","0","80 01:36.570","4","0","0","0","2407","0","0","0","N","0","0","0","5","02407","2","","1.0","","9","N","N","","0","","0","0","1","","0","","","3","2","2","0","0","0","0","2","0","3","","","","N","","","","","","","","","",""
"2007021780","","1","0","0","0","0","0","0","0","0","7","0","","02","1","2007","6","40.56896","-80.049563","1608","11","0","0","0","0","0","0","0","1","1","0","0","0","","","1","","0","","40 34:08.256","5","0","80 02:58.426","8","0","0","0","2108","0","0","0","Y","0","0","0","1","02108","0","","2.0","","6","N","N","","0","","0","0","0","","0","Y","","1","1","0","0","0","1","0","2","0","1","","","","N","","","","","","","","","",""
"2007021794","","3","0","0","0","0","0","0","0","0","1","0","","02","1","2007","4","","","0858","11","0","0","0","0","0","2","0","0","","0","0","0","","","0","","0","","40 24:57.24","","0","80 05:05.28","0","0","0","0","2415","0","0","0","N","0","0","0","6","68B03","0","","1.0","","1","N","N","","2","","0","0","1","","0","","","6","0","0","0","0","0","0","2","0","6","","","","N","","","","","","","","","",""
"2007021827","","1","0","0","0","0","0","0","0","0","4","0","","02","2","2007","3","40.521667","-80.043671","1903","11","0","0","0","0","0","0","1","0","1","0","0","0","","","0","","2","","40 31:18.000","4","0","80 02:37.214","0","0","0","0","2474","0","0","0","N","0","0","0","2","02474","0","","1.0","","1","N","N","","0","","0","0","1","","3","N","","2","0","0","0","0","0","0","2","0","2","","","","N","","","","","","","","","",""
"2007021841","","0","0","0","0","0","0","0","0","0","1","0","","02","2","2007","4","40.516799","-80.021907","0215","11","0","0","0","0","0","0","0","0","1","0","0","0","","","0","","0","","40 31:00.476","4","0","80 01:18.865","0","0","0","0","2474","0","0","0","N","0","0","0","1","02474","0","","4.0","","1","N","N","","0","","0","0","4","","0","N","","5","0","1","0","0","0","0","2","1","5","","","","N","","","","","","","","","",""
"2007021847","","1","0","0","0","0","0","0","0","0","7","0","","02","2","2007","4","40.393778","-79.792419","0209","11","0","0","0","0","0","0","0","0","","0","0","0","","","0","","0","","40 23:37.600","","0","79 47:32.708","0","0","0","0","2470","0","0","0","N","0","0","0","0","02424","0","","5.0","","1","N","N","","0","","0","0","0","","0","","","1","0","0","0","0","0","0","2","0","1","","","","N","","","","","","","","","",""
"2007021860","","0","0","0","0","0","0","0","0","0","4","0","","02","2","2007","3","40.6118","-79.9247","1331","11","0","0","0","0","0","1","0","0","1","0","0","0","","","1","","0","","40 36:42.480","3","0","79 55:28.920","4","0","0","0","2207","0","0","0","N","0","0","0","2","02207","1","","1.0","","9","N","N","","2","","0","0","0","","0","N","","2","1","0","0","0","0","0","2","0","2","","","","N","","","","","","","","","",""
"2007021881","","3","0","0","0","0","0","0","0","0","5","0","","02","2","2007","3","40.407555","-79.900946","2149","11","0","0","0","0","0","0","0","0","1","0","0","0","","","0","","1","","40 24:27.198","1","0","79 54:03.405","0","0","0","0","2448","0","0","0","N","0","0","0","1","02448","0","","4.0","","1","N","N","","0","","0","0","0","","0","N","","3","0","1","0","0","0","0","2","0","3","","","","N","","","","","","","","","",""
"2007021888","","1","0","0","0","0","0","0","0","0","7","0","","02","2","2007","3","40.312544","-79.947016","2029","11","0","0","0","1","0","0","0","0","1","0","0","0","","","0","","0","","40 18:45.158","4","0","79 56:49.257","0","0","0","0","2440","0","0","0","N","0","0","0","2","02440","0","","4.0","","1","N","N","","0","","0","0","0","","0","N","","1","0","0","0","0","0","0","2","0","1","","","","N","","","","","","","","","",""
"2007021958","","0","0","0","0","0","0","0","0","0","0","0","","02","2","2007","5","40.455988","-79.729924","0947","11","0","0","0","0","0","1","0","0","","0","0","0","","","0","","0","","40 27:21.555","","0","79 43:47.728","0","0","0","0","2466","0","0","0","N","0","0","0","1","02466","0","","5.0","","2","N","N","","0","","0","0","0","","0","","","1","0","0","0","0","0","0","2","0","1","","","","N","","","","","","","","","",""
"2007021963","","0","0","0","0","0","0","0","0","0","7","0","","02","2","2007","1","40.304883","-79.988455","0255","11","0","0","0","0","0","0","0","0","","0","0","0","","","1","","0","","40 18:17.579","","0","79 59:18.438","3","0","0","0","2219","0","0","0","N","0","0","0","3","02219","0","","2.0","","1","N","N","","1","","1","0","0","","0","","","1","1","1","0","0","0","0","2","0","1","","","","N","","","","","","","","","",""
"2007021973","","1","0","0","0","0","0","0","0","0","5","0","","02","2","2007","4","40.660833","-79.933764","1011","11","0","0","0","0","0","2","0","0","1","0","0","0","","","1","","0","","40 39:39.000","1","0","79 56:01.552","3","0","0","0","2217","0","0","0","N","0","0","0","3","02505","0","","1.0","","1","N","N","","1","","1","0","0","","0","Y","","2","1","0","0","0","0","0","2","0","2","","","","N","","","","","","","","","",""
"2007021976","","1","0","0","0","0","0","0","0","0","7","0","","02","2","2007","4","40.325179","-80.064083","1814","11","0","1","0","0","0","0","0","0","2","0","0","0","","","0","","0","","40 19:30.644","3","0","80 03:50.698","0","0","0","0","2123","0","0","0","N","0","0","0","2","02123","0","","2.0","","1","N","N","","0","","0","0","0","","0","N","","1","0","0","0","0","0","0","2","0","1","","","","N","","","","","","","","","",""
"2007021993","","2","0","0","0","0","0","0","0","0","4","0","","02","2","2007","4","40.543956","-79.972347","1512","11","0","0","0","0","0","0","1","0","","0","0","0","","","0","","1","","40 32:38.241","","0","79 58:20.448","0","0","0","0","2118","0","0","0","N","0","0","0","3","02118","0","","1.0","","1","N","N","","0","","0","0","0","","3","","","2","0","0","0","0","0","0","2","0","2","","","","N","","","","","","","","","",""
"2007022003","","1","0","0","0","0","0","0","0","0","1","0","","02","2","2007","6","40.507","-80.2232","1414","11","0","0","0","0","0","0","0","1","","0","0","0","","","0","","0","","40 30:25.200","","7","80 13:23.520","0","0","0","0","2213","0","0","0","N","0","0","0","2","02213","0","","1.0","","1","N","N","","1","","0","0","0","","0","","","2","0","0","0","0","0","0","2","0","2","","","","N","","","","","","","","","",""
"2007022004","","1","0","0","0","0","0","0","0","0","1","0","","02","3","2007","5","40.3698","-80.0109","0745","11","0","0","0","0","0","0","0","0","","0","0","0","","","0","","0","","40 22:11.280","","0","80 00:39.240","0","0","0","0","2416","0","0","0","N","0","0","0","2","02416","0","","1.0","","1","N","N","","0","","0","0","0","","0","","","2","0","0","0","0","0","0","2","1","2","","","","N","","","","","","","","","",""