"CRN","ARRIVAL_TM","AUTOMOBILE_COUNT","BELTED_DEATH_COUNT","BELTED_SUSP_SERIOUS_INJ_COUNT","BICYCLE_COUNT","BICYCLE_DEATH_COUNT","BICYCLE_SUSP_SERIOUS_INJ_COUNT","BUS_COUNT","CHLDPAS_DEATH_COUNT","CHLDPAS_SUSP_SERIOUS_INJ_COUNT","COLLISION_TYPE","COMM_VEH_COUNT","CONS_ZONE_SPD_LIM","COUNTY","CRASH_MONTH","CRASH_YEAR","DAY_OF_WEEK","DEC_LATITUDE","DEC_LONGITUDE","DISPATCH_TM","DISTRICT","DRIVER_COUNT_16YR","DRIVER_COUNT_17YR","DRIVER_COUNT_18YR","DRIVER_COUNT_19YR","DRIVER_COUNT_20YR","DRIVER_COUNT_50_64YR","DRIVER_COUNT_65_74YR","DRIVER_COUNT_75PLUS","EST_HRS_CLOSED","FATAL_COUNT","HEAVY_TRUCK_COUNT","HORSE_BUGGY_COUNT","HOUR_OF_DAY","ILLUMINATION","INJURY_COUNT","INTERSECTION_RELATED","INTERSECT_TYPE","LANE_CLOSED","LATITUDE","LN_CLOSE_DIR","LOCATION_TYPE","LONGITUDE","MAX_SEVERITY_LEVEL","MCYCLE_DEATH_COUNT","MCYCLE_SUSP_SERIOUS_INJ_COUNT","MOTORCYCLE_COUNT","MUNICIPALITY","NONMOTR_COUNT","NONMOTR_DEATH_COUNT","NONMOTR_SUSP_SERIOUS_INJ_COUNT","NTFY_HIWY_MAINT","PED_COUNT","PED_DEATH_COUNT","PED_SUSP_SERIOUS_INJ_COUNT","PERSON_COUNT","POLICE_AGCY","POSSIBLE_INJ_COUNT","RDWY_SURF_TYPE_CD","RELATION_TO_ROAD","ROADWAY_CLEARED","ROAD_CONDITION","SCH_BUS_IND","SCH_ZONE_IND","SECONDARY_CRASH","SMALL_TRUCK_COUNT","SPEC_JURIS_CD","SUSP_MINOR_INJ_COUNT","SUSP_SERIOUS_INJ_COUNT","SUV_COUNT","TCD_FUNC_CD","TCD_TYPE","TFC_DETOUR_IND","TIME_OF_DAY","TOTAL_UNITS","TOT_INJ_COUNT","UNBELTED_OCC_COUNT","UNB_DEATH_COUNT","UNB_SUSP_SERIOUS_INJ_COUNT","UNK_INJ_DEG_COUNT","UNK_INJ_PER_COUNT","URBAN_RURAL","VAN_COUNT","VEHICLE_COUNT","WEATHER1","WEATHER2","WORKERS_PRES","WORK_ZONE_IND","WORK_ZONE_LOC","WORK_ZONE_TYPE","WZ_CLOSE_DETOUR","WZ_FLAGGER","WZ_LAW_OFFCR_IND","WZ_LN_CLOSURE","WZ_MOVING","WZ_OTHER","WZ_SHLDER_MDN","WZ_WORKERS_INJ_KILLED"
"2007022987","","0","0","0","0","0","0","0","0","0","1","0","","02","2","2007","4","40.4412","-80.0312","1459","11","0","0","0","0","0","0","0","0","","0","0","0","","","2","","0","","40 26:28.320","","3","80 01:52.320","4","0","0","0","2301","0","0","0","N","0","0","0","3","02301","2","","1.0","","1","N","N","","1","","0","0","1","","0","","","2","2","3","0","0","0","0","2","0","2","","","","N","","","","","","","","","",""
"2007022988","","1","0","0","0","0","0","0","0","0","7","0","","02","2","2007","4","40.40857","-79.974365","1441","11","0","0","0","0","0","0","0","0","","0","0","0","","","0","","0","","40 24:30.852","","0","79 58:27.714","0","0","0","0","2301","0","0","0","N","0","0","0","2","02301","0","","5.0","","2","N","N","","0","","0","0","0","","0","","","1","0","0","0","0","0","0","2","0","1","","","","N","","","","","","","","","",""
"2007022989","","1","0","0","0","0","0","0","0","0","4","0","","02","2","2007","5","40.404336","-79.975872","1855","11","0","0","0","0","0","1","0","0","1","0","0","0","","","1","","2","","40 24:15.609","3","0","79 58:33.139","4","0","0","0","2301","0","0","0","N","0","0","0","3","02301","1","","1.0","","1","N","N","","0","","0","0","1","","2","N","","2","1","0","0","0","0","0","2","0","2","","","","N","","","","","","","","","",""
"2007023012","","1","0","0","0","0","0","0","0","0","7","0","","02","2","2007","2","40.459151","-79.909963","2200","11","0","0","0","0","0","0","0","0","","0","0","0","","","0","","2","","40 27:32.943","","0","79 54:35.866","0","0","0","0","2301","0","0","0","N","0","0","0","0","02301","0","","4.0","","1","N","N","","0","","0","0","0","","3","","","1","0","0","0","0","0","0","2","0","1","","","","N","","","","","","","","","",""
"2007023013","","1","0","0","0","0","0","0","0","0","7","0","","02","2","2007","5","40.455386","-79.870955","1744","11","0","0","0","0","0","0","0","0","","0","0","0","","","0","","0","","40 27:19.389","","1","79 52:15.438","0","0","0","0","2301","0","0","0","","0","0","0","1","02301","0","","5.0","","1","N","N","","0","","0","0","0","","0","","","1","0","0","0","0","0","0","2","0","1","","","","N","","","","","","","","","",""
"2007023014","","2","0","0","0","0","0","0","0","0","1","0","","02","2","2007","5","40.462239","-79.905569","0905","11","0","0","0","0","0","1","0","0","","0","0","0","","","2","","2","","40 27:44.061","","0","79 54:20.047","4","0","0","0","2301","0","0","0","N","0","0","0","4","02301","2","","1.0","","1","N","N","","0","","0","0","0","","0","","","2","2","0","0","0","0","1","2","0","2","","","","N","","","","","","","","","",""
"2007023119","","0","0","0","0","0","0","0","0","0","4","0","","02","2","2007","5","40.45152","-79.929234","1520","11","0","0","0","0","0","1","0","0","","0","0","0","","","0","","0","","40 27:05.472","","0","79 55:45.242","0","0","0","0","2301","0","0","0","N","0","0","0","1","02301","0","","6.0","","1","N","N","","0","","0","0","2","","0","","","2","0","0","0","0","0","0","2","0","2","","","","N","","","","","","","","","",""
"2007023120","","3","0","0","0","0","0","0","0","0","4","0","","02","2","2007","5","40.487","-79.8942","1823","11","0","1","0","0","0","1","0","0","2","0","0","0","","","0","","0","","40 29:13.200","4","7","79 53:39.120","0","0","0","0","2301","0","0","0","N","0","0","0","5","02301","0","","1.0","","1","N","N","","0","","0","0","0","","1","Y","","3","0","0","0","0","0","0","2","0","3","","","","N","","","","","","","","","",""
"2007023121","","1","0","0","0","0","0","0","0","0","7","0","","02","2","2007","5","40.473916","-80.033173","1933","11","0","0","0","0","0","0","0","0","","0","0","0","","","0","","0","","40 28:26.097","","0","80 01:59.422","0","0","0","0","2301","0","0","0","N","0","0","0","1","02301","0","","2.0","","2","N","N","","0","","0","0","0","","0","","","1","0","0","0","0","0","0","2","0","1","","","","N","","","","","","","","","",""
"2007023122","","0","0","0","0","0","0","0","0","0","4","0","","02","2","2007","4","40.459346","-80.07769","1558","11","0","0","0","0","0","0","0","0","","0","0","0","","","0","","1","","40 27:33.645","","0","80 04:39.684","9","0","0","0","2301","0","0","0","N","0","0","0","3","02301","0","","1.0","","1","N","N","","1","","0","0","1","","3","","","2","0","0","0","0","0","1","2","0","2","","","","N","","","","","","","","","",""
"2007023123","","1","0","0","0","0","0","0","0","0","1","0","","02","2","2007","4","40.446873","-79.954817","1352","11","0","0","0","0","0","0","0","0","","0","0","0","","","0","","1","","40 26:48.742","","0","79 57:17.341","0","0","0","0","2301","0","0","0","N","0","0","0","3","02301","0","","1.0","","1","N","N","","0","","0","0","1","","3","","","3","0","1","0","0","0","0","2","1","3","","","","N","","","","","","","","","",""
"2007023124","","0","0","0","0","0","0","0","0","0","1","0","","02","2","2007","6","40.397064","-79.998809","0634","11","0","0","0","0","0","0","0","0","2","0","0","0","","","1","","0","","40 23:49.431","1","0","79 59:55.711","8","0","0","0","2301","0","0","0","N","0","0","0","2","02301","0","","1.0","","9","N","N","","0","","0","0","1","","0","N","","2","1","0","0","0","1","0","2","1","2","","","","N","","","","","","","","","",""
"2007023125","","0","0","0","0","0","0","0","0","0","1","1","","02","1","2007","4","40.4675","-79.963668","1448","11","0","0","0","0","0","1","0","0","","0","1","0","","","1","","1","","40 28:03.000","","0","79 57:49.205","8","0","0","0","2301","0","0","0","N","0","0","0","3","02301","0","","1.0","","1","N","N","","0","","0","0","0","","0","","","2","1","1","0","0","1","0","2","1","2","","","","N","","","","","","","","","",""
"2007023143","","3","0","0","0","0","0","0","0","0","6","0","","02","2","2007","4","40.454936","-79.931597","0911","11","0","0","0","0","0","0","0","1","","0","0","0","","","0","","2","","40 27:17.769","","0","79 55:53.749","0","0","0","0","2301","0","0","0","N","0","0","0","2","02301","0","","1.0","","2","N","N","","0","","0","0","0","","0","","","3","0","0","0","0","0","0","2","0","3","","","","N","","","","","","","","","",""
"2007023258","","2","0","0","0","0","0","0","0","0","2","0","","02","3","2007","6","40.380833","-79.811895","1714","11","0","0","0","0","0","0","0","0","1","0","0","0","","","2","","1","","40 22:51.000","6","0","79 48:42.822","4","0","0","0","2424","0","0","0","N","0","0","0","2","02424","1","","1.0","","1","N","N","","0","","0","0","0","","2","Y","","2","2","1","0","0","1","0","2","0","2","","","","N","","","","","","","","","",""
"2007023260","","0","0","0","0","0","0","0","0","0","7","0","","02","3","2007","7","40.635","-79.943636","0150","11","0","0","0","0","0","0","0","0","3","0","0","0","","","0","","0","","40 38:06.000","6","0","79 56:37.089","0","0","0","0","2217","0","0","0","N","0","0","0","2","02505","0","","5.0","","2","N","N","","1","","0","0","0","","0","Y","","1","0","0","0","0","0","0","2","0","1","","","","N","","","","","","","","","",""
"2007023270","","1","0","0","0","0","0","0","0","0","6","1","","02","3","2007","5","40.4193","-80.04585","0940","11","0","0","0","0","0","0","0","0","1","0","1","0","","","0","","0","","40 25:09.479","4","0","80 02:45.060","0","0","0","0","2435","0","0","0","N","0","0","0","2","02435","0","","4.0","","1","N","N","","0","","0","0","0","","0","N","","2","0","0","0","0","0","0","2","0","2","","","","N","","","","","","","","","",""
"2007023271","","0","0","0","0","0","0","1","0","0","6","1","","02","3","2007","6","40.494444","-79.946261","1449","11","0","0","0","0","0","0","1","0","","0","1","0","","","1","","0","","40 29:40.000","","0","79 56:46.539","3","0","0","0","2430","0","0","0","N","0","0","0","2","02503","0","","1.0","","1","N","N","","0","","1","0","0","","0","","","2","1","0","0","0","0","0","2","0","2","","","","N","","","","","","","","","",""
"2007023283","","1","0","0","0","0","0","0","0","0","4","0","","02","3","2007","6","40.534167","-80.051413","1625","11","0","0","0","0","0","0","0","1","1","0","0","0","","","0","","0","","40 32:03.000","3","0","80 03:05.087","0","0","0","0","2116","0","0","0","N","0","0","0","2","02116","0","","1.0","","1","N","N","","0","","0","0","0","","0","N","","2","0","2","0","0","0","0","2","1","2","","","","N","","","","","","","","","",""
"2007023294","","1","0","0","0","0","0","0","0","0","4","0","","02","3","2007","5","40.553333","-79.971254","1730","11","1","0","0","0","0","0","0","0","1","0","0","0","","","0","","2","","40 33:12.000","1","0","79 58:16.516","9","0","0","0","2118","0","0","0","N","0","0","0","2","02118","0","","1.0","","1","N","N","","0","","0","0","0","","3","N","","2","0","0","0","0","0","1","2","1","2","","","","N","","","","","","","","","",""
"2007023324","","2","0","0","0","0","0","0","0","0","1","0","","02","3","2007","6","40.620556","-80.054715","1526","11","0","1","0","0","0","0","0","0","","0","0","0","","","0","","2","","40 37:14.000","","0","80 03:16.974","0","0","0","0","2216","0","0","0","N","0","0","0","2","02505","0","","1.0","","1","N","N","","0","","0","0","0","","0","","","2","0","0","0","0","0","0","2","0","2","","","","N","","","","","","","","","",""
"2007023339","","0","0","0","0","0","0","0","0","0","1","0","","02","3","2007","7","40.469722","-79.706346","1158","11","0","0","0","0","0","2","0","0","3","0","0","0","","","2","","0","","40 28:11.000","2","0","79 42:22.844","4","0","0","0","2466","0","0","0","N","0","0","0","5","02466","2","","1.0","","1","N","N","","2","","0","0","1","","0","N","","3","2","0","0","0","0","0","2","0","3","","","","N","","","","","","","","","",""
"2007023345","","1","0","0","0","0","0","0","0","0","5","0","","02","2","2007","3","40.511111","-79.995371","1717","11","0","0","0","0","0","0","0","0","","0","0","0","","","0","","0","","40 30:40.000","","0","79 59:43.334","0","0","0","0","2116","0","0","0","N","0","0","0","4","02116","0","","1.0","","1","N","N","","0","","0","0","2","","0","","","3","0","0","0","0","0","0","2","0","3","","","","N","","","","","","","","","",""
"2007023346","","0","0","0","0","0","0","0","0","0","4","0","","02","3","2007","1","40.321111","-79.942158","0808","11","0","0","0","1","0","0","0","0","","0","0","0","","","0","","1","","40 19:16.000","","0","79 56:31.769","0","0","0","0","2454","0","0","0","N","0","0","0","2","02454","0","","1.0","","1","N","N","","0","","0","0","0","","2","","","2","0","0","0","0","0","0","2","0","2","","","","N","","","","","","","","","",""
"2007023347","","1","0","0","0","0","0","0","0","0","1","0","","02","2","2007","4","40.4303","-79.7098","0719","11","0","1","0","0","0","0","0","0","","0","0","0","","","1","","0","","40 25:49.080","","0","79 42:35.280","4","0","0","0","2446","0","0","0","N","0","0","0","3","02446","1","","1.0","","1","N","N","","0","","0","0","1","","0","","","2","1","0","0","0","0","0","2","0","2","","","","N","","","","","","","","","",""
"2007023353","","1","0","0","0","0","0","0","0","0","1","0","","02","3","2007","7","40.536944","-79.839233","1456","11","0","0","0","0","0","0","1","0","","0","0","0","","","1","","1","","40 32:13.000","","0","79 50:21.237","8","0","0","0","2208","0","0","0","N","0","0","0","4","02208","0","","1.0","","1","N","N","","1","","0","0","0","","4","","","2","1","0","0","0","1","0","2","0","2","","","","N","","","","","","","","","",""
"2007023371","","1","0","0","0","0","0","1","0","0","4","1","","02","3","2007","1","40.470727","-79.924036","1620","11","0","0","0","0","0","1","0","0","1","0","0","0","","","1","","1","","40 28:14.617","1","0","79 55:26.529","4","0","0","0","2301","0","0","0","N","0","0","0","4","02503","1","","1.0","","1","N","Y","","0","","0","0","0","","3","Y","","2","1","0","0","0","0","0","2","0","2","","","","N","","","","","","","","","",""
"2007023373","","2","0","0","0","0","0","0","0","0","1","0","","02","3","2007","1","40.475","-79.767981","1634","11","0","0","1","0","0","1","0","0","","0","0","0","","","0","","2","","40 28:30.000","","0","79 46:04.732","0","0","0","0","2466","0","0","0","N","0","0","0","5","02466","0","","1.0","","1","N","N","","0","","0","0","0","","0","","","2","0","0","0","0","0","0","2","0","2","","","","N","","","","","","","","","",""
"2007023376","","1","0","0","0","0","0","0","0","0","4","0","","02","3","2007","7","","","1743","11","0","0","0","0","0","0","0","0","1","0","0","0","","","1","","0","","","4","7","","8","0","0","0","2446","0","0","0","N","0","0","0","6","02446","0","","1.0","","1","N","N","","0","","0","0","1","","3","N","","2","1","3","0","0","1","0","1","0","2","","","","N","","","","","","","","","",""
"2007023380","","0","0","0","0","0","0","0","0","0","7","0","","02","3","2007","1","40.470501","-80.078674","0405","11","0","0","0","0","0","0","0","0","2","0","0","0","","","0","","0","","40 28:13.802","6","0","80 04:43.226","0","0","0","0","2126","0","0","0","N","0","0","0","1","02126","0","","5.0","","7","N","N","","0","","0","0","1","","0","Y","","1","0","0","0","0","0","0","2","0","1","","","","N","","","","","","","","","",""
"2007023384","","0","0","0","0","0","0","0","0","0","7","0","","02","3","2007","1","40.286667","-79.910801","0331","11","0","0","0","0","0","0","0","0","1","0","0","0","","","2","","0","","40 17:12.000","2","0","79 54:38.882","4","0","0","0","2440","0","0","0","N","0","0","0","2","02440","2","","5.0","","7","N","N","","0","","0","0","1","","0","N","","1","2","1","0","0","0","0","2","0","1","","","","N","","","","","","","","","",""
"2007023385","","2","0","0","0","0","0","0","0","0","1","0","","02","3","2007","6","40.2795","-80.0022","2324","11","0","0","0","0","0","0","0","0","1","0","0","0","","","2","","2","","40 16:46.200","6","0","80 00:07.920","3","0","0","0","2219","0","0","0","N","0","0","0","2","02219","1","","5.0","","1","N","N","","0","","1","0","0","","0","Y","","2","2","0","0","0","0","0","1","0","2","","","","N","","","","","","","","","",""
"2007023386","","1","0","0","0","0","0","0","0","0","7","0","","02","3","2007","7","40.525839","-79.822163","2331","11","0","0","0","0","1","0","0","0","1","0","0","0","","","0","","0","","40 31:33.020","1","0","79 49:19.786","9","0","0","0","2466","0","0","0","N","0","0","0","3","02466","0","","2.0","","2","N","N","","0","","0","0","0","","0","N","","1","0","0","0","0","0","2","2","0","1","","","","N","","","","","","","","","",""
"2007023394","","0","0","0","0","0","0","0","0","0","7","0","","02","3","2007","6","40.669974","-79.951226","0050","11","0","0","0","0","0","0","0","0","2","0","0","0","","","0","","0","","40 40:11.906","4","0","79 57:04.414","0","0","0","0","2217","0","0","0","N","0","0","0","1","02505","0","","5.0","","9","N","N","","1","","0","0","0","","0","N","","1","0","0","0","0","0","0","1","0","1","","","","N","","","","","","","","","",""
"2007023397","","2","0","0","0","0","0","0","0","0","1","0","","02","3","2007","6","40.591111","-79.948095","2114","11","0","0","0","0","0","2","0","0","9","0","0","0","","","2","","1","","40 35:28.000","1","0","79 56:53.143","8","0","0","0","2207","0","0","0","N","0","0","0","3","02207","0","","1.0","","9","N","N","","0","","0","0","0","","2","N","","3","2","0","0","0","2","0","2","1","3","","","","N","","","","","","","","","",""
"2007023399","","0","0","0","0","0","0","0","0","0","1","0","","02","2","2007","4","40.552474","-80.192372","1515","11","0","1","1","0","0","2","0","0","","0","0","0","","","2","","0","","40 33:08.907","","0","80 11:32.539","4","0","0","0","2427","0","0","0","N","0","0","0","8","02427","1","","1.0","","1","N","N","","0","","0","0","4","","0","","","5","2","0","0","0","1","0","2","1","5","","","","N","","","","","","","","","",""
"2007023405","","2","0","0","0","0","0","0","0","0","4","0","","02","3","2007","1","40.3874","-80.055","0855","11","0","0","0","0","0","0","1","0","","0","0","0","","","1","","0","","40 23:14.640","","7","80 03:18.000","8","0","0","0","2117","0","0","0","N","0","0","0","2","02117","0","","1.0","","1","N","N","","0","","0","0","0","","2","","","2","1","0","0","0","1","0","2","0","2","","","","N","","","","","","","","","",""
"2007023410","","2","0","0","0","0","0","0","0","0","1","0","","02","3","2007","2","40.2475","-79.875394","0746","11","0","0","0","0","0","0","0","0","2","0","0","0","","","0","","0","","40 14:51.000","1","0","79 52:31.419","0","0","0","0","2204","0","0","0","N","0","0","0","3","02204","0","","1.0","","1","N","N","","0","","0","0","1","","0","Y","","3","0","0","0","0","0","0","1","0","3","","","","N","","","","","","","","","",""
"2007023426","","0","0","0","0","0","0","0","0","0","0","0","","02","3","2007","1","40.5329","-79.9587","1727","11","1","0","0","0","0","0","0","0","1","0","0","0","","","1","","0","","40 31:58.440","1","0","79 57:31.320","8","0","0","0","2118","0","0","0","N","0","0","0","2","02118","0","","1.0","","1","N","N","","1","","0","0","0","","0","N","","1","1","2","0","0","1","0","2","0","1","","","","N","","","","","","","","","",""
"2007023433","","0","0","0","0","0","0","0","0","0","5","0","","02","3","2007","1","40.5127","-80.031","1455","11","0","0","0","0","0","0","0","0","3","0","0","0","","","1","","0","","40 30:45.720","7","0","80 01:51.600","4","0","0","0","2474","0","0","0","N","0","0","0","2","02474","1","","4.0","","1","N","N","","1","","0","0","1","","0","Y","","2","1","2","0","0","0","0","2","0","2","","","","N","","","","","","","","","",""
"2007023436","","0","0","0","0","0","0","0","0","0","7","0","","02","2","2007","4","40.4719","-80.1992","1245","11","0","0","0","0","0","0","0","0","","0","0","0","","","0","","0","","40 28:18.840","","0","80 11:57.120","0","0","0","0","2213","0","0","0","N","0","0","0","1","02213","0","","4.0","","1","N","N","","0","","0","0","1","","0","","","1","0","0","0","0","0","0","2","0","1","","","","N","","","","","","","","","",""
"2007023437","","2","0","0","0","0","0","0","0","0","4","0","","02","2","2007","4","40.482778","-80.199943","1538","11","0","1","0","0","0","1","0","0","2","0","0","0","","","4","","1","","40 28:58.000","4","2","80 11:59.795","3","0","0","0","2213","0","0","0","N","0","0","0","6","02213","1","","1.0","","1","N","N","","0","","1","0","0","","3","Y","","2","4","1","0","0","2","0","2","0","2","","","","N","","","","","","","","","",""
"2007023438","","1","0","0","0","0","0","0","0","0","8","0","","02","2","2007","6","40.319528","-80.02695","0652","11","0","0","0","0","0","0","0","1","3","0","0","0","","","1","","2","","40 19:10.301","1","0","80 01:37.019","2","0","0","0","2407","1","0","1","N","1","0","1","2","02407","0","","1.0","","9","N","N","","0","","0","1","0","","2","Y","","2","1","1","0","0","0","0","2","0","1","","","","N","","","","","","","","","",""
"2007023439","","1","0","0","0","0","0","0","0","0","4","0","","02","3","2007","6","40.343092","-80.024423","1619","11","0","0","0","0","0","0","1","0","","0","0","0","","","0","","2","","40 20:35.131","","0","80 01:27.922","0","0","0","0","2407","0","0","0","N","0","0","0","2","02407","0","","1.0","","1","N","N","","1","","0","0","0","","0","","","2","0","0","0","0","0","0","2","0","2","","","","N","","","","","","","","","",""
"2007023440","","1","0","0","0","0","0","0","0","0","4","0","","02","2","2007","7","40.313584","-80.067014","1024","11","0","0","0","0","0","1","0","1","1","0","0","0","","","1","","2","","40 18:48.903","6","0","80 04:01.250","4","0","0","0","2407","0","0","0","N","0","0","0","2","02407","1","","1.0","","1","N","N","","0","","0","0","1","","2","N","","2","1","0","0","0","0","0","2","0","2","","","","N","","","","","","","","","",""
"2007023510","","0","0","0","0","0","0","0","0","0","8","0","","02","3","2007","2","40.380833","-79.811735","1708","11","0","0","0","0","0","0","0","0","","0","0","0","","","1","","0","","40 22:51.000","","7","79 48:42.247","4","0","0","0","2424","1","0","0","N","1","0","0","2","02424","1","","6.0","","1","N","N","","1","","0","0","0","","0","","","2","1","0","0","0","0","0","2","0","1","","","","N","","","","","","","","","",""
"2007023522","","1","0","0","0","0","0","0","0","0","7","0","","02","3","2007","2","40.50455","-80.068806","1626","11","0","0","0","0","0","0","1","0","","0","0","0","","","0","","0","","40 30:16.379","","0","80 04:07.702","0","0","0","0","2402","0","0","0","N","0","0","0","1","02402","0","","2.0","","9","N","N","","0","","0","0","0","","0","","","1","0","0","0","0","0","0","2","0","1","","","","N","","","","","","","","","",""
"2007023532","","1","0","0","0","0","0","0","0","0","4","0","","02","3","2007","2","40.37689","-80.068012","1647","11","0","0","0","0","0","0","0","0","1","0","0","0","","","1","","0","","40 22:36.804","2","7","80 04:04.844","8","0","0","0","2117","0","0","0","N","0","0","0","2","02117","0","","1.0","","1","N","N","","0","","0","0","0","","0","N","","2","1","0","0","0","1","0","2","0","2","","","","N","","","","","","","","","",""
"2007023561","","1","0","0","0","0","0","0","0","0","4","0","","02","3","2007","2","40.270766","-79.889219","2054","11","0","0","0","0","0","0","0","0","","0","0","0","","","0","","1","","40 16:14.756","","0","79 53:21.189","0","0","0","0","2428","0","0","0","N","0","0","0","2","02428","0","","1.0","","1","N","N","","0","","0","0","1","","3","","","2","0","0","0","0","0","0","2","0","2","","","","N","","","","","","","","","",""
"2007023574","","1","0","0","0","0","0","0","0","0","1","0","","02","3","2007","7","40.431944","-79.801295","1057","11","0","0","0","0","0","0","0","0","","0","0","0","","","2","","0","","40 25:55.000","","3","79 48:04.663","4","0","0","0","2446","0","0","0","N","0","0","0","3","02446","2","","1.0","","1","N","N","","0","","0","0","0","","0","","","2","2","0","0","0","0","0","2","1","2","","","","N","","","","","","","","","",""
"2007023576","","2","0","0","0","0","0","0","0","0","1","0","","02","3","2007","6","40.633333","-80.059475","1240","11","0","0","0","0","0","1","1","0","1","0","0","0","","","0","","2","","40 38:00.000","1","0","80 03:34.111","0","0","0","0","2216","0","0","0","N","0","0","0","2","02505","0","","1.0","","1","N","N","","0","","0","0","0","","2","N","","2","0","1","0","0","0","0","2","0","2","","","","N","","","","","","","","","",""
"2007023577","","1","0","0","0","0","0","0","0","0","1","0","","02","3","2007","2","40.538","-79.834","1401","11","0","0","0","0","0","1","0","0","1","0","0","0","","","0","","0","","40 32:16.800","2","0","79 50:02.400","0","0","0","0","2208","0","0","0","N","0","0","0","4","02208","0","","1.0","","1","N","N","","1","","0","0","0","","0","N","","3","0","0","0","0","0","0","2","1","3","","","","N","","","","","","","","","",""
"2007023583","","1","0","0","0","0","0","0","0","0","6","0","","02","3","2007","3","40.4322","-79.7306","0954","11","0","0","0","0","0","1","1","0","1","0","0","0","","","3","","0","","40 25:55.920","3","0","79 43:50.160","8","0","0","0","2446","0","0","0","N","0","0","0","3","02446","0","","1.0","","1","N","N","","0","","0","0","1","","0","Y","","2","3","0","0","0","3","0","2","0","2","","","","N","","","","","","","","","",""
"2007023587","","2","0","0","0","0","0","0","0","0","4","0","","02","3","2007","3","40.651944","-80.054866","1026","11","0","0","0","0","0","0","0","0","","0","0","0","","","0","","1","","40 39:07.000","","0","80 03:17.517","0","0","0","0","2216","0","0","0","N","0","0","0","3","02505","0","","1.0","","1","N","N","","0","","0","0","0","","3","","","2","0","0","0","0","0","0","2","0","2","","","","N","","","","","","","","","",""
"2007023603","","0","0","0","0","0","0","0","0","0","1","0","","02","3","2007","7","40.53207","-79.978681","1735","11","0","0","0","0","0","0","0","0","1","0","0","0","","","1","","2","","40 31:55.452","4","0","79 58:43.251","8","0","0","0","2118","0","0","0","N","0","0","0","3","02118","0","","1.0","","1","N","N","","0","","0","0","2","","0","N","","2","1","0","0","0","1","0","2","0","2","","","","N","","","","","","","","","",""
"2007023607","","2","0","0","0","0","0","0","0","0","1","0","","02","3","2007","3","40.4962","-79.9625","1509","11","0","0","0","0","0","1","0","0","","0","0","0","","","0","","0","","40 29:46.320","","0","79 57:45.000","0","0","0","0","2404","0","0","0","N","0","0","0","2","02404","0","","1.0","","1","Y","N","","0","","0","0","0","","0","","","2","0","0","0","0","0","0","2","0","2","","","","N","","","","","","","","","",""
"2007023612","","1","0","0","0","0","0","0","0","0","7","0","","02","2","2007","3","40.514555","-80.217621","0202","11","0","0","0","0","0","0","0","0","","0","0","0","","","1","","0","","40 30:52.398","","0","80 13:03.437","4","0","0","0","2213","0","0","0","Y","0","0","0","1","02213","1","","4.0","","1","N","N","","0","","0","0","0","","0","","","1","1","1","0","0","0","0","2","0","1","","","","N","","","","","","","","","",""
"2007023613","","1","0","0","0","0","0","0","0","0","7","0","","02","2","2007","1","40.516667","-80.221347","1819","11","0","0","0","0","1","0","0","0","2","0","0","0","","","0","","1","","40 31:00.000","2","0","80 13:16.848","0","0","0","0","2213","0","0","0","N","0","0","0","1","02213","0","","2.0","","1","N","N","","0","","0","0","0","","2","N","","1","0","0","0","0","0","0","2","0","1","","","","N","","","","","","","","","",""
"2007023659","","1","0","0","0","0","0","0","0","0","7","0","","02","3","2007","3","40.398523","-79.903765","1832","11","0","0","0","0","0","0","0","0","4","0","0","0","","","1","","0","","40 23:54.681","5","0","79 54:13.553","3","0","0","0","2448","0","0","0","N","0","0","0","1","02448","0","","5.0","","1","N","N","","0","","1","0","0","","0","Y","","1","1","1","0","0","0","0","2","0","1","","","","N","","","","","","","","","",""
"2007023685","","0","0","0","0","0","0","0","0","0","0","1","","02","2","2007","4","40.4757","-79.8485","0825","11","0","0","0","0","0","0","0","0","","0","1","0","","","0","","0","","40 28:32.520","","0","79 50:54.600","0","0","0","0","2113","0","0","0","N","0","0","0","2","02113","0","","1.0","","9","N","N","","0","","0","0","0","","0","","","2","0","0","0","0","0","0","2","1","2","","","","N","","","","","","","","","",""
"2007023690","","1","0","0","0","0","0","0","0","0","7","0","","02","3","2007","7","40.4833","-80.2889","0419","11","0","0","0","0","0","0","0","0","2","0","0","0","","","1","","0","","40 28:59.880","3","0","80 17:20.040","8","0","0","0","2203","0","0","0","N","0","0","0","1","02203","0","","2.0","","1","N","N","","0","","0","0","0","","0","N","","1","1","1","0","0","1","0","1","0","1","","","","N","","","","","","","","","",""
"2007023691","","3","0","0","0","0","0","0","0","0","2","0","","02","3","2007","3","40.404411","-79.900633","2349","11","0","0","0","0","0","0","0","1","2","0","0","0","","","0","","0","","40 24:15.880","5","0","79 54:02.277","0","0","0","0","2448","0","0","0","N","0","0","0","1","02448","0","","6.0","","1","N","N","","0","","0","0","0","","0","Y","","3","0","0","0","0","0","0","2","0","3","","","","N","","","","","","","","","",""
"2007023693","","0","0","0","0","0","0","0","0","0","7","0","","02","3","2007","3","40.423263","-79.772647","0109","11","0","0","0","0","0","0","0","0","","0","0","0","","","2","","0","","40 25:23.748","","0","79 46:21.529","3","0","0","0","2446","0","0","0","N","0","0","0","3","02446","1","","2.0","","9","N","N","","0","","1","0","1","","0","","","1","2","3","0","0","0","0","2","0","1","","","","N","","","","","","","","","",""