"CRN","ARRIVAL_TM","AUTOMOBILE_COUNT","BELTED_DEATH_COUNT","BELTED_SUSP_SERIOUS_INJ_COUNT","BICYCLE_COUNT","BICYCLE_DEATH_COUNT","BICYCLE_SUSP_SERIOUS_INJ_COUNT","BUS_COUNT","CHLDPAS_DEATH_COUNT","CHLDPAS_SUSP_SERIOUS_INJ_COUNT","COLLISION_TYPE","COMM_VEH_COUNT","CONS_ZONE_SPD_LIM","COUNTY","CRASH_MONTH","CRASH_YEAR","DAY_OF_WEEK","DEC_LATITUDE","DEC_LONGITUDE","DISPATCH_TM","DISTRICT","DRIVER_COUNT_16YR","DRIVER_COUNT_17YR","DRIVER_COUNT_18YR","DRIVER_COUNT_19YR","DRIVER_COUNT_20YR","DRIVER_COUNT_50_64YR","DRIVER_COUNT_65_74YR","DRIVER_COUNT_75PLUS","EST_HRS_CLOSED","FATAL_COUNT","HEAVY_TRUCK_COUNT","HORSE_BUGGY_COUNT","HOUR_OF_DAY","ILLUMINATION","INJURY_COUNT","INTERSECTION_RELATED","INTERSECT_TYPE","LANE_CLOSED","LATITUDE","LN_CLOSE_DIR","LOCATION_TYPE","LONGITUDE","MAX_SEVERITY_LEVEL","MCYCLE_DEATH_COUNT","MCYCLE_SUSP_SERIOUS_INJ_COUNT","MOTORCYCLE_COUNT","MUNICIPALITY","NONMOTR_COUNT","NONMOTR_DEATH_COUNT","NONMOTR_SUSP_SERIOUS_INJ_COUNT","NTFY_HIWY_MAINT","PED_COUNT","PED_DEATH_COUNT","PED_SUSP_SERIOUS_INJ_COUNT","PERSON_COUNT","POLICE_AGCY","POSSIBLE_INJ_COUNT","RDWY_SURF_TYPE_CD","RELATION_TO_ROAD","ROADWAY_CLEARED","ROAD_CONDITION","SCH_BUS_IND","SCH_ZONE_IND","SECONDARY_CRASH","SMALL_TRUCK_COUNT","SPEC_JURIS_CD","SUSP_MINOR_INJ_COUNT","SUSP_SERIOUS_INJ_COUNT","SUV_COUNT","TCD_FUNC_CD","TCD_TYPE","TFC_DETOUR_IND","TIME_OF_DAY","TOTAL_UNITS","TOT_INJ_COUNT","UNBELTED_OCC_COUNT","UNB_DEATH_COUNT","UNB_SUSP_SERIOUS_INJ_COUNT","UNK_INJ_DEG_COUNT","UNK_INJ_PER_COUNT","URBAN_RURAL","VAN_COUNT","VEHICLE_COUNT","WEATHER1","WEATHER2","WORKERS_PRES","WORK_ZONE_IND","WORK_ZONE_LOC","WORK_ZONE_TYPE","WZ_CLOSE_DETOUR","WZ_FLAGGER","WZ_LAW_OFFCR_IND","WZ_LN_CLOSURE","WZ_MOVING","WZ_OTHER","WZ_SHLDER_MDN","WZ_WORKERS_INJ_KILLED"
"2007026015","","2","0","0","0","0","0","0","0","0","4","0","","02","2","2007","1","40.470278","-79.908673","1323","11","0","0","0","0","0","0","1","0","","0","0","0","","","1","","1","","40 28:13.000","","0","79 54:31.222","8","0","0","0","2301","0","0","0","N","0","0","0","4","02301","0","","1.0","","1","N","N","","0","","0","0","0","","2","","","2","1","0","0","0","1","0","2","0","2","","","","N","","","","","","","","","",""
"2007026016","","2","0","0","0","0","0","0","0","0","2","0","","02","2","2007","6","40.45844","-79.908207","0905","11","0","0","0","0","0","0","0","0","1","0","0","0","","","0","","0","","40 27:30.385","2","0","79 54:29.545","0","0","0","0","2301","0","0","0","N","0","0","0","3","02301","0","","1.0","","9","N","N","","0","","0","0","0","","0","N","","2","0","0","0","0","0","0","2","0","2","","","","N","","","","","","","","","",""
"2007026023","","1","0","0","0","0","0","0","0","0","7","0","","02","2","2007","7","40.452222","-80.028359","0049","11","0","0","0","0","0","0","0","0","","0","0","0","","","1","","3","","40 27:08.000","","0","80 01:42.093","4","0","0","0","2301","0","0","0","N","0","0","0","2","02301","1","","3.0","","1","N","N","","0","","0","0","0","","0","","","1","1","0","0","0","0","1","2","0","1","","","","N","","","","","","","","","",""
"2007026037","","1","0","0","0","0","0","0","0","0","7","0","","02","1","2007","1","40.5408","-79.8228","1625","11","0","0","0","0","0","0","0","0","","0","0","0","","","2","","0","","40 32:26.880","","3","79 49:22.080","4","0","0","0","2208","0","0","0","N","0","0","0","2","68T02","2","","4.0","","2","N","N","","0","","0","0","0","","0","","","1","2","0","0","0","0","0","2","0","1","","","","N","","","","","","","","","",""
"2007026074","","1","0","0","0","0","0","0","0","0","7","0","","02","2","2007","4","","","0412","11","0","0","0","0","0","0","0","0","1","0","0","0","","","0","","0","","","4","0","","0","0","0","0","2301","0","0","0","N","0","0","0","1","02301","0","","7.0","","2","N","N","","0","","0","0","0","","0","N","","1","0","0","0","0","0","0","1","0","1","","05","","N","","","","","","","","","",""
"2007026076","","1","0","0","0","0","0","0","0","0","7","0","","02","2","2007","4","","","0615","11","0","0","0","0","0","0","0","0","","0","0","0","","","0","","0","","","","0","","0","0","0","0","2301","0","0","0","N","0","0","0","1","02301","0","","5.0","","2","N","N","","0","","0","0","0","","0","","","1","0","0","0","0","0","0","1","0","1","","","","N","","","","","","","","","",""
"2007026077","","1","0","0","1","0","0","0","0","0","8","0","","02","2","2007","4","40.439167","-79.960229","1834","11","0","0","0","0","1","0","0","0","","0","0","0","","","0","","2","","40 26:21.000","","0","79 57:36.826","0","0","0","0","2301","1","0","0","N","0","0","0","2","02301","0","","1.0","","1","N","N","","0","","0","0","0","","3","","","2","0","0","0","0","0","0","2","0","1","","","","N","","","","","","","","","",""
"2007026156","","1","0","0","0","0","0","0","0","0","8","0","","02","2","2007","6","40.494444","-79.933721","1701","11","0","0","0","0","0","1","0","0","1","0","0","0","","","1","","2","","40 29:40.000","4","0","79 56:01.397","3","0","0","0","2461","1","0","0","N","1","0","0","2","02461","0","","1.0","","6","N","N","","0","","1","0","0","","0","N","","2","1","0","0","0","0","0","2","0","1","","","","N","","","","","","","","","",""
"2007026164","","2","0","0","0","0","0","0","0","0","4","0","","02","2","2007","5","40.441667","-80.239486","1852","11","0","0","0","0","0","0","0","0","","0","0","0","","","1","","1","","40 26:30.000","","0","80 14:22.151","4","0","0","0","2214","0","0","0","N","0","0","0","2","02214","1","","1.0","","1","N","N","","0","","0","0","0","","2","","","2","1","0","0","0","0","0","2","0","2","","","","N","","","","","","","","","",""
"2007026165","","2","0","0","0","0","0","0","0","0","4","0","","02","2","2007","7","40.424722","-80.191782","1826","11","0","0","0","1","0","0","0","0","","0","0","0","","","0","","2","","40 25:29.000","","0","80 11:30.414","0","0","0","0","2214","0","0","0","N","0","0","0","2","02214","0","","1.0","","1","N","N","","0","","0","0","0","","0","","","2","0","0","0","0","0","0","1","0","2","","","","N","","","","","","","","","",""
"2007026166","","0","0","0","0","0","0","0","0","0","4","0","","02","2","2007","3","40.441389","-80.193295","1051","11","0","0","1","1","0","0","0","0","","0","0","0","","","1","","2","","40 26:29.000","","0","80 11:35.862","4","0","0","0","2214","0","0","0","N","0","0","0","2","02214","1","","1.0","","7","N","N","","1","","0","0","1","","3","","","2","1","0","0","0","0","0","2","0","2","","","","N","","","","","","","","","",""
"2007026199","","2","0","0","0","0","0","0","0","0","4","0","","02","2","2007","6","40.598889","-80.047873","1533","11","0","0","0","1","0","0","1","0","","0","0","0","","","2","","0","","40 35:56.000","","0","80 02:52.341","3","0","0","0","2108","0","0","0","N","0","0","0","3","02108","1","","1.0","","1","N","N","","0","","1","0","0","","0","","","2","2","0","0","0","0","0","2","0","2","","","","N","","","","","","","","","",""
"2007026215","","1","0","0","0","0","0","0","0","0","1","1","","02","1","2007","6","40.5293","-79.8215","0506","11","0","0","0","0","0","1","0","0","","0","1","0","","","0","","0","","40 31:45.480","","0","79 49:17.400","0","0","0","0","2466","0","0","0","N","0","0","0","2","68T02","0","","1.0","","9","N","N","","0","","0","0","0","","0","","","2","0","0","0","0","0","0","1","0","2","","","","N","","","","","","","","","",""
"2007026233","","3","0","0","0","0","0","0","0","0","2","0","","02","2","2007","1","40.34277","-79.853493","0142","11","0","0","0","0","0","0","0","0","1","0","0","0","","","0","","0","","40 20:33.971","6","0","79 51:12.575","9","0","0","0","2304","0","0","0","N","0","0","0","1","02213","0","","6.0","","1","N","N","","0","","0","0","0","","3","N","","3","0","0","0","0","0","1","2","0","3","","","","N","","","","","","","","","",""
"2007026239","","0","0","0","0","0","0","0","0","0","7","0","","02","2","2007","7","40.571944","-80.023504","0751","11","0","1","0","0","0","0","0","0","1","0","0","0","","","1","","1","","40 34:19.000","1","0","80 01:24.616","4","0","0","0","2108","0","0","0","N","0","0","0","1","02108","1","","4.0","","2","N","N","","0","","0","0","1","","2","N","","1","1","0","0","0","0","0","2","0","1","","","","N","","","","","","","","","",""
"2007026240","","0","0","0","0","0","0","0","0","0","1","0","","02","2","2007","2","40.559836","-80.01446","1308","11","0","0","0","0","0","0","0","0","1","0","0","0","","","0","","1","","40 33:35.408","2","0","80 00:52.055","0","0","0","0","2108","0","0","0","N","0","0","0","2","02108","0","","1.0","","1","N","N","","2","","0","0","0","","0","N","","2","0","0","0","0","0","0","2","0","2","","","","N","","","","","","","","","",""
"2007026241","","1","0","0","0","0","0","0","0","0","7","0","","02","2","2007","3","40.571944","-80.023504","0723","11","0","0","0","0","0","0","0","0","1","0","0","0","","","1","","1","","40 34:19.000","2","0","80 01:24.616","8","0","0","0","2108","0","0","0","N","0","0","0","1","02108","0","","3.0","","7","N","N","","0","","0","0","0","","2","N","","1","1","0","0","0","1","0","2","0","1","","","","N","","","","","","","","","",""
"2007026242","","0","0","0","0","0","0","0","0","0","7","0","","02","2","2007","5","40.573056","-79.99433","0435","11","0","0","0","0","0","1","0","0","1","0","0","0","","","0","","2","","40 34:23.000","4","0","79 59:39.587","0","0","0","0","2108","0","0","0","N","0","0","0","1","02108","0","","5.0","","2","N","N","","0","","0","0","1","","0","Y","","1","0","0","0","0","0","0","2","0","1","","","","N","","","","","","","","","",""
"2007026245","","2","0","0","0","0","0","0","0","0","4","0","","02","2","2007","3","40.379858","-80.035942","1002","11","0","0","0","0","0","1","0","1","1","0","0","0","","","0","","1","","40 22:47.488","2","0","80 02:09.391","0","0","0","0","2109","0","0","0","N","0","0","0","2","02109","0","","1.0","","1","N","N","","0","","0","0","0","","3","N","","2","0","0","0","0","0","0","2","0","2","","","","N","","","","","","","","","",""
"2007026334","","1","0","0","0","0","0","0","0","0","4","0","","02","1","2007","2","","","0938","11","0","0","0","0","0","0","0","0","","0","0","0","","","1","","0","","40 25:12.00","","0","80 03:02.16","4","0","0","0","2435","0","0","0","Y","0","0","0","3","68B03","1","","1.0","","1","N","N","","1","","0","0","0","","0","","","2","1","0","0","0","0","0","2","0","2","","","","N","","","","","","","","","",""
"2007026335","","1","0","0","0","0","0","0","0","0","7","0","","02","1","2007","6","40.518333","-80.132824","0748","11","0","0","0","0","0","1","0","0","2","0","0","0","","","1","","0","","40 31:06.000","1","0","80 07:58.165","4","0","0","0","2123","0","0","0","Y","0","0","0","1","68B03","1","","2.0","","2","N","N","","0","","0","0","0","","0","N","","1","1","0","0","0","0","0","2","0","1","","","","N","","","","","","","","","",""
"2007026336","","0","0","0","0","0","0","0","0","0","7","0","","02","1","2007","3","40.436667","-80.211687","0753","11","0","0","0","0","0","0","0","0","","0","0","0","","","0","","0","","40 26:12.000","","0","80 12:42.073","0","0","0","0","2214","0","0","0","N","0","0","0","2","68B03","0","","3.0","","9","N","N","","0","","0","0","1","","0","","","1","0","0","0","0","0","0","2","0","1","","","","N","","","","","","","","","",""
"2007026339","","1","0","0","0","0","0","0","0","0","1","0","","02","1","2007","6","","","0635","11","0","0","0","0","0","1","0","0","","0","0","0","","","0","","0","","40 26:12.12","","0","80 00:03.60","0","0","0","0","2301","0","0","0","N","0","0","0","2","68B03","0","","1.0","","1","N","N","","0","","0","0","1","","0","","","2","0","0","0","0","0","0","2","0","2","","","","N","","","","","","","","","",""
"2007026340","","1","0","0","0","0","0","0","0","0","7","0","","02","2","2007","7","","","0616","11","0","0","0","0","0","0","0","0","1","0","0","0","","","0","","0","","40 27:07.20","4","0","80 10:17.76","0","0","0","0","2115","0","0","0","N","0","0","0","1","68B03","0","","3.0","","1","N","N","","0","","0","0","0","","0","N","","1","0","0","0","0","0","0","2","0","1","","","","N","","","","","","","","","",""
"2007026462","","1","0","0","0","0","0","0","0","0","1","0","","02","1","2007","5","","","0830","11","0","0","0","0","0","0","0","0","","0","0","0","","","0","","0","","","","0","","0","0","0","0","2115","0","0","0","N","0","0","0","2","68B03","0","","1.0","","1","N","N","","0","","0","0","0","","0","","","2","0","0","0","0","0","0","1","1","2","","","","N","","","","","","","","","",""
"2007026481","","1","0","0","0","0","0","0","0","0","1","0","","02","2","2007","4","40.46","-79.842653","0821","11","0","0","0","0","0","0","0","0","","0","0","0","","","0","","1","","40 27:36.000","","0","79 50:33.549","0","0","0","0","2113","0","0","0","N","0","0","0","2","02113","0","","1.0","","7","N","N","","0","","0","0","1","","2","","","2","0","0","0","0","0","0","2","0","2","","","","N","","","","","","","","","",""
"2007026482","","2","0","0","0","0","0","0","0","0","5","0","","02","2","2007","7","40.4524","-79.7955","2248","11","0","0","0","0","0","0","0","0","","0","0","0","","","0","","0","","40 27:08.640","","0","79 47:43.800","0","0","0","0","2113","0","0","0","N","0","0","0","3","02113","0","","1.0","","2","N","N","","0","","0","0","0","","0","","","2","0","0","0","0","0","0","2","0","2","","","","N","","","","","","","","","",""
"2007026483","","0","0","0","0","0","0","0","0","0","1","0","","02","2","2007","6","40.478193","-79.784677","1638","11","0","0","0","0","0","1","0","0","1","0","1","0","","","1","","0","","40 28:41.494","2","0","79 47:04.837","4","0","0","0","2113","0","0","0","N","0","0","0","3","02113","1","","1.0","","9","N","N","","1","","0","0","0","","0","Y","","2","1","0","0","0","0","0","2","0","2","","","","N","","","","","","","","","",""
"2007026491","","1","0","0","0","0","0","0","0","0","7","0","","02","2","2007","3","40.470384","-79.81848","1703","11","0","0","0","0","0","1","0","0","","0","0","0","","","0","","0","","40 28:13.382","","0","79 49:06.528","0","0","0","0","2113","0","0","0","N","0","0","0","1","02113","0","","4.0","","7","N","N","","0","","0","0","0","","0","","","1","0","0","0","0","0","0","2","0","1","","","","N","","","","","","","","","",""
"2007026492","","1","0","0","0","0","0","0","0","0","7","0","","02","2","2007","5","","","0903","11","0","0","0","1","0","0","0","0","9","0","0","0","","","1","","0","","","6","0","","4","0","0","0","2113","0","0","0","N","0","0","0","1","02113","1","","2.0","","2","N","N","","0","","0","0","0","","0","N","","1","1","0","0","0","0","0","1","0","1","","","","N","","","","","","","","","",""
"2007026493","","1","0","0","0","0","0","0","0","0","7","0","","02","2","2007","7","40.477222","-79.79932","0115","11","0","0","0","0","0","0","0","0","","0","0","0","","","0","","0","","40 28:38.000","","0","79 47:57.552","0","0","0","0","2113","0","0","0","N","0","0","0","1","02113","0","","3.0","","2","N","N","","0","","0","0","0","","0","","","1","0","0","0","0","0","0","2","0","1","","","","N","","","","","","","","","",""
"2007026494","","2","0","0","0","0","0","0","0","0","1","0","","02","2","2007","7","40.4775","-79.844424","1931","11","0","0","0","0","0","0","0","0","1","0","0","0","","","0","","0","","40 28:39.000","1","0","79 50:39.927","0","0","0","0","2113","0","0","0","N","0","0","0","2","02113","0","","1.0","","9","N","N","","0","","0","0","0","","0","N","","2","0","0","0","0","0","0","2","0","2","","","","N","","","","","","","","","",""
"2007026495","","1","0","0","0","0","0","0","0","0","7","0","","02","2","2007","1","40.468054","-79.881691","1539","11","0","0","0","0","0","0","0","0","2","0","0","0","","","1","","0","","40 28:04.994","6","0","79 52:54.087","3","0","0","0","2113","0","0","0","N","0","0","0","1","02113","0","","5.0","","1","N","N","","0","","1","0","0","","0","Y","","1","1","1","0","0","0","0","2","0","1","","","","N","","","","","","","","","",""
"2007026498","","0","0","0","0","0","0","0","0","0","0","0","","02","2","2007","1","40.457892","-79.844521","0759","11","0","0","0","0","0","0","0","0","","0","0","0","","","0","","0","","40 27:28.411","","0","79 50:40.275","0","0","0","0","2113","0","0","0","N","0","0","0","1","02113","0","","4.0","","2","N","N","","1","","0","0","0","","0","","","1","0","0","0","0","0","0","2","0","1","","","","N","","","","","","","","","",""
"2007026499","","1","0","0","0","0","0","0","0","0","1","0","","02","2","2007","5","40.513702","-79.804077","1712","11","0","0","0","0","0","0","0","0","","0","0","0","","","1","","2","","40 30:49.327","","0","79 48:14.678","4","0","0","0","2113","0","0","0","N","0","0","0","2","02113","1","","1.0","","9","N","N","","1","","0","0","0","","0","","","2","1","0","0","0","0","0","2","0","2","","","","N","","","","","","","","","",""
"2007026500","","0","0","0","0","0","0","0","0","0","7","0","","02","1","2007","7","40.4999","-79.8433","0103","11","0","0","0","0","0","0","0","0","1","0","0","0","","","1","","0","","40 29:59.640","6","0","79 50:35.880","3","0","0","0","2113","0","0","0","N","0","0","0","1","02113","0","","5.0","","9","N","N","","0","","1","0","1","","0","N","","1","1","1","0","0","0","0","2","0","1","","","","N","","","","","","","","","",""
"2007026501","","1","0","0","0","0","0","0","0","0","7","0","","02","2","2007","3","40.495278","-79.80688","0858","11","0","0","0","0","0","0","0","0","","0","0","0","","","1","","0","","40 29:43.000","","0","79 48:24.767","4","0","0","0","2113","0","0","0","N","0","0","0","3","02113","1","","5.0","","7","N","N","","0","","0","0","0","","0","","","1","1","0","0","0","0","0","2","0","1","","","","N","","","","","","","","","",""
"2007026502","","0","0","0","0","0","0","0","0","0","0","0","","02","2","2007","3","40.449827","-79.827647","1705","11","0","0","0","1","0","0","0","0","1","0","0","0","","","1","","0","","40 26:59.377","7","0","79 49:39.529","4","0","0","0","2113","0","0","0","N","0","0","0","1","02113","1","","4.0","","2","N","N","","0","","0","0","1","","0","Y","","1","1","0","0","0","0","0","2","0","1","","","","N","","","","","","","","","",""
"2007026503","","1","0","0","0","0","0","0","0","0","7","0","","02","2","2007","3","40.487724","-79.837111","1742","11","0","0","0","0","0","0","0","0","1","0","0","0","","","1","","2","","40 29:15.806","4","0","79 50:13.599","8","0","0","0","2113","0","0","0","N","0","0","0","4","02113","0","","4.0","","6","N","N","","0","","0","0","0","","0","N","","1","1","4","0","0","1","0","2","0","1","","","","N","","","","","","","","","",""
"2007026505","","1","0","0","0","0","0","0","0","0","4","0","","02","2","2007","2","40.447766","-79.812636","0854","11","0","0","0","0","0","0","0","0","1","0","0","0","","","0","","2","","40 26:51.957","2","0","79 48:45.489","0","0","0","0","2113","0","0","0","N","0","0","0","4","02113","0","","1.0","","1","N","N","","0","","0","0","0","","3","N","","2","0","0","0","0","0","0","2","1","2","","","","N","","","","","","","","","",""
"2007026506","","3","0","0","0","0","0","0","0","0","1","0","","02","1","2007","4","40.464722","-79.828322","1410","11","0","0","0","0","1","1","0","1","","0","0","0","","","1","","0","","40 27:53.000","","0","79 49:41.959","8","0","0","0","2113","0","0","0","N","0","0","0","3","02113","0","","1.0","","1","N","N","","0","","0","0","0","","2","","","3","1","0","0","0","1","0","2","0","3","","","","N","","","","","","","","","",""
"2007026538","","1","0","0","0","0","0","0","0","0","4","0","","02","2","2007","6","40.3975","-79.769181","2240","11","0","1","0","0","0","0","0","0","","0","0","0","","","1","","0","","40 23:51.000","","0","79 46:09.051","3","0","0","0","2446","0","0","0","N","0","0","0","4","02446","0","","1.0","","9","N","N","","1","","1","0","0","","0","","","2","1","0","0","0","0","0","2","0","2","","","","N","","","","","","","","","",""
"2007026539","","1","0","0","0","0","0","0","0","0","7","0","","02","1","2007","7","40.426944","-79.722032","1739","11","0","0","0","0","0","0","0","0","","0","0","0","","","0","","0","","40 25:37.000","","0","79 43:19.316","9","0","0","0","2446","0","0","0","N","0","0","0","1","02446","0","","2.0","","1","N","N","","0","","0","0","0","","0","","","2","0","0","0","0","0","1","2","0","1","","","","N","","","","","","","","","",""
"2007026578","","0","0","0","0","0","0","0","0","0","7","0","","02","2","2007","5","40.373056","-80.10583","2040","11","0","0","0","0","0","1","0","0","","0","0","0","","","0","","0","","40 22:23.000","","0","80 06:20.989","0","0","0","0","2102","0","0","0","Y","0","0","0","1","68B03","0","","2.0","","1","N","N","","0","","0","0","1","","0","","","1","0","0","0","0","0","0","2","0","1","","","","N","","","","","","","","","",""
"2007026592","","0","0","0","0","0","0","0","0","0","0","0","","02","2","2007","7","40.488589","-79.926539","1510","11","0","0","0","0","0","0","0","0","2","0","0","0","","","0","","0","","40 29:18.922","6","0","79 55:35.540","0","0","0","0","2301","0","0","0","N","0","0","0","3","02301","0","","1.0","","2","N","N","","0","","0","0","1","","0","Y","","1","0","0","0","0","0","0","2","0","1","","","","N","","","","","","","","","",""
"2007026593","","2","0","0","0","0","0","0","0","0","1","0","","02","2","2007","6","40.46489","-79.94224","1937","11","0","0","0","0","0","2","0","0","1","0","0","0","","","0","","0","","40 27:53.604","3","0","79 56:32.064","0","0","0","0","2301","0","0","0","N","0","0","0","3","02301","0","","1.0","","2","N","N","","0","","0","0","0","","0","N","","3","0","0","0","0","0","0","2","1","3","","","","N","","","","","","","","","",""
"2007026594","","1","0","0","0","0","0","0","0","0","4","0","","02","2","2007","1","40.458134","-79.90838","1529","11","0","0","0","1","1","0","0","0","1","0","0","0","","","1","","2","","40 27:29.281","1","0","79 54:30.168","4","0","0","0","2301","0","0","0","N","0","0","0","3","02301","1","","1.0","","6","N","N","","1","","0","0","0","","0","N","","2","1","0","0","0","0","0","2","0","2","","","","N","","","","","","","","","",""
"2007026595","","1","0","0","0","0","0","0","0","0","1","0","","02","2","2007","5","40.465597","-79.92939","0632","11","0","0","0","0","0","0","0","0","","0","0","0","","","0","","1","","40 27:56.149","","0","79 55:45.804","0","0","0","0","2301","0","0","0","N","0","0","0","2","02301","0","","1.0","","2","N","N","","0","","0","0","0","","2","","","2","0","0","0","0","0","0","2","1","2","","","","N","","","","","","","","","",""
"2007026596","","2","0","0","0","0","0","0","0","0","4","0","","02","2","2007","5","40.458333","-79.875184","0940","11","0","0","0","0","0","1","0","0","","0","0","0","","","0","","2","","40 27:30.000","","0","79 52:30.664","0","0","0","0","2301","0","0","0","","0","0","0","2","02301","0","","1.0","","6","N","N","","0","","0","0","0","","0","","","2","0","0","0","0","0","0","2","0","2","","","","N","","","","","","","","","",""
"2007026597","","2","0","0","0","0","0","0","0","0","1","0","","02","2","2007","2","40.454379","-79.947605","1927","11","0","0","0","0","0","0","0","0","","0","0","0","","","0","","0","","40 27:15.766","","0","79 56:51.379","0","0","0","0","2301","0","0","0","N","0","0","0","1","02301","0","","1.0","","9","N","N","","0","","0","0","0","","0","","","2","0","0","0","0","0","0","2","0","2","","","","N","","","","","","","","","",""
"2007026614","","2","0","0","0","0","0","0","0","0","4","0","","02","3","2007","7","40.442933","-79.772979","1337","11","0","0","0","0","0","0","1","1","","0","0","0","","","0","","1","","40 26:34.558","","0","79 46:22.724","0","0","0","0","2446","0","0","0","N","0","0","0","3","02446","0","","1.0","","9","N","N","","0","","0","0","0","","3","","","2","0","0","0","0","0","0","2","0","2","","","","N","","","","","","","","","",""
"2007026616","","1","0","0","0","0","0","0","0","0","1","0","","02","3","2007","6","40.438056","-79.830514","1058","11","0","0","0","0","0","1","0","0","","0","0","0","","","0","","1","","40 26:17.000","","0","79 49:49.850","0","0","0","0","2419","0","0","0","N","0","0","0","2","02419","0","","1.0","","1","N","N","","1","","0","0","0","","2","","","2","0","0","0","0","0","0","2","0","2","","","","N","","","","","","","","","",""
"2007026620","","1","0","0","0","0","0","0","0","0","6","0","","02","3","2007","6","40.438056","-79.830514","1315","11","0","0","0","0","0","0","0","0","1","0","1","0","","","0","","2","","40 26:17.000","2","0","79 49:49.850","0","0","0","0","2419","0","0","0","N","0","0","0","5","02419","0","","1.0","","1","N","N","","0","","0","0","0","","2","N","","2","0","1","0","0","0","0","2","0","2","","","","N","","","","","","","","","",""
"2007026634","","1","0","0","0","0","0","0","0","0","8","0","","02","3","2007","3","40.385633","-79.903119","1603","11","0","0","0","0","0","0","0","1","1","0","0","0","","","1","","3","","40 23:08.278","5","0","79 54:11.228","3","0","0","0","2448","1","0","0","N","1","0","0","2","02448","0","","1.0","","1","N","N","","0","","1","0","0","","0","Y","","2","1","0","0","0","0","0","2","0","1","","","","N","","","","","","","","","",""
"2007026640","","0","0","0","0","0","0","0","0","0","7","0","","02","3","2007","4","40.5129","-80.2275","0857","11","0","0","0","0","0","1","0","0","2","0","0","0","","","0","","0","","40 30:46.440","3","0","80 13:39.000","0","0","0","0","2213","0","0","0","N","0","0","0","1","02213","0","","2.0","","6","N","N","","1","","0","0","0","","0","N","","1","0","0","0","0","0","0","2","0","1","","","","N","","","","","","","","","",""
"2007026681","","1","0","0","0","0","0","0","0","0","7","0","","02","2","2007","1","40.476002","-80.031416","0305","11","0","0","0","0","0","0","0","0","","0","0","0","","","1","","0","","40 28:33.607","","0","80 01:53.097","4","0","0","0","2301","0","0","0","N","0","0","0","2","02301","1","","4.0","","2","N","N","","0","","0","0","0","","0","","","1","1","0","0","0","0","0","2","0","1","","","","N","","","","","","","","","",""
"2007026695","","2","0","0","0","0","0","0","0","0","1","0","","02","1","2007","3","40.354444","-80.114766","2150","11","0","0","0","0","0","0","0","0","","0","0","0","","","0","","1","","40 21:16.000","","0","80 06:53.157","9","0","0","0","2119","0","0","0","N","0","0","0","3","02119","0","","1.0","","9","N","N","","0","","0","0","0","","2","","","2","0","0","0","0","0","3","2","0","2","","","","N","","","","","","","","","",""
"2007026700","","1","0","0","0","0","0","0","0","0","7","0","","02","2","2007","7","40.436433","-79.968656","0248","11","0","0","0","0","1","0","0","0","","0","0","0","","","0","","0","","40 26:11.160","","0","79 58:07.160","0","0","0","0","2301","0","0","0","N","0","0","0","3","02301","0","","2.0","","2","N","N","","0","","0","0","0","","0","","","1","0","0","0","0","0","0","2","0","1","","","","N","","","","","","","","","",""
"2007026701","","0","0","0","0","0","0","0","0","0","7","0","","02","3","2007","3","40.510556","-80.263695","1743","11","0","0","0","0","0","0","0","0","2","0","0","0","","","1","","0","","40 30:38.000","2","0","80 15:49.303","4","0","0","0","2203","0","0","0","Y","0","0","0","1","02203","1","","3.0","","1","N","N","","1","","0","0","0","","0","N","","1","1","0","0","0","0","0","2","0","1","","","","N","","","","","","","","","",""
"2007026709","","2","0","0","0","0","0","0","0","0","1","0","","02","2","2007","2","40.4107","-80.1919","1230","11","0","0","0","1","0","1","0","0","","0","0","0","","","0","","0","","40 24:38.520","","0","80 11:30.840","0","0","0","0","2214","0","0","0","N","0","0","0","3","02214","0","","1.0","","1","N","N","","0","","0","0","0","","0","","","2","0","0","0","0","0","0","1","0","2","","","","N","","","","","","","","","",""
"2007026727","","1","0","0","0","0","0","0","0","0","7","0","","02","2","2007","5","40.4733","-79.8479","0115","11","0","0","0","0","0","0","0","0","","0","0","0","","","0","","0","","40 28:23.880","","0","79 50:52.440","0","0","0","0","2113","0","0","0","N","0","0","0","1","02113","0","","2.0","","2","N","N","","0","","0","0","0","","0","","","1","0","0","0","0","0","0","2","0","1","","","","N","","","","","","","","","",""
"2007026728","","1","0","0","0","0","0","0","0","0","4","0","","02","2","2007","7","40.44161","-80.240672","1516","11","0","0","0","0","0","0","0","1","1","0","0","0","","","1","","1","","40 26:29.796","5","0","80 14:26.419","4","0","0","0","2214","0","0","0","N","0","0","0","2","02214","1","","1.0","","1","N","N","","0","","0","0","0","","3","Y","","2","1","0","0","0","0","0","2","1","2","","","","N","","","","","","","","","",""
"2007026735","","0","0","0","0","0","0","0","0","0","7","0","","02","3","2007","2","40.444493","-79.84479","1945","11","0","0","0","0","0","0","0","0","1","0","0","0","","","1","","0","","40 26:40.174","4","0","79 50:41.243","4","0","0","0","2419","0","0","0","N","0","0","0","1","02419","1","","5.0","","1","N","N","","0","","0","0","1","","0","N","","1","1","1","0","0","0","0","2","0","1","","","","N","","","","","","","","","",""