"CRN","ARRIVAL_TM","AUTOMOBILE_COUNT","BELTED_DEATH_COUNT","BELTED_SUSP_SERIOUS_INJ_COUNT","BICYCLE_COUNT","BICYCLE_DEATH_COUNT","BICYCLE_SUSP_SERIOUS_INJ_COUNT","BUS_COUNT","CHLDPAS_DEATH_COUNT","CHLDPAS_SUSP_SERIOUS_INJ_COUNT","COLLISION_TYPE","COMM_VEH_COUNT","CONS_ZONE_SPD_LIM","COUNTY","CRASH_MONTH","CRASH_YEAR","DAY_OF_WEEK","DEC_LATITUDE","DEC_LONGITUDE","DISPATCH_TM","DISTRICT","DRIVER_COUNT_16YR","DRIVER_COUNT_17YR","DRIVER_COUNT_18YR","DRIVER_COUNT_19YR","DRIVER_COUNT_20YR","DRIVER_COUNT_50_64YR","DRIVER_COUNT_65_74YR","DRIVER_COUNT_75PLUS","EST_HRS_CLOSED","FATAL_COUNT","HEAVY_TRUCK_COUNT","HORSE_BUGGY_COUNT","HOUR_OF_DAY","ILLUMINATION","INJURY_COUNT","INTERSECTION_RELATED","INTERSECT_TYPE","LANE_CLOSED","LATITUDE","LN_CLOSE_DIR","LOCATION_TYPE","LONGITUDE","MAX_SEVERITY_LEVEL","MCYCLE_DEATH_COUNT","MCYCLE_SUSP_SERIOUS_INJ_COUNT","MOTORCYCLE_COUNT","MUNICIPALITY","NONMOTR_COUNT","NONMOTR_DEATH_COUNT","NONMOTR_SUSP_SERIOUS_INJ_COUNT","NTFY_HIWY_MAINT","PED_COUNT","PED_DEATH_COUNT","PED_SUSP_SERIOUS_INJ_COUNT","PERSON_COUNT","POLICE_AGCY","POSSIBLE_INJ_COUNT","RDWY_SURF_TYPE_CD","RELATION_TO_ROAD","ROADWAY_CLEARED","ROAD_CONDITION","SCH_BUS_IND","SCH_ZONE_IND","SECONDARY_CRASH","SMALL_TRUCK_COUNT","SPEC_JURIS_CD","SUSP_MINOR_INJ_COUNT","SUSP_SERIOUS_INJ_COUNT","SUV_COUNT","TCD_FUNC_CD","TCD_TYPE","TFC_DETOUR_IND","TIME_OF_DAY","TOTAL_UNITS","TOT_INJ_COUNT","UNBELTED_OCC_COUNT","UNB_DEATH_COUNT","UNB_SUSP_SERIOUS_INJ_COUNT","UNK_INJ_DEG_COUNT","UNK_INJ_PER_COUNT","URBAN_RURAL","VAN_COUNT","VEHICLE_COUNT","WEATHER1","WEATHER2","WORKERS_PRES","WORK_ZONE_IND","WORK_ZONE_LOC","WORK_ZONE_TYPE","WZ_CLOSE_DETOUR","WZ_FLAGGER","WZ_LAW_OFFCR_IND","WZ_LN_CLOSURE","WZ_MOVING","WZ_OTHER","WZ_SHLDER_MDN","WZ_WORKERS_INJ_KILLED"
"2007029486","","2","0","0","0","0","0","0","0","0","4","0","","02","2","2007","7","40.470569","-79.962774","1138","11","0","0","0","0","0","2","0","0","","0","0","0","","","0","","1","","40 28:14.048","","0","79 57:45.986","0","0","0","0","2301","0","0","0","N","0","0","0","2","02301","0","","1.0","","1","N","N","","0","","0","0","0","","3","","","2","0","0","0","0","0","0","2","0","2","","","","N","","","","","","","","","",""
"2007029487","","1","0","0","0","0","0","0","0","0","7","0","","02","2","2007","3","40.437222","-80.203674","1946","11","0","0","0","0","0","0","0","0","","0","0","0","","","0","","0","","40 26:14.000","","0","80 12:13.228","0","0","0","0","2214","0","0","0","N","0","0","0","1","68B03","0","","4.0","","6","N","N","","0","","0","0","0","","0","","","1","0","0","0","0","0","0","2","0","1","","","","N","","","","","","","","","",""
"2007029488","","0","0","0","0","0","0","0","0","0","1","0","","02","2","2007","5","","","2154","11","0","0","0","0","0","0","0","0","","0","0","0","","","1","","6","","40 26:54.96","","2","80 00:24.84","3","0","0","0","2301","0","0","0","N","0","0","0","2","68B03","0","","1.0","","1","N","N","","0","","1","0","1","","4","","","2","1","0","0","0","0","0","2","1","2","","","","N","","","","","","","","","",""
"2007029489","","1","0","0","0","0","0","0","0","0","7","0","","02","1","2007","7","","","0257","11","0","0","0","0","0","0","0","0","2","0","0","0","","","1","","0","","40 26:28.32","3","0","79 50:08.52","4","0","0","0","2426","0","0","0","N","0","0","0","1","68B03","1","","4.0","","1","N","N","","0","","0","0","0","","0","N","","1","1","0","0","0","0","0","2","0","1","","","","N","","","","","","","","","",""
"2007029490","","2","0","0","0","0","0","0","0","0","1","0","","02","2","2007","4","","","1522","11","0","0","0","0","0","1","0","0","","0","0","0","","","1","","0","","40 24:51.12","","0","80 04:57.00","4","0","0","0","2435","0","0","0","N","0","0","0","5","68B03","1","","1.0","","1","N","N","","2","","0","0","0","","0","","","4","1","0","0","0","0","0","2","0","4","","","","N","","","","","","","","","",""
"2007029491","","3","0","0","0","0","0","0","0","0","1","0","","02","2","2007","3","","","2000","11","0","0","0","0","0","0","0","0","","0","0","0","","","0","","0","","40 25:06.60","","0","80 05:20.04","0","0","0","0","2415","0","0","0","N","0","0","0","4","68B03","0","","1.0","","7","N","N","","0","","0","0","1","","0","","","4","0","0","0","0","0","0","2","0","4","","","","N","","","","","","","","","",""
"2007029492","","1","0","0","0","0","0","0","0","0","4","1","","02","2","2007","3","40.402778","-80.106534","2101","11","0","0","0","0","0","0","0","0","","0","1","0","","","0","","0","","40 24:10.000","","3","80 06:23.524","0","0","0","0","2102","0","0","0","N","0","0","0","3","68B03","0","","1.0","","7","N","N","","0","","0","0","0","","0","","","2","0","0","0","0","0","0","2","0","2","","","","N","","","","","","","","","",""
"2007029493","","2","0","0","0","0","0","0","0","0","1","0","","02","2","2007","3","","","2141","11","0","0","0","1","0","0","0","0","1","0","0","0","","","0","","0","","","4","0","","0","0","0","0","2115","0","0","0","N","0","0","0","4","68B03","0","","1.0","","7","N","N","","0","","0","0","0","","0","N","","2","0","0","0","0","0","0","1","0","2","","","","N","","","","","","","","","",""
"2007029494","","0","0","0","0","0","0","0","0","0","1","0","","02","1","2007","5","","","0526","11","0","0","0","0","1","1","0","0","","0","0","0","","","0","","0","","40 25:30.00","","0","80 06:54.36","0","0","0","0","2115","0","0","0","N","0","0","0","3","68B03","0","","1.0","","1","N","N","","0","","0","0","2","","0","","","2","0","0","0","0","0","0","2","0","2","","","","N","","","","","","","","","",""
"2007029495","","0","0","0","0","0","0","0","0","0","7","0","","02","1","2007","5","40.466111","-80.197351","2345","11","0","0","0","0","0","0","0","0","","0","0","0","","","0","","0","","40 27:58.000","","0","80 11:50.462","0","0","0","0","2203","0","0","0","Y","0","0","0","1","68B03","0","","2.0","","1","N","N","","0","","0","0","1","","0","","","1","0","0","0","0","0","0","2","0","1","","","","N","","","","","","","","","",""
"2007029628","","1","0","0","0","0","0","0","0","0","1","0","","02","2","2007","2","40.43458","-79.989819","2333","11","0","0","0","0","0","0","0","0","1","0","0","0","","","0","","2","","40 26:04.489","2","0","79 59:23.348","0","0","0","0","2301","0","0","0","N","0","0","0","3","02301","0","","1.0","","1","N","N","","0","","0","0","1","","2","N","","2","0","0","0","0","0","0","2","0","2","","","","N","","","","","","","","","",""
"2007029629","","2","0","0","0","0","0","0","0","0","5","0","","02","2","2007","4","40.408107","-80.025195","0339","11","0","0","0","0","0","0","0","0","","0","0","0","","","0","","0","","40 24:29.185","","0","80 01:30.702","0","0","0","0","2301","0","0","0","N","0","0","0","1","02301","0","","1.0","","1","N","N","","0","","0","0","0","","0","","","2","0","0","0","0","0","0","2","0","2","","","","N","","","","","","","","","",""
"2007029630","","2","0","0","0","0","0","0","0","0","99","0","","02","2","2007","2","40.419144","-79.995764","1810","11","0","0","0","0","0","2","0","0","","0","0","0","","","2","","1","","40 25:08.918","","0","79 59:44.750","4","0","0","0","2301","0","0","0","N","0","0","0","3","02301","2","","1.0","","9","N","N","","0","","0","0","0","","0","","","2","2","0","0","0","0","0","2","0","2","","","","N","","","","","","","","","",""
"2007029631","","1","0","0","0","0","0","0","0","0","0","0","","02","2","2007","6","40.419287","-79.957419","2259","11","0","0","0","0","0","0","0","0","1","0","0","0","","","0","","0","","40 25:09.432","4","0","79 57:26.707","0","0","0","0","2301","0","0","0","N","0","0","0","2","02301","0","","1.0","","1","N","N","","0","","0","0","0","","0","N","","1","0","0","0","0","0","0","2","0","1","","","","N","","","","","","","","","",""
"2007029632","","2","0","0","0","0","0","0","0","0","1","0","","02","2","2007","6","40.436957","-80.034644","1453","11","1","1","0","0","0","1","0","0","","0","0","0","","","0","","0","","40 26:13.045","","0","80 02:04.718","0","0","0","0","2301","0","0","0","N","0","0","0","3","02301","0","","1.0","","1","N","N","","1","","0","0","0","","0","","","3","0","0","0","0","0","0","2","0","3","","","","N","","","","","","","","","",""
"2007029633","","2","0","0","0","0","0","0","0","0","4","0","","02","2","2007","2","40.44423","-79.993331","2012","11","0","0","0","0","0","1","0","1","1","0","0","0","","","0","","0","","40 26:39.228","2","0","79 59:35.991","0","0","0","0","2301","0","0","0","N","0","0","0","2","02301","0","","1.0","","1","N","N","","0","","0","0","0","","0","N","","2","0","0","0","0","0","0","2","0","2","","","","N","","","","","","","","","",""
"2007029860","1619","1","0","0","0","0","0","0","0","0","5","0","","02","1","2007","1","40.554167","-80.116719","1558","11","0","0","0","0","0","0","0","0","1","0","0","0","","","0","","0","1","40 33:15.000","2","0","80 07:00.188","0","0","0","0","2460","0","0","0","N","0","0","0","3","68B03","0","","1.0","","2","N","N","","0","","0","0","1","","0","N","","3","0","0","0","0","0","0","2","1","3","","","","N","","","","","","","","","",""
"2007029861","1803","0","0","0","0","0","0","0","0","0","0","0","","02","1","2007","1","40.3761","-80.1019","1744","11","0","0","0","0","0","0","0","0","","0","0","0","","","0","","0","0","40 22:33.960","","0","80 06:06.840","0","0","0","0","2102","0","0","0","N","0","0","0","1","68B03","0","","7.0","","2","N","N","","0","","0","0","1","","0","","","1","0","0","0","0","0","0","2","0","1","","","","N","","","","","","","","","",""
"2007029864","2211","1","0","0","0","0","0","0","0","0","7","0","","02","2","2007","1","40.6145","-79.7565","2159","11","0","0","0","0","0","0","0","0","","0","0","0","","","0","","0","0","40 36:52.200","","2","79 45:23.400","0","0","0","0","2465","0","0","0","N","0","0","0","1","68D02","0","","4.0","","2","N","N","","0","","0","0","0","","0","","","1","0","0","0","0","0","0","2","0","1","","","","N","","","","","","","","","",""
"2007029865","1642","1","0","0","0","0","0","0","0","0","1","0","","02","2","2007","6","40.618333","-79.749963","1616","11","0","0","0","0","0","0","0","0","","0","0","0","","","0","","0","0","40 37:06.000","","0","79 44:59.865","9","0","0","0","2202","0","0","0","N","0","0","0","5","68D02","0","","1.0","","7","N","N","","0","","0","0","1","","0","","","3","0","0","0","0","0","1","2","1","3","","","","N","","","","","","","","","",""
"2007029866","1811","1","0","0","0","0","0","1","0","0","5","1","","02","2","2007","6","40.4908","-79.8844","1745","11","0","0","0","0","0","2","0","0","","0","0","0","","","0","","0","0","40 29:26.880","","0","79 53:03.840","0","0","0","0","2465","0","0","0","N","0","0","0","27","68D02","0","","2.0","","7","Y","N","","0","","0","0","0","","0","","","3","0","0","0","0","0","0","2","0","3","","","","N","","","","","","","","","",""
"2007029867","0012","0","0","0","0","0","0","0","0","0","7","0","","02","2","2007","5","40.531769","-79.848812","2352","11","0","0","0","0","0","0","0","0","","0","0","0","","","1","","0","0","40 31:54.369","","0","79 50:55.722","4","0","0","0","2208","0","0","0","N","0","0","0","1","68D02","1","","3.0","","9","N","N","","0","","0","0","1","","0","","","1","1","0","0","0","0","0","2","0","1","","","","N","","","","","","","","","",""
"2007029868","1615","1","0","0","0","0","0","0","0","0","1","0","","02","2","2007","3","","","1600","11","0","0","0","0","0","0","0","0","","0","0","0","","","0","","6","0","40 26:54.96","","2","80 00:24.84","0","0","0","0","2301","0","0","0","N","0","0","0","2","68B03","0","","7.0","","1","N","N","","1","","0","0","0","","4","","","2","0","0","0","0","0","0","2","0","2","","","","N","","","","","","","","","",""
"2007029869","1006","1","0","0","0","0","0","0","0","0","1","0","","02","2","2007","5","","","0957","11","0","0","0","0","0","2","0","0","1","0","1","0","","","1","","0","1","40 25:52.32","2","0","80 01:33.24","4","0","0","0","2301","0","0","0","N","0","0","0","3","68B03","1","","1.0","","1","N","N","","0","","0","0","0","","0","N","","2","1","0","0","0","0","0","2","0","2","","","","N","","","","","","","","","",""
"2007029870","1840","1","0","0","0","0","0","0","0","0","7","0","","02","1","2007","1","","","1840","11","0","0","0","1","0","0","0","0","","0","0","0","","","0","","3","0","40 27:05.76","","2","80 10:12.72","0","0","0","0","2115","0","0","0","N","0","0","0","4","68B03","0","","7.0","","9","N","N","","0","","0","0","0","","0","","","1","0","0","0","0","0","0","2","0","1","","","","N","","","","","","","","","",""
"2007029871","0711","1","0","0","0","0","0","0","0","0","7","0","","02","1","2007","2","","","0710","11","0","0","0","0","0","0","0","0","","0","0","0","","","0","","0","0","40 35:10.32","","3","80 05:57.84","0","0","0","0","2481","0","0","0","N","0","0","0","1","68B03","0","","2.0","","7","N","N","","0","","0","0","0","","0","","","1","0","0","0","0","0","0","2","0","1","","","","N","","","","","","","","","",""
"2007029872","1314","0","0","0","0","0","0","0","0","0","7","1","","02","1","2007","6","","","1308","11","0","0","0","0","1","0","0","0","2","0","1","0","","","0","","0","1","40 29:30.48","2","0","80 00:37.08","9","0","0","0","2301","0","0","0","N","0","0","0","3","68B03","0","","4.0","","7","N","N","","0","","0","0","1","","0","N","","2","0","0","0","0","0","1","2","0","2","","","","N","","","","","","","","","",""
"2007029873","1420","0","0","0","0","0","0","0","0","0","1","0","","02","1","2007","6","","","1415","11","0","0","0","0","0","0","0","0","2","0","0","0","","","1","","6","1","40 30:13.32","2","2","80 01:37.92","4","0","0","0","2116","0","0","0","N","0","0","0","2","68B03","1","","1.0","","7","N","N","","2","","0","0","0","","3","N","","2","1","0","0","0","0","0","2","0","2","","","","N","","","","","","","","","",""
"2007029874","0420","1","0","0","0","0","0","0","0","0","7","0","","02","1","2007","7","","","0354","11","0","0","0","0","0","0","0","0","","0","0","0","","","1","","0","0","40 26:29.04","","0","79 49:42.60","4","0","0","0","2446","0","0","0","Y","0","0","0","1","68B03","1","","4.0","","9","N","N","","0","","0","0","0","","0","","","1","1","0","0","0","0","0","2","0","1","","","","N","","","","","","","","","",""
"2007029875","0017","1","0","0","0","0","0","0","0","0","7","0","","02","1","2007","1","","","2343","11","0","0","0","0","0","0","0","0","","0","0","0","","","0","","0","0","40 26:29.04","","0","79 49:42.60","0","0","0","0","2446","0","0","0","N","0","0","0","1","68B03","0","","2.0","","9","N","N","","0","","0","0","0","","0","","","1","0","0","0","0","0","0","2","0","1","","","","N","","","","","","","","","",""
"2007029876","0120","1","0","0","0","0","0","0","0","0","7","0","","02","1","2007","2","","","1101","11","0","0","0","1","0","0","0","0","","0","0","0","","","0","","0","0","40 25:09.48","","0","80 03:09.00","0","0","0","0","2435","0","0","0","N","0","0","0","2","68B03","0","","4.0","","9","N","N","","0","","0","0","0","","0","","","1","0","0","0","0","0","0","2","0","1","","","","N","","","","","","","","","",""
"2007030031","0023","1","0","0","0","0","0","0","0","0","1","0","","02","3","2007","1","40.538889","-79.83998","0018","11","0","1","0","1","0","0","0","0","","0","0","0","","","0","","1","0","40 32:20.000","","0","79 50:23.928","0","0","0","0","2208","0","0","0","Y","0","0","0","2","02208","0","","1.0","","1","N","N","","0","","0","0","1","","2","","","2","0","0","0","0","0","0","2","0","2","","","","N","","","","","","","","","",""
"2007030058","1713","0","0","0","0","0","0","0","0","0","1","0","","02","2","2007","3","40.538056","-79.842574","1650","11","0","0","0","0","0","0","0","0","1","0","0","0","","","0","","3","1","40 32:17.000","2","2","79 50:33.268","0","0","0","0","2208","0","0","0","N","0","0","0","2","68D02","0","","1.0","","1","N","N","","1","","0","0","1","","4","N","","2","0","0","0","0","0","0","2","0","2","","","","N","","","","","","","","","",""
"2007030065","1519","1","0","0","0","0","0","0","0","0","4","0","55","02","1","2007","5","40.53","-79.850384","1519","11","0","0","0","0","0","0","0","0","2","0","0","0","","","0","","0","1","40 31:48.000","2","0","79 51:01.383","0","0","0","0","2208","0","0","0","N","0","0","0","1","68D02","0","","1.0","","9","N","N","","0","","0","0","0","","8","N","","2","0","0","0","0","0","0","2","0","2","","","Y","Y","3","2","","","Y","Y","Y","","Y",""
"2007030136","0316","1","0","0","0","0","0","0","0","0","1","0","","02","3","2007","7","40.521667","-80.005214","0316","11","0","0","0","0","0","0","0","0","1","0","0","0","","","0","","1","1","40 31:18.000","1","0","80 00:18.769","0","0","0","0","2116","0","0","0","N","0","0","0","2","02116","0","","1.0","","1","N","N","","0","","0","0","1","","2","N","","2","0","0","0","0","0","0","2","0","2","","","","N","","","","","","","","","",""
"2007030162","0915","2","0","0","0","0","0","0","0","0","1","0","","02","1","2007","2","40.542222","-79.839036","0900","11","0","0","0","1","0","0","1","0","1","0","0","0","","","2","","0","1","40 32:32.000","2","0","79 50:20.529","4","0","0","0","2208","0","0","0","N","0","0","0","2","68D02","2","","1.0","","1","N","N","","0","","0","0","0","","0","N","","2","2","1","0","0","0","0","2","0","2","","","","N","","","","","","","","","",""
"2007030170","0645","3","0","0","0","0","0","0","0","0","1","0","","02","2","2007","5","","","0644","11","0","0","0","0","0","1","0","0","","0","0","0","","","0","","0","0","40 25:03.00","","0","80 05:13.20","0","0","0","0","2415","0","0","0","N","0","0","0","5","68B03","0","","1.0","","1","N","N","","1","","0","0","0","","0","","","4","0","0","0","0","0","0","2","0","4","","","","N","","","","","","","","","",""
"2007030171","0735","2","0","0","0","0","0","0","0","0","1","0","","02","2","2007","5","40.586111","-80.100888","0717","11","0","0","0","0","0","1","0","0","1","0","0","0","","","1","","0","1","40 35:10.000","2","0","80 06:03.197","4","0","0","0","2481","0","0","0","N","0","0","0","9","68B03","1","","1.0","","1","N","N","","0","","0","0","1","","0","N","","4","1","0","0","0","0","0","2","1","4","","","","N","","","","","","","","","",""
"2007030175","1441","0","0","0","0","0","0","0","0","0","7","0","","02","3","2007","6","40.222","-79.8485","1438","11","0","0","1","0","0","0","0","0","","0","0","0","","","0","","0","0","40 13:19.200","","0","79 50:54.600","0","0","0","0","2204","0","0","0","N","0","0","0","1","02204","0","","3.0","","6","N","N","","0","","0","0","1","","0","","","1","0","0","0","0","0","0","2","0","1","","","","N","","","","","","","","","",""
"2007030190","0226","2","1","0","0","0","0","0","0","0","7","0","","02","2","2007","4","40.391944","-79.869694","0138","11","0","0","0","0","0","0","0","0","3","1","0","0","","","1","","0","1","40 23:31.000","1","0","79 52:10.900","1","0","0","0","2473","0","0","0","N","0","0","0","2","02501","0","2","5.0","","9","N","N","","0","0","1","0","0","","0","N","","2","1","0","0","0","0","0","2","0","2","","","","N","","","","","","","","","",""
"2007030197","1300","2","0","0","0","0","0","0","0","0","1","0","","02","3","2007","7","40.438611","-79.760838","1251","11","0","0","1","0","0","0","0","0","","0","0","0","","","0","","0","0","40 26:19.000","","0","79 45:39.015","0","0","0","0","2446","0","0","0","N","0","0","0","3","02446","0","","1.0","","1","N","N","","0","","0","0","0","","2","","","2","0","0","0","0","0","0","2","0","2","","","","N","","","","","","","","","",""
"2007030202","0818","2","0","0","0","0","0","0","0","0","1","0","","02","3","2007","3","40.346389","-79.973407","0818","11","0","0","0","0","0","1","0","0","","0","0","0","","","0","","1","0","40 20:47.000","","0","79 58:24.265","0","0","0","0","2403","0","0","0","N","0","0","0","2","02403","0","","1.0","","9","N","N","","0","","0","0","0","","2","","","2","0","0","0","0","0","0","2","0","2","","","","N","","","","","","","","","",""
"2007030207","1435","2","0","0","0","0","0","0","0","0","4","0","","02","3","2007","2","40.618056","-79.945375","1429","11","0","0","0","0","0","0","1","0","","0","0","0","","","0","","2","0","40 37:05.000","","0","79 56:43.350","0","0","0","0","2217","0","0","0","N","0","0","0","2","02505","0","","1.0","","9","N","N","","0","","0","0","0","","0","","","2","0","0","0","0","0","0","2","0","2","","","","N","","","","","","","","","",""
"2007030211","1450","2","0","0","0","0","0","0","0","0","4","0","","02","3","2007","2","40.438333","-79.842886","1445","11","0","0","0","0","0","2","0","0","1","0","0","0","","","0","","2","1","40 26:18.000","1","0","79 50:34.391","0","0","0","0","2419","0","0","0","N","0","0","0","2","02419","0","","1.0","","9","N","N","","0","","0","0","0","","3","N","","2","0","0","0","0","0","0","2","0","2","","","","N","","","","","","","","","",""
"2007030212","0855","2","0","0","0","0","0","0","0","0","4","0","","02","3","2007","6","40.594","-79.986","0848","11","0","0","0","0","0","2","0","0","","0","0","0","","","0","","0","0","40 35:38.400","","0","79 59:09.600","0","0","0","0","2207","0","0","0","Y","0","0","0","2","02207","0","","1.0","","6","N","N","","0","","0","0","0","","0","","","2","0","0","0","0","0","0","1","0","2","","","","N","","","","","","","","","",""
"2007030214","0734","0","0","0","0","0","0","0","0","0","2","0","","02","3","2007","3","40.620291","-79.927934","0729","11","0","0","0","0","0","0","1","0","","0","0","0","","","1","","0","0","40 37:13.047","","0","79 55:40.562","8","0","0","0","2217","0","0","0","N","0","0","0","4","02505","0","","1.0","","2","N","N","","1","","0","0","1","","0","","","2","1","0","0","0","1","0","2","0","2","","","","N","","","","","","","","","",""
"2007030219","1129","1","0","0","0","0","0","0","0","0","1","0","","02","3","2007","1","40.421667","-80.046186","1125","11","0","0","0","0","0","1","0","0","1","0","0","0","","","0","","0","2","40 25:18.000","3","0","80 02:46.269","0","0","0","0","2435","0","0","0","N","0","0","0","2","02435","0","","1.0","","1","N","N","","0","","0","0","0","","0","N","","2","0","0","0","0","0","0","2","1","2","","","","N","","","","","","","","","",""
"2007030230","1220","3","0","0","0","0","0","0","0","0","1","0","","02","3","2007","3","40.543329","-79.993566","1218","11","0","0","0","0","0","1","1","0","1","0","0","0","","","0","","2","1","40 32:35.983","2","0","79 59:36.838","0","0","0","0","2116","0","0","0","N","0","0","0","3","02116","0","","1.0","","1","N","N","","0","","0","0","0","","3","N","","3","0","0","0","0","0","0","2","0","3","","","","N","","","","","","","","","",""
"2007030240","0903","1","0","0","0","0","0","0","0","0","1","0","","02","3","2007","6","40.564384","-79.771532","0902","11","0","1","0","1","0","0","0","0","1","0","0","0","","","0","","0","1","40 33:51.783","4","0","79 46:17.514","0","0","0","0","2104","0","0","0","N","0","0","0","3","02104","0","","1.0","","7","N","N","","0","","0","0","0","","2","N","","2","0","0","0","0","0","0","2","1","2","","","","N","","","","","","","","","",""
"2007030250","1648","2","0","0","0","0","0","0","0","0","4","0","","02","3","2007","3","40.436349","-79.772816","1648","11","0","0","0","0","0","0","0","0","","0","0","0","","","1","","0","0","40 26:10.855","","0","79 46:22.138","4","0","0","0","2446","0","0","0","N","0","0","0","2","02446","1","","1.0","","1","N","N","","0","","0","0","0","","0","","","2","1","0","0","0","0","0","2","0","2","","","","N","","","","","","","","","",""
"2007030254","2119","1","0","0","0","0","0","0","0","0","7","0","","02","3","2007","1","40.503056","-80.205502","2119","11","0","0","0","1","0","0","0","0","","0","0","0","","","1","","0","0","40 30:11.000","","0","80 12:19.808","8","0","0","0","2213","0","0","0","N","0","0","0","2","02213","0","","4.0","","1","N","N","","0","","0","0","0","","0","","","1","1","0","0","0","1","0","2","0","1","","","","N","","","","","","","","","",""
"2007030255","1602","1","0","0","0","0","0","0","0","0","4","0","","02","3","2007","2","40.628611","-80.056189","1557","11","0","0","0","0","0","2","0","0","","0","0","0","","","0","","2","0","40 37:43.000","","0","80 03:22.282","0","0","0","0","2216","0","0","0","N","0","0","0","4","02505","0","","1.0","","9","N","N","","0","","0","0","1","","2","","","3","0","0","0","0","0","0","2","1","3","","","","N","","","","","","","","","",""
"2007030256","1329","2","0","0","0","0","0","0","0","0","4","0","","02","3","2007","1","40.349131","-80.049933","1322","11","1","0","0","0","0","0","0","0","","0","0","0","","","0","","2","0","40 20:56.871","","0","80 02:59.758","0","0","0","0","2407","0","0","0","N","0","0","0","4","02407","0","","1.0","","1","N","N","","0","","0","0","0","","2","","","2","0","0","0","0","0","0","2","0","2","","","","N","","","","","","","","","",""
"2007030258","0648","1","0","0","0","0","0","0","0","0","4","0","","02","3","2007","3","40.338396","-80.051333","0644","11","0","0","0","0","0","2","0","0","1","0","0","0","","","1","","0","2","40 20:18.225","1","0","80 03:04.798","4","0","0","0","2407","0","0","0","N","0","0","0","2","02407","1","","1.0","","1","N","N","","0","","0","0","1","","0","N","","2","1","0","0","0","0","0","2","0","2","","","","N","","","","","","","","","",""
"2007030267","1751","1","0","0","0","0","0","0","0","0","6","0","","02","3","2007","3","40.5175","-80.052566","1747","11","0","0","0","0","0","1","0","0","","0","0","0","","","0","","2","0","40 31:03.000","","2","80 03:09.237","0","0","0","0","2116","0","0","0","N","0","0","0","3","02116","0","","1.0","","1","N","N","","1","","0","0","0","","2","","","2","0","2","0","0","0","0","2","0","2","","","","N","","","","","","","","","",""
"2007030319","0237","1","0","0","0","0","0","0","0","0","7","0","","02","2","2007","3","40.438013","-79.912981","0231","11","0","0","0","0","0","0","0","0","1","0","0","0","","","0","","0","1","40 26:16.846","3","0","79 54:46.730","9","0","0","0","2301","0","0","0","N","0","0","0","1","02301","0","","4.0","","1","N","N","","0","","0","0","0","","0","N","","1","0","0","0","0","0","1","2","0","1","","","","N","","","","","","","","","",""
"2007030327","1910","1","0","0","0","0","0","0","0","0","5","0","","02","1","2007","4","40.507778","-80.030454","1857","11","0","0","1","0","0","0","0","0","","0","0","0","","","2","","7","0","40 30:28.000","","2","80 01:49.636","4","0","0","0","2301","0","0","0","N","0","0","0","3","68B03","2","","1.0","","1","N","N","","0","","0","0","1","","0","","","2","2","0","0","0","0","0","2","0","2","","","","N","","","","","","","","","",""
"2007030342","1926","2","0","0","0","0","0","0","0","0","4","0","","02","3","2007","1","","","1923","11","0","0","0","0","0","0","0","0","","0","0","0","","","1","","10","0","40 26:27.9","","0","80 04:19.3","3","0","0","0","2421","1","0","0","N","1","0","0","3","02421","0","","9.0","","1","N","N","","0","","1","0","0","","0","","","3","1","2","0","0","0","0","2","0","2","","","","N","","","","","","","","","",""
"2007030343","1920","1","0","0","0","0","0","0","0","0","5","0","","02","3","2007","3","40.433433","-79.794225","1920","11","0","0","0","0","0","0","0","0","","0","0","0","","","0","","0","0","40 26:00.360","","0","79 47:39.211","0","0","0","0","2446","0","0","0","N","0","0","0","3","02446","0","","1.0","","1","N","N","","0","","0","0","1","","0","","","2","0","0","0","0","0","0","2","0","2","","","","N","","","","","","","","","",""
"2007030344","1725","1","0","0","0","0","0","0","0","0","1","0","","02","3","2007","3","40.445446","-79.765266","1717","11","0","0","0","1","0","0","0","0","","0","0","0","","","1","","1","0","40 26:43.605","","0","79 45:54.957","8","0","0","0","2446","0","0","0","N","0","0","0","2","02446","0","","1.0","","1","N","N","","0","","0","0","0","","3","","","2","1","0","0","0","1","0","2","1","2","","","","N","","","","","","","","","",""
"2007030360","0710","2","0","0","0","0","0","0","0","0","4","0","","02","3","2007","3","40.5025","-80.0025","0705","11","0","0","0","0","0","1","0","0","","0","0","0","","","0","","0","0","40 30:09.000","","0","80 00:09.000","0","0","0","0","2116","0","0","0","N","0","0","0","1","02116","0","","5.0","","2","N","N","","0","","0","0","1","","0","","","3","0","0","0","0","0","0","2","0","3","","05","","N","","","","","","","","","",""
"2007030361","0555","1","0","0","0","0","0","0","0","0","7","0","","02","3","2007","3","40.626944","-80.043645","0547","11","0","0","0","0","0","1","0","0","1","0","0","0","","","0","","0","1","40 37:37.000","3","0","80 02:37.122","0","0","0","0","2216","0","0","0","N","0","0","0","1","02505","0","","5.0","","2","N","N","","0","","0","0","0","","0","N","","1","0","0","0","0","0","0","1","0","1","","","","N","","","","","","","","","",""
"2007030365","0623","0","0","0","0","0","0","0","0","0","7","0","","02","3","2007","3","40.563889","-79.958205","0621","11","0","0","0","0","0","0","0","0","1","0","0","0","","","1","","0","1","40 33:50.000","1","0","79 57:29.539","4","0","0","0","2207","0","0","0","N","0","0","0","1","02207","1","","2.0","","2","N","N","","0","","0","0","1","","0","N","","1","1","0","0","0","0","0","2","0","1","","","","N","","","","","","","","","",""