"CRN","ARRIVAL_TM","AUTOMOBILE_COUNT","BELTED_DEATH_COUNT","BELTED_SUSP_SERIOUS_INJ_COUNT","BICYCLE_COUNT","BICYCLE_DEATH_COUNT","BICYCLE_SUSP_SERIOUS_INJ_COUNT","BUS_COUNT","CHLDPAS_DEATH_COUNT","CHLDPAS_SUSP_SERIOUS_INJ_COUNT","COLLISION_TYPE","COMM_VEH_COUNT","CONS_ZONE_SPD_LIM","COUNTY","CRASH_MONTH","CRASH_YEAR","DAY_OF_WEEK","DEC_LATITUDE","DEC_LONGITUDE","DISPATCH_TM","DISTRICT","DRIVER_COUNT_16YR","DRIVER_COUNT_17YR","DRIVER_COUNT_18YR","DRIVER_COUNT_19YR","DRIVER_COUNT_20YR","DRIVER_COUNT_50_64YR","DRIVER_COUNT_65_74YR","DRIVER_COUNT_75PLUS","EST_HRS_CLOSED","FATAL_COUNT","HEAVY_TRUCK_COUNT","HORSE_BUGGY_COUNT","HOUR_OF_DAY","ILLUMINATION","INJURY_COUNT","INTERSECTION_RELATED","INTERSECT_TYPE","LANE_CLOSED","LATITUDE","LN_CLOSE_DIR","LOCATION_TYPE","LONGITUDE","MAX_SEVERITY_LEVEL","MCYCLE_DEATH_COUNT","MCYCLE_SUSP_SERIOUS_INJ_COUNT","MOTORCYCLE_COUNT","MUNICIPALITY","NONMOTR_COUNT","NONMOTR_DEATH_COUNT","NONMOTR_SUSP_SERIOUS_INJ_COUNT","NTFY_HIWY_MAINT","PED_COUNT","PED_DEATH_COUNT","PED_SUSP_SERIOUS_INJ_COUNT","PERSON_COUNT","POLICE_AGCY","POSSIBLE_INJ_COUNT","RDWY_SURF_TYPE_CD","RELATION_TO_ROAD","ROADWAY_CLEARED","ROAD_CONDITION","SCH_BUS_IND","SCH_ZONE_IND","SECONDARY_CRASH","SMALL_TRUCK_COUNT","SPEC_JURIS_CD","SUSP_MINOR_INJ_COUNT","SUSP_SERIOUS_INJ_COUNT","SUV_COUNT","TCD_FUNC_CD","TCD_TYPE","TFC_DETOUR_IND","TIME_OF_DAY","TOTAL_UNITS","TOT_INJ_COUNT","UNBELTED_OCC_COUNT","UNB_DEATH_COUNT","UNB_SUSP_SERIOUS_INJ_COUNT","UNK_INJ_DEG_COUNT","UNK_INJ_PER_COUNT","URBAN_RURAL","VAN_COUNT","VEHICLE_COUNT","WEATHER1","WEATHER2","WORKERS_PRES","WORK_ZONE_IND","WORK_ZONE_LOC","WORK_ZONE_TYPE","WZ_CLOSE_DETOUR","WZ_FLAGGER","WZ_LAW_OFFCR_IND","WZ_LN_CLOSURE","WZ_MOVING","WZ_OTHER","WZ_SHLDER_MDN","WZ_WORKERS_INJ_KILLED"
"2007032751","1423","0","0","0","0","0","0","0","0","0","1","0","","02","3","2007","3","40.5","-80.221987","1421","11","0","0","0","0","0","1","0","0","","0","0","0","","","1","","1","0","40 30:00.000","","0","80 13:19.152","4","0","0","0","2213","0","0","0","N","0","0","0","2","02213","1","","1.0","","1","N","N","","0","","0","0","2","","2","","","2","1","0","0","0","0","0","2","0","2","","","","N","","","","","","","","","",""
"2007032752","0822","2","0","0","0","0","0","0","0","0","2","0","","02","3","2007","7","40.313889","-80.037607","0816","11","0","1","0","0","0","0","0","0","1","0","0","0","","","1","","0","1","40 18:50.000","3","0","80 02:15.386","4","0","0","0","2407","0","0","0","N","0","0","0","4","02407","1","","1.0","","6","N","N","","0","","0","0","0","","0","N","","2","1","1","0","0","0","0","2","0","2","","","","N","","","","","","","","","",""
"2007032780","0402","1","0","0","0","0","0","0","0","0","7","0","","02","3","2007","6","40.459963","-79.897378","0357","11","0","0","0","0","0","0","0","0","","0","0","0","","","0","","0","0","40 27:35.867","","0","79 53:50.562","9","0","0","0","2301","0","0","0","N","0","0","0","1","02301","0","","4.0","","9","N","N","","0","","0","0","0","","0","","","1","0","0","0","0","0","1","2","0","1","","","","N","","","","","","","","","",""
"2007032790","1020","0","0","0","0","0","0","0","0","0","7","0","","02","2","2007","1","","","1002","11","0","0","0","0","0","0","0","0","2","0","0","0","","","0","","0","2","","1","0","","9","0","0","0","2301","0","0","0","N","0","0","0","6","02301","0","","5.0","","2","N","N","","0","","0","0","1","","0","N","","1","0","0","0","0","0","6","1","0","1","","","","N","","","","","","","","","",""
"2007032791","0239","1","0","0","0","0","0","0","0","0","4","0","","02","3","2007","1","40.478889","-80.043019","0235","11","0","0","0","0","0","0","0","0","","0","0","0","","","1","","1","0","40 28:44.000","","0","80 02:34.869","8","0","0","0","2301","0","0","0","N","0","0","0","3","02301","0","","1.0","","7","N","N","","1","","0","0","0","","2","","","2","1","0","0","0","1","1","2","0","2","","","","N","","","","","","","","","",""
"2007032817","2039","2","0","0","0","0","0","0","0","0","1","0","","02","2","2007","5","40.501819","-79.795243","2033","11","0","0","0","0","0","0","0","0","1","0","0","0","","","1","","0","2","40 30:06.549","5","0","79 47:42.873","8","0","0","0","2113","0","0","0","N","0","0","0","2","02113","0","","1.0","","2","N","N","","0","","0","0","0","","0","N","","2","1","0","0","0","1","0","2","0","2","","","","N","","","","","","","","","",""
"2007032825","1751","1","0","0","0","0","0","0","0","0","7","0","","02","3","2007","7","40.4876","-80.2934","1747","11","0","0","0","0","0","0","0","0","","0","0","0","","","1","","0","0","40 29:15.360","","0","80 17:36.240","8","0","0","0","2203","0","0","0","N","0","0","0","1","02203","0","","2.0","","1","N","N","","0","","0","0","0","","0","","","1","1","1","0","0","1","0","2","0","1","","","","N","","","","","","","","","",""
"2007032828","2106","1","0","0","0","0","0","0","0","0","4","0","","02","3","2007","3","40.41","-80.082508","2104","11","0","0","0","0","0","0","0","0","","0","0","0","","","0","","1","0","40 24:36.000","","0","80 04:57.027","0","0","0","0","2415","0","0","0","N","0","0","0","1","02415","0","","1.0","","9","N","N","","0","","0","0","0","","2","","","2","0","0","0","0","0","0","2","0","1","","","","N","","","","","","","","","",""
"2007032833","0917","2","0","0","0","0","0","0","0","0","4","0","","02","2","2007","2","40.465156","-79.944138","0911","11","0","0","0","0","0","1","0","0","","0","0","0","","","1","","2","0","40 27:54.561","","0","79 56:38.896","8","0","0","0","2301","0","0","0","N","0","0","0","2","02301","0","","1.0","","1","N","N","","0","","0","0","0","","0","","","2","1","0","0","0","1","0","2","0","2","","","","N","","","","","","","","","",""
"2007032834","1650","1","0","0","0","0","0","0","0","0","7","0","","02","2","2007","4","40.465179","-79.980143","1636","11","0","0","0","0","0","0","0","0","","0","0","0","","","0","","0","0","40 27:54.644","","0","79 58:48.514","0","0","0","0","2301","0","0","0","N","0","0","0","4","02301","0","","4.0","","1","N","N","","0","","0","0","0","","0","","","1","0","0","0","0","0","0","2","0","1","","","","N","","","","","","","","","",""
"2007032835","1247","1","0","0","0","0","0","0","0","0","4","0","","02","3","2007","4","40.436591","-79.966246","1230","11","0","0","0","0","0","1","0","0","1","0","0","0","","","1","","1","1","40 26:11.727","4","0","79 57:58.486","8","0","0","0","2301","0","0","0","N","0","0","0","2","02301","0","","1.0","","9","N","N","","0","","0","0","1","","2","N","","2","1","0","0","0","1","0","2","0","2","","","","N","","","","","","","","","",""
"2007032836","2039","2","0","0","0","0","0","0","0","0","2","0","","02","3","2007","5","40.445576","-79.911819","2034","11","0","0","0","0","0","1","0","1","2","0","0","0","","","0","","2","1","40 26:44.073","5","0","79 54:42.548","0","0","0","0","2301","0","0","0","N","0","0","0","2","02301","0","","1.0","","1","N","N","","0","","0","0","0","","0","N","","2","0","0","0","0","0","0","2","0","2","","","","N","","","","","","","","","",""
"2007032914","0746","1","0","0","0","0","0","0","0","0","8","0","","02","3","2007","3","40.440245","-79.993338","0739","11","0","0","0","0","0","0","0","0","","0","0","0","","","1","","2","0","40 26:24.882","","0","79 59:36.016","8","0","0","0","2301","1","0","0","N","1","0","0","2","02301","0","","1.0","","1","N","N","","0","","0","0","0","","3","","","2","1","0","0","0","1","0","2","0","1","","","","N","","","","","","","","","",""
"2007032997","2121","1","0","0","0","0","0","0","0","0","4","0","","02","3","2007","4","40.43975","-79.896481","2115","11","0","0","0","0","1","1","0","0","1","0","0","0","","","0","","1","1","40 26:23.100","2","0","79 53:47.331","0","0","0","0","2301","0","0","0","N","0","0","0","2","02301","0","","1.0","","1","N","N","","0","","0","0","1","","3","N","","2","0","0","0","0","0","0","2","0","2","","","","N","","","","","","","","","",""
"2007032998","0053","1","0","0","0","0","0","0","0","0","7","0","","02","3","2007","6","40.465042","-79.919988","0047","11","0","0","0","0","0","0","0","0","1","0","0","0","","","1","","0","2","40 27:54.151","4","0","79 55:11.955","3","0","0","0","2301","0","0","0","N","0","0","0","1","02301","0","","4.0","","1","N","N","","0","","1","0","0","","0","Y","","1","1","0","0","0","0","0","2","0","1","","","","N","","","","","","","","","",""
"2007032999","0609","2","0","0","0","0","0","0","0","0","7","1","","02","3","2007","6","40.3579","-79.8539","0606","11","0","0","0","0","0","1","0","0","","0","1","0","","","0","","0","0","40 21:28.440","","0","79 51:14.040","0","0","0","0","2301","0","0","0","N","0","0","0","4","02301","0","","1.0","","1","N","N","","1","","0","0","0","","0","","","4","0","0","0","0","0","0","2","0","4","","","","N","","","","","","","","","",""
"2007033000","1530","2","0","0","0","0","0","0","0","0","7","0","","02","3","2007","7","40.453377","-80.054637","1519","11","0","0","0","0","0","0","0","0","","0","0","0","","","0","","0","0","40 27:12.157","","0","80 03:16.693","0","0","0","0","2301","0","0","0","N","0","0","0","1","02301","0","","4.0","","1","N","N","","0","","0","0","0","","0","","","2","0","0","0","0","0","0","2","0","2","","","","N","","","","","","","","","",""
"2007033001","1310","1","0","0","0","0","0","0","0","0","1","0","","02","3","2007","7","40.410833","-80.00602","1305","11","0","0","0","0","0","1","1","0","","0","0","0","","","0","","2","0","40 24:39.000","","0","80 00:21.671","0","0","0","0","2301","0","0","0","N","0","0","0","2","02301","0","","2.0","","1","N","N","","0","","0","0","1","","0","","","2","0","0","0","0","0","0","2","0","2","","","","N","","","","","","","","","",""
"2007033002","0626","2","0","0","0","0","0","0","0","0","2","0","","02","3","2007","2","","","0623","11","0","0","0","0","0","1","0","0","2","0","0","0","","","4","","0","2","","1","0","","2","0","0","0","2301","0","0","0","N","0","0","0","5","02301","2","","1.0","","1","N","N","","1","","0","2","0","","0","Y","","3","4","4","0","2","0","0","1","0","3","","","","N","","","","","","","","","",""
"2007033003","1716","2","0","0","0","0","0","0","0","0","1","0","","02","3","2007","2","40.443846","-80.055039","1711","11","0","0","0","0","0","0","0","0","","0","0","0","","","0","","0","0","40 26:37.847","","0","80 03:18.141","0","0","0","0","2301","0","0","0","N","0","0","0","2","02301","0","","1.0","","1","N","N","","0","","0","0","0","","0","","","2","0","0","0","0","0","0","2","0","2","","","","N","","","","","","","","","",""
"2007033004","1040","2","0","0","0","0","0","0","0","0","1","0","","02","3","2007","3","40.429167","-79.999223","1034","11","0","0","0","1","0","0","0","0","","0","0","0","","","0","","1","0","40 25:45.000","","0","79 59:57.204","9","0","0","0","2301","0","0","0","N","0","0","0","4","02301","0","","1.0","","1","N","N","","0","","0","0","0","","2","","","2","0","0","0","0","0","1","2","0","2","","","","N","","","","","","","","","",""
"2007033005","1124","1","0","0","0","0","0","0","0","0","7","0","","02","3","2007","3","40.3787","-79.993","1119","11","0","0","0","0","0","0","0","0","1","0","0","0","","","1","","0","2","40 22:43.320","5","0","79 59:34.800","3","0","0","0","2301","0","0","0","N","0","0","0","1","02301","0","","4.0","","1","N","N","","0","","1","0","0","","0","Y","","1","1","0","0","0","0","0","2","0","1","","","","N","","","","","","","","","",""
"2007033006","0915","1","0","0","0","0","0","0","0","0","7","0","","02","3","2007","4","40.406023","-80.045636","0842","11","0","0","0","0","0","0","0","0","","0","0","0","","","0","","0","0","40 24:21.682","","0","80 02:44.289","0","0","0","0","2301","0","0","0","N","0","0","0","1","02301","0","","2.0","","7","N","N","","0","","0","0","0","","0","","","1","0","0","0","0","0","0","2","0","1","","","","N","","","","","","","","","",""
"2007033007","0005","2","0","0","0","0","0","0","0","0","1","0","","02","3","2007","7","40.454152","-80.059193","0001","11","0","1","0","0","0","0","0","0","","0","0","0","","","1","","0","0","40 27:14.947","","0","80 03:33.094","4","0","0","0","2301","0","0","0","N","0","0","0","1","02301","1","","6.0","","1","N","N","","0","","0","0","0","","0","","","2","1","1","0","0","0","0","2","0","2","","","","N","","","","","","","","","",""
"2007033008","0636","0","0","0","0","0","0","0","0","0","7","0","","02","3","2007","4","40.424955","-79.977707","0636","11","0","0","0","0","0","0","0","0","9","0","0","0","","","0","","0","2","40 25:29.838","6","0","79 58:39.745","0","0","0","0","2301","0","0","0","","0","0","0","1","02301","0","","4.0","","9","N","N","","0","","0","0","1","","0","Y","","1","0","0","0","0","0","0","2","0","1","","","","N","","","","","","","","","",""
"2007033009","0858","1","0","0","0","0","0","0","0","0","7","0","","02","3","2007","4","40.416944","-80.014485","0837","11","0","0","0","0","0","1","0","0","","0","0","0","","","0","","2","0","40 25:01.000","","0","80 00:52.147","0","0","0","0","2301","0","0","0","N","0","0","0","2","02301","0","","4.0","","6","N","N","","0","","0","0","0","","2","","","1","0","0","0","0","0","0","2","0","1","","","","N","","","","","","","","","",""
"2007033010","0845","2","0","0","0","0","0","0","0","0","4","0","","02","3","2007","5","40.4441","-80.0294","0835","11","0","0","0","0","0","0","0","0","","0","0","0","","","1","","10","0","40 26:38.760","","0","80 01:45.840","4","0","0","0","2301","0","0","0","N","0","0","0","2","02301","1","","1.0","","1","N","N","","0","","0","0","0","","2","","","2","1","0","0","0","0","0","2","0","2","","","","N","","","","","","","","","",""
"2007033011","2042","3","0","0","0","0","0","0","0","0","4","0","","02","3","2007","5","40.44259","-79.958849","2037","11","0","0","0","0","0","0","0","0","","0","0","0","","","1","","0","0","40 26:33.324","","0","79 57:31.858","4","0","0","0","2301","0","0","0","N","0","0","0","2","02301","1","","1.0","","9","N","N","","0","","0","0","0","","0","","","3","1","0","0","0","0","0","2","0","3","","","","N","","","","","","","","","",""
"2007033012","1028","1","0","0","0","0","0","0","0","0","4","0","","02","3","2007","4","40.446389","-79.893602","1020","11","0","0","0","0","0","1","0","0","1","0","0","0","","","1","","2","2","40 26:47.000","4","0","79 53:36.968","3","0","0","0","2301","0","0","0","N","0","0","0","2","02301","0","","1.0","","9","N","N","","0","","1","0","0","","3","N","","2","1","1","0","0","0","0","2","1","2","","","","N","","","","","","","","","",""
"2007033022","0740","2","0","0","0","0","0","0","0","0","7","0","","02","3","2007","4","40.465289","-80.014088","0727","11","0","0","0","0","0","0","0","0","","0","0","0","","","0","","0","0","40 27:55.040","","0","80 00:50.716","9","0","0","0","2301","0","0","0","N","0","0","0","1","02301","0","","5.0","","7","N","N","","0","","0","0","0","","0","","","2","0","0","0","0","0","1","2","0","2","","","","N","","","","","","","","","",""
"2007033023","1703","2","0","0","0","0","0","0","0","0","4","0","","02","3","2007","4","40.478889","-80.043019","1700","11","0","0","0","0","0","0","0","0","","0","0","0","","","1","","1","0","40 28:44.000","","0","80 02:34.869","4","0","0","0","2301","0","0","0","N","0","0","0","3","02301","1","","1.0","","1","N","N","","0","","0","0","0","","2","","","2","1","0","0","0","0","0","2","0","2","","","","N","","","","","","","","","",""
"2007033024","0340","0","0","0","0","0","0","0","0","0","99","0","","02","3","2007","6","40.454167","-79.996855","0338","11","0","0","0","1","0","0","0","0","","0","0","0","","","0","","1","0","40 27:15.000","","0","79 59:48.677","0","0","0","0","2301","0","0","0","N","0","0","0","4","02301","0","","1.0","","1","N","N","","1","","0","0","1","","2","","","2","0","0","0","0","0","0","2","0","2","","","","N","","","","","","","","","",""
"2007033035","0820","2","0","0","0","0","0","0","0","0","2","0","","02","3","2007","5","40.489661","-80.018379","0817","11","0","0","1","0","0","0","0","0","","0","0","0","","","0","","1","0","40 29:22.778","","0","80 01:06.165","0","0","0","0","2301","0","0","0","N","0","0","0","2","02301","0","","1.0","","1","N","Y","","0","","0","0","0","","2","","","2","0","1","0","0","0","0","2","0","2","","","","N","","","","","","","","","",""
"2007033036","2308","2","0","0","0","0","0","0","0","0","4","0","","02","3","2007","5","40.456432","-80.001608","2307","11","0","0","0","0","0","1","0","0","","0","0","0","","","0","","1","0","40 27:23.155","","0","80 00:05.788","0","0","0","0","2301","0","0","0","N","0","0","0","2","02301","0","","1.0","","9","N","N","","0","","0","0","0","","1","","","2","0","0","0","0","0","0","2","0","2","","","","N","","","","","","","","","",""
"2007033070","0342","1","0","0","0","0","0","0","0","0","7","0","","02","3","2007","2","","","0337","11","0","0","0","0","0","0","0","0","","0","0","0","","","0","","2","0","","","0","","9","0","0","0","2301","0","0","0","N","0","0","0","1","02301","0","","2.0","","1","N","N","","0","","0","0","0","","1","","","1","0","0","0","0","0","1","1","0","1","","","","N","","","","","","","","","",""
"2007033071","0721","1","0","0","0","0","0","0","0","0","7","0","","02","3","2007","2","40.416595","-79.934205","0713","11","0","0","0","0","0","1","0","0","2","0","0","0","","","0","","0","2","40 24:59.741","5","0","79 56:03.137","0","0","0","0","2301","0","0","0","N","0","0","0","1","02301","0","","2.0","","2","N","N","","0","","0","0","0","","0","N","","1","0","0","0","0","0","0","2","0","1","","","","N","","","","","","","","","",""
"2007033073","1005","1","0","0","0","0","0","0","0","0","7","0","","02","3","2007","4","40.389444","-79.933339","1002","11","0","0","0","0","0","0","0","0","","0","0","0","","","0","","2","0","40 23:22.000","","0","79 56:00.019","0","0","0","0","2301","0","0","0","N","0","0","0","1","02301","0","","4.0","","2","N","N","","0","","0","0","0","","3","","","1","0","0","0","0","0","0","2","0","1","","","","N","","","","","","","","","",""
"2007033137","0317","1","0","0","0","0","0","0","0","0","7","0","","02","2","2007","3","40.39094","-80.19873","0314","11","0","0","0","0","0","0","0","0","","0","0","0","","","1","","2","0","40 23:27.385","","0","80 11:55.427","4","0","0","0","2214","0","0","0","N","0","0","0","1","02214","1","","4.0","","1","N","N","","0","","0","0","0","","0","","","1","1","0","0","0","0","0","2","0","1","","","","N","","","","","","","","","",""
"2007033154","0805","1","0","0","0","0","0","0","0","0","1","0","","02","3","2007","6","40.563333","-80.038811","0801","11","0","0","0","0","0","1","0","0","1","0","0","0","","","1","","2","2","40 33:48.000","2","0","80 02:19.721","4","0","0","0","2108","0","0","0","N","0","0","0","2","02108","1","","1.0","","9","N","N","","0","","0","0","1","","0","N","","2","1","0","0","0","0","0","2","0","2","","","","N","","","","","","","","","",""
"2007033155","0804","2","0","0","0","0","0","0","0","0","4","0","","02","2","2007","6","40.555833","-80.038962","0758","11","0","0","0","0","0","0","0","0","1","0","0","0","","","1","","0","1","40 33:21.000","2","0","80 02:20.263","4","0","0","0","2108","0","0","0","N","0","0","0","2","02108","1","","1.0","","6","N","N","","0","","0","0","0","","0","N","","2","1","1","0","0","0","0","2","0","2","","","","N","","","","","","","","","",""
"2007033196","1132","3","0","0","0","0","0","0","0","0","1","0","","02","2","2007","7","40.336412","-79.977558","1130","11","0","0","0","0","0","0","0","0","2","0","0","0","","","1","","0","1","40 20:11.083","1","0","79 58:39.210","4","0","0","0","2219","0","0","0","N","0","0","0","4","02219","1","","1.0","","9","N","N","","0","","0","0","0","","0","N","","3","1","0","0","0","0","0","2","0","3","","","","N","","","","","","","","","",""
"2007033197","0845","1","0","0","0","0","0","0","0","0","4","0","","02","2","2007","2","40.351294","-79.866699","0845","11","0","0","0","0","0","0","1","0","1","0","0","0","","","0","","1","2","40 21:04.657","4","0","79 52:00.117","0","0","0","0","2304","0","0","0","","0","0","0","2","02304","0","","1.0","","1","N","N","","1","","0","0","0","","2","N","","2","0","0","0","0","0","0","2","0","2","","","","N","","","","","","","","","",""
"2007033199","1429","2","0","0","0","0","0","0","0","0","1","0","","02","2","2007","3","40.571667","-80.036906","1424","11","0","0","0","0","0","0","0","1","","0","0","0","","","1","","2","0","40 34:18.000","","0","80 02:12.860","8","0","0","0","2108","0","0","0","N","0","0","0","3","02108","0","","1.0","","1","N","N","","0","","0","0","0","","2","","","2","1","0","0","0","1","0","2","0","2","","","","N","","","","","","","","","",""
"2007033200","0906","3","0","0","0","0","0","0","0","0","1","0","","02","2","2007","5","40.576111","-80.025657","0906","11","0","0","0","0","0","0","1","1","1","0","0","0","","","0","","0","2","40 34:34.000","2","0","80 01:32.366","0","0","0","0","2108","0","0","0","N","0","0","0","4","02108","0","","1.0","","9","N","N","","0","","0","0","0","","0","N","","3","0","0","0","0","0","0","2","0","3","","","","N","","","","","","","","","",""
"2007033201","2120","2","0","0","0","0","0","0","0","0","4","0","","02","2","2007","7","40.586767","-80.029993","2116","11","1","0","0","0","0","0","0","0","","0","0","0","","","1","","0","0","40 35:12.362","","0","80 01:47.975","8","0","0","0","2108","0","0","0","N","0","0","0","5","02108","0","","1.0","","1","N","N","","0","","0","0","0","","0","","","2","1","0","0","0","1","0","2","0","2","","","","N","","","","","","","","","",""
"2007033202","0027","0","0","0","0","0","0","0","0","0","7","0","","02","3","2007","7","40.5924","-80.0478","0027","11","0","0","0","0","0","0","0","0","1","0","0","0","","","0","","0","1","40 35:32.640","2","0","80 02:52.080","0","0","0","0","2108","0","0","0","N","0","0","0","1","02108","0","","4.0","","2","N","N","","0","","0","0","1","","0","N","","1","0","0","0","0","0","0","2","0","1","","","","N","","","","","","","","","",""
"2007033203","1647","0","0","0","0","0","0","0","0","0","99","0","","02","3","2007","2","40.580743","-80.060107","1643","11","0","0","0","0","0","0","0","0","","0","0","0","","","1","","0","0","40 34:50.674","","0","80 03:36.385","4","0","0","0","2108","0","0","0","N","0","0","0","2","02108","1","","1.0","","1","N","","","0","","0","0","0","","0","","","1","1","0","0","0","0","0","2","1","1","","","","N","","","","","","","","","",""
"2007033299","0153","1","0","0","0","0","0","0","0","0","7","0","","02","3","2007","6","40.400653","-80.08816","0152","11","0","0","0","0","0","0","0","0","","0","0","0","","","1","","0","0","40 24:02.350","","0","80 05:17.376","2","0","0","0","2117","0","0","0","N","0","0","0","1","02117","0","","5.0","","9","N","N","","0","","0","1","0","","0","","","1","1","1","0","1","0","0","2","0","1","","","","N","","","","","","","","","",""
"2007033331","1307","0","0","0","0","0","0","0","0","0","0","0","","02","3","2007","5","40.484167","-79.819301","1259","11","0","0","0","1","0","0","0","0","","0","0","0","","","2","","0","0","40 29:03.000","","0","79 49:09.482","4","0","0","0","2113","0","0","0","N","0","0","0","6","02113","2","","1.0","","1","N","N","","0","","0","0","0","","0","","","2","2","0","0","0","0","0","2","2","2","","","","N","","","","","","","","","",""
"2007033332","1800","0","0","0","0","0","0","0","0","0","4","0","","02","3","2007","5","40.474444","-79.80995","1757","11","0","0","0","0","0","1","0","0","1","0","0","0","","","0","","2","1","40 28:28.000","2","0","79 48:35.820","0","0","0","0","2113","0","0","0","N","0","0","0","3","02113","0","","1.0","","1","N","N","","0","","0","0","2","","3","N","","2","0","1","0","0","0","0","2","0","2","","","","N","","","","","","","","","",""
"2007033333","1500","1","0","0","0","0","0","0","0","0","1","0","","02","3","2007","3","40.463775","-79.801409","1456","11","0","0","0","0","0","1","1","0","2","0","0","0","","","1","","0","1","40 27:49.590","1","0","79 48:05.072","8","0","0","0","2113","0","0","0","N","0","0","0","2","02113","0","","1.0","","1","N","N","","1","","0","0","0","","0","N","","2","1","0","0","0","1","0","2","0","2","","","","N","","","","","","","","","",""
"2007033350","0720","1","0","0","0","0","0","0","0","0","6","0","","02","2","2007","5","40.464824","-79.92989","0717","11","0","0","0","0","0","0","0","0","","0","0","0","","","1","","0","0","40 27:53.366","","0","79 55:47.604","8","0","0","0","2301","0","0","0","N","0","0","0","3","02301","0","","6.0","","2","N","N","","0","","0","0","1","","0","","","2","1","1","0","0","1","0","2","0","2","","","","N","","","","","","","","","",""
"2007033351","2230","1","0","0","0","0","0","0","0","0","2","0","","02","3","2007","7","40.458611","-79.932637","2223","11","0","0","0","0","0","1","0","0","","0","0","0","","","1","","1","0","40 27:31.000","","0","79 55:57.492","4","0","0","0","2301","0","0","0","N","0","0","0","6","02301","1","","1.0","","7","N","N","","0","","0","0","1","","2","","","2","1","0","0","0","0","0","2","0","2","","","","N","","","","","","","","","",""
"2007033352","1550","1","0","0","0","0","0","0","0","0","4","0","","02","3","2007","1","40.455141","-79.899652","1547","11","0","0","1","0","0","0","1","0","2","0","0","0","","","0","","1","1","40 27:18.507","1","0","79 53:58.747","0","0","0","0","2301","0","0","0","N","0","0","0","2","02301","0","","1.0","","1","N","N","","0","","0","0","1","","3","N","","2","0","1","0","0","0","0","2","0","2","","","","N","","","","","","","","","",""
"2007033353","2113","1","0","0","0","0","0","0","0","0","2","0","","02","3","2007","5","40.457237","-79.934066","2111","11","0","0","0","0","0","0","0","0","1","0","0","0","","","0","","1","1","40 27:26.053","4","0","79 56:02.637","0","0","0","0","2301","0","0","0","N","0","0","0","4","02301","0","","1.0","","1","N","N","","0","","0","0","1","","2","N","","2","0","0","0","0","0","0","2","0","2","","","","N","","","","","","","","","",""
"2007033388","0949","1","0","0","0","0","0","0","0","0","1","0","","02","3","2007","1","40.344122","-79.985149","0946","11","0","0","0","0","0","1","1","0","","0","0","0","","","1","","2","0","40 20:38.839","","0","79 59:06.536","8","0","0","0","2403","0","0","0","N","0","0","0","3","02403","0","","1.0","","1","N","N","","0","","0","0","0","","0","","","2","1","0","0","0","1","0","2","1","2","","","","N","","","","","","","","","",""
"2007033473","0743","1","0","0","0","0","0","0","0","0","4","0","","02","3","2007","4","40.438611","-79.763652","0738","11","0","0","0","0","0","0","0","0","","0","0","0","","","0","","0","0","40 26:19.000","","0","79 45:49.146","0","0","0","0","2446","0","0","0","N","0","0","0","2","02446","0","","1.0","","1","N","N","","0","","0","0","1","","0","","","2","0","0","0","0","0","0","2","0","2","","","","N","","","","","","","","","",""
"2007033478","1531","2","0","0","0","0","0","0","0","0","4","0","","02","3","2007","6","40.542778","-80.013783","1527","11","0","0","1","0","0","0","1","0","1","0","0","0","","","0","","0","1","40 32:34.000","2","0","80 00:49.617","0","0","0","0","2116","0","0","0","N","0","0","0","3","02116","0","","1.0","","1","N","N","","0","","0","0","0","","0","N","","2","0","1","0","0","0","0","2","0","2","","","","N","","","","","","","","","",""
"2007033528","2143","0","0","0","0","0","0","0","0","0","7","0","","02","3","2007","6","40.470278","-80.183347","2139","11","0","0","0","0","0","0","0","0","1","0","0","0","","","2","","0","2","40 28:13.000","2","0","80 11:00.050","8","0","0","0","2213","0","0","0","N","0","0","0","2","02213","0","","2.0","","7","N","N","","1","","0","0","0","","0","N","","1","2","0","0","0","2","0","2","0","1","","","","N","","","","","","","","","",""
"2007033716","1806","0","0","0","0","0","0","0","0","0","4","0","","02","3","2007","4","40.541389","-79.776766","1805","11","0","0","0","0","0","1","0","0","1","0","0","0","","","1","","2","2","40 32:29.000","7","0","79 46:36.357","8","0","0","1","2462","0","0","0","N","0","0","0","2","02462","0","","1.0","","1","N","N","","0","","0","0","1","","3","Y","","2","1","0","0","0","1","0","2","0","2","","","","N","","","","","","","","","",""
"2007033720","1942","1","0","0","0","0","0","0","0","0","1","0","","02","3","2007","4","40.335617","-79.952511","1938","11","0","0","0","0","0","0","0","0","1","0","0","0","","","1","","0","2","40 20:08.221","5","0","79 57:09.040","8","0","0","0","2454","0","0","0","N","0","0","0","1","02454","0","","2.0","","1","N","N","","1","","0","0","2","","0","Y","","4","1","0","0","0","1","0","2","0","4","","","","N","","","","","","","","","",""
"2007033722","2251","3","0","0","0","0","0","0","0","0","4","0","","02","3","2007","6","40.446046","-79.927267","2243","11","0","0","0","0","0","1","0","0","2","0","0","0","","","1","","1","1","40 26:45.765","2","0","79 55:38.161","4","0","0","0","2301","0","0","0","N","0","0","0","5","02301","1","","1.0","","2","N","N","","0","","0","0","0","","3","N","","3","1","0","0","0","0","0","2","0","3","","","","N","","","","","","","","","",""