"CRN","ARRIVAL_TM","AUTOMOBILE_COUNT","BELTED_DEATH_COUNT","BELTED_SUSP_SERIOUS_INJ_COUNT","BICYCLE_COUNT","BICYCLE_DEATH_COUNT","BICYCLE_SUSP_SERIOUS_INJ_COUNT","BUS_COUNT","CHLDPAS_DEATH_COUNT","CHLDPAS_SUSP_SERIOUS_INJ_COUNT","COLLISION_TYPE","COMM_VEH_COUNT","CONS_ZONE_SPD_LIM","COUNTY","CRASH_MONTH","CRASH_YEAR","DAY_OF_WEEK","DEC_LATITUDE","DEC_LONGITUDE","DISPATCH_TM","DISTRICT","DRIVER_COUNT_16YR","DRIVER_COUNT_17YR","DRIVER_COUNT_18YR","DRIVER_COUNT_19YR","DRIVER_COUNT_20YR","DRIVER_COUNT_50_64YR","DRIVER_COUNT_65_74YR","DRIVER_COUNT_75PLUS","EST_HRS_CLOSED","FATAL_COUNT","HEAVY_TRUCK_COUNT","HORSE_BUGGY_COUNT","HOUR_OF_DAY","ILLUMINATION","INJURY_COUNT","INTERSECTION_RELATED","INTERSECT_TYPE","LANE_CLOSED","LATITUDE","LN_CLOSE_DIR","LOCATION_TYPE","LONGITUDE","MAX_SEVERITY_LEVEL","MCYCLE_DEATH_COUNT","MCYCLE_SUSP_SERIOUS_INJ_COUNT","MOTORCYCLE_COUNT","MUNICIPALITY","NONMOTR_COUNT","NONMOTR_DEATH_COUNT","NONMOTR_SUSP_SERIOUS_INJ_COUNT","NTFY_HIWY_MAINT","PED_COUNT","PED_DEATH_COUNT","PED_SUSP_SERIOUS_INJ_COUNT","PERSON_COUNT","POLICE_AGCY","POSSIBLE_INJ_COUNT","RDWY_SURF_TYPE_CD","RELATION_TO_ROAD","ROADWAY_CLEARED","ROAD_CONDITION","SCH_BUS_IND","SCH_ZONE_IND","SECONDARY_CRASH","SMALL_TRUCK_COUNT","SPEC_JURIS_CD","SUSP_MINOR_INJ_COUNT","SUSP_SERIOUS_INJ_COUNT","SUV_COUNT","TCD_FUNC_CD","TCD_TYPE","TFC_DETOUR_IND","TIME_OF_DAY","TOTAL_UNITS","TOT_INJ_COUNT","UNBELTED_OCC_COUNT","UNB_DEATH_COUNT","UNB_SUSP_SERIOUS_INJ_COUNT","UNK_INJ_DEG_COUNT","UNK_INJ_PER_COUNT","URBAN_RURAL","VAN_COUNT","VEHICLE_COUNT","WEATHER1","WEATHER2","WORKERS_PRES","WORK_ZONE_IND","WORK_ZONE_LOC","WORK_ZONE_TYPE","WZ_CLOSE_DETOUR","WZ_FLAGGER","WZ_LAW_OFFCR_IND","WZ_LN_CLOSURE","WZ_MOVING","WZ_OTHER","WZ_SHLDER_MDN","WZ_WORKERS_INJ_KILLED"
"2007042368","0830","1","0","0","0","0","0","0","0","0","1","1","","02","3","2007","3","40.422222","-80.105387","0820","11","0","0","0","0","0","1","0","0","1","0","0","0","","","0","","0","","40 25:20.000","1","0","80 06:19.394","0","0","0","0","2102","0","0","0","N","0","0","0","2","68B03","0","","1.0","","1","N","N","","1","","0","0","0","0","0","N","","2","0","0","0","0","0","0","2","0","2","","","","N","","","","","","","","","",""
"2007042375","1416","1","0","0","0","0","0","0","0","0","7","0","","02","4","2007","4","40.403362","-80.089786","1414","11","0","0","0","0","0","0","0","0","","0","0","0","","","0","","1","","40 24:12.103","","0","80 05:23.229","0","0","0","0","2415","0","0","0","N","0","0","0","1","02415","0","","5.0","","1","N","N","","0","","0","0","0","3","3","","","1","0","0","0","0","0","0","2","0","1","","","","N","","","","","","","","","",""
"2007042376","1124","0","0","0","0","0","0","0","0","0","1","0","","02","4","2007","3","40.633807","-79.954609","1117","11","0","0","0","0","0","1","1","0","","0","0","0","","","1","","0","","40 38:01.704","","0","79 57:16.594","4","0","0","0","2217","0","0","0","N","0","0","0","4","02505","1","","1.0","","1","N","N","","1","","0","0","1","0","0","","","2","1","1","0","0","0","0","2","0","2","","","","N","","","","","","","","","",""
"2007042380","0811","0","0","0","0","0","0","0","0","0","4","0","","02","4","2007","6","40.6644","-79.729","0809","11","0","0","0","0","0","0","0","0","3","0","0","0","","","2","","0","","40 39:51.840","5","0","79 43:44.400","2","0","0","0","2202","0","0","0","N","0","0","0","2","02202","0","","1.0","","1","N","N","","1","","1","1","1","0","0","Y","","2","2","0","0","0","0","0","1","0","2","","","","N","","","","","","","","","",""
"2007042384","1134","0","0","0","0","0","0","1","0","0","4","1","","02","4","2007","7","40.440278","-80.006994","1129","11","0","0","0","0","0","2","0","0","","0","0","0","","","1","","2","","40 26:25.000","","0","80 00:25.180","4","0","0","0","2301","0","0","0","N","0","0","0","3","02503","1","","1.0","","9","N","N","","1","","0","0","0","3","2","","","2","1","1","0","0","0","0","2","0","2","","","","N","","","","","","","","","",""
"2007042387","1120","0","0","0","0","0","0","0","0","0","4","0","","02","4","2007","7","40.311835","-79.940581","1116","11","0","1","0","0","0","0","0","0","2","0","0","0","","","0","","0","","40 18:42.606","6","0","79 56:26.091","0","0","0","0","2440","0","0","0","N","0","0","0","6","02440","0","","1.0","","1","N","N","","0","","0","0","2","0","0","N","","2","0","0","0","0","0","0","2","0","2","","","","N","","","","","","","","","",""
"2007042400","1733","2","0","0","0","0","0","0","0","0","4","0","","02","4","2007","7","40.387219","-79.902307","1730","11","0","0","0","0","0","0","0","0","","0","0","0","","","0","","1","","40 23:13.988","","0","79 54:08.305","0","0","0","0","2448","0","0","0","N","0","0","0","4","02448","0","","1.0","","9","N","N","","0","","0","0","0","3","3","","","2","0","0","0","0","0","0","2","0","2","","","","N","","","","","","","","","",""
"2007042504","1700","1","0","0","0","0","0","0","0","0","4","0","","02","4","2007","7","40.612222","-79.947455","1659","11","0","0","0","0","0","0","0","0","2","0","0","0","","","1","","0","","40 36:44.000","2","0","79 56:50.839","8","0","0","0","2207","0","0","0","N","0","0","0","2","02207","0","","1.0","","1","N","N","","0","","0","0","0","9","4","N","","2","1","0","0","0","1","0","2","1","2","","","","N","","","","","","","","","",""
"2007042507","1615","2","0","0","0","0","0","0","0","0","4","0","","02","4","2007","7","40.445446","-79.765266","1610","11","0","0","0","1","0","1","0","0","","0","0","0","","","2","","1","","40 26:43.605","","0","79 45:54.957","4","0","0","0","2446","0","0","0","N","0","0","0","5","02446","2","","1.0","","9","N","N","","0","","0","0","0","3","3","","","2","2","0","0","0","0","0","2","0","2","","","","N","","","","","","","","","",""
"2007042508","1857","0","0","0","0","0","0","0","0","0","4","0","","02","4","2007","5","40.2171","-79.8425","1852","11","0","0","0","0","0","0","0","0","3","0","0","0","","","3","","1","","40 13:01.560","6","8","79 50:33.000","3","0","0","0","2204","0","0","0","N","0","0","0","5","02204","0","","1.0","","9","N","N","","1","","1","0","2","3","3","Y","","3","3","0","0","0","2","0","2","0","3","","","","N","","","","","","","","","",""
"2007042515","2106","1","0","0","0","0","0","0","0","0","2","0","","02","4","2007","6","40.621667","-79.763317","2102","11","0","0","0","0","0","0","0","0","1","0","0","0","","","2","","0","","40 37:18.000","6","0","79 45:47.940","3","0","0","0","2202","0","0","0","N","0","0","0","4","02202","1","","1.0","","1","N","N","","0","","1","0","1","0","0","Y","","2","2","1","0","0","0","0","2","0","2","","","","N","","","","","","","","","",""
"2007042520","1811","0","0","0","0","0","0","0","0","0","7","0","","02","4","2007","5","40.505017","-79.762077","1808","11","0","0","0","0","0","0","0","0","1","0","0","0","","","1","","0","","40 30:18.060","6","0","79 45:43.477","8","0","0","1","2466","0","0","0","N","0","0","0","1","02466","0","","2.0","","1","N","N","","0","","0","0","0","0","0","N","","1","1","0","0","0","1","0","1","0","1","","","","N","","","","","","","","","",""
"2007042522","1141","2","0","0","0","0","0","0","0","0","1","0","","02","4","2007","7","40.6168","-79.946","1138","11","0","0","0","0","0","1","0","0","","0","0","0","","","1","","0","","40 37:00.480","","0","79 56:45.600","4","0","0","0","2217","0","0","0","N","0","0","0","2","02505","1","","1.0","","9","N","N","","0","","0","0","0","0","0","","","2","1","0","0","0","0","0","2","0","2","","","","N","","","","","","","","","",""
"2007042523","1222","1","0","0","0","0","0","0","0","0","0","0","","02","4","2007","2","40.633333","-79.9386","1219","11","0","0","0","0","0","1","0","0","","0","0","0","","","0","","2","","40 38:00.000","","0","79 56:18.959","0","0","0","0","2217","0","0","0","N","0","0","0","2","02505","0","","2.0","","1","N","N","","1","","0","0","0","0","0","","","2","0","0","0","0","0","0","2","0","2","","","","N","","","","","","","","","",""
"2007042527","1023","1","0","0","0","0","0","0","0","0","7","0","","02","4","2007","7","40.3535","-79.8225","1021","11","0","0","0","0","0","0","0","0","1","0","0","0","","","0","","0","","40 21:12.600","3","0","79 49:21.000","0","0","0","0","2111","0","0","0","Y","0","0","0","1","02111","0","","2.0","","9","N","N","","0","","0","0","0","0","0","N","","1","0","1","0","0","0","0","2","0","1","","","","N","","","","","","","","","",""
"2007042531","1145","0","0","0","0","0","0","0","0","0","4","0","","02","4","2007","1","40.4389","-79.7982","1140","11","0","0","0","0","0","0","1","1","","0","0","0","","","1","","0","","40 26:20.040","","0","79 47:53.520","8","0","0","0","2446","0","0","0","N","0","0","0","3","02446","0","","1.0","","1","N","N","","0","","0","0","2","0","0","","","3","1","0","0","0","1","0","2","1","3","","","","N","","","","","","","","","",""
"2007042535","0655","1","0","0","0","0","0","0","0","0","7","0","","02","4","2007","1","40.6445","-80.0291","0647","11","0","0","0","0","0","0","0","1","2","0","0","0","","","1","","0","","40 38:40.200","5","1","80 01:44.760","3","0","0","0","2216","0","0","0","N","0","0","0","1","02505","0","","5.0","","1","N","N","","0","","1","0","0","0","0","N","","1","1","0","0","0","0","0","2","0","1","","","","N","","","","","","","","","",""
"2007042536","2030","2","0","0","0","0","0","0","0","0","4","0","","02","4","2007","7","40.449156","-79.762252","2028","11","0","0","0","0","0","1","0","0","","0","0","0","","","0","","1","","40 26:56.961","","0","79 45:44.107","0","0","0","0","2446","0","0","0","N","0","0","0","4","02446","0","","1.0","","1","N","N","","0","","0","0","0","3","3","","","2","0","0","0","0","0","0","2","0","2","","","","N","","","","","","","","","",""
"2007042537","1427","0","0","0","0","0","0","0","0","0","1","0","","02","4","2007","7","40.658261","-80.087077","1423","11","0","0","0","0","0","0","0","0","2","0","0","0","","","2","","0","","40 39:29.739","1","0","80 05:13.477","4","0","0","0","2212","0","0","0","N","0","0","0","5","02505","2","","1.0","","1","N","N","","1","","0","0","2","0","0","N","","3","2","0","0","0","0","0","2","0","3","","","","N","","","","","","","","","",""
"2007042543","1657","2","0","0","0","0","0","0","0","0","99","0","","02","4","2007","2","40.4295","-79.892","1655","11","0","0","0","0","0","0","0","0","","0","0","0","","","0","","2","","40 25:46.200","","2","79 53:31.200","0","0","0","0","2426","0","0","0","N","0","0","0","2","02426","0","","1.0","","9","N","N","","0","","0","0","0","0","0","","","2","0","0","0","0","0","0","2","0","2","","","","N","","","","","","","","","",""
"2007042544","0521","1","0","0","0","0","0","0","0","0","7","0","","02","4","2007","2","40.433078","-79.888672","0521","11","0","0","0","0","0","0","0","0","","1","0","0","","","0","","0","","40 25:59.080","","0","79 53:19.219","1","0","0","0","2426","0","0","0","N","0","0","0","1","02426","0","9","5.0","","1","N","N","","0","0","0","0","0","0","0","","","2","0","1","1","0","0","0","2","1","2","","","","N","","","","","","","","","",""
"2007042559","1754","0","0","0","0","0","0","0","0","0","1","0","","02","4","2007","7","40.541053","-79.804163","1730","11","0","0","0","0","0","0","1","0","","0","0","0","","","0","","1","","40 32:27.791","","7","79 48:14.988","0","0","0","0","2418","0","0","0","N","0","0","0","3","02418","0","","1.0","","1","N","N","","1","","0","0","1","0","0","","","2","0","1","0","0","0","0","2","0","2","","","","N","","","","","","","","","",""
"2007042564","2010","1","0","0","0","0","0","0","0","0","6","0","","02","4","2007","4","40.434458","-79.787344","2008","11","0","0","0","0","0","1","0","0","1","0","0","0","","","0","","0","","40 26:04.050","3","0","79 47:14.440","0","0","0","0","2446","0","0","0","N","0","0","0","2","02446","0","","1.0","","1","N","N","","0","","0","0","1","0","0","N","","2","0","0","0","0","0","0","2","0","2","","","","N","","","","","","","","","",""
"2007042567","0625","0","0","0","0","0","0","0","0","0","7","1","","02","4","2007","5","","","0622","11","0","0","0","0","0","0","0","0","","0","1","0","","","0","","0","","","","7","","0","0","0","0","2217","0","0","0","N","0","0","0","1","02505","0","","3.0","","1","N","N","","0","","0","0","0","3","2","","","1","0","0","0","0","0","0","1","0","1","","","","N","","","","","","","","","",""
"2007042569","0002","1","0","0","0","0","0","0","0","0","7","0","","02","4","2007","7","40.37","-79.8197","2359","11","0","0","0","0","0","0","0","0","3","0","0","0","","","2","","0","","40 22:12.000","5","0","79 49:10.920","2","0","0","0","2111","0","0","0","Y","0","0","0","2","02111","0","","2.0","","1","N","N","","0","","0","2","0","0","0","Y","","1","2","2","0","2","0","0","2","0","1","","","","N","","","","","","","","","",""
"2007042578","1434","1","0","0","0","0","0","0","0","0","4","0","","02","4","2007","3","40.43357","-79.783359","1428","11","0","0","0","0","0","0","0","1","","0","0","0","","","1","","2","","40 26:00.852","","0","79 47:00.092","8","0","0","0","2446","0","0","0","N","0","0","0","2","02446","0","","1.0","","1","N","N","","0","","0","0","0","3","2","","","2","1","0","0","0","1","0","2","1","2","","","","N","","","","","","","","","",""
"2007042583","0657","2","0","0","0","0","0","0","0","0","4","0","","02","4","2007","2","40.495556","-80.066756","0656","11","0","0","0","0","0","0","0","0","","0","0","0","","","2","","0","","40 29:44.000","","7","80 04:00.321","4","0","0","0","2402","0","0","0","N","0","0","0","3","02402","2","","1.0","","1","N","N","","0","","0","0","0","0","0","","","3","2","0","0","0","0","0","2","1","3","","","","N","","","","","","","","","",""
"2007042592","0755","2","0","0","0","0","0","0","0","0","1","0","","02","4","2007","2","40.388056","-80.082051","0752","11","0","0","0","0","1","0","0","0","","0","0","0","","","1","","0","","40 23:17.000","","0","80 04:55.384","8","0","0","0","2117","0","0","0","N","0","0","0","2","02117","0","","1.0","","1","N","N","","0","","0","0","0","0","0","","","2","1","1","0","0","1","0","2","0","2","","","","N","","","","","","","","","",""
"2007042598","1247","1","0","0","0","0","0","0","0","0","8","0","","02","4","2007","2","40.434","-79.7951","1245","11","0","0","0","0","0","0","0","0","","0","0","0","","","1","","0","","40 26:02.400","","7","79 47:42.360","8","0","0","0","2446","1","0","0","N","1","0","0","2","02446","0","","1.0","","1","N","N","","0","","0","0","0","3","2","","","2","1","0","0","0","1","0","2","0","1","","","","N","","","","","","","","","",""
"2007042606","1444","0","0","0","0","0","0","0","0","0","7","0","","02","4","2007","2","40.559231","-80.171161","1441","11","0","0","0","0","0","0","0","0","","0","0","0","","","0","","0","","40 33:33.232","","0","80 10:16.180","0","0","0","0","2459","0","0","0","N","0","0","0","1","02459","0","","5.0","","1","N","N","","0","","0","0","1","0","0","","","1","0","0","0","0","0","0","1","0","1","","","","N","","","","","","","","","",""
"2007042612","1129","2","0","0","0","0","0","0","0","0","1","0","","02","4","2007","5","40.505833","-80.223171","1127","11","0","0","0","0","0","1","0","0","","0","0","0","","","0","","0","","40 30:21.000","","0","80 13:23.416","0","0","0","0","2213","0","0","0","N","0","0","0","4","02213","0","","1.0","","1","N","N","","0","","0","0","1","0","0","","","3","0","0","0","0","0","0","2","0","3","","","","N","","","","","","","","","",""
"2007042613","1411","1","0","0","0","0","0","0","0","0","7","0","","02","4","2007","7","40.4851","-80.186","1410","11","0","1","0","0","0","0","0","0","","0","0","0","","","0","","0","","40 29:06.360","","0","80 11:09.600","0","0","0","0","2213","0","0","0","N","0","0","0","1","02213","0","","5.0","","9","N","N","","0","","0","0","0","0","0","","","1","0","1","0","0","0","0","2","0","1","","","","N","","","","","","","","","",""
"2007042614","1352","2","0","0","0","0","0","0","0","0","1","0","","02","4","2007","2","40.4564","-80.1798","1349","11","0","0","0","0","0","1","0","1","2","0","0","0","","","1","","0","","40 27:23.040","1","0","80 10:47.280","4","0","0","0","2213","0","0","0","N","0","0","0","3","02213","1","","1.0","","1","N","N","","0","","0","0","0","0","0","N","","2","1","0","0","0","0","0","2","0","2","","","","N","","","","","","","","","",""
"2007042615","0738","3","0","0","0","0","0","0","0","0","1","0","","02","4","2007","2","40.351111","-80.012457","0734","11","0","0","0","0","0","1","1","0","","0","0","0","","","1","","0","","40 21:04.000","","0","80 00:44.846","4","0","0","0","2407","0","0","0","N","0","0","0","4","02407","1","","1.0","","1","N","N","","1","","0","0","0","0","0","","","4","1","0","0","0","0","0","2","0","4","","","","N","","","","","","","","","",""
"2007042678","0555","0","0","0","0","0","0","0","0","0","4","0","","02","3","2007","5","40.372778","-80.099262","0540","11","0","0","0","0","0","0","0","0","","0","0","0","","","0","","1","","40 22:22.000","","0","80 05:57.344","0","0","0","0","2102","0","0","0","N","0","0","0","2","68B03","0","","1.0","","1","N","N","","2","","0","0","0","3","2","","","2","0","0","0","0","0","0","2","0","2","","","","N","","","","","","","","","",""
"2007042711","","0","0","0","0","0","0","0","0","0","2","1","","02","3","2007","5","40.490556","-80.20507","2042","11","0","0","0","0","0","0","0","0","3","0","1","0","","","1","","0","2","40 29:26.000","5","0","80 12:18.251","3","0","0","0","2213","0","0","0","N","0","0","0","2","68B03","0","","1.0","","1","N","N","","0","","1","0","0","0","0","Y","","2","1","1","0","0","0","0","2","1","2","","","","N","","","","","","","","","",""
"2007042713","","1","0","0","0","0","0","0","0","0","4","0","","02","4","2007","2","40.516944","-79.726591","1731","11","0","0","0","0","0","1","0","0","1","0","0","0","","","1","","1","1","40 31:01.000","7","0","79 43:35.729","8","0","0","0","2466","0","0","0","N","0","0","0","2","02466","0","","1.0","","1","N","N","","1","","0","0","0","3","3","N","","2","1","0","0","0","1","0","1","0","2","","","","N","","","","","","","","","",""
"2007042714","","2","0","0","0","0","0","0","0","0","4","0","","02","4","2007","2","40.3389","-79.9557","1901","11","0","1","0","0","0","1","0","0","1","0","0","0","","","1","","0","1","40 20:20.040","2","7","79 57:20.520","4","0","0","0","2454","0","0","0","N","0","0","0","3","02454","1","","1.0","","1","N","N","","0","","0","0","0","3","2","Y","","2","1","0","0","0","0","0","2","0","2","","","","N","","","","","","","","","",""
"2007042719","","1","0","0","0","0","0","0","0","0","4","0","","02","4","2007","7","40.634722","-79.939791","2339","11","1","0","0","0","0","0","0","0","1","0","0","0","","","2","","1","1","40 38:05.000","7","0","79 56:23.249","8","0","0","0","2217","0","0","0","N","0","0","0","3","02505","0","","1.0","","1","N","N","","0","","0","0","1","3","2","N","","2","2","0","0","0","2","0","2","0","2","","","","N","","","","","","","","","",""
"2007042734","","0","0","0","0","0","0","0","0","0","7","0","","02","4","2007","6","40.4595","-80.0305","9999","11","0","0","0","0","0","0","0","0","","0","0","0","","","0","","0","0","40 27:34.200","","0","80 01:49.800","0","0","0","0","2301","0","0","0","N","0","0","0","1","02301","0","","4.0","","2","N","N","","0","","0","0","1","0","0","","","1","0","0","0","0","0","0","2","0","1","","","","N","","","","","","","","","",""
"2007042735","","1","0","0","0","0","0","0","0","0","7","0","","02","4","2007","6","40.454934","-79.968521","2046","11","0","0","0","0","0","1","0","0","3","0","0","0","","","1","","0","2","40 27:17.761","6","0","79 58:06.676","8","0","0","0","2301","0","0","0","N","0","0","0","2","02301","0","","3.0","","1","N","N","","1","","0","0","0","0","0","Y","","2","1","0","0","0","1","1","2","0","2","","","","N","","","","","","","","","",""
"2007042738","","0","0","0","0","0","0","0","0","0","7","0","","02","4","2007","3","40.461574","-79.967105","1255","11","0","0","0","0","0","1","0","0","","0","0","0","","","1","","1","0","40 27:41.668","","8","79 58:01.577","2","0","1","1","2301","0","0","0","N","0","0","0","1","02301","0","","4.0","","1","N","N","","0","","0","1","0","3","2","","","1","1","0","0","0","0","0","2","0","1","","","","N","","","","","","","","","",""
"2007042739","","1","0","0","0","0","0","0","0","0","7","0","","02","4","2007","7","40.442424","-79.999945","0206","11","0","0","1","0","0","0","0","0","","0","0","0","","","1","","5","0","40 26:32.726","","0","79 59:59.802","4","0","0","0","2301","0","0","0","N","0","0","0","1","02301","1","","9.0","","9","N","N","","0","","0","0","0","0","0","","","1","1","0","0","0","0","0","2","0","1","","","","N","","","","","","","","","",""
"2007042740","","1","0","0","0","0","0","0","0","0","4","0","","02","4","2007","7","40.443712","-79.998446","2044","11","0","0","0","0","0","0","0","0","","0","0","0","","","0","","1","0","40 26:37.363","","0","79 59:54.405","9","0","0","0","2301","0","0","0","N","0","0","0","2","02301","0","","1.0","","1","N","N","","0","","0","0","1","3","2","","","2","0","0","0","0","0","1","2","0","2","","","","N","","","","","","","","","",""
"2007042741","","0","0","0","0","0","0","0","0","0","5","0","","02","4","2007","1","40.452339","-79.982111","0134","11","0","0","0","0","0","0","0","0","","0","0","0","","","0","","0","0","40 27:08.420","","0","79 58:55.599","0","0","0","0","2301","0","0","0","N","0","0","0","4","02301","0","","1.0","","1","N","N","","0","","0","0","1","0","0","","","2","0","0","0","0","0","0","2","1","2","","","","N","","","","","","","","","",""
"2007042743","","1","0","0","0","0","0","0","0","0","7","0","","02","4","2007","3","40.369514","-79.911946","2340","11","0","0","0","0","0","0","0","0","1","0","0","0","","","0","","0","1","40 22:10.251","3","0","79 54:43.005","0","0","0","0","2301","0","0","0","N","0","0","0","1","02301","0","","4.0","","1","N","N","","0","","0","0","0","0","0","N","","1","0","0","0","0","0","0","2","0","1","","","","N","","","","","","","","","",""
"2007042755","","1","0","0","0","0","0","0","0","0","1","0","","02","3","2007","6","40.4182","-79.732","0920","11","0","0","0","0","0","0","0","0","2","0","0","0","","","0","","0","1","40 25:05.520","4","0","79 43:55.200","0","0","0","0","2446","0","0","0","N","0","0","0","1","68T04","0","","2.0","","1","N","N","","1","","0","0","0","0","0","N","","2","0","0","0","0","0","0","2","0","2","","","","N","","","","","","","","","",""
"2007042760","","3","0","0","0","0","0","0","0","0","4","0","","02","4","2007","2","40.530556","-80.009757","1900","11","0","0","0","0","0","1","0","0","2","0","0","0","","","1","","1","1","40 31:50.000","2","0","80 00:35.126","3","0","0","0","2116","0","0","0","N","0","0","0","4","02116","0","","1.0","","1","N","N","","0","","1","0","0","3","2","Y","","3","1","1","0","0","0","0","2","0","3","","","","N","","","","","","","","","",""
"2007042966","","0","0","0","0","0","0","0","0","0","7","0","","02","3","2007","6","40.426","-79.8972","1625","11","0","0","0","0","0","0","0","0","","0","0","0","","","1","","0","0","40 25:33.600","","2","79 53:49.920","4","0","0","0","2301","0","0","0","N","0","0","0","1","68B03","1","","2.0","","1","N","N","","1","","0","0","0","0","0","","","1","1","0","0","0","0","0","2","0","1","","","","N","","","","","","","","","",""
"2007042967","","0","0","0","0","0","0","0","0","0","4","1","","02","2","2007","3","40.4208","-80.1045","0949","11","0","0","0","0","0","0","1","0","","0","1","0","","","0","","6","0","40 25:14.880","","2","80 06:16.200","0","0","0","0","2102","0","0","0","N","0","0","0","2","68B03","0","","1.0","","2","N","N","","1","","0","0","0","0","0","","","2","0","0","0","0","0","0","2","0","2","","","","N","","","","","","","","","",""
"2007042968","","1","0","0","0","0","0","0","0","0","7","0","","02","3","2007","7","","","1233","11","0","0","0","0","1","0","0","0","","0","0","0","","","1","","0","0","40 31:12.36","","0","80 03:41.04","4","0","0","0","2116","0","0","0","N","0","0","0","1","68B03","1","","3.0","","9","N","N","","0","","0","0","0","0","0","","","1","1","0","0","0","0","0","2","0","1","","","","N","","","","","","","","","",""
"2007043004","","0","0","0","0","0","0","0","0","0","1","0","","02","2","2007","4","","","1939","11","0","0","0","0","0","1","0","0","","0","0","0","","","1","","6","0","40 26:23.28","","8","80 00:35.28","8","0","0","0","2301","0","0","0","N","0","0","0","3","68B03","0","","1.0","","1","N","N","","0","","0","0","1","3","3","","","2","1","0","0","0","1","0","2","1","2","","","","N","","","","","","","","","",""
"2007043075","","0","0","0","0","0","0","0","0","0","7","0","","02","3","2007","6","40.320556","-79.835979","2022","11","0","0","0","0","0","0","1","0","","0","0","0","","","0","","0","0","40 19:14.000","","0","79 50:09.523","0","0","0","0","2469","0","0","0","N","0","0","0","1","02469","0","","5.0","","1","N","N","","1","","0","0","0","0","0","","","1","0","1","0","0","0","0","2","0","1","","","","N","","","","","","","","","",""
"2007043091","","1","0","0","0","0","0","0","0","0","4","0","","02","3","2007","5","40.484","-79.8128","1802","11","0","0","0","0","0","0","0","1","","0","0","0","","","1","","0","0","40 29:02.400","","0","79 48:46.080","3","0","0","0","2113","0","0","0","N","0","0","0","4","02113","0","","1.0","","1","N","N","","0","","1","0","1","0","0","","","3","1","0","0","0","0","0","2","1","3","","","","N","","","","","","","","","",""
"2007043098","","2","0","0","0","0","0","0","0","0","4","0","","02","3","2007","5","40.453164","-79.891036","0748","11","0","0","0","0","0","1","0","0","9","0","0","0","","","1","","0","1","40 27:11.389","6","0","79 53:27.731","8","0","0","0","2301","0","0","0","N","0","0","0","3","02301","0","","1.0","","1","N","N","","0","","0","0","0","0","0","N","","2","1","0","0","0","1","0","2","0","2","","","","N","","","","","","","","","",""
"2007043099","","1","0","0","0","0","0","0","0","0","7","0","","02","4","2007","1","40.467814","-79.938132","0131","11","0","0","0","0","0","0","0","0","","0","0","0","","","0","","0","0","40 28:04.130","","0","79 56:17.275","9","0","0","0","2301","0","0","0","N","0","0","0","2","02301","0","","4.0","","1","N","N","","0","","0","0","0","0","0","","","1","0","0","0","0","0","2","2","0","1","","","","N","","","","","","","","","",""
"2007043100","","1","0","0","0","0","0","0","0","0","4","0","","02","4","2007","4","40.463496","-79.91735","2222","11","0","0","0","0","0","1","0","0","1","0","0","0","","","0","","1","1","40 27:48.585","3","0","79 55:02.460","0","0","0","0","2301","0","0","0","N","0","0","0","3","02301","0","","1.0","","1","N","N","","0","","0","0","0","3","2","N","","2","0","0","0","0","0","0","2","1","2","","","","N","","","","","","","","","",""
"2007043101","","2","0","0","0","0","0","0","0","0","4","0","","02","4","2007","4","40.456944","-79.898866","0658","11","0","0","0","0","0","1","0","0","","0","0","0","","","1","","1","0","40 27:25.000","","0","79 53:55.917","8","0","0","0","2301","0","0","0","N","0","0","0","3","02301","0","","1.0","","1","N","N","","0","","0","0","0","3","2","","","2","1","0","0","0","1","0","2","0","2","","","","N","","","","","","","","","",""
"2007043102","","2","0","0","0","0","0","0","0","0","6","0","","02","4","2007","5","40.449248","-79.887306","1548","11","0","0","0","0","1","0","0","0","","0","0","0","","","2","","1","0","40 26:57.292","","0","79 53:14.301","4","0","0","0","2301","0","0","0","N","0","0","0","3","02301","2","","1.0","","1","N","N","","0","","0","0","0","3","3","","","2","2","0","0","0","0","0","2","0","2","","","","N","","","","","","","","","",""
"2007043103","","1","0","0","0","0","0","0","0","0","7","0","","02","4","2007","4","40.446277","-79.955594","0948","11","0","0","0","0","1","1","0","0","1","0","0","0","","","1","","0","1","40 26:46.597","4","0","79 57:20.138","3","0","0","1","2301","0","0","0","N","0","0","0","2","02301","0","","5.0","","1","N","N","","0","","1","0","0","0","0","N","","2","1","1","0","0","0","0","2","0","2","","","","N","","","","","","","","","",""
"2007043104","","1","0","0","0","0","0","0","0","0","5","0","","02","4","2007","5","40.449881","-79.945644","0958","11","0","0","0","0","0","0","0","1","1","0","0","0","","","0","","0","1","40 26:59.571","3","0","79 56:44.318","0","0","0","0","2301","0","0","0","N","0","0","0","1","02301","0","","6.0","","1","N","N","","2","","0","0","0","0","0","N","","3","0","1","0","0","0","0","2","0","3","","","","N","","","","","","","","","",""
"2007043105","","1","0","0","0","0","0","0","0","0","7","0","","02","4","2007","6","40.424834","-79.952019","0157","11","0","0","0","0","0","0","0","0","","0","0","0","","","0","","0","0","40 25:29.404","","0","79 57:07.269","0","0","0","0","2301","0","0","0","N","0","0","0","1","02301","0","","5.0","","1","N","N","","0","","0","0","0","0","0","","","1","0","0","0","0","0","0","2","0","1","","","","N","","","","","","","","","",""