"CRN","ARRIVAL_TM","AUTOMOBILE_COUNT","BELTED_DEATH_COUNT","BELTED_SUSP_SERIOUS_INJ_COUNT","BICYCLE_COUNT","BICYCLE_DEATH_COUNT","BICYCLE_SUSP_SERIOUS_INJ_COUNT","BUS_COUNT","CHLDPAS_DEATH_COUNT","CHLDPAS_SUSP_SERIOUS_INJ_COUNT","COLLISION_TYPE","COMM_VEH_COUNT","CONS_ZONE_SPD_LIM","COUNTY","CRASH_MONTH","CRASH_YEAR","DAY_OF_WEEK","DEC_LATITUDE","DEC_LONGITUDE","DISPATCH_TM","DISTRICT","DRIVER_COUNT_16YR","DRIVER_COUNT_17YR","DRIVER_COUNT_18YR","DRIVER_COUNT_19YR","DRIVER_COUNT_20YR","DRIVER_COUNT_50_64YR","DRIVER_COUNT_65_74YR","DRIVER_COUNT_75PLUS","EST_HRS_CLOSED","FATAL_COUNT","HEAVY_TRUCK_COUNT","HORSE_BUGGY_COUNT","HOUR_OF_DAY","ILLUMINATION","INJURY_COUNT","INTERSECTION_RELATED","INTERSECT_TYPE","LANE_CLOSED","LATITUDE","LN_CLOSE_DIR","LOCATION_TYPE","LONGITUDE","MAX_SEVERITY_LEVEL","MCYCLE_DEATH_COUNT","MCYCLE_SUSP_SERIOUS_INJ_COUNT","MOTORCYCLE_COUNT","MUNICIPALITY","NONMOTR_COUNT","NONMOTR_DEATH_COUNT","NONMOTR_SUSP_SERIOUS_INJ_COUNT","NTFY_HIWY_MAINT","PED_COUNT","PED_DEATH_COUNT","PED_SUSP_SERIOUS_INJ_COUNT","PERSON_COUNT","POLICE_AGCY","POSSIBLE_INJ_COUNT","RDWY_SURF_TYPE_CD","RELATION_TO_ROAD","ROADWAY_CLEARED","ROAD_CONDITION","SCH_BUS_IND","SCH_ZONE_IND","SECONDARY_CRASH","SMALL_TRUCK_COUNT","SPEC_JURIS_CD","SUSP_MINOR_INJ_COUNT","SUSP_SERIOUS_INJ_COUNT","SUV_COUNT","TCD_FUNC_CD","TCD_TYPE","TFC_DETOUR_IND","TIME_OF_DAY","TOTAL_UNITS","TOT_INJ_COUNT","UNBELTED_OCC_COUNT","UNB_DEATH_COUNT","UNB_SUSP_SERIOUS_INJ_COUNT","UNK_INJ_DEG_COUNT","UNK_INJ_PER_COUNT","URBAN_RURAL","VAN_COUNT","VEHICLE_COUNT","WEATHER1","WEATHER2","WORKERS_PRES","WORK_ZONE_IND","WORK_ZONE_LOC","WORK_ZONE_TYPE","WZ_CLOSE_DETOUR","WZ_FLAGGER","WZ_LAW_OFFCR_IND","WZ_LN_CLOSURE","WZ_MOVING","WZ_OTHER","WZ_SHLDER_MDN","WZ_WORKERS_INJ_KILLED"
"2007043679","","1","0","0","0","0","0","0","0","0","7","0","","02","2","2007","5","40.6511","-79.8376","0815","11","0","0","0","0","0","0","0","0","1","0","0","0","","","1","","0","2","40 39:03.960","6","0","79 50:15.360","4","0","0","0","2220","0","0","0","N","0","0","0","1","02220","1","","5.0","","1","N","N","","0","","0","0","0","0","0","N","","1","1","0","0","0","0","0","1","0","1","","","","N","","","","","","","","","",""
"2007043680","","1","0","0","0","0","0","0","0","0","7","0","","02","2","2007","6","40.6004","-79.8947","1640","11","0","0","0","0","0","0","1","0","","0","0","0","","","0","","0","0","40 36:01.440","","0","79 53:40.920","0","0","0","0","2220","0","0","0","N","0","0","0","1","02220","0","","4.0","","2","N","N","","0","","0","0","0","0","0","","","1","0","0","0","0","0","0","2","0","1","","","","N","","","","","","","","","",""
"2007043681","","1","0","0","0","0","0","0","0","0","0","0","","02","2","2007","4","40.607606","-79.842152","0137","11","0","0","1","0","0","0","0","0","","0","0","0","","","0","","0","0","40 36:27.382","","0","79 50:31.748","0","0","0","0","2220","0","0","0","N","0","0","0","1","02220","0","","4.0","","7","N","N","","0","","0","0","0","0","0","","","1","0","1","0","0","0","0","2","0","1","","","","N","","","","","","","","","",""
"2007043682","","1","0","0","0","0","0","0","0","0","0","0","","02","2","2007","7","40.609866","-79.917053","0757","11","0","1","0","0","0","0","0","0","3","0","0","0","","","1","","0","2","40 36:35.517","5","0","79 55:01.390","3","0","0","0","2220","0","0","0","N","0","0","0","1","02220","0","","2.0","","1","N","N","","0","","1","0","0","0","0","Y","","1","1","0","0","0","0","0","2","0","1","","","","N","","","","","","","","","",""
"2007043683","","1","0","0","0","0","0","0","0","0","7","0","","02","3","2007","1","40.6544","-79.905","0319","11","0","0","0","0","0","0","0","0","2","0","0","0","","","0","","0","1","40 39:15.840","3","0","79 54:18.000","0","0","0","0","2220","0","0","0","N","0","0","0","1","02220","0","","5.0","","7","N","N","","0","","0","0","0","0","0","Y","","1","0","0","0","0","0","0","1","0","1","","","","N","","","","","","","","","",""
"2007043684","","0","0","0","0","0","0","0","0","0","0","0","","02","3","2007","6","40.652222","-79.922147","1514","11","0","0","0","0","0","0","0","0","","0","0","0","","","0","","0","0","40 39:08.000","","0","79 55:19.728","0","0","0","0","2220","0","0","0","N","0","0","0","1","02220","0","","3.0","","7","N","N","","0","","0","0","0","0","0","","","1","0","0","0","0","0","0","2","1","1","","","","N","","","","","","","","","",""
"2007043685","","1","0","0","0","0","0","0","0","0","7","0","","02","3","2007","3","40.6524","-79.921","0800","11","0","0","0","0","0","0","0","0","","0","0","0","","","0","","0","0","40 39:08.640","","0","79 55:15.600","0","0","0","0","2220","0","0","0","N","0","0","0","2","02220","0","","5.0","","2","N","N","","0","","0","0","0","0","0","","","1","0","0","0","0","0","0","1","0","1","","","","N","","","","","","","","","",""
"2007043686","","0","0","0","0","0","0","0","0","0","7","0","","02","3","2007","3","40.6675","-79.833402","0657","11","0","0","0","0","0","1","0","0","3","0","0","0","","","1","","2","2","40 40:03.000","5","0","79 50:00.248","2","0","0","0","2220","0","0","0","N","0","0","0","1","02220","0","","2.0","","2","N","N","","1","","0","1","0","0","0","Y","","1","1","1","0","1","0","0","1","0","1","","","","N","","","","","","","","","",""
"2007043739","","4","0","0","0","0","0","0","0","0","1","0","55","02","3","2007","6","40.6357","-79.9908","1740","11","0","0","0","0","0","0","0","1","2","0","0","0","","","1","","0","2","40 38:08.520","3","0","79 59:26.880","4","0","0","0","2217","0","0","0","N","0","0","0","7","68T02","1","","1.0","","1","N","N","","0","","0","0","1","2","8","N","","6","1","0","0","0","0","0","1","0","5","","","N","Y","2","8","","","N","","","","",""
"2007043879","","0","0","0","0","0","0","0","0","0","7","0","","02","3","2007","7","40.477778","-79.822283","0209","11","0","0","0","0","0","0","0","0","2","0","0","0","","","0","","0","1","40 28:40.000","4","0","79 49:20.218","0","0","0","0","2113","0","0","0","Y","0","0","0","1","02113","0","","4.0","","6","N","N","","0","","0","0","1","0","0","N","","1","0","0","0","0","0","0","2","0","1","","","","N","","","","","","","","","",""
"2007043881","","1","0","0","0","0","0","0","0","0","2","0","","02","3","2007","4","40.402372","-80.233415","0700","11","0","0","0","0","0","0","0","0","2","0","0","0","","","0","","0","2","40 24:08.539","5","0","80 14:00.294","0","0","0","0","2214","0","0","0","N","0","0","0","2","02214","0","","1.0","","1","N","N","","1","","0","0","0","0","0","N","","2","0","0","0","0","0","0","1","0","2","","","","N","","","","","","","","","",""
"2007043882","","0","0","0","0","0","0","0","0","0","0","0","","02","3","2007","6","","","0907","11","0","0","0","0","0","0","0","0","2","0","0","0","","","1","","0","1","","5","0","","3","0","0","0","2113","0","0","0","N","0","0","0","2","02113","0","","1.0","","1","N","N","","1","","1","0","1","0","0","N","","2","1","0","0","0","0","0","1","0","2","","","","N","","","","","","","","","",""
"2007043883","","1","0","0","0","0","0","0","0","0","4","1","","02","3","2007","2","40.446111","-79.827916","1724","11","0","0","0","0","0","0","0","0","2","0","1","0","","","1","","1","1","40 26:46.000","1","0","79 49:40.498","3","0","0","0","2113","0","0","0","N","0","0","0","3","02113","0","","1.0","","1","N","N","","0","","1","0","1","3","2","N","","3","1","1","0","0","0","0","2","0","3","","","","N","","","","","","","","","",""
"2007043884","","2","0","0","0","0","0","0","0","0","4","0","","02","4","2007","5","40.468975","-79.82307","1526","11","0","1","0","0","0","1","0","0","","0","0","0","","","1","","0","0","40 28:08.310","","0","79 49:23.052","4","0","0","0","2113","0","0","0","N","0","0","0","5","02113","1","","1.0","","1","N","N","","0","","0","0","0","0","0","","","2","1","5","0","0","0","0","2","0","2","","","","N","","","","","","","","","",""
"2007043885","","1","0","0","0","0","0","0","0","0","7","0","","02","4","2007","5","40.473333","-79.85244","1914","11","0","0","0","0","0","0","0","0","","0","0","0","","","1","","0","0","40 28:24.000","","0","79 51:08.783","4","0","0","0","2113","0","0","0","N","0","0","0","3","02113","1","","5.0","","1","N","N","","0","","0","0","0","0","0","","","1","1","1","0","0","0","0","2","0","1","","","","N","","","","","","","","","",""
"2007043886","","2","0","0","0","0","0","0","0","0","4","0","","02","4","2007","5","40.466111","-79.826128","2034","11","0","0","0","1","0","0","0","1","","0","0","0","","","0","","0","0","40 27:58.000","","0","79 49:34.060","0","0","0","0","2113","0","0","0","N","0","0","0","2","02113","0","","1.0","","1","N","N","","0","","0","0","0","3","2","","","2","0","0","0","0","0","0","2","0","2","","","","N","","","","","","","","","",""
"2007043887","","1","0","0","0","0","0","0","0","0","4","0","","02","4","2007","7","40.473333","-79.848312","1647","11","0","0","0","0","0","0","0","0","","0","0","0","","","1","","0","0","40 28:24.000","","0","79 50:53.924","4","0","0","0","2113","0","0","0","N","0","0","0","1","02113","1","","2.0","","1","N","N","","0","","0","0","0","0","0","","","2","1","0","0","0","0","0","2","1","2","","","","N","","","","","","","","","",""
"2007043888","","2","0","0","0","0","0","0","0","0","2","0","","02","4","2007","1","40.460556","-79.842518","2020","11","0","0","0","0","0","0","0","0","","0","0","0","","","1","","0","0","40 27:38.000","","0","79 50:33.065","4","0","0","0","2113","0","0","0","N","0","0","0","2","02113","1","","1.0","","9","N","N","","0","","0","0","0","0","0","","","2","1","0","0","0","0","0","2","0","2","","","","N","","","","","","","","","",""
"2007043889","","0","0","0","0","0","0","0","0","0","8","0","","02","3","2007","3","40.46749","-79.862766","0212","11","0","0","0","0","0","0","0","0","1","0","0","0","","","1","","0","2","40 28:02.964","6","0","79 51:45.957","3","0","0","0","2113","1","0","0","N","1","0","0","2","02113","0","","1.0","","9","N","N","","0","","1","0","1","0","0","Y","","2","1","0","0","0","0","1","2","0","1","","","","N","","","","","","","","","",""
"2007043890","","1","0","0","0","0","0","0","0","0","7","0","","02","3","2007","2","40.4952","-79.8301","0203","11","0","1","0","0","0","0","0","0","","0","0","0","","","1","","0","0","40 29:42.720","","0","79 49:48.360","3","0","0","0","2113","0","0","0","N","0","0","0","1","02113","0","","5.0","","1","N","N","","0","","1","0","0","0","0","","","1","1","0","0","0","0","0","2","0","1","","","","N","","","","","","","","","",""
"2007043891","","1","0","0","0","0","0","0","0","0","7","0","","02","4","2007","1","40.474889","-79.830763","2009","11","0","0","0","0","0","0","0","0","","0","0","0","","","1","","0","0","40 28:29.600","","0","79 49:50.746","4","0","0","0","2113","0","0","0","N","0","0","0","1","02113","1","","2.0","","9","N","N","","0","","0","0","0","0","0","","","1","1","1","0","0","0","0","2","0","1","","","","N","","","","","","","","","",""
"2007043979","","1","0","0","0","0","0","0","0","0","1","0","","02","3","2007","7","40.4808","-79.9649","1347","11","0","0","0","0","0","1","0","0","","0","0","0","","","1","","0","0","40 28:50.880","","0","79 57:53.640","3","0","0","0","2112","0","0","0","N","0","0","0","3","68D02","0","","1.0","","9","N","N","","0","","1","0","1","0","0","","","2","1","0","0","0","0","0","2","0","2","","","","N","","","","","","","","","",""
"2007043980","","1","0","0","0","0","0","0","0","0","7","0","","02","3","2007","2","","","1528","11","0","0","0","0","0","0","0","0","","0","0","0","","","1","","0","0","40 27:36.00","","2","80 11:29.40","4","0","0","0","2213","0","0","0","N","0","0","0","1","68B03","1","","2.0","","1","N","N","","0","","0","0","0","0","0","","","1","1","0","0","0","0","0","2","0","1","","","","N","","","","","","","","","",""
"2007043981","","1","0","1","0","0","0","0","0","0","7","0","","02","3","2007","4","40.554342","-80.116664","1145","11","0","0","0","0","0","0","0","0","","0","0","0","","","1","","0","0","40 33:15.632","","0","80 06:59.989","2","0","0","0","2215","0","0","0","Y","0","0","0","1","68B03","0","","3.0","","6","N","N","","0","","0","1","0","0","0","","","1","1","0","0","0","0","0","2","0","1","","","","N","","","","","","","","","",""
"2007043983","","2","0","0","0","0","0","0","0","0","2","0","","02","4","2007","1","40.469052","-79.918738","2039","11","1","0","0","0","0","0","0","0","","0","0","0","","","0","","1","0","40 28:08.587","","0","79 55:07.456","0","0","0","0","2301","0","0","0","N","0","0","0","6","02301","0","","1.0","","9","N","N","","0","","0","0","0","3","3","","","2","0","0","0","0","0","0","2","0","2","","","","N","","","","","","","","","",""
"2007044005","","3","0","0","0","0","0","0","0","0","5","0","","02","4","2007","6","40.391716","-80.096459","1503","11","0","0","0","0","0","0","0","0","","0","0","0","","","0","","0","0","40 23:30.177","","0","80 05:47.252","9","0","0","0","2437","0","0","0","N","0","0","0","1","02437","0","","4.0","","1","N","N","","0","","0","0","0","0","0","","","4","0","0","0","0","0","1","2","0","4","","","","N","","","","","","","","","",""
"2007044006","","0","0","0","0","0","0","0","0","0","4","0","","02","4","2007","5","40.3875","-80.090992","0850","11","0","0","1","0","0","0","0","0","","0","0","0","","","0","","3","0","40 23:15.000","","0","80 05:27.572","9","0","0","0","2437","0","0","0","N","0","0","0","3","02437","0","","1.0","","1","N","N","","0","","0","0","0","3","2","","","2","0","0","0","0","0","1","2","2","2","","","","N","","","","","","","","","",""
"2007044016","","1","0","0","0","0","0","0","0","0","1","0","","02","4","2007","6","40.3671","-80.049","1237","11","0","0","0","0","0","0","0","0","2","0","0","0","","","0","","0","1","40 22:01.560","2","0","80 02:56.400","0","0","0","0","2123","0","0","0","N","0","0","0","3","02123","0","","1.0","","1","N","N","","0","","0","0","0","3","2","N","","2","0","1","0","0","0","0","2","1","2","","","","N","","","","","","","","","",""
"2007044017","","1","0","0","0","0","0","0","0","0","7","0","","02","4","2007","7","40.321211","-80.07929","0855","11","0","0","0","0","0","0","0","0","","0","0","0","","","0","","0","0","40 19:16.359","","0","80 04:45.444","0","0","0","0","2123","0","0","0","N","0","0","0","1","02123","0","","5.0","","9","N","N","","0","","0","0","0","0","0","","","1","0","0","0","0","0","0","2","0","1","","","","N","","","","","","","","","",""
"2007044021","","2","0","0","0","0","0","0","0","0","4","0","","02","4","2007","2","40.438284","-79.830443","1254","11","0","0","0","0","0","1","0","1","","0","0","0","","","2","","1","0","40 26:17.821","","0","79 49:49.594","3","0","0","0","2419","0","0","0","N","0","0","0","2","02419","0","","1.0","","1","N","N","","0","","2","0","0","3","2","","","2","2","0","0","0","0","0","2","0","2","","","","N","","","","","","","","","",""
"2007044027","","0","0","0","0","0","0","0","0","0","1","0","","02","4","2007","5","40.620278","-80.054826","1540","11","0","0","0","0","0","0","0","0","","0","0","0","","","0","","0","0","40 37:13.000","","0","80 03:17.375","0","0","0","0","2216","0","0","0","N","0","0","0","2","02505","0","","1.0","","1","N","N","","1","","0","0","0","0","0","","","2","0","0","0","0","0","0","1","1","2","","","","N","","","","","","","","","",""
"2007044043","","1","0","0","0","0","0","0","0","0","1","1","","02","4","2007","6","40.319167","-80.061659","1055","11","0","1","0","0","0","1","0","0","","0","0","0","","","0","","2","0","40 19:09.000","","0","80 03:41.971","0","0","0","0","2407","0","0","0","N","0","0","0","3","02407","0","","1.0","","1","N","N","","1","","0","0","0","3","3","","","2","0","0","0","0","0","0","2","0","2","","","","N","","","","","","","","","",""
"2007044112","","0","0","0","0","0","0","0","0","0","8","0","","02","3","2007","2","40.438568","-79.985087","1457","11","0","0","0","0","0","0","0","0","","0","0","0","","","1","","1","0","40 26:18.844","","0","79 59:06.313","8","0","0","0","2301","1","0","0","N","1","0","0","2","02301","0","","1.0","","1","N","N","","1","","0","0","0","3","2","","","2","1","0","0","0","1","0","2","0","1","","","","N","","","","","","","","","",""
"2007044204","","2","0","0","0","0","0","0","0","0","4","0","","02","3","2007","5","40.347355","-79.849455","1716","11","0","0","0","0","0","0","0","0","","0","0","0","","","1","","1","0","40 20:50.478","","0","79 50:58.038","8","0","0","0","2304","0","0","0","N","0","0","0","2","02304","0","","1.0","","1","N","N","","0","","0","0","0","0","0","","","2","1","0","0","0","1","0","2","0","2","","","","N","","","","","","","","","",""
"2007044205","","1","0","0","0","0","0","0","0","0","6","0","","02","2","2007","2","40.413315","-79.978557","1504","11","0","0","0","0","1","0","0","0","4","1","0","0","","","2","","0","2","40 24:47.934","7","0","79 58:42.805","1","0","0","0","2301","1","1","0","N","1","1","0","4","02301","0","2","1.0","","1","N","N","","1","0","0","0","0","0","0","Y","","3","2","0","0","0","2","0","2","0","2","","","","N","","","","","","","","","",""
"2007044208","","1","0","0","0","0","0","0","0","0","8","0","","02","3","2007","3","40.440688","-80.002635","1400","11","0","0","0","0","0","0","0","0","","0","0","0","","","1","","1","0","40 26:26.476","","0","80 00:09.486","4","0","0","0","2301","1","0","0","N","1","0","0","2","02301","1","","1.0","","9","N","N","","0","","0","0","0","0","0","","","2","1","0","0","0","0","0","2","0","1","","","","N","","","","","","","","","",""
"2007044328","","3","0","0","0","0","0","0","0","0","2","0","","02","3","2007","1","40.463511","-79.964528","0121","11","0","0","0","0","0","1","0","0","","0","0","0","","","1","","0","0","40 27:48.639","","0","79 57:52.300","4","0","0","0","2301","0","0","0","N","0","0","0","3","02301","1","","1.0","","1","N","N","","0","","0","0","1","0","0","","","4","1","0","0","0","0","1","2","0","4","","","","N","","","","","","","","","",""
"2007044329","","0","0","0","0","0","0","0","0","0","8","0","","02","3","2007","5","40.4675","-79.963668","0934","11","0","0","0","0","0","0","0","0","","0","0","0","","","1","","1","0","40 28:03.000","","0","79 57:49.205","8","0","0","0","2301","1","0","0","N","1","0","0","2","02301","0","","1.0","","9","N","N","","0","","0","0","0","3","3","","","2","1","0","0","0","1","0","2","1","1","","","","N","","","","","","","","","",""
"2007044330","","1","0","0","0","0","0","0","0","0","1","0","","02","3","2007","1","40.437748","-80.013494","1839","11","0","0","0","0","0","1","0","0","1","0","0","0","","","2","","0","1","40 26:15.892","2","3","80 00:48.577","4","0","0","0","2301","0","0","0","N","0","0","0","5","68B03","2","","1.0","","1","N","N","","0","","0","0","0","0","0","N","","2","2","2","0","0","0","0","2","1","2","","","","N","","","","","","","","","",""
"2007044334","","1","0","0","0","0","0","0","0","0","2","0","","02","3","2007","7","40.526911","-79.915397","1303","11","1","0","0","0","0","0","1","0","1","0","0","0","","","0","","0","1","40 31:36.879","5","0","79 54:55.429","0","0","0","0","2112","0","0","0","N","0","0","0","4","02112","0","","1.0","","1","N","N","","1","","0","0","0","0","0","N","","2","0","0","0","0","0","0","2","0","2","","","","N","","","","","","","","","",""
"2007044335","","1","0","0","0","0","0","0","0","0","4","0","","02","3","2007","7","40.4887","-79.9121","2223","11","0","0","0","1","0","1","0","0","1","0","0","0","","","0","","0","2","40 29:19.320","1","3","79 54:43.560","0","0","0","0","2112","0","0","0","N","0","0","0","2","02112","0","","1.0","","2","N","N","","0","","0","0","1","0","0","N","","2","0","0","0","0","0","0","2","0","2","","","","N","","","","","","","","","",""
"2007044336","","0","0","0","0","0","0","0","0","0","4","0","","02","3","2007","3","40.491389","-79.86589","1008","11","0","0","0","0","0","0","0","1","","0","0","0","","","0","","3","0","40 29:29.000","","0","79 51:57.204","0","0","0","0","2408","0","0","0","N","0","0","0","3","02112","0","","1.0","","1","N","N","","2","","0","0","0","3","2","","","2","0","0","0","0","0","0","2","0","2","","","","N","","","","","","","","","",""
"2007044337","","2","0","0","0","0","0","0","0","0","2","0","","02","3","2007","4","40.4873","-79.8844","1625","11","0","0","1","0","0","0","0","0","2","0","0","0","","","2","","2","2","40 29:14.280","1","2","79 53:03.840","3","0","0","0","2112","0","0","0","N","0","0","0","2","02112","1","","1.0","","1","N","N","","0","","1","0","0","0","0","N","","2","2","0","0","0","0","0","2","0","2","","","","N","","","","","","","","","",""
"2007044338","","2","0","0","0","0","0","0","0","0","7","0","","02","3","2007","3","40.5045","-79.8513","2130","11","0","0","0","0","0","0","1","0","1","0","0","0","","","2","","0","2","40 30:16.200","2","0","79 51:04.680","3","0","0","0","2112","0","0","0","Y","0","0","0","2","02112","0","","1.0","","1","N","N","","0","","1","0","0","0","0","N","","2","2","0","0","0","1","0","2","0","2","","","","N","","","","","","","","","",""
"2007044397","","2","0","0","0","0","0","0","0","0","5","0","","02","3","2007","5","40.417028","-79.881063","2330","11","0","0","0","0","0","1","0","0","","0","0","0","","","0","","0","0","40 25:01.301","","0","79 52:51.827","0","0","0","0","2463","0","0","0","N","0","0","0","1","02463","0","","2.0","","1","N","N","","0","","0","0","0","0","0","","","2","0","0","0","0","0","0","2","0","2","","","","N","","","","","","","","","",""
"2007044398","","1","0","0","0","0","0","0","0","0","1","0","","02","3","2007","4","40.418897","-79.888546","1046","11","0","0","0","0","0","1","0","1","","0","0","0","","","1","","0","0","40 25:08.030","","0","79 53:18.764","8","0","0","0","2463","0","0","0","N","0","0","0","2","02463","0","","1.0","","1","N","N","","0","","0","0","0","0","0","","","2","1","0","0","0","1","0","2","1","2","","","","N","","","","","","","","","",""
"2007044415","","1","0","0","0","0","0","0","0","0","6","0","","02","3","2007","5","40.461897","-79.906956","0424","11","0","0","1","0","0","0","0","0","","0","0","0","","","0","","2","0","40 27:42.829","","0","79 54:25.041","9","0","0","0","2301","0","0","0","N","0","0","0","2","02301","0","","1.0","","1","N","N","","0","","0","0","1","0","0","","","2","0","0","0","0","0","1","2","0","2","","","","N","","","","","","","","","",""
"2007044416","","1","0","0","0","0","0","0","0","0","4","1","","02","4","2007","1","40.458687","-79.908061","1655","11","0","0","0","0","0","1","0","0","","0","1","0","","","1","","1","0","40 27:31.273","","0","79 54:29.021","8","0","0","0","2301","0","0","0","N","0","0","0","2","02301","0","","1.0","","1","N","N","","0","","0","0","0","3","2","","","2","1","1","0","0","1","0","2","0","2","","","","N","","","","","","","","","",""
"2007044417","","1","0","0","0","0","0","0","0","0","1","0","","02","4","2007","1","40.466618","-79.925386","1852","11","0","0","0","0","0","1","0","0","","0","0","0","","","0","","1","0","40 27:59.824","","0","79 55:31.389","0","0","0","0","2301","0","0","0","N","0","0","0","4","02301","0","","1.0","","1","N","N","","0","","0","0","1","3","2","","","2","0","1","0","0","0","0","2","0","2","","","","N","","","","","","","","","",""
"2007044418","","1","0","0","0","0","0","0","0","0","7","0","","02","4","2007","1","40.436389","-79.963852","1139","11","0","0","0","0","0","0","0","0","","0","0","0","","","1","","2","0","40 26:11.000","","0","79 57:49.867","8","0","0","0","2301","0","0","0","N","0","0","0","1","02301","0","","4.0","","9","N","N","","0","","0","0","0","0","0","","","1","1","0","0","0","1","0","2","0","1","","","","N","","","","","","","","","",""
"2007044419","","2","0","0","0","0","0","0","0","0","4","0","","02","4","2007","1","40.445346","-79.895887","1638","11","0","0","0","0","0","0","0","0","","0","0","0","","","0","","2","0","40 26:43.245","","0","79 53:45.193","0","0","0","0","2301","0","0","0","N","0","0","0","5","02301","0","","1.0","","1","N","N","","0","","0","0","0","3","3","","","2","0","0","0","0","0","0","2","0","2","","","","N","","","","","","","","","",""
"2007044420","","2","0","0","0","0","0","0","0","0","4","0","","02","3","2007","3","40.441389","-79.956873","2041","11","0","0","0","0","0","0","0","0","1","0","0","0","","","0","","1","1","40 26:29.000","1","0","79 57:24.741","0","0","0","0","2301","0","0","0","N","0","0","0","2","02301","0","","1.0","","1","N","N","","0","","0","0","0","0","0","N","","2","0","0","0","0","0","0","2","0","2","","","","N","","","","","","","","","",""
"2007044421","","1","0","0","0","0","0","0","0","0","4","1","","02","3","2007","5","40.4512","-79.925784","0905","11","0","0","0","0","1","0","0","0","","0","1","0","","","0","","2","0","40 27:04.320","","0","79 55:32.822","0","0","0","0","2301","0","0","0","N","0","0","0","2","02301","0","","1.0","","1","N","N","","0","","0","0","0","0","0","","","2","0","0","0","0","0","0","2","0","2","","","","N","","","","","","","","","",""
"2007044422","","2","0","0","0","0","0","0","0","0","4","0","","02","3","2007","6","40.455718","-79.938468","1758","11","0","0","0","0","0","0","0","0","1","0","0","0","","","0","","0","1","40 27:20.584","4","0","79 56:18.484","0","0","0","0","2301","0","0","0","N","0","0","0","2","02301","0","","1.0","","1","N","N","","0","","0","0","0","0","0","N","","2","0","0","0","0","0","0","2","0","2","","","","N","","","","","","","","","",""
"2007044423","","1","0","0","0","0","0","0","0","0","8","0","","02","3","2007","3","40.439709","-79.955943","2155","11","0","0","0","0","0","0","0","0","","0","0","0","","","1","","2","0","40 26:22.952","","0","79 57:21.394","8","0","0","0","2301","1","0","0","N","1","0","0","2","02301","0","","1.0","","9","N","N","","0","","0","0","0","3","3","","","2","1","0","0","0","1","1","2","0","1","","","","N","","","","","","","","","",""
"2007044424","","1","0","0","0","0","0","0","0","0","0","0","","02","3","2007","5","40.447605","-79.940906","1656","11","0","0","0","0","0","1","0","0","","0","0","0","","","0","","0","0","40 26:51.378","","0","79 56:27.261","0","0","0","0","2301","0","0","0","N","0","0","0","1","02301","0","","1.0","","1","N","N","","0","","0","0","0","0","0","","","1","0","0","0","0","0","0","2","0","1","","","","N","","","","","","","","","",""
"2007044425","","2","0","0","0","0","0","0","0","0","5","0","","02","3","2007","3","40.441582","-79.896","2223","11","0","0","0","0","0","0","0","0","","0","0","0","","","0","","2","0","40 26:29.695","","0","79 53:45.600","0","0","0","0","2301","0","0","0","N","0","0","0","1","02301","0","","1.0","","1","N","N","","0","","0","0","0","0","0","","","2","0","0","0","0","0","0","2","0","2","","","","N","","","","","","","","","",""
"2007044426","","1","0","0","0","0","0","0","0","0","7","0","","02","3","2007","3","40.458437","-79.986176","2143","11","0","0","0","0","0","0","0","0","","0","0","0","","","0","","0","0","40 27:30.373","","0","79 59:10.235","0","0","0","0","2301","0","0","0","N","0","0","0","1","02301","0","","4.0","","9","N","N","","0","","0","0","0","0","0","","","1","0","0","0","0","0","0","2","0","1","","","","N","","","","","","","","","",""
"2007044427","","1","0","0","0","0","0","0","0","0","4","0","","02","3","2007","4","40.449706","-80.025099","1605","11","0","0","0","0","0","1","0","0","1","0","0","0","","","1","","1","1","40 26:58.940","1","8","80 01:30.356","4","0","0","0","2301","0","0","0","N","0","0","0","2","02301","1","","1.0","","1","N","N","","1","","0","0","0","2","2","N","","2","1","0","0","0","0","0","2","0","2","","","","N","","","","","","","","","",""
"2007044428","","2","0","0","0","0","0","0","0","0","4","0","","02","3","2007","5","40.463723","-80.028516","1915","11","0","0","0","0","0","0","0","0","","0","0","0","","","0","","1","0","40 27:49.404","","0","80 01:42.658","0","0","0","0","2301","0","0","0","N","0","0","0","2","02301","0","","1.0","","1","N","N","","0","","0","0","0","0","0","","","2","0","1","0","0","0","0","2","0","2","","","","N","","","","","","","","","",""
"2007044429","","2","0","0","0","0","0","0","0","0","1","0","","02","3","2007","6","40.457222","-79.997838","1125","11","0","0","0","0","0","1","0","0","","0","0","0","","","0","","2","0","40 27:26.000","","0","79 59:52.216","0","0","0","0","2301","0","0","0","N","0","0","0","3","02301","0","","1.0","","1","N","N","","0","","0","0","0","3","2","","","2","0","0","0","0","0","0","2","0","2","","","","N","","","","","","","","","",""
"2007044431","","0","0","0","0","0","0","0","0","0","99","0","","02","3","2007","7","40.47404","-80.034974","1411","11","0","0","0","0","0","0","0","0","","0","0","0","","","1","","0","0","40 28:26.544","","0","80 02:05.907","8","0","0","1","2301","0","0","0","N","0","0","0","1","02301","0","","1.0","","1","N","N","","0","","0","0","0","0","0","","","1","1","0","0","0","1","0","2","0","1","","","","N","","","","","","","","","",""