"CRN","ARRIVAL_TM","AUTOMOBILE_COUNT","BELTED_DEATH_COUNT","BELTED_SUSP_SERIOUS_INJ_COUNT","BICYCLE_COUNT","BICYCLE_DEATH_COUNT","BICYCLE_SUSP_SERIOUS_INJ_COUNT","BUS_COUNT","CHLDPAS_DEATH_COUNT","CHLDPAS_SUSP_SERIOUS_INJ_COUNT","COLLISION_TYPE","COMM_VEH_COUNT","CONS_ZONE_SPD_LIM","COUNTY","CRASH_MONTH","CRASH_YEAR","DAY_OF_WEEK","DEC_LATITUDE","DEC_LONGITUDE","DISPATCH_TM","DISTRICT","DRIVER_COUNT_16YR","DRIVER_COUNT_17YR","DRIVER_COUNT_18YR","DRIVER_COUNT_19YR","DRIVER_COUNT_20YR","DRIVER_COUNT_50_64YR","DRIVER_COUNT_65_74YR","DRIVER_COUNT_75PLUS","EST_HRS_CLOSED","FATAL_COUNT","HEAVY_TRUCK_COUNT","HORSE_BUGGY_COUNT","HOUR_OF_DAY","ILLUMINATION","INJURY_COUNT","INTERSECTION_RELATED","INTERSECT_TYPE","LANE_CLOSED","LATITUDE","LN_CLOSE_DIR","LOCATION_TYPE","LONGITUDE","MAX_SEVERITY_LEVEL","MCYCLE_DEATH_COUNT","MCYCLE_SUSP_SERIOUS_INJ_COUNT","MOTORCYCLE_COUNT","MUNICIPALITY","NONMOTR_COUNT","NONMOTR_DEATH_COUNT","NONMOTR_SUSP_SERIOUS_INJ_COUNT","NTFY_HIWY_MAINT","PED_COUNT","PED_DEATH_COUNT","PED_SUSP_SERIOUS_INJ_COUNT","PERSON_COUNT","POLICE_AGCY","POSSIBLE_INJ_COUNT","RDWY_SURF_TYPE_CD","RELATION_TO_ROAD","ROADWAY_CLEARED","ROAD_CONDITION","SCH_BUS_IND","SCH_ZONE_IND","SECONDARY_CRASH","SMALL_TRUCK_COUNT","SPEC_JURIS_CD","SUSP_MINOR_INJ_COUNT","SUSP_SERIOUS_INJ_COUNT","SUV_COUNT","TCD_FUNC_CD","TCD_TYPE","TFC_DETOUR_IND","TIME_OF_DAY","TOTAL_UNITS","TOT_INJ_COUNT","UNBELTED_OCC_COUNT","UNB_DEATH_COUNT","UNB_SUSP_SERIOUS_INJ_COUNT","UNK_INJ_DEG_COUNT","UNK_INJ_PER_COUNT","URBAN_RURAL","VAN_COUNT","VEHICLE_COUNT","WEATHER1","WEATHER2","WORKERS_PRES","WORK_ZONE_IND","WORK_ZONE_LOC","WORK_ZONE_TYPE","WZ_CLOSE_DETOUR","WZ_FLAGGER","WZ_LAW_OFFCR_IND","WZ_LN_CLOSURE","WZ_MOVING","WZ_OTHER","WZ_SHLDER_MDN","WZ_WORKERS_INJ_KILLED"
"2007045514","","1","0","0","0","0","0","0","0","0","4","0","","02","5","2007","3","40.428741","-80.064281","1327","11","0","0","0","0","0","0","0","0","","0","0","0","","","1","","0","0","40 25:43.467","","0","80 03:51.411","4","0","0","0","2421","0","0","0","N","0","0","0","2","02421","1","","1.0","","1","N","N","","0","","0","0","1","0","0","","","2","1","0","0","0","0","0","2","0","2","","","","N","","","","","","","","","",""
"2007045516","","1","0","0","0","0","0","0","0","0","6","0","","02","5","2007","5","40.586479","-79.925914","0815","11","0","0","0","0","0","1","0","0","1","0","0","0","","","0","","0","2","40 35:11.324","2","0","79 55:33.290","0","0","0","0","2207","0","0","0","N","0","0","0","2","02207","0","","1.0","","1","N","N","","0","","0","0","1","0","0","N","","2","0","0","0","0","0","0","1","0","2","","","","N","","","","","","","","","",""
"2007045522","","1","0","0","0","0","0","1","0","0","5","1","","02","5","2007","4","40.477221","-79.923715","1215","11","0","0","0","0","0","0","0","0","","0","0","0","","","0","","2","0","40 28:37.995","","0","79 55:25.374","0","0","0","0","2301","0","0","0","N","0","0","0","6","02503","0","","1.0","","1","N","N","","0","","0","0","0","0","0","","","2","0","0","0","0","0","0","2","0","2","","","","N","","","","","","","","","",""
"2007045525","","2","0","0","0","0","0","0","0","0","1","0","","02","5","2007","5","40.445833","-79.84844","0904","11","0","0","0","0","0","0","1","0","","0","0","0","","","0","","1","0","40 26:45.000","","0","79 50:54.385","0","0","0","0","2419","0","0","0","N","0","0","0","3","02419","0","","1.0","","1","N","N","","0","","0","0","0","3","2","","","2","0","0","0","0","0","0","2","0","2","","","","N","","","","","","","","","",""
"2007045543","","0","0","0","0","0","0","0","0","0","7","0","","02","5","2007","5","40.414444","-80.045028","1715","11","0","0","0","0","0","0","0","0","2","0","0","0","","","0","","0","2","40 24:52.000","1","0","80 02:42.102","0","0","0","0","2435","0","0","0","N","0","0","0","1","02435","0","","2.0","","1","N","N","","1","","0","0","0","0","0","Y","","1","0","0","0","0","0","0","2","0","1","","","","N","","","","","","","","","",""
"2007045609","","1","0","0","0","0","0","0","0","0","4","0","","02","4","2007","2","40.439167","-80.192042","0825","11","0","1","0","1","0","0","0","0","1","0","0","0","","","2","","2","1","40 26:21.000","2","2","80 11:31.352","8","0","0","0","2214","0","0","0","N","0","0","0","3","02214","0","","1.0","","1","N","N","","0","","0","0","1","3","2","N","","2","2","0","0","0","2","0","2","0","2","","","","N","","","","","","","","","",""
"2007045623","","1","0","0","0","0","0","0","0","0","7","0","","02","3","2007","6","40.6129","-79.9687","1500","11","0","0","0","0","0","1","0","0","","0","0","0","","","1","","0","0","40 36:46.440","","0","79 58:07.320","8","0","0","0","2207","0","0","0","N","0","0","0","4","68T02","0","","3.0","","6","N","N","","0","","0","0","0","0","0","","","1","1","0","0","0","1","0","2","0","1","","","","N","","","","","","","","","",""
"2007045641","","1","0","0","0","0","0","0","0","0","7","0","","02","5","2007","5","40.568182","-80.176492","1537","11","0","0","0","0","0","1","0","0","","0","0","0","","","0","","0","0","40 34:05.454","","0","80 10:35.370","0","0","0","0","2459","0","0","0","N","0","0","0","1","02459","0","","5.0","","1","N","N","","0","","0","0","0","0","0","","","1","0","0","0","0","0","0","1","0","1","","","","N","","","","","","","","","",""
"2007045643","","0","0","0","0","0","0","0","0","0","1","0","","02","4","2007","7","40.458827","-79.972836","2326","11","0","0","0","0","0","0","0","0","","0","0","0","","","0","","2","0","40 27:31.777","","0","79 58:22.209","9","0","0","0","2301","0","0","0","N","0","0","0","2","02301","0","","1.0","","9","N","N","","0","","0","0","1","3","2","","","2","0","0","0","0","0","1","2","0","2","","","","N","","","","","","","","","",""
"2007045644","","2","0","0","0","0","0","0","0","0","1","0","","02","4","2007","2","40.4304","-79.9984","2155","11","0","0","0","0","0","0","0","0","1","0","0","0","","","1","","0","1","40 25:49.440","3","3","79 59:54.240","4","0","0","0","2301","0","0","0","N","0","0","0","2","02301","1","","1.0","","1","N","N","","0","","0","0","0","3","2","N","","2","1","0","0","0","0","0","2","0","2","","","","N","","","","","","","","","",""
"2007045645","","1","0","0","0","0","0","0","0","0","4","0","","02","4","2007","1","40.39182","-80.016755","1120","11","0","0","0","0","0","1","0","0","","0","0","0","","","0","","1","0","40 23:30.552","","0","80 01:00.318","0","0","0","0","2301","0","0","0","N","0","0","0","2","02301","0","","1.0","","9","N","N","","1","","0","0","0","3","3","","","2","0","0","0","0","0","0","2","0","2","","","","N","","","","","","","","","",""
"2007045646","","3","0","0","0","0","0","0","0","0","2","0","","02","4","2007","6","40.451047","-80.016218","1301","11","0","0","0","0","0","0","0","0","1","0","0","0","","","0","","1","1","40 27:03.769","5","0","80 00:58.384","0","0","0","0","2301","0","0","0","N","0","0","0","1","02301","0","","1.0","","1","N","N","","0","","0","0","0","0","0","N","","3","0","0","0","0","0","0","2","0","3","","","","N","","","","","","","","","",""
"2007045647","","1","0","0","0","0","0","0","0","0","4","0","","02","4","2007","7","40.45796","-80.015966","2212","11","0","1","0","0","0","0","0","0","","0","0","0","","","0","","0","0","40 27:28.656","","0","80 00:57.477","0","0","0","0","2301","0","0","0","N","0","0","0","3","02301","0","","1.0","","9","N","N","","1","","0","0","0","0","0","","","2","0","0","0","0","0","0","2","0","2","","","","N","","","","","","","","","",""
"2007045649","","1","0","0","0","0","0","0","0","0","7","0","","02","4","2007","4","40.451344","-79.963611","9999","11","0","0","0","0","0","0","0","0","","0","0","0","","","0","","2","0","40 27:04.838","","0","79 57:48.999","0","0","0","0","2301","0","0","0","N","0","0","0","1","02301","0","","4.0","","1","N","N","","0","","0","0","0","0","0","","","1","0","1","0","0","0","0","2","0","1","","","","N","","","","","","","","","",""
"2007045650","","1","0","0","0","0","0","0","0","0","7","0","","02","3","2007","6","40.5321","-79.8212","1711","11","0","0","0","0","1","0","0","0","2","0","0","0","","","0","","0","1","40 31:55.560","4","0","79 49:16.320","0","0","0","0","2466","0","0","0","N","0","0","0","1","68T02","0","","2.0","","9","N","N","","0","","0","0","0","0","0","N","","1","0","0","0","0","0","0","1","0","1","","","","N","","","","","","","","","",""
"2007045668","","1","0","0","0","0","0","0","0","0","4","0","","02","4","2007","7","40.354722","-80.035189","0932","11","0","0","0","0","0","0","0","0","1","0","1","0","","","0","","2","1","40 21:17.000","4","0","80 02:06.680","0","0","0","0","2109","0","0","0","N","0","0","0","3","02109","0","","1.0","","1","N","N","","0","","0","0","0","0","0","N","","2","0","0","0","0","0","0","2","0","2","","","","N","","","","","","","","","",""
"2007045669","","2","0","0","0","0","0","0","0","0","4","1","","02","4","2007","2","40.389817","-80.046894","1340","11","0","0","0","0","0","2","0","0","2","0","1","0","","","0","","0","1","40 23:23.341","6","0","80 02:48.819","0","0","0","0","2109","0","0","0","N","0","0","0","3","02109","0","","1.0","","1","N","N","","0","","0","0","0","0","0","N","","3","0","1","0","0","0","0","2","0","3","","","","N","","","","","","","","","",""
"2007045687","","1","0","0","0","0","0","0","0","0","7","0","","02","4","2007","4","40.489184","-79.902431","1033","11","0","0","0","0","0","0","0","0","2","0","0","0","","","1","","0","2","40 29:21.061","6","0","79 54:08.752","4","0","0","0","2401","0","0","0","N","0","0","0","1","02401","1","","2.0","","1","N","N","","0","","0","0","0","0","0","Y","","1","1","0","0","0","0","0","2","0","1","","","","N","","","","","","","","","",""
"2007045690","","1","0","0","0","0","0","0","0","0","7","0","","02","3","2007","6","40.5546","-79.8425","0920","11","0","0","0","0","0","0","0","0","","0","0","0","","","1","","0","0","40 33:16.560","","0","79 50:33.000","8","0","0","0","2208","0","0","0","N","0","0","0","1","68T02","0","","2.0","","6","N","N","","0","","0","0","0","0","0","","","1","1","1","0","0","1","0","2","0","1","","","","N","","","","","","","","","",""
"2007045790","","0","0","0","0","0","0","0","0","0","7","0","","02","3","2007","1","40.408996","-79.857043","0733","11","0","0","0","0","0","0","0","0","1","0","0","0","","","0","","0","2","40 24:32.385","5","0","79 51:25.354","0","0","0","0","2411","0","0","0","N","0","0","0","1","02411","0","","4.0","","1","N","N","","0","","0","0","1","0","0","Y","","1","0","0","0","0","0","0","2","0","1","","","","N","","","","","","","","","",""
"2007045798","","3","0","0","0","0","0","0","0","0","1","0","","02","4","2007","3","40.447826","-79.897331","1750","11","0","0","0","0","0","1","0","0","","0","0","0","","","0","","0","0","40 26:52.174","","0","79 53:50.393","0","0","0","0","2301","0","0","0","N","0","0","0","2","02301","0","","1.0","","1","N","N","","0","","0","0","0","0","0","","","3","0","0","0","0","0","0","2","0","3","","","","N","","","","","","","","","",""
"2007045799","","3","0","0","0","0","0","0","0","0","4","0","","02","4","2007","3","40.466508","-79.942559","1721","11","0","0","0","1","0","0","0","0","","0","0","0","","","0","","1","0","40 27:59.428","","0","79 56:33.212","9","0","0","0","2301","0","0","0","N","0","0","0","3","02301","0","","1.0","","1","N","N","","0","","0","0","0","3","3","","","3","0","0","0","0","0","2","2","0","3","","","","N","","","","","","","","","",""
"2007045800","","1","0","0","0","0","0","0","0","0","4","0","","02","4","2007","3","40.468748","-79.92751","1943","11","0","0","0","0","0","0","0","0","","0","0","0","","","0","","2","0","40 28:07.492","","0","79 55:39.036","0","0","0","0","2301","0","0","0","N","0","0","0","2","02301","0","","1.0","","1","N","N","","1","","0","0","0","3","2","","","2","0","0","0","0","0","0","2","0","2","","","","N","","","","","","","","","",""
"2007045801","","2","0","0","0","0","0","0","0","0","1","0","","02","4","2007","2","40.448733","-79.933116","1800","11","0","0","0","0","0","1","0","0","","0","0","0","","","2","","0","0","40 26:55.438","","0","79 55:59.217","4","0","0","0","2301","0","0","0","N","0","0","0","4","02301","2","","1.0","","1","N","N","","0","","0","0","0","0","0","","","2","2","0","0","0","0","0","2","0","2","","","","N","","","","","","","","","",""
"2007045802","","1","0","0","0","0","0","0","0","0","4","0","","02","4","2007","2","40.43531","-79.91899","2133","11","0","0","0","0","0","1","1","0","","0","0","0","","","0","","1","0","40 26:07.116","","0","79 55:08.364","0","0","0","0","2301","0","0","0","N","0","0","0","2","02301","0","","1.0","","1","N","N","","0","","0","0","0","3","2","","","2","0","0","0","0","0","0","2","1","2","","","","N","","","","","","","","","",""
"2007045803","","5","0","0","0","0","0","0","0","0","5","0","","02","4","2007","4","40.457101","-79.930604","2348","11","0","0","0","0","0","0","0","0","","0","0","0","","","0","","0","0","40 27:25.562","","0","79 55:50.175","9","0","0","0","2301","0","0","0","N","0","0","0","1","02301","0","","1.0","","9","N","N","","0","","0","0","0","0","0","","","5","0","0","0","0","0","1","2","0","5","","","","N","","","","","","","","","",""
"2007045805","","1","0","0","0","0","0","0","0","0","4","0","","02","4","2007","6","40.418501","-79.922827","2320","11","0","0","0","0","0","0","0","0","","0","0","0","","","0","","0","0","40 25:06.603","","7","79 55:22.177","0","0","0","0","2301","0","0","0","N","0","0","0","2","02301","0","","1.0","","1","N","N","","0","","0","0","1","0","0","","","2","0","0","0","0","0","0","2","0","2","","","","N","","","","","","","","","",""
"2007045806","","2","0","0","0","0","0","0","0","0","1","0","","02","4","2007","7","40.398056","-80.026131","2256","11","0","0","0","0","0","0","1","0","1","0","0","0","","","0","","1","2","40 23:53.000","5","0","80 01:34.071","0","0","0","0","2301","0","0","0","N","0","0","0","5","02301","0","","1.0","","9","N","N","","0","","0","0","1","3","2","N","","3","0","0","0","0","0","0","2","0","3","","","","N","","","","","","","","","",""
"2007045807","","1","0","0","0","0","0","0","0","0","7","0","","02","4","2007","4","40.448854","-79.964955","0343","11","0","0","0","0","0","0","0","0","","0","0","0","","","0","","1","0","40 26:55.874","","0","79 57:53.838","0","0","0","0","2301","0","0","0","N","0","0","0","1","02301","0","","4.0","","1","N","N","","0","","0","0","0","3","2","","","1","0","0","0","0","0","0","2","0","1","","","","N","","","","","","","","","",""
"2007045816","","0","0","0","0","0","0","0","0","0","7","1","","02","4","2007","7","40.4682","-79.977","1045","11","0","0","0","0","0","0","0","0","","0","1","0","","","0","","0","0","40 28:05.520","","0","79 58:37.200","0","0","0","0","2301","0","0","0","N","0","0","0","1","02301","0","","5.0","","1","N","N","","0","","0","0","0","0","0","","","1","0","0","0","0","0","0","2","0","1","","","","N","","","","","","","","","",""
"2007045817","","1","0","0","0","0","0","0","0","0","4","0","","02","4","2007","7","40.415","-80.011417","0109","11","0","0","0","0","0","0","0","0","","0","0","0","","","3","","2","0","40 24:54.000","","0","80 00:41.101","8","0","0","0","2301","0","0","0","N","0","0","0","4","02301","0","","2.0","","1","N","N","","1","","0","0","0","3","2","","","2","3","0","0","0","3","0","2","0","2","","","","N","","","","","","","","","",""
"2007045818","","2","0","0","0","0","0","0","0","0","1","0","","02","4","2007","7","40.377778","-80.003754","1218","11","0","0","0","0","0","1","2","0","","0","0","0","","","1","","2","0","40 22:40.000","","0","80 00:13.513","4","0","0","0","2301","0","0","0","N","0","0","0","5","02301","1","","1.0","","1","N","N","","0","","0","0","1","3","2","","","3","1","0","0","0","0","0","2","0","3","","","","N","","","","","","","","","",""
"2007045819","","2","0","0","0","0","0","0","0","0","8","0","","02","4","2007","3","40.399677","-79.985392","2149","11","0","0","0","0","0","0","0","0","","0","0","0","","","1","","0","0","40 23:58.837","","0","79 59:07.411","8","0","0","0","2301","1","0","0","N","1","0","0","2","02301","0","","1.0","","1","N","N","","0","","0","0","0","0","0","","","3","1","0","0","0","1","1","2","0","2","","","","N","","","","","","","","","",""
"2007045820","","2","0","0","0","0","0","0","0","0","4","0","","02","4","2007","4","40.43807","-80.03808","1605","11","0","0","0","0","0","0","0","0","2","0","0","0","","","1","","1","2","40 26:17.052","6","0","80 02:17.088","4","0","0","0","2301","0","0","0","N","0","0","0","2","02301","1","","1.0","","9","N","N","","0","","0","0","0","0","0","N","","2","1","0","0","0","0","0","2","0","2","","","","N","","","","","","","","","",""
"2007045821","","1","0","0","0","0","0","0","0","0","7","0","","02","4","2007","2","40.399125","-80.000136","0627","11","0","0","0","0","0","1","0","0","","0","0","0","","","2","","0","0","40 23:56.851","","0","80 00:00.489","3","0","0","0","2301","0","0","0","N","0","0","0","2","02301","1","","5.0","","1","N","N","","1","","1","0","0","0","0","","","2","2","0","0","0","0","0","2","0","2","","","","N","","","","","","","","","",""
"2007045822","","4","0","0","0","0","0","0","0","0","1","0","","02","4","2007","2","40.428333","-79.97351","2118","11","0","0","0","0","0","1","0","0","","0","0","0","","","0","","2","0","40 25:42.000","","0","79 58:24.636","0","0","0","0","2301","0","0","0","N","0","0","0","7","02301","0","","1.0","","1","N","N","","0","","0","0","0","3","2","","","4","0","0","0","0","0","0","2","0","4","","","","N","","","","","","","","","",""
"2007045823","","2","0","0","0","0","0","0","0","0","4","0","","02","4","2007","2","40.428611","-79.992223","2122","11","0","0","1","0","0","0","0","0","","0","0","0","","","3","","1","0","40 25:43.000","","0","79 59:32.004","4","0","0","0","2301","0","0","0","N","0","0","0","4","02301","3","","1.0","","1","N","N","","0","","0","0","0","3","3","","","2","3","0","0","0","0","1","2","0","2","","","","N","","","","","","","","","",""
"2007045824","","2","0","0","0","0","0","0","0","0","1","0","","02","4","2007","5","40.438847","-80.020453","0920","11","0","0","0","0","0","0","1","0","","0","0","0","","","1","","2","0","40 26:19.849","","0","80 01:13.630","8","0","0","0","2301","0","0","0","N","0","0","0","3","02301","0","","1.0","","1","N","N","","0","","0","0","0","0","0","","","2","1","0","0","0","1","0","2","0","2","","","","N","","","","","","","","","",""
"2007045825","","2","0","0","0","0","0","0","0","0","4","0","","02","4","2007","1","40.462661","-79.967202","0237","11","0","0","0","0","0","0","0","0","2","0","0","0","","","0","","1","1","40 27:45.580","4","0","79 58:01.926","0","0","0","0","2301","0","0","0","N","0","0","0","6","02301","0","","1.0","","9","N","N","","0","","0","0","0","3","1","N","","2","0","1","0","0","0","0","2","0","2","","","","N","","","","","","","","","",""
"2007045826","","2","0","0","0","0","0","0","0","0","5","0","","02","4","2007","1","40.447455","-79.988152","0018","11","0","0","0","0","1","0","0","0","","0","0","0","","","0","","2","0","40 26:50.837","","0","79 59:17.346","9","0","0","0","2301","0","0","0","N","0","0","0","3","02301","0","","1.0","","9","N","N","","0","","0","0","0","0","0","","","2","0","0","0","0","0","1","2","0","2","","","","N","","","","","","","","","",""
"2007045828","","2","0","0","0","0","0","0","0","0","4","0","","02","4","2007","4","40.563056","-80.208023","0839","11","0","0","0","0","0","1","0","0","","0","0","0","","","1","","1","0","40 33:47.000","","0","80 12:28.883","4","0","0","0","2441","0","0","0","N","0","0","0","2","02427","1","","1.0","","9","N","N","","0","","0","0","0","3","2","","","2","1","0","0","0","0","0","2","0","2","","","","N","","","","","","","","","",""
"2007045837","","0","0","0","0","0","0","0","0","0","7","0","","02","4","2007","5","40.590833","-80.148908","0838","11","0","0","0","0","0","1","0","0","","0","0","0","","","1","","0","0","40 35:27.000","","0","80 08:56.067","3","0","0","0","2480","0","0","0","N","0","0","0","1","02480","0","","5.0","","2","N","N","","1","","1","0","0","0","0","","","1","1","0","0","0","0","0","1","0","1","","","","N","","","","","","","","","",""
"2007045881","","0","0","0","0","0","0","0","0","0","7","0","","02","5","2007","4","40.438981","-80.073083","0241","11","0","0","0","0","0","0","0","0","","0","0","0","","","0","","0","0","40 26:20.333","","0","80 04:23.099","0","0","0","0","2421","0","0","0","N","0","0","0","1","02421","0","","2.0","","1","N","N","","0","","0","0","1","0","0","","","1","0","0","0","0","0","0","2","0","1","","","","N","","","","","","","","","",""
"2007045897","","1","0","0","0","0","0","0","0","0","7","0","","02","5","2007","5","40.430556","-80.062001","0130","11","0","0","0","0","0","0","0","0","","0","0","0","","","0","","2","0","40 25:50.000","","0","80 03:43.202","0","0","0","0","2421","0","0","0","N","0","0","0","1","02421","0","","5.0","","1","N","N","","0","","0","0","0","0","0","","","1","0","0","0","0","0","0","2","0","1","","","","N","","","","","","","","","",""
"2007045931","","1","0","0","0","0","0","0","0","0","4","0","","02","4","2007","6","40.561235","-79.999296","1528","11","0","0","0","0","0","0","0","0","","0","0","0","","","0","","1","0","40 33:40.446","","0","79 59:57.465","0","0","0","0","2108","0","0","0","N","0","0","0","4","02108","0","","1.0","","1","N","N","","1","","0","0","0","3","2","","","2","0","1","0","0","0","0","2","0","2","","","","N","","","","","","","","","",""
"2007045937","","1","0","0","0","0","0","0","0","0","7","0","","02","3","2007","6","40.6129","-79.9687","1500","11","0","0","0","0","0","1","0","0","","0","0","0","","","3","","0","0","40 36:46.440","","0","79 58:07.320","4","0","0","0","2207","0","0","0","N","0","0","0","6","68T02","1","","4.0","","6","N","N","","0","","0","0","0","0","0","","","2","3","0","0","0","2","0","2","1","2","","","","N","","","","","","","","","",""
"2007045969","","1","0","0","0","0","0","0","0","0","1","0","","02","4","2007","6","40.571944","-80.023504","0820","11","0","0","0","0","0","0","0","0","1","0","0","0","","","0","","1","2","40 34:19.000","1","0","80 01:24.616","0","0","0","0","2108","0","0","0","N","0","0","0","2","02108","0","","1.0","","7","N","N","","1","","0","0","0","3","2","N","","2","0","0","0","0","0","0","2","0","2","","","","N","","","","","","","","","",""
"2007045970","","2","0","0","0","0","0","0","0","0","4","0","","02","4","2007","6","40.5823","-80.0298","0902","11","0","0","0","0","0","1","0","0","1","0","0","0","","","0","","0","1","40 34:56.280","2","0","80 01:47.280","0","0","0","0","2108","0","0","0","N","0","0","0","2","02108","0","","1.0","","2","N","N","","0","","0","0","0","0","0","N","","2","0","0","0","0","0","0","2","0","2","","","","N","","","","","","","","","",""
"2007045971","","2","0","0","0","0","0","0","0","0","4","0","","02","4","2007","6","40.556111","-80.039082","1822","11","0","0","0","0","0","0","1","0","1","0","0","0","","","0","","0","1","40 33:22.000","2","0","80 02:20.694","0","0","0","0","2108","0","0","0","N","0","0","0","4","02108","0","","1.0","","1","N","","","0","","0","0","0","0","0","N","","2","0","0","0","0","0","0","2","0","2","","","","N","","","","","","","","","",""
"2007045972","","1","0","0","0","0","0","0","0","0","2","0","","02","4","2007","3","40.571111","-80.03702","1254","11","0","0","0","0","0","0","1","0","2","0","0","0","","","2","","0","1","40 34:16.000","5","0","80 02:13.273","3","0","0","0","2108","0","0","0","N","0","0","0","2","02108","0","","1.0","","1","N","N","","0","","2","0","0","0","0","Y","","2","2","0","0","0","0","0","2","1","2","","","","N","","","","","","","","","",""
"2007046029","","1","0","0","0","0","0","0","0","0","7","0","","02","3","2007","7","40.5981","-79.92","1005","11","0","0","0","0","0","0","0","0","2","0","0","0","","","2","","0","1","40 35:53.160","3","0","79 55:12.000","4","0","0","0","2220","0","0","0","N","0","0","0","2","68T02","1","","4.0","","6","N","N","","0","","0","0","0","0","0","N","","1","2","0","0","0","1","0","1","0","1","","","","N","","","","","","","","","",""
"2007046089","","0","0","0","0","0","0","0","0","0","1","0","","02","4","2007","4","40.463394","-79.952368","0936","11","0","0","0","0","0","1","0","0","2","0","0","0","","","1","","0","1","40 27:48.218","4","0","79 57:08.524","8","0","0","0","2301","0","0","0","N","0","0","0","4","02301","0","","1.0","","1","N","N","","1","","0","0","1","0","0","N","","2","1","0","0","0","1","0","2","0","2","","","","N","","","","","","","","","",""
"2007046090","","1","0","0","0","0","0","0","0","0","4","0","","02","4","2007","4","40.456378","-79.937123","1651","11","0","0","0","0","0","0","0","0","","0","0","0","","","0","","0","0","40 27:22.960","","0","79 56:13.642","0","0","0","0","2301","0","0","0","","0","0","0","2","02301","0","","1.0","","9","N","N","","1","","0","0","0","0","0","","","2","0","0","0","0","0","0","2","0","2","","","","N","","","","","","","","","",""
"2007046097","","3","0","0","0","0","0","0","0","0","1","0","","02","4","2007","4","40.373056","-80.034279","1823","11","0","0","1","0","0","1","0","0","1","0","0","0","","","3","","2","1","40 22:23.000","2","0","80 02:03.406","3","0","0","0","2109","0","0","0","N","0","0","0","3","02109","2","","1.0","","1","N","N","","0","","1","0","0","3","2","N","","3","3","0","0","0","0","0","2","0","3","","","","N","","","","","","","","","",""
"2007046098","","2","0","0","0","0","0","0","0","0","4","0","","02","4","2007","3","40.356584","-80.053296","1816","11","0","0","0","0","0","1","0","0","1","0","0","0","","","0","","2","2","40 21:23.701","4","7","80 03:11.864","0","0","0","0","2109","0","0","0","N","0","0","0","4","02109","0","","1.0","","1","N","N","","0","","0","0","0","0","0","N","","2","0","0","0","0","0","0","2","0","2","","","","N","","","","","","","","","",""
"2007046099","","1","0","0","0","0","0","0","0","0","7","0","","02","4","2007","6","40.385184","-80.052388","1422","11","0","0","0","0","0","1","0","0","1","0","0","0","","","0","","0","2","40 23:06.662","3","0","80 03:08.596","0","0","0","0","2109","0","0","0","N","0","0","0","1","02109","0","","3.0","","1","N","N","","0","","0","0","0","0","0","N","","1","0","0","0","0","0","0","2","0","1","","","","N","","","","","","","","","",""
"2007046121","","1","0","0","0","0","0","0","0","0","4","0","","02","4","2007","7","40.248611","-79.877087","1700","11","0","0","0","0","0","0","1","0","2","0","0","0","","","2","","2","2","40 14:55.000","2","0","79 52:37.513","8","0","0","0","2204","0","0","0","N","0","0","0","2","02204","0","","1.0","","9","N","N","","0","","0","0","1","3","2","Y","","2","2","0","0","0","2","0","1","0","2","","","","N","","","","","","","","","",""
"2007046122","","2","0","0","0","0","0","0","0","0","4","0","","02","5","2007","6","40.4","-80.082773","0645","11","0","0","0","0","0","1","0","0","1","0","0","0","","","0","","2","1","40 24:00.000","2","0","80 04:57.983","0","0","0","0","2415","0","0","0","N","0","0","0","2","02415","0","","1.0","","1","N","N","","0","","0","0","0","3","3","Y","","2","0","0","0","0","0","0","2","0","2","","","","N","","","","","","","","","",""
"2007046129","","2","0","0","0","0","0","0","0","0","1","0","","02","5","2007","5","","","0740","11","0","0","0","0","0","0","0","0","","0","0","0","","","3","","0","0","","","0","","3","0","0","0","2448","0","0","0","N","0","0","0","3","02448","1","","1.0","","1","N","N","","0","","2","0","0","3","2","","","3","3","0","0","0","0","0","2","1","3","","","","N","","","","","","","","","",""
"2007046144","","0","0","0","0","0","0","0","0","0","8","0","","02","5","2007","4","40.540833","-79.783099","1715","11","0","0","0","0","0","1","0","0","","0","0","0","","","1","","0","0","40 32:27.000","","7","79 46:59.156","8","0","0","0","2462","1","0","0","N","1","0","0","2","02462","0","","4.0","","1","N","N","","0","","0","0","0","0","0","","","2","1","0","0","0","1","0","2","1","1","","","","N","","","","","","","","","",""
"2007046148","","1","0","0","0","0","0","0","0","0","7","0","","02","4","2007","2","","","1652","11","0","0","0","0","0","0","0","0","","0","0","0","","","0","","0","0","","","0","","0","0","0","0","2212","0","0","0","N","0","0","0","1","02505","0","","3.0","","1","N","N","","0","","0","0","0","0","0","","","1","0","0","0","0","0","0","1","0","1","","","","N","","","","","","","","","",""
"2007046151","","0","0","0","0","0","0","0","0","0","1","0","","02","4","2007","6","40.319221","-80.061659","1646","11","0","0","0","0","0","0","0","0","1","0","0","0","","","1","","2","1","40 19:09.196","4","0","80 03:41.971","4","0","0","0","2407","0","0","0","N","0","0","0","3","02407","1","","1.0","","1","N","N","","0","","0","0","2","0","0","N","","2","1","0","0","0","0","0","2","0","2","","","","N","","","","","","","","","",""