"CRN","ARRIVAL_TM","AUTOMOBILE_COUNT","BELTED_DEATH_COUNT","BELTED_SUSP_SERIOUS_INJ_COUNT","BICYCLE_COUNT","BICYCLE_DEATH_COUNT","BICYCLE_SUSP_SERIOUS_INJ_COUNT","BUS_COUNT","CHLDPAS_DEATH_COUNT","CHLDPAS_SUSP_SERIOUS_INJ_COUNT","COLLISION_TYPE","COMM_VEH_COUNT","CONS_ZONE_SPD_LIM","COUNTY","CRASH_MONTH","CRASH_YEAR","DAY_OF_WEEK","DEC_LATITUDE","DEC_LONGITUDE","DISPATCH_TM","DISTRICT","DRIVER_COUNT_16YR","DRIVER_COUNT_17YR","DRIVER_COUNT_18YR","DRIVER_COUNT_19YR","DRIVER_COUNT_20YR","DRIVER_COUNT_50_64YR","DRIVER_COUNT_65_74YR","DRIVER_COUNT_75PLUS","EST_HRS_CLOSED","FATAL_COUNT","HEAVY_TRUCK_COUNT","HORSE_BUGGY_COUNT","HOUR_OF_DAY","ILLUMINATION","INJURY_COUNT","INTERSECTION_RELATED","INTERSECT_TYPE","LANE_CLOSED","LATITUDE","LN_CLOSE_DIR","LOCATION_TYPE","LONGITUDE","MAX_SEVERITY_LEVEL","MCYCLE_DEATH_COUNT","MCYCLE_SUSP_SERIOUS_INJ_COUNT","MOTORCYCLE_COUNT","MUNICIPALITY","NONMOTR_COUNT","NONMOTR_DEATH_COUNT","NONMOTR_SUSP_SERIOUS_INJ_COUNT","NTFY_HIWY_MAINT","PED_COUNT","PED_DEATH_COUNT","PED_SUSP_SERIOUS_INJ_COUNT","PERSON_COUNT","POLICE_AGCY","POSSIBLE_INJ_COUNT","RDWY_SURF_TYPE_CD","RELATION_TO_ROAD","ROADWAY_CLEARED","ROAD_CONDITION","SCH_BUS_IND","SCH_ZONE_IND","SECONDARY_CRASH","SMALL_TRUCK_COUNT","SPEC_JURIS_CD","SUSP_MINOR_INJ_COUNT","SUSP_SERIOUS_INJ_COUNT","SUV_COUNT","TCD_FUNC_CD","TCD_TYPE","TFC_DETOUR_IND","TIME_OF_DAY","TOTAL_UNITS","TOT_INJ_COUNT","UNBELTED_OCC_COUNT","UNB_DEATH_COUNT","UNB_SUSP_SERIOUS_INJ_COUNT","UNK_INJ_DEG_COUNT","UNK_INJ_PER_COUNT","URBAN_RURAL","VAN_COUNT","VEHICLE_COUNT","WEATHER1","WEATHER2","WORKERS_PRES","WORK_ZONE_IND","WORK_ZONE_LOC","WORK_ZONE_TYPE","WZ_CLOSE_DETOUR","WZ_FLAGGER","WZ_LAW_OFFCR_IND","WZ_LN_CLOSURE","WZ_MOVING","WZ_OTHER","WZ_SHLDER_MDN","WZ_WORKERS_INJ_KILLED"
"2007052660","","2","0","0","0","0","0","0","0","0","1","0","","02","5","2007","1","40.4541","-79.9948","1853","11","0","0","0","0","0","0","1","0","","0","0","0","","","0","","6","","40 27:14.760","","2","79 59:41.280","0","0","0","0","2301","0","0","0","N","0","0","0","3","02301","0","","7.0","","1","N","N","","0","","0","0","0","0","0","","","2","0","0","0","0","0","0","2","0","2","","","","N","","","","","","","","","",""
"2007052713","","2","0","0","0","0","0","0","0","0","2","0","","02","5","2007","1","40.487222","-79.918233","1311","11","0","0","0","0","0","0","0","1","1","0","0","0","","","1","","2","","40 29:14.000","3","0","79 55:05.637","4","0","0","0","2301","0","0","0","N","0","0","0","4","02301","1","","1.0","","1","N","N","","0","","0","0","0","3","2","Y","","2","1","1","0","0","0","0","2","0","2","","","","N","","","","","","","","","",""
"2007052715","","1","0","0","0","0","0","0","0","0","5","0","","02","4","2007","3","40.39","-80.0408","1355","11","0","0","0","0","0","1","1","0","2","0","0","0","","","0","","0","","40 23:24.000","1","0","80 02:26.880","0","0","0","0","2109","0","0","0","N","0","0","0","2","02109","0","","1.0","","1","N","N","","1","","0","0","0","0","0","N","","2","0","1","0","0","0","0","2","0","2","","","","N","","","","","","","","","",""
"2007052725","","1","0","0","0","0","0","0","0","0","1","1","","02","5","2007","3","","","1007","11","0","0","0","0","0","0","1","0","1","0","1","0","","","0","","2","","","1","0","","0","0","0","0","2441","0","0","0","N","0","0","0","3","02441","0","","1.0","","1","N","N","","0","","0","0","0","3","3","Y","","2","0","0","0","0","0","0","1","0","2","","","","N","","","","","","","","","",""
"2007052789","","2","0","0","0","0","0","0","0","0","1","0","","02","4","2007","5","40.403417","-79.78051","2158","11","0","0","0","0","0","0","0","1","","0","0","0","","","0","","0","","40 24:12.301","","0","79 46:49.837","0","0","0","0","2453","0","0","0","N","0","0","0","1","02453","0","","1.0","","1","N","N","","0","","0","0","0","0","0","","","2","0","0","0","0","0","0","2","0","2","","","","N","","","","","","","","","",""
"2007052790","","1","0","0","0","0","0","0","0","0","7","0","","02","5","2007","4","40.443274","-80.066938","2341","11","0","0","0","0","0","0","0","0","","0","0","0","","","0","","0","","40 26:35.785","","0","80 04:00.976","0","0","0","0","2439","0","0","0","N","0","0","0","1","02439","0","","5.0","","1","N","N","","0","","0","0","0","0","0","","","1","0","1","0","0","0","0","2","0","1","","","","N","","","","","","","","","",""
"2007052792","","2","0","0","0","0","0","0","0","0","4","0","","02","4","2007","5","40.44","-80.223628","1926","11","0","0","0","0","0","0","0","0","","0","0","0","","","1","","2","","40 26:24.000","","0","80 13:25.060","3","0","0","0","2214","0","0","0","N","0","0","0","2","02214","0","","1.0","","1","N","N","","0","","1","0","0","3","3","","","2","1","1","0","0","0","0","2","0","2","","","","N","","","","","","","","","",""
"2007052872","","2","0","0","0","0","0","0","0","0","1","0","","02","4","2007","3","40.3602","-80.0479","1804","11","0","0","0","0","0","1","0","0","2","0","0","0","","","1","","0","","40 21:36.720","2","7","80 02:52.440","8","0","0","0","2109","0","0","0","N","0","0","0","2","02109","0","","1.0","","1","N","N","","0","","0","0","0","0","0","N","","2","1","0","0","0","1","0","2","0","2","","","","N","","","","","","","","","",""
"2007052873","","1","0","0","0","0","0","0","0","0","4","0","","02","4","2007","6","40.581835","-80.05661","1731","11","0","0","0","0","0","0","0","0","2","0","0","0","","","2","","0","","40 34:54.606","2","0","80 03:23.796","4","0","0","0","2108","0","0","0","N","0","0","0","5","02108","2","","1.0","","1","N","N","","1","","0","0","0","0","0","N","","3","2","0","0","0","0","0","2","1","3","","","","N","","","","","","","","","",""
"2007052874","","2","0","0","0","0","0","0","0","0","4","0","","02","4","2007","2","40.608333","-80.052516","1203","11","0","0","0","0","0","0","1","0","1","0","0","0","","","1","","0","","40 36:30.000","1","0","80 03:09.057","3","0","0","0","2108","0","0","0","N","0","0","0","2","02108","0","","1.0","","1","N","N","","0","","1","0","0","0","0","N","","2","1","0","0","0","0","0","2","0","2","","","","N","","","","","","","","","",""
"2007052875","","3","0","0","0","0","0","0","0","0","1","0","","02","4","2007","2","40.558056","-80.023334","1516","11","0","0","0","0","0","1","0","0","1","0","0","0","","","1","","1","","40 33:29.000","2","0","80 01:24.001","8","0","0","0","2108","0","0","0","","0","0","0","3","02108","0","","1.0","","1","N","N","","0","","0","0","0","3","2","N","","3","1","0","0","0","1","0","2","0","3","","","","N","","","","","","","","","",""
"2007052876","","2","0","0","0","0","0","0","0","0","4","0","","02","4","2007","5","40.604444","-80.050698","1749","11","1","0","0","0","0","1","0","0","1","0","0","0","","","0","","0","","40 36:16.000","2","0","80 03:02.511","0","0","0","0","2108","0","0","0","N","0","0","0","3","02108","0","","1.0","","9","N","N","","0","","0","0","0","3","2","N","","2","0","0","0","0","0","0","2","0","2","","","","N","","","","","","","","","",""
"2007052877","","1","0","0","0","0","0","0","0","0","1","0","","02","4","2007","7","40.575278","-80.037176","1314","11","0","0","0","0","0","0","0","1","1","0","0","0","","","2","","0","","40 34:31.000","2","0","80 02:13.835","4","0","0","0","2108","0","0","0","N","0","0","0","4","02108","2","","1.0","","9","N","N","","1","","0","0","0","0","0","Y","","2","2","0","0","0","0","0","2","0","2","","","","N","","","","","","","","","",""
"2007052878","","1","0","0","0","0","0","0","0","0","7","0","","02","4","2007","2","40.564167","-80.060983","2150","11","0","0","1","0","0","0","0","0","","0","0","0","","","1","","0","","40 33:51.000","","0","80 03:39.540","3","0","0","0","2108","0","0","0","N","0","0","0","1","02108","0","","2.0","","1","N","N","","0","","1","0","0","0","0","","","1","1","0","0","0","0","0","2","0","1","","","","N","","","","","","","","","",""
"2007052879","","1","0","0","0","0","0","0","0","0","7","0","","02","5","2007","3","40.5824","-80.0297","1434","11","0","0","0","0","1","0","0","0","1","0","0","0","","","1","","7","","40 34:56.640","1","0","80 01:46.920","3","0","0","0","2108","0","0","0","Y","0","0","0","1","02108","0","","7.0","","1","N","N","","0","","1","0","0","0","0","N","","1","1","0","0","0","0","0","2","0","1","","","","N","","","","","","","","","",""
"2007052880","","2","0","0","0","0","0","0","0","0","1","0","","02","5","2007","3","40.5743","-80.0245","1434","11","0","1","1","0","0","0","0","0","2","0","0","0","","","0","","0","","40 34:27.480","2","0","80 01:28.200","0","0","0","0","2108","0","0","0","N","0","0","0","6","02108","0","","1.0","","1","N","N","","0","","0","0","1","0","0","Y","","3","0","0","0","0","0","0","2","0","3","","","","N","","","","","","","","","",""
"2007052953","","5","0","0","0","0","0","0","0","0","1","0","","02","4","2007","2","40.495","-79.869809","1740","11","0","0","0","0","0","0","0","0","1","0","0","0","","","1","","0","","40 29:42.000","1","0","79 52:11.311","4","0","0","0","2112","0","0","0","N","0","0","0","5","68D02","1","","1.0","","1","N","N","","0","","0","0","0","3","7","N","","5","1","0","0","0","0","0","2","0","5","","","","N","","","","","","","","","",""
"2007052954","","0","0","0","0","0","0","0","0","0","7","0","","02","4","2007","5","40.4909","-79.879","0946","11","0","0","0","0","0","0","0","0","","0","0","0","","","0","","0","","40 29:27.240","","0","79 52:44.400","0","0","0","0","2112","0","0","0","N","0","0","0","2","68D02","0","","2.0","","9","N","N","","1","","0","0","0","0","0","","","2","0","0","0","0","0","0","2","1","2","","","","N","","","","","","","","","",""
"2007052958","","2","0","0","0","0","0","0","0","0","5","0","","02","4","2007","5","40.4935","-79.9103","1019","11","0","0","0","0","0","0","0","0","","0","0","0","","","1","","0","","40 29:36.600","","2","79 54:37.080","4","0","0","0","2112","0","0","0","N","0","0","0","2","68D02","1","","1.0","","2","N","N","","0","","0","0","0","0","0","","","2","1","0","0","0","0","0","2","0","2","","","","N","","","","","","","","","",""
"2007052959","","1","0","0","0","0","0","0","0","0","7","0","50","02","4","2007","4","40.539722","-79.841385","2046","11","0","0","0","0","0","0","0","0","","0","0","0","","","1","","0","","40 32:23.000","","0","79 50:28.985","8","0","0","0","2208","0","0","0","N","0","0","0","2","68D02","0","","5.0","","9","N","N","","0","","0","0","0","3","8","","","1","1","0","0","0","1","0","2","0","1","","","N","Y","8","1","","","N","Y","","","",""
"2007052962","","3","0","0","0","0","0","0","0","0","5","0","","02","4","2007","1","","","1510","11","0","0","0","0","0","1","0","0","1","0","0","0","","","1","","0","","40 26:19.32","3","0","80 00:26.64","4","0","0","0","2301","0","0","0","N","0","0","0","4","68B03","1","","1.0","","9","N","N","","0","","0","0","0","0","0","N","","3","1","0","0","0","0","0","2","0","3","","","","N","","","","","","","","","",""
"2007052963","","1","0","0","0","0","0","0","0","0","7","0","","02","3","2007","7","","","0215","11","0","0","0","0","0","0","0","0","","0","0","0","","","0","","0","","40 27:07.92","","0","80 10:22.80","0","0","0","0","2213","0","0","0","N","0","0","0","1","68B03","0","","4.0","","1","N","N","","0","","0","0","0","0","0","","","1","0","0","0","0","0","0","2","0","1","","","","N","","","","","","","","","",""
"2007053129","","1","0","0","0","0","0","0","0","0","7","0","","02","4","2007","3","40.511944","-80.136094","1221","11","0","0","0","0","0","1","0","0","","0","0","0","","","1","","0","","40 30:43.000","","0","80 08:09.940","4","0","0","0","2115","0","0","0","N","0","0","0","1","68B03","1","","2.0","","1","N","N","","0","","0","0","0","0","0","","","1","1","0","0","0","0","0","2","0","1","","","","N","","","","","","","","","",""
"2007053130","","1","0","0","0","0","0","0","0","0","5","0","","02","3","2007","5","","","0551","11","0","0","0","0","0","1","0","0","","0","0","0","","","0","","0","","40 25:13.08","","0","80 02:14.28","0","0","0","0","2301","0","0","0","N","0","0","0","2","68B03","0","","1.0","","1","N","N","","0","","0","0","1","0","0","","","2","0","0","0","0","0","0","2","0","2","","","","N","","","","","","","","","",""
"2007053131","","0","0","0","0","0","0","0","0","0","7","0","","02","2","2007","4","","","0335","11","0","0","0","0","0","0","0","0","","0","0","0","","","1","","0","","40 26:37.68","","0","79 50:25.80","4","0","0","0","2419","0","0","0","N","0","0","0","1","68B03","1","","2.0","","1","N","N","","0","","0","0","1","0","0","","","1","1","0","0","0","0","0","2","0","1","","","","N","","","","","","","","","",""
"2007053132","","1","0","0","0","0","0","0","0","0","7","0","","02","4","2007","1","","","0128","11","0","0","0","0","0","0","0","0","1","0","0","0","","","0","","0","","40 26:29.04","3","0","79 49:42.60","0","0","0","0","2124","0","0","0","N","0","0","0","3","68B03","0","","3.0","","9","N","N","","0","","0","0","0","0","0","N","","1","0","0","0","0","0","0","2","0","1","","","","N","","","","","","","","","",""
"2007053133","","1","0","0","0","0","0","0","0","0","7","0","","02","4","2007","1","","","0404","11","0","0","1","0","0","0","0","0","","0","0","0","","","0","","0","","40 26:30.12","","0","79 51:27.36","0","0","0","0","2419","0","0","0","N","0","0","0","1","68B03","0","","4.0","","9","N","N","","0","","0","0","0","0","0","","","1","0","0","0","0","0","0","2","0","1","","","","N","","","","","","","","","",""
"2007053154","","0","0","0","0","0","0","0","0","0","7","0","","02","4","2007","5","40.4952","-79.9082","0840","11","0","0","0","0","0","0","0","0","1","0","0","0","","","0","","0","","40 29:42.720","2","3","79 54:29.520","0","0","0","0","2461","0","0","0","N","0","0","0","1","68D02","0","","2.0","","2","N","N","","0","","0","0","1","0","0","Y","","1","0","0","0","0","0","0","2","0","1","","","","N","","","","","","","","","",""
"2007053155","","0","0","0","0","0","0","0","0","0","7","0","","02","4","2007","1","40.526111","-79.851624","1150","11","0","0","0","1","0","0","0","0","3","0","0","0","","","1","","0","","40 31:34.000","2","0","79 51:05.845","4","0","0","0","2208","0","0","0","Y","0","0","0","2","68D02","1","","2.0","","9","N","N","","1","","0","0","0","0","0","N","","1","1","0","0","0","0","0","2","0","1","","","","N","","","","","","","","","",""
"2007053162","","0","0","0","0","0","0","0","0","0","0","0","","02","4","2007","5","","","2212","11","0","0","0","0","0","0","0","0","2","0","0","0","","","0","","0","","40 29:30.48","2","0","80 00:37.08","0","0","0","0","2301","0","0","0","Y","0","0","0","1","68B03","0","","3.0","","2","N","N","","0","","0","0","1","0","0","N","","1","0","1","0","0","0","0","2","0","1","","","","N","","","","","","","","","",""
"2007053163","","1","0","0","0","0","0","0","0","0","0","0","","02","4","2007","5","","","2213","11","0","0","0","1","0","0","0","0","2","0","0","0","","","0","","0","","40 26:22.92","2","0","80 00:34.92","0","0","0","0","2301","0","0","0","N","0","0","0","1","68B03","0","","3.0","","2","N","N","","0","","0","0","0","0","0","N","","1","0","0","0","0","0","0","2","0","1","","","","N","","","","","","","","","",""
"2007053188","","1","0","0","0","0","0","0","0","0","1","0","45","02","4","2007","7","40.531389","-79.849376","2212","11","0","0","0","0","0","0","0","0","","0","0","0","","","0","","0","","40 31:53.000","","0","79 50:57.752","0","0","0","0","2208","0","0","0","N","0","0","0","2","68D02","0","","1.0","","1","N","N","","0","","0","0","1","3","8","","","2","0","0","0","0","0","0","2","0","2","","","N","Y","4","1","","","N","Y","","","",""
"2007053235","","0","0","0","0","0","0","0","0","0","1","0","","02","5","2007","4","40.361731","-80.092391","0832","11","0","0","0","0","0","0","0","0","","0","0","0","","","2","","0","","40 21:42.231","","0","80 05:32.607","8","0","0","0","2123","0","0","0","N","0","0","0","3","02123","0","","1.0","","9","N","N","","1","","0","0","1","3","2","","","2","2","0","0","0","2","0","2","0","2","","","","N","","","","","","","","","",""
"2007053247","","0","0","0","0","0","0","1","0","0","1","1","","02","5","2007","2","40.5136","-79.7232","1447","11","0","0","0","0","0","2","0","0","2","0","0","0","","","1","","0","","40 30:48.960","6","0","79 43:23.520","8","0","0","0","2466","0","0","0","N","0","0","0","13","02466","0","","1.0","","1","Y","N","","1","","0","0","1","3","8","N","","3","1","0","0","0","1","0","1","0","3","","","","N","","","","","","","","","",""
"2007053253","","2","0","0","0","0","0","0","0","0","4","0","","02","5","2007","6","40.299062","-80.029812","1530","11","0","0","0","0","0","3","0","0","1","0","0","0","","","1","","2","","40 17:56.624","1","0","80 01:47.324","4","0","0","0","2407","0","0","0","N","0","0","0","3","02407","1","","1.0","","1","N","N","","0","","0","0","1","3","3","N","","3","1","0","0","0","0","0","2","0","3","","","","N","","","","","","","","","",""
"2007053266","","1","0","0","0","0","0","0","0","0","7","0","","02","5","2007","2","40.519929","-80.043864","0200","11","0","0","0","0","0","0","0","0","","0","0","0","","","1","","0","","40 31:11.744","","0","80 02:37.910","4","0","0","0","2474","0","0","0","Y","0","0","0","1","02474","1","","2.0","","1","N","N","","0","","0","0","0","0","0","","","1","1","0","0","0","0","0","2","0","1","","","","N","","","","","","","","","",""
"2007053308","","1","0","0","0","0","0","0","0","0","2","0","","02","5","2007","1","40.4525","-80.039167","1628","11","0","0","0","0","0","0","0","0","3","0","0","0","","","5","","2","","40 27:09.000","6","0","80 02:21.002","8","0","0","0","2301","0","0","0","N","0","0","0","6","02301","0","","1.0","","1","N","N","","0","","0","0","1","3","2","Y","","2","5","0","0","0","5","0","2","0","2","","","","N","","","","","","","","","",""
"2007053309","","1","0","0","0","0","0","0","0","0","7","0","","02","5","2007","1","40.45816","-79.998262","9999","11","0","0","0","0","0","0","0","0","","0","0","0","","","0","","2","","40 27:29.377","","0","79 59:53.743","0","0","0","0","2301","0","0","0","N","0","0","0","2","02301","0","","4.0","","1","N","N","","0","","0","0","0","9","9","","","1","0","0","0","0","0","0","2","0","1","","","","N","","","","","","","","","",""
"2007053339","","0","0","0","0","0","0","0","0","0","7","0","","02","4","2007","7","40.319444","-80.118468","2355","11","0","0","0","0","0","0","0","0","","0","0","0","","","0","","0","","40 19:10.000","","0","80 07:06.484","0","0","0","0","2119","0","0","0","N","0","0","0","1","02119","0","","4.0","","9","N","N","","1","","0","0","0","0","0","","","1","0","0","0","0","0","0","2","0","1","","","","N","","","","","","","","","",""
"2007053383","","0","0","0","0","0","0","0","0","0","7","0","","02","5","2007","1","40.413527","-79.980178","1125","11","0","0","0","0","0","0","0","0","","0","0","0","","","1","","0","","40 24:48.697","","0","79 58:48.640","3","0","0","1","2301","0","0","0","N","0","0","0","1","02301","0","","5.0","","1","N","N","","0","","1","0","0","0","0","","","1","1","0","0","0","0","0","2","0","1","","","","N","","","","","","","","","",""
"2007053384","","0","0","0","0","0","0","0","0","0","7","0","","02","5","2007","4","40.426389","-80.021102","2206","11","0","0","0","0","0","0","0","0","","0","0","0","","","1","","0","","40 25:35.000","","0","80 01:15.966","4","0","0","1","2301","0","0","0","N","0","0","0","1","02301","1","","3.0","","1","N","N","","0","","0","0","0","0","0","","","1","1","0","0","0","0","0","2","0","1","","","","N","","","","","","","","","",""
"2007053385","","2","0","0","0","0","0","0","0","0","1","0","","02","5","2007","7","40.394927","-80.024914","2044","11","0","0","0","0","0","1","0","0","","0","0","0","","","1","","2","","40 23:41.737","","0","80 01:29.690","4","0","0","0","2301","0","0","0","N","0","0","0","2","02301","1","","1.0","","1","N","N","","0","","0","0","0","0","0","","","2","1","0","0","0","0","1","2","0","2","","","","N","","","","","","","","","",""
"2007053387","","1","0","0","1","0","0","0","0","0","8","0","","02","5","2007","1","40.452534","-80.008873","1657","11","0","0","0","0","0","0","0","1","","0","0","0","","","1","","0","","40 27:09.121","","0","80 00:31.944","4","0","0","0","2301","1","0","0","N","0","0","0","3","02301","1","","1.0","","1","N","N","","0","","0","0","0","0","0","","","2","1","0","0","0","0","0","2","0","1","","","","N","","","","","","","","","",""
"2007053424","","1","0","0","0","0","0","0","0","0","7","0","","02","4","2007","7","40.426111","-80.294768","1317","11","0","0","0","0","0","0","0","0","","0","0","0","","","0","","1","","40 25:34.000","","0","80 17:41.163","9","0","0","0","2214","0","0","0","N","0","0","0","5","02214","0","","2.0","","9","N","N","","0","","0","0","0","0","0","","","1","0","1","0","0","0","4","1","0","1","","","","N","","","","","","","","","",""
"2007053453","","2","0","0","0","0","0","0","0","0","4","0","","02","4","2007","3","40.5958","-79.9151","0832","11","0","0","0","0","0","0","0","0","","0","0","0","","","0","","0","","40 35:44.880","","0","79 54:54.360","0","0","0","0","2209","0","0","0","N","0","0","0","2","68T02","0","","1.0","","1","N","N","","0","","0","0","0","0","0","","","2","0","0","0","0","0","0","1","0","2","","","","N","","","","","","","","","",""
"2007053460","","1","0","0","0","0","0","0","0","0","1","0","","02","2","2007","2","40.356389","-80.118644","1049","11","0","0","0","0","0","1","0","0","","0","0","0","","","2","","0","","40 21:23.000","","0","80 07:07.120","4","0","0","0","2119","0","0","0","N","0","0","0","3","68B03","2","","1.0","","1","N","N","","0","","0","0","0","0","0","","","2","2","0","0","0","0","0","2","1","2","","","","N","","","","","","","","","",""
"2007053470","","0","0","0","0","0","0","0","0","0","7","0","","02","4","2007","2","40.509722","-79.798519","0011","11","0","0","0","0","0","0","0","0","","0","0","0","","","1","","0","","40 30:35.000","","0","79 47:54.668","3","0","0","1","2113","0","0","0","N","0","0","0","1","02113","0","","5.0","","1","N","N","","0","","1","0","0","0","0","","","1","1","0","0","0","0","0","2","0","1","","","","N","","","","","","","","","",""
"2007053515","","1","0","0","0","0","0","0","0","0","7","0","","02","4","2007","4","40.54146","-80.000244","1550","11","0","1","0","0","0","0","0","0","","0","0","0","","","0","","0","","40 32:29.256","","0","80 00:00.878","0","0","0","0","2116","0","0","0","N","0","0","0","3","02116","0","","5.0","","9","N","N","","0","","0","0","0","0","0","","","1","0","0","0","0","0","0","2","0","1","","","","N","","","","","","","","","",""
"2007053516","","1","0","0","0","0","0","0","0","0","99","0","45","02","4","2007","7","40.541944","-79.839158","0425","11","0","0","0","0","0","0","0","0","2","0","0","0","","","1","","0","","40 32:31.000","1","0","79 50:20.968","4","0","0","0","2208","0","0","0","Y","0","0","0","2","68D02","1","","4.0","","1","N","N","","0","","0","0","0","0","0","N","","1","1","0","0","0","0","0","2","0","1","","","N","Y","3","1","","","N","Y","","Y","",""
"2007053562","","3","0","0","0","0","0","0","0","0","1","0","","02","3","2007","5","40.497222","-79.924117","0740","11","0","0","0","0","0","0","1","0","2","0","0","0","","","0","","0","","40 29:50.000","1","0","79 55:26.822","0","0","0","0","2112","0","0","0","N","0","0","0","5","68D02","0","","1.0","","1","N","N","","0","","0","0","1","0","0","N","","4","0","0","0","0","0","0","2","0","4","","","","N","","","","","","","","","",""
"2007053563","","0","0","0","0","0","0","0","0","0","7","0","","02","4","2007","5","40.4684","-79.9768","0841","11","0","0","0","0","0","0","0","0","","0","0","0","","","2","","0","","40 28:06.240","","0","79 58:36.480","3","0","0","0","2112","0","0","0","N","0","0","0","2","68D02","0","","4.0","","2","N","N","","0","","2","0","1","0","0","","","1","2","2","0","0","0","0","2","0","1","","","","N","","","","","","","","","",""
"2007053564","","1","0","0","0","0","0","0","0","0","4","0","","02","5","2007","1","40.458439","-79.936898","1542","11","0","0","0","0","0","0","0","0","","0","0","0","","","0","","0","","40 27:30.380","","0","79 56:12.832","9","0","0","0","2301","0","0","0","N","0","0","0","1","02301","0","","1.0","","98","N","N","","0","","0","0","0","0","0","","","2","0","0","0","0","0","1","2","0","2","","","","N","","","","","","","","","",""
"2007053565","","3","0","0","0","0","0","0","0","0","1","0","","02","5","2007","5","","","0125","11","0","0","0","0","0","0","0","0","","0","0","0","","","0","","0","","","","0","","9","0","0","0","2301","0","0","0","N","0","0","0","1","02301","0","","2.0","","1","N","N","","0","","0","0","0","0","0","","","4","0","0","0","0","0","1","1","1","4","","","","N","","","","","","","","","",""
"2007053566","","2","0","0","0","0","0","0","0","0","4","0","","02","5","2007","5","40.455","-79.890397","1632","11","0","0","0","0","0","0","1","0","","0","0","0","","","0","","1","","40 27:18.000","","0","79 53:25.430","0","0","0","0","2301","0","0","0","N","0","0","0","2","02301","0","","1.0","","1","N","N","","0","","0","0","0","3","2","","","2","0","0","0","0","0","0","2","0","2","","","","N","","","","","","","","","",""
"2007053567","","2","0","0","0","0","0","0","0","0","4","0","","02","5","2007","7","40.460798","-79.948329","0856","11","0","0","0","0","0","0","0","0","","0","0","0","","","0","","2","","40 27:38.872","","0","79 56:53.984","0","0","0","0","2301","0","0","0","N","0","0","0","3","02301","0","","1.0","","1","N","N","","0","","0","0","0","3","3","","","2","0","0","0","0","0","0","2","0","2","","","","N","","","","","","","","","",""
"2007053568","","2","0","0","0","0","0","0","0","0","4","0","","02","5","2007","7","40.456627","-79.901855","2204","11","0","0","0","0","0","0","0","0","","0","0","0","","","0","","1","","40 27:23.857","","0","79 54:06.678","9","0","0","0","2301","0","0","0","N","0","0","0","2","02301","0","","1.0","","1","N","N","","0","","0","0","0","3","3","","","2","0","0","0","0","0","1","2","0","2","","","","N","","","","","","","","","",""
"2007053569","","2","0","0","0","0","0","0","0","0","4","0","","02","5","2007","4","40.457222","-79.937133","0747","11","0","0","0","0","0","1","0","0","","0","0","0","","","1","","1","","40 27:26.000","","0","79 56:13.678","4","0","0","0","2301","0","0","0","N","0","0","0","2","02301","1","","1.0","","1","N","N","","0","","0","0","0","3","2","","","2","1","0","0","0","0","0","2","0","2","","","","N","","","","","","","","","",""
"2007053570","","2","0","0","0","0","0","0","0","0","4","0","","02","5","2007","5","40.455546","-79.879422","1215","11","0","0","0","0","0","0","0","0","","0","0","0","","","2","","0","","40 27:19.967","","0","79 52:45.919","8","0","0","0","2301","0","0","0","N","0","0","0","2","02301","0","","1.0","","1","N","N","","0","","0","0","0","0","0","","","2","2","0","0","0","2","0","2","0","2","","","","N","","","","","","","","","",""
"2007053571","","2","0","0","0","0","0","0","0","0","4","0","","02","5","2007","4","40.4575","-79.935974","1646","11","0","0","0","0","0","0","0","0","","0","0","0","","","2","","0","","40 27:27.000","","0","79 56:09.506","3","0","0","0","2301","0","0","0","N","0","0","0","4","02301","0","","1.0","","1","N","N","","0","","2","0","0","0","0","","","2","2","0","0","0","0","2","2","0","2","","","","N","","","","","","","","","",""
"2007053572","","2","0","0","0","0","0","0","0","0","4","0","","02","5","2007","1","40.456667","-79.93924","1658","11","0","0","0","0","0","0","0","0","","0","0","0","","","0","","1","","40 27:24.000","","0","79 56:21.264","0","0","0","0","2301","0","0","0","N","0","0","0","3","02301","0","","1.0","","1","N","N","","0","","0","0","0","3","2","","","2","0","0","0","0","0","0","2","0","2","","","","N","","","","","","","","","",""
"2007053584","","2","0","0","0","0","0","0","0","0","4","0","","02","4","2007","5","40.376411","-80.037862","0934","11","0","0","0","0","0","0","0","1","","0","0","0","","","2","","2","","40 22:35.080","","0","80 02:16.303","4","0","0","0","2109","0","0","0","N","0","0","0","3","02109","2","","1.0","","1","N","N","","1","","0","0","0","3","3","","","3","2","0","0","0","0","0","2","0","3","","","","N","","","","","","","","","",""
"2007053585","","1","0","0","0","0","0","0","0","0","7","0","","02","4","2007","6","40.386667","-80.043741","0225","11","0","0","0","0","1","0","0","0","","0","0","0","","","0","","2","","40 23:12.000","","0","80 02:37.469","0","0","0","0","2109","0","0","0","N","0","0","0","1","02109","0","","4.0","","9","N","N","","0","","0","0","0","3","2","","","1","0","0","0","0","0","0","2","0","1","","","","N","","","","","","","","","",""
"2007053586","","1","0","0","0","0","0","0","0","0","7","0","","02","4","2007","6","40.375306","-80.056623","0527","11","0","0","0","0","0","0","0","0","","0","0","0","","","0","","0","","40 22:31.103","","0","80 03:23.841","0","0","0","0","2109","0","0","0","N","0","0","0","1","02109","0","","6.0","","9","N","N","","0","","0","0","0","0","0","","","1","0","0","0","0","0","0","2","0","1","","","","N","","","","","","","","","",""