"CRN","ARRIVAL_TM","AUTOMOBILE_COUNT","BELTED_DEATH_COUNT","BELTED_SUSP_SERIOUS_INJ_COUNT","BICYCLE_COUNT","BICYCLE_DEATH_COUNT","BICYCLE_SUSP_SERIOUS_INJ_COUNT","BUS_COUNT","CHLDPAS_DEATH_COUNT","CHLDPAS_SUSP_SERIOUS_INJ_COUNT","COLLISION_TYPE","COMM_VEH_COUNT","CONS_ZONE_SPD_LIM","COUNTY","CRASH_MONTH","CRASH_YEAR","DAY_OF_WEEK","DEC_LATITUDE","DEC_LONGITUDE","DISPATCH_TM","DISTRICT","DRIVER_COUNT_16YR","DRIVER_COUNT_17YR","DRIVER_COUNT_18YR","DRIVER_COUNT_19YR","DRIVER_COUNT_20YR","DRIVER_COUNT_50_64YR","DRIVER_COUNT_65_74YR","DRIVER_COUNT_75PLUS","EST_HRS_CLOSED","FATAL_COUNT","HEAVY_TRUCK_COUNT","HORSE_BUGGY_COUNT","HOUR_OF_DAY","ILLUMINATION","INJURY_COUNT","INTERSECTION_RELATED","INTERSECT_TYPE","LANE_CLOSED","LATITUDE","LN_CLOSE_DIR","LOCATION_TYPE","LONGITUDE","MAX_SEVERITY_LEVEL","MCYCLE_DEATH_COUNT","MCYCLE_SUSP_SERIOUS_INJ_COUNT","MOTORCYCLE_COUNT","MUNICIPALITY","NONMOTR_COUNT","NONMOTR_DEATH_COUNT","NONMOTR_SUSP_SERIOUS_INJ_COUNT","NTFY_HIWY_MAINT","PED_COUNT","PED_DEATH_COUNT","PED_SUSP_SERIOUS_INJ_COUNT","PERSON_COUNT","POLICE_AGCY","POSSIBLE_INJ_COUNT","RDWY_SURF_TYPE_CD","RELATION_TO_ROAD","ROADWAY_CLEARED","ROAD_CONDITION","SCH_BUS_IND","SCH_ZONE_IND","SECONDARY_CRASH","SMALL_TRUCK_COUNT","SPEC_JURIS_CD","SUSP_MINOR_INJ_COUNT","SUSP_SERIOUS_INJ_COUNT","SUV_COUNT","TCD_FUNC_CD","TCD_TYPE","TFC_DETOUR_IND","TIME_OF_DAY","TOTAL_UNITS","TOT_INJ_COUNT","UNBELTED_OCC_COUNT","UNB_DEATH_COUNT","UNB_SUSP_SERIOUS_INJ_COUNT","UNK_INJ_DEG_COUNT","UNK_INJ_PER_COUNT","URBAN_RURAL","VAN_COUNT","VEHICLE_COUNT","WEATHER1","WEATHER2","WORKERS_PRES","WORK_ZONE_IND","WORK_ZONE_LOC","WORK_ZONE_TYPE","WZ_CLOSE_DETOUR","WZ_FLAGGER","WZ_LAW_OFFCR_IND","WZ_LN_CLOSURE","WZ_MOVING","WZ_OTHER","WZ_SHLDER_MDN","WZ_WORKERS_INJ_KILLED"
"2007055097","","1","0","0","0","0","0","0","0","0","2","0","","02","5","2007","4","40.452778","-79.825783","1305","11","0","0","0","0","0","1","1","0","","0","0","0","","","2","","0","","40 27:10.000","","0","79 49:32.820","8","0","0","0","2113","0","0","0","N","0","0","0","2","02113","0","","1.0","","1","N","N","","0","","0","0","1","0","0","","","2","2","0","0","0","2","0","2","0","2","","","","N","","","","","","","","","",""
"2007055098","","1","0","0","0","0","0","0","0","0","7","0","","02","5","2007","6","40.504371","-79.832767","0010","11","0","0","1","0","0","0","0","0","2","0","0","0","","","1","","0","","40 30:15.735","5","0","79 49:57.961","4","0","0","0","2113","0","0","0","N","0","0","0","1","02113","1","","5.0","","1","N","N","","0","","0","0","0","0","0","Y","","1","1","1","0","0","0","0","2","0","1","","","","N","","","","","","","","","",""
"2007055099","","1","0","0","0","0","0","0","0","0","7","0","","02","5","2007","6","40.452778","-79.826029","2205","11","0","0","0","0","0","0","0","0","1","0","0","0","","","0","","2","","40 27:10.000","3","0","79 49:33.704","0","0","0","0","2113","0","0","0","N","0","0","0","1","02113","0","","5.0","","1","N","N","","0","","0","0","0","2","3","N","","1","0","0","0","0","0","0","2","0","1","","","","N","","","","","","","","","",""
"2007055100","","2","0","0","0","0","0","0","0","0","4","0","","02","5","2007","2","40.4838","-79.8145","1702","11","0","1","0","0","0","1","0","0","","0","0","0","","","0","","0","","40 29:01.680","","7","79 48:52.200","0","0","0","0","2113","0","0","0","N","0","0","0","2","02113","0","","1.0","","1","N","N","","0","","0","0","0","0","0","","","3","0","0","0","0","0","0","2","0","2","","","","N","","","","","","","","","",""
"2007055101","","0","0","0","0","0","0","0","0","0","7","0","","02","4","2007","1","40.481389","-79.806221","0144","11","0","0","0","0","0","0","0","0","","0","0","0","","","1","","0","","40 28:53.000","","0","79 48:22.396","3","0","0","0","2113","0","0","0","N","0","0","0","1","02113","0","","2.0","","1","N","N","","1","","1","0","0","0","0","","","1","1","0","0","0","0","0","2","0","1","","","","N","","","","","","","","","",""
"2007055120","","2","0","0","0","0","0","0","0","0","0","0","","02","5","2007","7","40.466667","-79.83745","1317","11","0","0","0","0","0","0","0","1","","0","0","0","","","1","","2","","40 28:00.000","","0","79 50:14.819","8","0","0","0","2113","0","0","0","N","0","0","0","3","02113","0","","1.0","","1","N","N","","0","","0","0","0","0","0","","","2","1","0","0","0","1","0","2","0","2","","","","N","","","","","","","","","",""
"2007055206","","2","0","0","0","0","0","0","0","0","1","0","","02","2","2007","6","","","1502","11","0","0","0","0","0","0","0","0","","0","0","0","","","1","","0","","40 25:37.56","","0","79 53:28.68","4","0","0","0","2431","0","0","0","N","0","0","0","4","68B03","1","","1.0","","1","N","N","","1","","0","0","1","0","0","","","4","1","0","0","0","0","0","2","0","4","","","","N","","","","","","","","","",""
"2007055207","","1","0","0","0","0","0","0","0","0","7","0","","02","4","2007","3","","","1734","11","0","0","0","0","0","0","0","0","","0","0","0","","","0","","7","","40 28:11.64","","2","80 12:26.28","0","0","0","0","2203","0","0","0","Y","0","0","0","1","68B03","0","","7.0","","1","N","N","","0","","0","0","0","0","0","","","1","0","0","0","0","0","0","2","0","1","","","","N","","","","","","","","","",""
"2007055208","","0","0","0","0","0","0","0","0","0","0","1","","02","3","2007","3","40.493056","-80.126627","1941","11","0","0","0","0","0","0","0","0","","0","1","0","","","0","","0","","40 29:35.000","","0","80 07:35.856","0","0","0","0","2115","0","0","0","N","0","0","0","1","68B03","0","","1.0","","1","N","N","","0","","0","0","0","0","0","","","1","0","0","0","0","0","0","2","0","1","","","","N","","","","","","","","","",""
"2007055209","","1","0","0","0","0","0","0","0","0","7","0","","02","4","2007","1","40.4718","-80.0042","2322","11","0","0","0","0","0","0","0","0","","0","0","0","","","0","","0","","40 28:18.480","","2","80 00:15.120","0","0","0","0","2301","0","0","0","N","0","0","0","1","68B03","0","","5.0","","1","N","N","","0","","0","0","0","0","0","","","1","0","0","0","0","0","0","2","0","1","","","","N","","","","","","","","","",""
"2007055210","","2","0","0","0","0","0","0","0","0","4","0","","02","4","2007","3","","","0818","11","0","0","0","0","0","0","0","0","","0","0","0","","","1","","0","","40 25:45.84","","0","79 57:23.40","4","0","0","0","2301","0","0","0","N","0","0","0","3","68B03","1","","1.0","","1","N","N","","0","","0","0","0","0","0","","","2","1","0","0","0","0","0","2","0","2","","","","N","","","","","","","","","",""
"2007055211","","1","0","0","0","0","0","0","0","0","8","0","","02","5","2007","2","40.464294","-79.910108","2017","11","0","0","0","0","0","0","0","0","","0","0","0","","","1","","2","","40 27:51.458","","0","79 54:36.388","3","0","0","0","2301","1","0","0","N","1","0","0","2","02301","0","","1.0","","1","N","N","","0","","1","0","0","0","0","","","2","1","0","0","0","0","0","2","0","1","","","","N","","","","","","","","","",""
"2007055212","","1","0","0","0","0","0","0","0","0","7","0","","02","5","2007","3","40.466581","-79.911182","1113","11","0","0","0","0","0","0","0","0","","0","0","0","","","1","","0","","40 27:59.691","","0","79 54:40.255","2","0","0","0","2301","0","0","0","N","0","0","0","1","02301","0","","5.0","","1","N","N","","0","","0","1","0","3","3","","","1","1","0","0","0","0","0","2","0","1","","","","N","","","","","","","","","",""
"2007055213","","4","0","0","0","0","0","0","0","0","4","0","","02","5","2007","7","40.458056","-79.875912","1537","11","0","0","0","0","0","0","0","0","2","0","0","0","","","1","","2","","40 27:29.000","1","0","79 52:33.283","8","0","0","0","2301","0","0","0","N","0","0","0","5","02301","0","","1.0","","1","N","N","","0","","0","0","0","0","0","N","","4","1","4","0","0","1","0","2","0","4","","","","N","","","","","","","","","",""
"2007055249","","2","0","0","0","0","0","0","0","0","4","0","","02","5","2007","4","40.464304","-79.936669","1840","11","0","0","0","0","0","1","0","0","1","0","0","0","","","0","","2","","40 27:51.494","2","0","79 56:12.008","0","0","0","0","2301","0","0","0","N","0","0","0","2","02301","0","","1.0","","1","N","N","","0","","0","0","0","3","3","Y","","2","0","0","0","0","0","0","2","0","2","","","","N","","","","","","","","","",""
"2007055250","","0","0","0","0","0","0","0","0","0","1","0","","02","5","2007","5","40.462661","-79.967202","1109","11","0","0","0","0","0","0","0","0","","0","0","0","","","0","","1","","40 27:45.580","","0","79 58:01.926","0","0","0","0","2301","0","0","0","N","0","0","0","2","02301","0","","1.0","","1","N","N","","0","","0","0","1","3","2","","","2","0","0","0","0","0","0","2","1","2","","","","N","","","","","","","","","",""
"2007055251","","1","0","0","0","0","0","0","0","0","8","0","","02","5","2007","2","40.441021","-79.98601","1510","11","0","0","0","0","0","1","0","0","1","0","0","0","","","1","","1","","40 26:27.675","5","0","79 59:09.636","8","0","0","0","2301","1","0","0","N","1","0","0","2","02301","0","","1.0","","1","Y","N","","0","","0","0","0","3","2","N","","2","1","0","0","0","1","0","2","0","1","","","","N","","","","","","","","","",""
"2007055252","","1","0","0","0","0","0","0","0","0","2","0","","02","5","2007","6","40.432727","-79.989218","1812","11","0","0","0","0","0","0","0","1","2","0","0","0","","","3","","0","","40 25:57.817","5","3","79 59:21.184","3","0","0","0","2301","0","0","0","N","0","0","0","3","02301","0","","1.0","","1","N","N","","1","","3","0","0","0","0","Y","","2","3","0","0","0","0","0","2","0","2","","","","N","","","","","","","","","",""
"2007055253","","3","0","0","0","0","0","0","0","0","1","0","","02","5","2007","4","40.4302","-79.9985","0725","11","0","0","0","0","0","0","0","0","","0","0","0","","","1","","0","","40 25:48.720","","3","79 59:54.600","8","0","0","0","2301","0","0","0","N","0","0","0","5","02301","0","","1.0","","1","N","N","","0","","0","0","1","0","0","","","4","1","2","0","0","1","0","2","0","4","","","","N","","","","","","","","","",""
"2007055254","","2","0","0","0","0","0","0","0","0","7","0","","02","5","2007","6","40.460171","-79.96935","0900","11","0","0","0","0","0","0","0","0","","0","0","0","","","0","","0","","40 27:36.614","","0","79 58:09.661","0","0","0","0","2301","0","0","0","N","0","0","0","2","02301","0","","2.0","","1","N","N","","0","","0","0","0","0","0","","","2","0","1","0","0","0","0","2","0","2","","","","N","","","","","","","","","",""
"2007055255","","1","0","0","0","0","0","0","0","0","4","0","","02","5","2007","1","40.438485","-79.972852","0851","11","0","0","0","0","0","0","0","0","","0","0","0","","","1","","0","","40 26:18.547","","0","79 58:22.267","8","0","0","0","2301","0","0","0","N","0","0","0","3","02301","0","","1.0","","1","N","N","","0","","0","0","1","0","0","","","2","1","0","0","0","1","1","2","0","2","","","","N","","","","","","","","","",""
"2007055256","","1","0","0","0","0","0","0","0","0","8","0","","02","5","2007","4","40.438761","-79.997342","1427","11","0","0","0","0","0","0","0","0","","0","0","0","","","1","","1","","40 26:19.539","","0","79 59:50.431","3","0","0","0","2301","1","0","0","N","1","0","0","3","02301","0","","1.0","","1","N","N","","0","","1","0","0","3","2","","","2","1","0","0","0","0","0","2","0","1","","","","N","","","","","","","","","",""
"2007055269","","2","0","0","0","0","0","0","0","0","4","0","","02","5","2007","5","40.438493","-79.774504","1218","11","0","0","0","0","0","2","0","0","1","0","0","0","","","1","","0","","40 26:18.574","5","0","79 46:28.214","3","0","0","0","2446","0","0","0","N","0","0","0","6","02446","0","","1.0","","1","N","N","","0","","1","0","0","0","0","Y","","2","1","3","0","0","0","0","2","0","2","","","","N","","","","","","","","","",""
"2007055270","","1","0","0","0","0","0","0","0","0","7","0","","02","5","2007","5","40.394722","-79.796529","1025","11","0","0","0","0","0","0","0","0","2","0","0","0","","","1","","2","","40 23:41.000","6","0","79 47:47.505","2","0","0","0","2446","0","0","0","N","0","0","0","1","02446","0","","2.0","","1","N","N","","0","","0","1","0","3","3","Y","","1","1","1","0","1","0","0","2","0","1","","","","N","","","","","","","","","",""
"2007055289","","1","0","0","0","0","0","0","0","0","1","0","","02","5","2007","6","40.401314","-79.76016","1444","11","0","1","0","0","0","0","0","0","","0","0","0","","","1","","2","","40 24:04.730","","0","79 45:36.576","8","0","0","0","2446","0","0","0","N","0","0","0","2","02446","0","","1.0","","1","N","N","","1","","0","0","0","0","0","","","2","1","0","0","0","1","0","2","0","2","","","","N","","","","","","","","","",""
"2007055296","","2","0","0","0","0","0","0","0","0","1","0","","02","5","2007","6","40.480028","-80.085932","1652","11","0","0","0","0","0","0","1","1","","0","0","0","","","0","","0","","40 28:48.099","","0","80 05:09.356","0","0","0","0","2126","0","0","0","N","0","0","0","3","02126","0","","1.0","","1","N","N","","0","","0","0","1","0","0","","","3","0","0","0","0","0","0","2","0","3","","","","N","","","","","","","","","",""
"2007055297","","1","0","0","0","0","0","0","0","0","1","0","","02","5","2007","4","40.507698","-80.223283","0821","11","0","0","0","0","0","0","1","0","2","0","0","0","","","1","","0","","40 30:27.713","2","0","80 13:23.819","4","0","0","0","2213","0","0","0","N","0","0","0","2","02213","1","","1.0","","1","N","N","","0","","0","0","1","0","0","N","","2","1","0","0","0","0","0","2","0","2","","","","N","","","","","","","","","",""
"2007055298","","1","0","0","0","0","0","0","0","0","1","0","","02","5","2007","3","40.503611","-80.222364","1330","11","0","0","0","0","0","0","0","1","1","0","0","0","","","0","","1","","40 30:13.000","2","0","80 13:20.512","0","0","0","0","2213","0","0","0","N","0","0","0","4","02213","0","","1.0","","1","N","N","","1","","0","0","0","3","2","N","","2","0","1","0","0","0","0","2","0","2","","","","N","","","","","","","","","",""
"2007055369","","2","0","0","0","0","0","0","0","0","1","0","","02","5","2007","6","40.401944","-80.000624","2218","11","0","0","0","0","0","0","0","0","","0","0","0","","","1","","1","","40 24:07.000","","0","80 00:02.245","3","0","0","1","2301","0","0","0","N","0","0","0","3","02301","0","","1.0","","1","N","N","","0","","1","0","0","3","2","","","3","1","0","0","0","0","1","2","0","3","","","","N","","","","","","","","","",""
"2007055385","","1","0","0","0","0","0","0","0","0","1","1","45","02","4","2007","3","40.556667","-79.807552","2300","11","0","0","0","0","0","1","0","0","","0","1","0","","","0","","0","","40 33:24.000","","0","79 48:27.186","0","0","0","0","2121","0","0","0","N","0","0","0","2","68D02","0","","1.0","","1","N","N","","0","","0","0","0","0","0","","","2","0","0","0","0","0","0","2","0","2","","","Y","Y","8","1","","","Y","Y","Y","","Y",""
"2007055407","","2","0","0","0","0","0","0","0","0","5","0","","02","4","2007","2","","","0910","11","0","0","0","0","0","0","0","0","","0","0","0","","","0","","0","","40 25:53.76","","0","80 01:28.92","9","0","0","0","2301","0","0","0","N","0","0","0","3","68B03","0","","1.0","","1","N","N","","0","","0","0","0","0","0","","","2","0","0","0","0","0","2","2","0","2","","","","N","","","","","","","","","",""
"2007055423","","2","0","0","0","0","0","0","0","0","4","0","","02","5","2007","7","40.4279","-80.0537","2203","11","0","0","0","0","0","0","0","0","","0","0","0","","","0","","2","","40 25:40.440","","0","80 03:13.320","9","0","0","0","2437","0","0","0","N","0","0","0","2","02437","0","","1.0","","1","N","N","","0","","0","0","0","3","2","","","2","0","0","0","0","0","2","2","0","2","","","","N","","","","","","","","","",""
"2007055427","","1","0","0","0","0","0","1","0","0","4","1","","02","5","2007","6","40.658889","-79.974514","1532","11","0","0","0","1","0","0","1","0","","0","0","0","","","2","","1","","40 39:32.000","","0","79 58:28.250","3","0","0","0","2217","0","0","0","N","0","0","0","43","02505","1","","1.0","","1","Y","N","","0","","1","0","0","3","3","","","2","2","0","0","0","0","0","1","0","2","","","","N","","","","","","","","","",""
"2007055435","","3","0","0","0","0","0","0","0","0","1","0","","02","5","2007","5","","","1759","11","0","0","0","0","0","1","0","0","","0","0","0","","","2","","0","","","","0","","8","0","0","0","2301","0","0","0","N","0","0","0","5","02301","0","","1.0","","1","N","N","","0","","0","0","2","0","0","","","5","2","0","0","0","2","0","1","0","5","","","","N","","","","","","","","","",""
"2007055436","","1","0","0","0","0","0","0","0","0","8","0","","02","5","2007","3","40.466179","-80.020086","1510","11","0","0","0","0","0","0","0","0","1","0","0","0","","","1","","0","","40 27:58.244","7","0","80 01:12.309","3","0","0","0","2301","1","0","0","N","1","0","0","2","02301","0","","1.0","","1","N","N","","0","","1","0","0","0","0","N","","2","1","0","0","0","0","0","2","0","1","","","","N","","","","","","","","","",""
"2007055437","","1","0","0","0","0","0","0","0","0","2","0","","02","5","2007","6","40.465928","-79.949505","0024","11","0","0","0","0","0","0","0","0","1","0","0","0","","","1","","2","","40 27:57.340","6","0","79 56:58.218","4","0","0","0","2301","0","0","0","N","0","0","0","2","02301","1","","1.0","","1","N","N","","0","","0","0","1","0","0","Y","","2","1","0","0","0","0","1","2","0","2","","","","N","","","","","","","","","",""
"2007055439","","1","0","0","1","0","0","0","0","0","8","0","","02","5","2007","3","40.451528","-79.960936","2050","11","0","0","0","0","0","1","0","0","","0","0","0","","","1","","1","","40 27:05.500","","0","79 57:39.369","8","0","0","0","2301","1","0","0","N","0","0","0","2","02301","0","","1.0","","1","N","N","","0","","0","0","0","3","3","","","2","1","0","0","0","1","0","2","0","1","","","","N","","","","","","","","","",""
"2007055453","","1","0","0","0","0","0","0","0","0","7","0","","02","4","2007","4","40.545","-79.8238","1705","11","0","0","0","0","0","0","0","0","1","0","0","0","","","0","","6","","40 32:42.000","3","2","79 49:25.680","0","0","0","0","2208","0","0","0","N","0","0","0","1","68T02","0","","3.0","","1","N","N","","0","","0","0","0","0","0","N","","2","0","0","0","0","0","0","2","0","1","","","","N","","","","","","","","","",""
"2007055597","","2","0","0","0","0","0","0","0","0","4","0","","02","5","2007","5","40.455278","-79.9109","0715","11","0","0","0","0","0","0","0","0","1","0","0","0","","","2","","0","","40 27:19.000","4","7","79 54:39.241","8","0","0","0","2301","0","0","0","N","0","0","0","2","02301","0","","1.0","","1","N","N","","0","","0","0","0","0","0","N","","2","2","0","0","0","2","0","2","0","2","","","","N","","","","","","","","","",""
"2007055598","","2","0","0","0","0","0","0","0","0","4","0","","02","5","2007","2","40.438333","-79.961137","1850","11","0","0","0","0","0","1","0","0","","0","0","0","","","0","","2","","40 26:18.000","","0","79 57:40.094","0","0","0","0","2301","0","0","0","N","0","0","0","2","02301","0","","1.0","","1","N","N","","0","","0","0","0","2","2","","","2","0","0","0","0","0","0","2","0","2","","","","N","","","","","","","","","",""
"2007055599","","2","0","0","0","0","0","0","0","0","4","0","","02","5","2007","3","40.369722","-79.913149","1651","11","0","0","0","0","0","0","0","0","","0","0","0","","","1","","2","","40 22:11.000","","0","79 54:47.336","8","0","0","0","2301","0","0","0","N","0","0","0","2","02301","0","","1.0","","1","N","N","","0","","0","0","0","3","2","","","2","1","0","0","0","1","0","2","0","2","","","","N","","","","","","","","","",""
"2007055600","","1","0","0","0","0","0","0","0","0","1","0","","02","5","2007","4","40.3905","-79.9344","1629","11","0","0","0","0","0","0","0","0","2","0","0","0","","","2","","7","","40 23:25.800","2","2","79 56:03.840","8","0","0","0","2301","0","0","0","N","0","0","0","3","02301","0","","1.0","","1","N","N","","1","","0","0","0","0","0","N","","2","2","0","0","0","2","0","2","0","2","","","","N","","","","","","","","","",""
"2007055602","","2","0","0","0","0","0","0","0","0","1","0","","02","5","2007","5","40.439755","-79.923935","1134","11","0","0","0","0","0","0","0","0","2","0","0","0","","","0","","0","","40 26:23.118","1","0","79 55:26.166","0","0","0","0","2301","0","0","0","N","0","0","0","1","03201","0","","1.0","","1","N","N","","0","","0","0","1","0","0","N","","3","0","1","0","0","0","0","2","0","3","","","","N","","","","","","","","","",""
"2007055603","","2","0","0","0","0","0","0","0","0","7","0","","02","5","2007","4","40.394878","-80.015346","1319","11","0","0","0","0","0","0","0","0","","0","0","0","","","1","","2","","40 23:41.561","","0","80 00:55.244","8","0","0","0","2301","0","0","0","N","0","0","0","2","02301","0","","5.0","","1","N","N","","0","","0","0","0","0","0","","","2","1","0","0","0","1","0","2","0","2","","","","N","","","","","","","","","",""
"2007055604","","2","0","0","0","0","0","0","0","0","1","0","","02","5","2007","5","40.394878","-80.021564","0915","11","0","0","0","1","0","0","0","0","","0","0","0","","","0","","1","","40 23:41.560","","0","80 01:17.630","0","0","0","0","2301","0","0","0","N","0","0","0","2","02301","0","","1.0","","1","N","N","","0","","0","0","0","3","2","","","2","0","0","0","0","0","0","2","0","2","","","","N","","","","","","","","","",""
"2007055606","","4","0","0","0","0","0","0","0","0","4","0","","02","5","2007","3","40.45551","-80.009756","0638","11","0","0","0","0","0","0","0","0","","0","0","0","","","0","","1","","40 27:19.836","","0","80 00:35.121","0","0","0","0","2301","0","0","0","N","0","0","0","2","02301","0","","1.0","","1","N","N","","0","","0","0","0","3","3","","","4","0","0","0","0","0","0","2","0","4","","","","N","","","","","","","","","",""
"2007055628","","3","0","0","0","0","0","0","0","0","1","0","","02","5","2007","6","40.4389","-79.7605","0611","11","0","0","0","0","0","0","0","0","2","0","0","0","","","1","","1","","40 26:20.040","2","0","79 45:37.800","8","0","0","0","2446","0","0","0","N","0","0","0","3","02446","0","","1.0","","1","N","N","","0","","0","0","0","3","2","N","","3","1","0","0","0","1","0","2","0","3","","","","N","","","","","","","","","",""
"2007055629","","2","0","0","0","0","0","0","0","0","5","0","","02","5","2007","4","40.4649","-80.0591","1152","11","0","0","0","0","0","0","1","0","2","0","0","0","","","1","","2","","40 27:53.640","6","0","80 03:32.760","8","0","0","0","2444","0","0","0","N","0","0","0","4","02444","0","","1.0","","1","N","N","","0","","0","0","0","0","0","N","","2","1","0","0","0","1","0","2","0","2","","","","N","","","","","","","","","",""
"2007055651","","1","0","0","0","0","0","0","0","0","1","0","","02","5","2007","5","40.5659","-80.211","1635","11","0","0","1","0","0","0","0","1","","0","0","0","","","0","","2","","40 33:57.240","","0","80 12:39.600","0","0","0","0","2441","0","0","0","N","0","0","0","2","02441","0","","1.0","","1","N","N","","0","","0","0","0","3","8","","","2","0","0","0","0","0","0","2","1","2","","","","N","","","","","","","","","",""
"2007055676","","0","0","0","0","0","0","0","0","0","8","0","","02","5","2007","7","40.567222","-80.012159","2358","11","0","0","0","0","0","0","0","0","","0","0","0","","","1","","1","","40 34:02.000","","0","80 00:43.773","8","0","0","0","2108","1","0","0","N","1","0","0","2","02108","0","","4.0","","1","N","","","0","","0","0","0","0","0","","","2","1","0","0","0","1","1","2","0","1","","","","N","","","","","","","","","",""
"2007055677","","2","0","0","0","0","0","0","0","0","4","0","","02","5","2007","1","40.585556","-80.036054","1214","11","0","0","0","0","0","0","2","0","2","0","0","0","","","0","","1","","40 35:08.000","1","0","80 02:09.796","0","0","0","0","2108","0","0","0","N","0","0","0","4","02108","0","","1.0","","1","N","N","","0","","0","0","0","3","2","N","","2","0","0","0","0","0","0","2","0","2","","","","N","","","","","","","","","",""
"2007055678","","2","0","0","0","0","0","0","0","0","4","0","","02","5","2007","2","40.560278","-80.039461","1733","11","0","0","0","0","0","2","0","0","2","0","0","0","","","0","","2","","40 33:37.000","5","0","80 02:22.061","0","0","0","0","2108","0","0","0","N","0","0","0","2","02108","0","","1.0","","1","N","N","","0","","0","0","0","3","3","N","","2","0","0","0","0","0","0","2","0","2","","","","N","","","","","","","","","",""
"2007055679","","3","0","0","0","0","0","0","0","0","1","0","","02","5","2007","3","40.5775","-80.026705","1618","11","0","0","0","0","0","0","0","0","2","0","0","0","","","2","","0","","40 34:39.000","2","0","80 01:36.137","4","0","0","0","2108","0","0","0","N","0","0","0","5","02108","1","","1.0","","1","N","N","","1","","0","0","0","3","2","N","","4","2","0","0","0","1","0","2","0","4","","","","N","","","","","","","","","",""
"2007055680","","1","0","0","0","0","0","0","0","0","1","0","","02","5","2007","4","40.606389","-80.051667","1544","11","0","0","0","0","0","1","0","0","2","0","0","0","","","1","","0","","40 36:23.000","1","0","80 03:06.000","8","0","0","0","2108","0","0","0","N","0","0","0","2","02108","0","","1.0","","1","N","N","","1","","0","0","0","0","0","N","","2","1","0","0","0","1","0","2","0","2","","","","N","","","","","","","","","",""
"2007055681","","0","0","0","0","0","0","0","0","0","1","0","","02","5","2007","7","40.6","-79.996075","1319","11","0","0","0","0","0","0","1","0","1","0","0","0","","","1","","2","","40 36:00.000","6","0","79 59:45.870","2","0","1","1","2108","0","0","0","N","0","0","0","2","02108","0","","1.0","","1","N","N","","1","","0","1","0","0","0","Y","","2","1","0","0","0","0","0","2","0","2","","","","N","","","","","","","","","",""
"2007055682","","1","0","0","0","0","0","0","0","0","1","0","","02","5","2007","7","40.571944","-80.021711","1603","11","0","0","1","0","0","1","0","0","2","0","0","0","","","1","","0","","40 34:19.000","4","0","80 01:18.160","8","0","0","0","2108","0","0","0","N","0","0","0","4","02108","0","","1.0","","1","N","N","","0","","0","0","1","3","3","N","","2","1","0","0","0","1","0","2","0","2","","","","N","","","","","","","","","",""
"2007055684","","2","0","0","0","0","0","0","0","0","6","0","","02","5","2007","5","40.576038","-80.034984","0807","11","0","0","0","0","0","1","0","0","1","0","0","0","","","0","","0","","40 34:33.735","3","0","80 02:05.944","0","0","0","0","2108","0","0","0","N","0","0","0","3","02108","0","","1.0","","1","N","N","","0","","0","0","0","0","0","N","","2","0","0","0","0","0","0","2","0","2","","","","N","","","","","","","","","",""
"2007055687","","1","0","0","0","0","0","0","0","0","4","0","","02","5","2007","4","40.44161","-80.240672","1853","11","0","0","0","0","1","1","0","0","","0","0","0","","","0","","1","","40 26:29.796","","0","80 14:26.419","0","0","0","0","2214","0","0","0","N","0","0","0","4","02214","0","","1.0","","1","N","N","","0","","0","0","2","3","3","","","3","0","0","0","0","0","0","2","0","3","","","","N","","","","","","","","","",""
"2007055724","","1","0","0","0","0","0","0","0","0","7","0","","02","4","2007","1","40.656111","-79.723529","2300","11","0","0","0","0","0","0","0","0","3","0","0","0","","","2","","0","","40 39:22.000","1","0","79 43:24.704","3","0","0","0","2106","0","0","0","Y","0","0","0","2","68D02","0","","2.0","","1","N","N","","0","","2","0","0","0","0","N","","1","2","2","0","0","0","0","2","0","1","","","","N","","","","","","","","","",""
"2007055725","","3","0","0","0","0","0","0","0","0","1","0","","02","4","2007","3","40.494444","-79.905314","1556","11","0","0","0","0","0","0","0","1","2","0","0","0","","","0","","0","","40 29:40.000","2","0","79 54:19.131","9","0","0","0","2401","0","0","0","N","0","0","0","3","68D02","0","","1.0","","1","N","N","","0","","0","0","0","0","0","N","","3","0","0","0","0","0","1","2","0","3","","","","N","","","","","","","","","",""
"2007055837","","1","0","0","0","0","0","0","0","0","8","0","","02","5","2007","6","40.461653","-79.947953","1444","11","0","0","0","0","0","0","0","0","","0","0","0","","","1","","2","","40 27:41.950","","0","79 56:52.630","4","0","0","0","2301","1","0","0","N","1","0","0","2","02301","1","","5.0","","1","N","N","","0","","0","0","0","3","3","","","2","1","0","0","0","0","0","2","0","1","","","","N","","","","","","","","","",""
"2007055860","","1","0","0","0","0","0","0","0","0","1","0","","02","5","2007","3","40.4359","-79.995204","1645","11","0","0","0","0","0","1","0","0","","0","0","0","","","2","","2","","40 26:09.241","","0","79 59:42.733","3","0","0","0","2301","0","0","0","N","0","0","0","5","02301","0","","1.0","","1","N","N","","0","","2","0","0","0","0","","","2","2","3","0","0","0","0","2","1","2","","","","N","","","","","","","","","",""
"2007055863","","2","0","0","0","0","0","0","0","0","4","0","","02","5","2007","1","40.457912","-79.894892","1129","11","0","0","0","0","0","0","0","0","","0","0","0","","","3","","0","","40 27:28.483","","0","79 53:41.611","3","0","0","0","2301","0","0","0","N","0","0","0","3","02301","0","","6.0","","1","N","N","","0","","3","0","0","0","0","","","2","3","1","0","0","0","0","2","0","2","","","","N","","","","","","","","","",""