"CRN","ARRIVAL_TM","AUTOMOBILE_COUNT","BELTED_DEATH_COUNT","BELTED_SUSP_SERIOUS_INJ_COUNT","BICYCLE_COUNT","BICYCLE_DEATH_COUNT","BICYCLE_SUSP_SERIOUS_INJ_COUNT","BUS_COUNT","CHLDPAS_DEATH_COUNT","CHLDPAS_SUSP_SERIOUS_INJ_COUNT","COLLISION_TYPE","COMM_VEH_COUNT","CONS_ZONE_SPD_LIM","COUNTY","CRASH_MONTH","CRASH_YEAR","DAY_OF_WEEK","DEC_LATITUDE","DEC_LONGITUDE","DISPATCH_TM","DISTRICT","DRIVER_COUNT_16YR","DRIVER_COUNT_17YR","DRIVER_COUNT_18YR","DRIVER_COUNT_19YR","DRIVER_COUNT_20YR","DRIVER_COUNT_50_64YR","DRIVER_COUNT_65_74YR","DRIVER_COUNT_75PLUS","EST_HRS_CLOSED","FATAL_COUNT","HEAVY_TRUCK_COUNT","HORSE_BUGGY_COUNT","HOUR_OF_DAY","ILLUMINATION","INJURY_COUNT","INTERSECTION_RELATED","INTERSECT_TYPE","LANE_CLOSED","LATITUDE","LN_CLOSE_DIR","LOCATION_TYPE","LONGITUDE","MAX_SEVERITY_LEVEL","MCYCLE_DEATH_COUNT","MCYCLE_SUSP_SERIOUS_INJ_COUNT","MOTORCYCLE_COUNT","MUNICIPALITY","NONMOTR_COUNT","NONMOTR_DEATH_COUNT","NONMOTR_SUSP_SERIOUS_INJ_COUNT","NTFY_HIWY_MAINT","PED_COUNT","PED_DEATH_COUNT","PED_SUSP_SERIOUS_INJ_COUNT","PERSON_COUNT","POLICE_AGCY","POSSIBLE_INJ_COUNT","RDWY_SURF_TYPE_CD","RELATION_TO_ROAD","ROADWAY_CLEARED","ROAD_CONDITION","SCH_BUS_IND","SCH_ZONE_IND","SECONDARY_CRASH","SMALL_TRUCK_COUNT","SPEC_JURIS_CD","SUSP_MINOR_INJ_COUNT","SUSP_SERIOUS_INJ_COUNT","SUV_COUNT","TCD_FUNC_CD","TCD_TYPE","TFC_DETOUR_IND","TIME_OF_DAY","TOTAL_UNITS","TOT_INJ_COUNT","UNBELTED_OCC_COUNT","UNB_DEATH_COUNT","UNB_SUSP_SERIOUS_INJ_COUNT","UNK_INJ_DEG_COUNT","UNK_INJ_PER_COUNT","URBAN_RURAL","VAN_COUNT","VEHICLE_COUNT","WEATHER1","WEATHER2","WORKERS_PRES","WORK_ZONE_IND","WORK_ZONE_LOC","WORK_ZONE_TYPE","WZ_CLOSE_DETOUR","WZ_FLAGGER","WZ_LAW_OFFCR_IND","WZ_LN_CLOSURE","WZ_MOVING","WZ_OTHER","WZ_SHLDER_MDN","WZ_WORKERS_INJ_KILLED"
"2007057879","","1","0","0","0","0","0","0","0","0","4","0","","02","5","2007","1","40.460759","-79.915919","1407","11","0","0","0","0","0","0","0","0","2","0","0","0","","","0","","1","","40 27:38.732","2","0","79 54:57.308","9","0","0","0","2301","0","0","0","N","0","0","0","5","02301","0","","1.0","","1","N","N","","0","","0","0","1","3","2","N","","2","0","0","0","0","0","1","2","0","2","","","","N","","","","","","","","","",""
"2007057887","","1","0","0","0","0","0","0","0","0","1","0","","02","5","2007","4","40.455714","-79.966143","1516","11","0","0","0","0","0","0","1","0","1","0","0","0","","","0","","0","","40 27:20.571","1","0","79 57:58.115","9","0","0","0","2301","0","0","0","N","0","0","0","3","02301","0","","1.0","","1","N","N","","1","","0","0","0","3","2","N","","3","0","0","0","0","0","2","2","1","3","","","","N","","","","","","","","","",""
"2007057888","","1","0","0","0","0","0","0","0","0","7","0","","02","5","2007","6","40.477875","-79.9476","0830","11","0","0","0","0","0","0","0","0","1","0","0","0","","","0","","0","","40 28:40.350","1","0","79 56:51.360","0","0","0","0","2301","0","0","0","N","0","0","0","1","02301","0","","4.0","","1","N","N","","0","","0","0","0","0","0","N","","1","0","0","0","0","0","0","2","0","1","","","","N","","","","","","","","","",""
"2007057889","","2","0","0","0","0","0","0","0","0","1","0","","02","5","2007","2","40.44189","-80.001978","1348","11","0","0","0","0","0","0","0","0","","0","0","0","","","1","","0","","40 26:30.803","","0","80 00:07.120","4","0","0","0","2301","0","0","0","N","0","0","0","6","02301","1","","1.0","","1","N","N","","0","","0","0","0","2","2","","","2","1","0","0","0","0","0","2","0","2","","","","N","","","","","","","","","",""
"2007057890","","2","0","0","0","0","0","0","0","0","1","0","","02","5","2007","3","40.444434","-79.995618","1006","11","0","0","0","0","0","0","0","0","","0","0","0","","","1","","1","","40 26:39.963","","0","79 59:44.224","8","0","0","0","2301","0","0","0","","0","0","0","2","02301","0","","1.0","","1","N","N","","0","","0","0","0","0","0","","","2","1","0","0","0","1","0","2","0","2","","","","N","","","","","","","","","",""
"2007057891","","1","0","0","0","0","0","0","0","0","4","0","","02","5","2007","7","40.466162","-79.952248","2250","11","0","0","0","0","0","0","0","0","2","0","0","0","","","4","","2","","40 27:58.183","6","0","79 57:08.092","4","0","0","2","2301","0","0","0","N","0","0","0","5","02301","4","","1.0","","1","N","N","","0","","0","0","0","3","2","N","","3","4","0","0","0","0","0","2","0","3","","","","N","","","","","","","","","",""
"2007057903","","2","0","0","0","0","0","0","0","0","4","0","","02","5","2007","3","","","1314","11","0","0","0","0","0","1","0","0","","0","0","0","","","1","","0","","","","0","","4","0","0","0","2446","0","0","0","N","0","0","0","2","02446","1","","1.0","","1","N","N","","0","","0","0","0","3","2","","","2","1","0","0","0","0","0","1","0","2","","","","N","","","","","","","","","",""
"2007057906","","1","0","0","0","0","0","0","0","0","2","0","","02","5","2007","7","40.433333","-79.742274","1204","11","0","0","0","0","0","1","0","0","2","0","0","0","","","3","","0","","40 26:00.000","6","0","79 44:32.187","8","0","0","1","2446","0","0","0","N","0","0","0","3","02446","0","","1.0","","1","N","N","","0","","0","0","0","0","0","Y","","2","3","0","0","0","3","0","2","0","2","","","","N","","","","","","","","","",""
"2007057910","","0","0","0","0","0","0","0","0","0","1","0","","02","5","2007","5","40.655","-80.086795","1704","11","0","0","0","0","1","0","0","0","","0","0","0","","","1","","1","","40 39:18.000","","0","80 05:12.463","4","0","0","0","2212","0","0","0","N","0","0","0","3","02505","1","","1.0","","1","N","N","","0","","0","0","2","3","2","","","3","1","0","0","0","0","0","2","1","3","","","","N","","","","","","","","","",""
"2007057911","","1","0","0","0","0","0","0","0","0","1","0","","02","5","2007","7","40.3672","-80.105","1146","11","0","0","0","0","0","1","1","0","2","0","0","0","","","1","","0","","40 22:01.920","2","0","80 06:18.000","4","0","0","0","2102","0","0","0","N","0","0","0","4","02102","1","","1.0","","1","N","N","","0","","0","0","1","0","0","N","","2","1","0","0","0","0","0","2","0","2","","","","N","","","","","","","","","",""
"2007057934","","0","0","0","0","0","0","0","0","0","7","0","","02","6","2007","6","40.321944","-79.925998","1450","11","0","0","0","0","0","0","0","0","1","0","0","0","","","0","","2","","40 19:19.000","1","0","79 55:33.594","0","0","0","0","2440","0","0","0","N","0","0","0","1","02440","0","","2.0","","1","N","N","","0","","0","0","1","2","3","N","","1","0","0","0","0","0","0","2","0","1","","","","N","","","","","","","","","",""
"2007057936","","1","0","0","0","0","0","0","0","0","7","0","","02","5","2007","5","40.5125","-79.946414","2234","11","0","0","0","0","0","1","0","0","","0","0","0","","","1","","0","","40 30:45.000","","0","79 56:47.090","4","0","0","0","2118","0","0","0","N","0","0","0","1","02118","1","","5.0","","1","N","N","","0","","0","0","0","0","0","","","1","1","0","0","0","0","0","2","0","1","","","","N","","","","","","","","","",""
"2007057937","","1","0","0","0","0","0","0","0","0","7","0","","02","5","2007","4","40.4092","-79.8974","2158","11","0","0","0","0","0","0","0","0","1","0","0","0","","","0","","0","","40 24:33.120","4","0","79 53:50.640","0","0","0","0","2448","0","0","0","N","0","0","0","1","02448","0","","5.0","","1","N","N","","0","","0","0","0","0","0","N","","1","0","0","0","0","0","0","2","0","1","","","","N","","","","","","","","","",""
"2007058000","","1","0","0","0","0","0","0","0","0","1","0","","02","5","2007","5","40.455804","-80.004579","1908","11","0","0","0","0","0","1","0","0","","0","0","0","","","0","","2","","40 27:20.894","","0","80 00:16.484","0","0","0","0","2301","0","0","0","N","0","0","0","4","02301","0","","1.0","","1","N","N","","0","","0","0","0","3","2","","","2","0","0","0","0","0","0","2","1","2","","","","N","","","","","","","","","",""
"2007058001","","1","0","0","0","0","0","0","0","0","1","0","","02","5","2007","1","40.4669","-79.9782","1247","11","0","0","0","0","0","0","0","0","2","0","0","0","","","1","","0","","40 28:00.840","2","0","79 58:41.520","8","0","0","0","2301","0","0","0","N","0","0","0","5","02301","0","","1.0","","1","N","N","","0","","0","0","0","0","0","N","","2","1","0","0","0","1","0","2","1","2","","","","N","","","","","","","","","",""
"2007058004","","1","0","0","0","0","0","0","0","0","7","0","","02","5","2007","7","","","1737","11","0","0","1","0","0","0","0","0","2","0","0","0","","","1","","0","","","4","0","","4","0","0","0","2301","0","0","0","N","0","0","0","6","02301","1","","5.0","","1","N","N","","0","","0","0","0","0","0","N","","1","1","1","0","0","0","0","1","0","1","","","","N","","","","","","","","","",""
"2007058051","","1","0","0","0","0","0","0","0","0","0","0","","02","5","2007","1","40.488056","-79.852702","1043","11","0","0","0","0","0","1","0","0","","0","0","0","","","2","","0","","40 29:17.000","","0","79 51:09.726","4","0","0","0","2113","0","0","0","N","0","0","0","4","02113","2","","1.0","","1","N","N","","0","","0","0","0","0","0","","","2","2","0","0","0","0","0","2","1","2","","","","N","","","","","","","","","",""
"2007058064","","0","0","0","0","0","0","0","0","0","6","0","","02","6","2007","6","","","1426","11","0","0","0","0","0","0","0","0","","0","0","0","","","0","","1","","40 28:22.44","","0","80 13:20.64","0","0","0","0","2203","0","0","0","N","0","0","0","2","02203","0","","1.0","","1","N","N","","2","","0","0","0","3","2","","","2","0","0","0","0","0","0","2","0","2","","","","N","","","","","","","","","",""
"2007058070","","1","0","0","1","0","0","0","0","0","5","0","","02","5","2007","1","40.489486","-79.90355","1238","11","0","0","0","0","0","1","0","0","","0","0","0","","","1","","2","","40 29:22.151","","0","79 54:12.781","4","0","0","0","2401","1","0","0","N","0","0","0","2","02401","1","","1.0","","1","N","N","","0","","0","0","0","0","0","","","2","1","0","0","0","0","0","2","0","1","","","","N","","","","","","","","","",""
"2007058149","","0","0","0","0","0","0","0","0","0","7","0","","02","6","2007","6","40.567501","-79.983141","0510","11","0","0","0","0","0","0","0","0","","0","0","0","","","1","","0","","40 34:03.004","","0","79 58:59.306","8","0","0","0","2207","0","0","0","N","0","0","0","1","02207","0","","4.0","","1","N","N","","0","","0","0","1","0","0","","","1","1","0","0","0","1","0","2","0","1","","","","N","","","","","","","","","",""
"2007058384","","0","0","0","0","0","0","0","0","0","7","0","","02","5","2007","1","40.376772","-80.138422","1520","11","0","0","1","0","0","0","0","0","","0","0","0","","","1","","0","","40 22:36.379","","0","80 08:18.319","4","0","0","0","2102","0","0","0","N","0","0","0","1","02102","1","","5.0","","1","N","N","","1","","0","0","0","0","0","","","1","1","0","0","0","0","0","2","0","1","","","","N","","","","","","","","","",""
"2007058405","","2","0","0","0","0","0","0","0","0","4","0","","02","5","2007","4","40.388889","-80.081522","1420","11","0","0","0","0","0","0","1","0","","0","0","0","","","1","","2","","40 23:20.000","","0","80 04:53.480","4","0","0","0","2117","0","0","0","N","0","0","0","2","02117","1","","1.0","","1","N","N","","0","","0","0","0","0","0","","","2","1","1","0","0","0","0","2","0","2","","","","N","","","","","","","","","",""
"2007058411","","1","0","0","0","0","0","0","0","0","7","0","","02","6","2007","6","40.557939","-80.134644","0427","11","0","0","0","0","0","0","0","0","","0","0","0","","","0","","0","","40 33:28.580","","0","80 08:04.720","0","0","0","0","2459","0","0","0","N","0","0","0","1","02459","0","","5.0","","1","N","N","","0","","0","0","0","0","0","","","1","0","0","0","0","0","0","1","0","1","","","","N","","","","","","","","","",""
"2007058434","","2","0","0","0","0","0","0","0","0","1","0","","02","5","2007","1","40.439722","-80.077292","2327","11","0","0","0","0","0","0","0","0","","0","0","0","","","0","","0","","40 26:23.000","","0","80 04:38.250","0","0","0","0","2421","0","0","0","N","0","0","0","1","02421","0","","1.0","","1","N","N","","0","","0","0","0","0","0","","","2","0","0","0","0","0","0","2","0","2","","","","N","","","","","","","","","",""
"2007058471","","0","0","0","0","0","0","0","0","0","1","0","","02","6","2007","6","40.549444","-79.914118","1708","11","0","0","0","0","0","2","0","0","","0","0","0","","","0","","0","","40 32:58.000","","0","79 54:50.825","0","0","0","0","2207","0","0","0","N","0","0","0","3","02207","0","","1.0","","1","N","N","","0","","0","0","2","0","0","","","2","0","0","0","0","0","0","2","0","2","","","","N","","","","","","","","","",""
"2007058496","","1","0","0","0","0","0","0","0","0","7","0","","02","6","2007","1","40.498917","-80.066796","2022","11","0","0","0","0","0","0","0","0","1","0","0","0","","","1","","0","","40 29:56.101","5","0","80 04:00.465","4","0","0","0","2402","0","0","0","N","0","0","0","1","02402","1","","5.0","","9","N","N","","0","","0","0","0","0","0","Y","","1","1","1","0","0","0","0","2","0","1","","","","N","","","","","","","","","",""
"2007058497","","1","0","0","0","0","0","0","0","0","0","0","","02","6","2007","1","40.389376","-79.820952","0000","11","0","0","0","0","0","0","0","0","1","0","0","0","","","0","","0","","40 23:21.754","5","0","79 49:15.428","0","0","0","0","2111","0","0","0","N","0","0","0","1","02111","0","","2.0","","1","N","N","","0","","0","0","0","0","0","Y","","1","0","0","0","0","0","0","2","0","1","","","","N","","","","","","","","","",""
"2007058502","","1","0","0","0","0","0","0","0","0","7","0","","02","6","2007","1","40.613333","-79.954922","2356","11","0","0","1","0","0","0","0","0","1","0","0","0","","","0","","2","","40 36:48.000","3","0","79 57:17.720","0","0","0","0","2207","0","0","0","N","0","0","0","3","02207","0","","5.0","","9","N","N","","0","","0","0","0","3","3","N","","1","0","2","0","0","0","0","2","0","1","","","","N","","","","","","","","","",""
"2007058507","","1","0","0","0","0","0","0","0","0","7","0","","02","5","2007","1","","","2306","11","0","0","0","0","1","0","0","0","","0","0","0","","","0","","0","","","","0","","0","0","0","0","2212","0","0","0","N","0","0","0","1","02505","0","","5.0","","9","N","N","","0","","0","0","0","0","0","","","1","0","0","0","0","0","0","1","0","1","","","","N","","","","","","","","","",""
"2007058509","","1","0","0","0","0","0","0","0","0","7","0","","02","6","2007","1","40.385871","-79.967129","0227","11","0","0","0","0","0","0","0","0","","0","0","0","","","0","","1","","40 23:09.136","","0","79 58:01.665","9","0","0","0","2403","0","0","0","N","0","0","0","2","02403","0","","5.0","","1","N","N","","0","","0","0","0","0","0","","","1","0","0","0","0","0","1","2","0","1","","","","N","","","","","","","","","",""
"2007058518","","2","0","0","0","0","0","0","0","0","1","0","","02","6","2007","6","40.340359","-80.073714","2257","11","0","1","1","0","0","0","0","0","","0","0","0","","","1","","0","","40 20:25.292","","0","80 04:25.370","4","0","0","0","2123","0","0","0","N","0","0","0","4","02123","1","","1.0","","1","N","N","","0","","0","0","0","0","0","","","2","1","0","0","0","0","0","2","0","2","","","","N","","","","","","","","","",""
"2007058527","","1","0","0","0","0","0","0","0","0","6","0","","02","6","2007","7","40.314167","-80.068566","1217","11","0","2","0","0","0","0","0","0","1","0","0","0","","","0","","1","","40 18:51.000","1","0","80 04:06.837","0","0","0","0","2123","0","0","0","N","0","0","0","3","02123","0","","1.0","","1","N","N","","0","","0","0","0","3","3","N","","2","0","0","0","0","0","0","2","1","2","","","","N","","","","","","","","","",""
"2007058529","","1","0","0","0","0","0","0","0","0","6","0","","02","6","2007","2","40.53366","-79.715931","0834","11","0","0","0","0","0","0","0","0","","0","0","0","","","1","","0","","40 32:01.176","","0","79 42:57.351","4","0","0","0","2466","0","0","0","N","0","0","0","4","02466","1","","1.0","","1","N","N","","0","","0","0","0","0","0","","","2","1","0","0","0","0","0","1","1","2","","","","N","","","","","","","","","",""
"2007058532","","1","0","0","0","0","0","0","0","0","4","1","","02","6","2007","2","40.531944","-80.175315","0929","11","0","0","0","0","0","0","0","1","2","0","1","0","","","2","","2","","40 31:55.000","1","0","80 10:31.135","8","0","0","0","2452","0","0","0","N","0","0","0","3","02458","0","","1.0","","1","N","N","","0","","0","0","0","3","3","Y","","2","2","0","0","0","2","0","2","0","2","","","","N","","","","","","","","","",""
"2007058540","","1","0","0","0","0","0","0","0","0","7","0","","02","6","2007","1","40.387222","-79.828032","1544","11","0","0","0","0","0","0","0","1","1","0","0","0","","","1","","0","","40 23:14.000","3","0","79 49:40.915","4","0","0","0","2111","0","0","0","Y","0","0","0","1","02111","1","","2.0","","1","N","N","","0","","0","0","0","0","0","N","","1","1","0","0","0","0","0","2","0","1","","","","N","","","","","","","","","",""
"2007058547","","1","0","0","0","0","0","0","0","0","2","0","","02","6","2007","6","40.5401","-80.2375","1719","11","0","0","0","0","0","1","0","0","2","0","0","0","","","2","","0","","40 32:24.360","3","0","80 14:15.000","4","0","0","0","2213","0","0","0","N","0","0","0","2","02213","2","","1.0","","1","N","N","","1","","0","0","0","0","0","Y","","2","2","0","0","0","0","0","2","0","2","","","","N","","","","","","","","","",""
"2007058548","","2","0","0","0","0","0","0","0","0","1","0","","02","5","2007","7","40.342167","-80.016201","1247","11","0","0","0","0","0","0","1","0","","0","0","0","","","0","","1","","40 20:31.801","","0","80 00:58.324","0","0","0","0","2407","0","0","0","N","0","0","0","3","02407","0","","1.0","","1","N","N","","0","","0","0","0","3","2","","","2","0","0","0","0","0","0","2","0","2","","","","N","","","","","","","","","",""
"2007058549","","2","0","0","0","0","0","0","0","0","4","0","","02","5","2007","3","40.322202","-80.056705","0937","11","0","0","0","0","0","1","1","0","1","0","0","0","","","1","","1","","40 19:19.927","4","0","80 03:24.137","4","0","0","0","2407","0","0","0","N","0","0","0","2","02407","1","","1.0","","1","N","N","","0","","0","0","0","3","3","N","","2","1","0","0","0","0","0","2","0","2","","","","N","","","","","","","","","",""
"2007058623","","2","0","0","0","0","0","0","0","0","1","0","","02","6","2007","2","40.438056","-79.830443","1602","11","0","0","0","0","0","0","0","0","","0","0","0","","","1","","1","","40 26:17.000","","0","79 49:49.594","4","0","0","0","2419","0","0","0","N","0","0","0","2","02419","1","","1.0","","1","N","N","","0","","0","0","0","3","2","","","2","1","0","0","0","0","0","2","0","2","","","","N","","","","","","","","","",""
"2007058684","","1","0","0","0","0","0","0","0","0","7","0","","02","6","2007","2","40.315278","-80.106215","1449","11","0","0","0","0","0","0","0","0","1","0","0","0","","","1","","0","","40 18:55.000","4","0","80 06:22.374","4","0","0","0","2123","0","0","0","N","0","0","0","1","02123","1","","4.0","","9","N","N","","0","","0","0","0","0","0","N","","1","1","0","0","0","0","0","2","0","1","","","","N","","","","","","","","","",""
"2007058698","","2","0","0","0","0","0","0","0","0","1","0","","02","6","2007","2","40.327089","-79.957419","1448","11","0","1","1","0","0","0","0","0","2","0","0","0","","","0","","2","","40 19:37.520","1","0","79 57:26.708","0","0","0","0","2454","0","0","0","N","0","0","0","7","02454","0","","1.0","","9","N","N","","1","","0","0","0","3","3","N","","3","0","0","0","0","0","0","2","0","3","","","","N","","","","","","","","","",""
"2007058702","","2","0","0","0","0","0","0","0","0","1","0","","02","5","2007","5","","","0718","11","0","0","0","0","1","0","0","0","","0","0","0","","","0","","0","","","","0","","0","0","0","0","2404","0","0","0","N","0","0","0","1","02404","0","","6.0","","1","N","N","","0","","0","0","0","0","0","","","2","0","0","0","0","0","0","1","0","2","","","","N","","","","","","","","","",""
"2007058707","","3","0","0","0","0","0","0","0","0","1","0","","02","6","2007","3","40.412778","-80.045646","0717","11","0","0","0","0","0","0","0","0","","0","0","0","","","0","","0","","40 24:46.000","","0","80 02:44.327","0","0","0","0","2435","0","0","0","N","0","0","0","3","02435","0","","1.0","","9","N","N","","0","","0","0","0","0","0","","","3","0","0","0","0","0","0","2","0","3","","","","N","","","","","","","","","",""
"2007058719","","2","0","0","0","0","0","0","0","0","4","0","","02","6","2007","3","40.648889","-80.096705","0742","11","0","0","0","0","0","0","0","0","","0","0","0","","","1","","1","","40 38:56.000","","0","80 05:48.138","4","0","0","0","2212","0","0","0","N","0","0","0","2","02505","1","","1.0","","1","N","N","","0","","0","0","0","3","2","","","2","1","0","0","0","0","0","2","0","2","","","","N","","","","","","","","","",""
"2007058728","","1","0","0","0","0","0","0","0","0","4","0","","02","6","2007","2","40.343978","-79.971538","1619","11","0","0","0","0","0","0","0","1","","0","0","0","","","0","","1","","40 20:38.320","","0","79 58:17.536","0","0","0","0","2403","0","0","0","N","0","0","0","2","02403","0","","1.0","","1","N","N","","0","","0","0","1","3","2","","","2","0","0","0","0","0","0","2","0","2","","","","N","","","","","","","","","",""
"2007058732","","1","0","0","0","0","0","0","0","0","1","0","","02","6","2007","2","40.513333","-80.222294","1116","11","0","0","1","0","0","0","0","0","","0","0","0","","","0","","0","","40 30:48.000","","0","80 13:20.259","0","0","0","0","2213","0","0","0","N","0","0","0","4","02213","0","","1.0","","1","N","N","","1","","0","0","0","3","2","","","2","0","0","0","0","0","0","2","0","2","","","","N","","","","","","","","","",""
"2007058733","","1","0","0","0","0","0","0","0","0","4","0","","02","6","2007","6","40.347895","-80.056986","1759","11","0","0","0","0","0","0","0","0","1","0","0","0","","","3","","0","","40 20:52.421","2","0","80 03:25.148","4","0","0","0","2407","0","0","0","N","0","0","0","4","02407","3","","1.0","","1","N","N","","0","","0","0","1","0","0","N","","2","3","0","0","0","0","0","2","0","2","","","","N","","","","","","","","","",""
"2007058734","","1","0","0","0","0","0","0","0","0","1","0","35","02","5","2007","5","40.348333","-80.052293","0131","11","0","0","0","0","0","0","0","0","","0","0","0","","","0","","1","","40 20:54.000","","0","80 03:08.253","0","0","0","0","2407","0","0","0","N","0","0","0","2","02407","0","","1.0","","1","N","N","","1","","0","0","0","3","7","","","2","0","0","0","0","0","0","2","0","2","","","Y","Y","4","1","N","Y","Y","Y","Y","N","N",""
"2007058776","","2","0","0","0","0","0","0","0","0","4","0","","02","6","2007","7","40.430556","-79.792358","1503","11","0","0","0","0","0","0","0","0","2","0","0","0","","","2","","0","","40 25:50.000","2","7","79 47:32.490","8","0","0","0","2446","0","0","0","N","0","0","0","4","02446","0","","1.0","","1","N","N","","0","","0","0","0","0","0","Y","","2","2","0","0","0","2","0","2","0","2","","","","N","","","","","","","","","",""
"2007058788","","1","0","0","0","0","0","0","0","0","4","0","","02","6","2007","3","40.496111","-79.976872","2128","11","0","0","0","0","0","0","0","0","","0","0","0","","","2","","1","","40 29:46.000","","0","79 58:36.740","4","0","0","0","2118","0","0","0","N","0","0","0","3","02118","2","","1.0","","1","N","N","","1","","0","0","0","0","0","","","2","2","1","0","0","0","0","2","0","2","","","","N","","","","","","","","","",""
"2007058789","","1","0","0","0","0","0","0","0","0","4","0","","02","6","2007","1","40.389776","-79.957573","1815","11","0","0","0","0","0","0","0","0","","0","0","0","","","1","","0","","40 23:23.193","","0","79 57:27.262","8","0","0","0","2403","0","0","0","N","0","0","0","2","02403","0","","2.0","","9","N","N","","1","","0","0","0","0","0","","","2","1","0","0","0","1","0","2","0","2","","","","N","","","","","","","","","",""
"2007058809","","0","0","0","0","0","0","0","0","0","99","0","","02","6","2007","4","40.542222","-79.964253","1015","11","0","0","0","0","0","0","0","0","","0","0","0","","","1","","0","","40 32:32.000","","0","79 57:51.310","4","0","0","0","2118","0","0","0","N","0","0","0","2","02118","1","","1.0","","1","N","N","","0","","0","0","1","0","0","","","1","1","0","0","0","0","0","2","0","1","","","","N","","","","","","","","","",""
"2007058821","","1","0","0","0","0","0","0","0","0","4","0","","02","6","2007","3","40.6262","-80.0562","1530","11","0","0","0","0","0","0","0","0","2","0","0","0","","","1","","1","","40 37:34.320","3","0","80 03:22.320","3","0","0","0","2216","0","0","0","N","0","0","0","2","02505","0","","1.0","","9","N","N","","1","","1","0","0","3","3","N","","2","1","0","0","0","0","0","2","0","2","","","","N","","","","","","","","","",""
"2007058822","","0","0","0","0","0","0","0","0","0","0","0","","02","6","2007","7","40.3612","-80.0006","1420","11","0","0","0","0","0","0","0","0","1","0","0","0","","","1","","0","","40 21:40.320","5","0","80 00:02.160","3","0","0","1","2476","0","0","0","N","0","0","0","1","02476","0","","2.0","","3","","N","","0","","1","0","0","0","0","Y","","1","1","0","0","0","0","0","2","0","1","","","","N","","","","","","","","","",""
"2007058825","","1","0","0","0","0","0","0","0","0","4","0","","02","6","2007","7","40.438333","-79.770901","1633","11","0","0","0","1","0","0","0","0","2","0","0","0","","","3","","0","","40 26:18.000","3","0","79 46:15.243","8","0","0","0","2446","0","0","0","N","0","0","0","3","02446","0","","1.0","","1","N","N","","0","","0","0","1","0","0","Y","","2","3","0","0","0","3","0","2","0","2","","","","N","","","","","","","","","",""
"2007058829","","2","0","0","0","0","0","0","0","0","1","0","","02","6","2007","3","40.627222","-80.055448","1714","11","0","0","0","0","0","0","1","0","","0","0","0","","","1","","0","","40 37:38.000","","0","80 03:19.613","4","0","0","0","2216","0","0","0","N","0","0","0","4","02505","1","","1.0","","1","N","N","","0","","0","0","0","3","2","","","2","1","0","0","0","0","0","2","0","2","","","","N","","","","","","","","","",""
"2007058833","","1","0","0","0","0","0","0","0","0","1","0","90","02","6","2007","3","40.641944","-79.938393","1840","11","0","0","0","0","0","0","0","0","","0","0","0","","","3","","2","","40 38:31.000","","0","79 56:18.213","4","0","0","0","2217","0","0","0","N","0","0","0","5","02505","3","","1.0","","1","N","N","","0","","0","0","3","0","0","","","4","3","0","0","0","0","1","2","0","4","","","Y","Y","4","1","","","N","Y","Y","","Y",""
"2007058837","","2","0","0","0","0","0","0","0","0","4","0","","02","6","2007","6","40.407994","-79.8341","1440","11","0","0","0","0","0","0","0","1","","0","0","0","","","0","","0","","40 24:28.778","","0","79 50:02.760","0","0","0","0","2124","0","0","0","N","0","0","0","2","02124","0","","1.0","","1","N","N","","0","","0","0","0","0","0","","","2","0","0","0","0","0","0","2","0","2","","","","N","","","","","","","","","",""
"2007058838","","0","0","0","0","0","0","0","0","0","4","0","","02","5","2007","5","40.5031","-80.2222","1126","11","0","0","0","0","0","0","0","0","","0","0","0","","","1","","0","","40 30:11.160","","0","80 13:19.920","8","0","0","0","2213","0","0","0","N","0","0","0","6","02213","0","","1.0","","1","N","N","","0","","0","0","1","0","0","","","2","1","0","0","0","1","0","2","1","2","","","","N","","","","","","","","","",""
"2007058839","","1","0","1","0","0","0","0","0","0","1","0","","02","5","2007","6","40.344676","-80.03114","0909","11","0","0","0","0","0","1","0","0","","0","0","0","","","4","","2","","40 20:40.833","","0","80 01:52.104","2","0","0","0","2407","0","0","0","N","0","0","0","4","02407","2","","1.0","","1","N","N","","1","","1","1","1","3","3","","","4","4","1","0","0","0","0","2","1","4","","","","N","","","","","","","","","",""
"2007058840","","1","0","0","0","0","0","0","0","0","4","0","","02","5","2007","5","40.306628","-80.069529","1157","11","0","0","0","0","0","2","0","0","2","0","0","0","","","2","","0","","40 18:23.859","4","7","80 04:10.306","4","0","0","0","2407","0","0","0","N","0","0","0","3","02407","1","","1.0","","1","N","N","","0","","0","0","1","0","0","N","","2","2","0","0","0","1","0","2","0","2","","","","N","","","","","","","","","",""
"2007058857","","0","0","0","0","0","0","0","0","0","7","0","","02","6","2007","6","40.336228","-79.980578","2212","11","0","0","0","0","0","0","1","0","2","0","0","0","","","0","","2","","40 20:10.419","1","0","79 58:50.082","0","0","0","0","2403","0","0","0","N","0","0","0","1","02403","0","","3.0","","1","N","N","","1","","0","0","0","3","3","N","","1","0","0","0","0","0","0","2","0","1","","","","N","","","","","","","","","",""
"2007058889","","0","0","0","0","0","0","0","0","0","1","0","","02","6","2007","4","40.339722","-79.967663","2306","11","0","0","0","0","0","0","0","0","2","0","0","0","","","4","","2","","40 20:23.000","4","0","79 58:03.587","3","0","0","2","2454","0","0","0","N","0","0","0","4","02454","0","","1.0","","1","N","N","","0","","4","0","0","3","3","N","","2","4","0","0","0","0","0","2","0","2","","","","N","","","","","","","","","",""