"CRN","ARRIVAL_TM","AUTOMOBILE_COUNT","BELTED_DEATH_COUNT","BELTED_SUSP_SERIOUS_INJ_COUNT","BICYCLE_COUNT","BICYCLE_DEATH_COUNT","BICYCLE_SUSP_SERIOUS_INJ_COUNT","BUS_COUNT","CHLDPAS_DEATH_COUNT","CHLDPAS_SUSP_SERIOUS_INJ_COUNT","COLLISION_TYPE","COMM_VEH_COUNT","CONS_ZONE_SPD_LIM","COUNTY","CRASH_MONTH","CRASH_YEAR","DAY_OF_WEEK","DEC_LATITUDE","DEC_LONGITUDE","DISPATCH_TM","DISTRICT","DRIVER_COUNT_16YR","DRIVER_COUNT_17YR","DRIVER_COUNT_18YR","DRIVER_COUNT_19YR","DRIVER_COUNT_20YR","DRIVER_COUNT_50_64YR","DRIVER_COUNT_65_74YR","DRIVER_COUNT_75PLUS","EST_HRS_CLOSED","FATAL_COUNT","HEAVY_TRUCK_COUNT","HORSE_BUGGY_COUNT","HOUR_OF_DAY","ILLUMINATION","INJURY_COUNT","INTERSECTION_RELATED","INTERSECT_TYPE","LANE_CLOSED","LATITUDE","LN_CLOSE_DIR","LOCATION_TYPE","LONGITUDE","MAX_SEVERITY_LEVEL","MCYCLE_DEATH_COUNT","MCYCLE_SUSP_SERIOUS_INJ_COUNT","MOTORCYCLE_COUNT","MUNICIPALITY","NONMOTR_COUNT","NONMOTR_DEATH_COUNT","NONMOTR_SUSP_SERIOUS_INJ_COUNT","NTFY_HIWY_MAINT","PED_COUNT","PED_DEATH_COUNT","PED_SUSP_SERIOUS_INJ_COUNT","PERSON_COUNT","POLICE_AGCY","POSSIBLE_INJ_COUNT","RDWY_SURF_TYPE_CD","RELATION_TO_ROAD","ROADWAY_CLEARED","ROAD_CONDITION","SCH_BUS_IND","SCH_ZONE_IND","SECONDARY_CRASH","SMALL_TRUCK_COUNT","SPEC_JURIS_CD","SUSP_MINOR_INJ_COUNT","SUSP_SERIOUS_INJ_COUNT","SUV_COUNT","TCD_FUNC_CD","TCD_TYPE","TFC_DETOUR_IND","TIME_OF_DAY","TOTAL_UNITS","TOT_INJ_COUNT","UNBELTED_OCC_COUNT","UNB_DEATH_COUNT","UNB_SUSP_SERIOUS_INJ_COUNT","UNK_INJ_DEG_COUNT","UNK_INJ_PER_COUNT","URBAN_RURAL","VAN_COUNT","VEHICLE_COUNT","WEATHER1","WEATHER2","WORKERS_PRES","WORK_ZONE_IND","WORK_ZONE_LOC","WORK_ZONE_TYPE","WZ_CLOSE_DETOUR","WZ_FLAGGER","WZ_LAW_OFFCR_IND","WZ_LN_CLOSURE","WZ_MOVING","WZ_OTHER","WZ_SHLDER_MDN","WZ_WORKERS_INJ_KILLED"
"2007058891","","1","0","0","0","0","0","0","0","0","1","0","","02","5","2007","5","40.668889","-80.032852","0727","11","0","0","0","0","0","0","0","0","1","0","0","0","","","0","","1","","40 40:08.000","3","0","80 01:58.266","0","0","0","0","2216","0","0","0","N","0","0","0","2","02505","0","","1.0","","1","N","N","","0","","0","0","1","3","2","N","","2","0","0","0","0","0","0","2","0","2","","","","N","","","","","","","","","",""
"2007058896","","0","0","0","0","0","0","0","0","0","4","0","","02","6","2007","3","40.617778","-80.055643","1410","11","0","0","0","0","0","0","0","0","1","0","0","0","","","1","","2","","40 37:04.000","1","0","80 03:20.316","3","0","0","0","2216","0","0","0","N","0","0","0","2","02505","0","","1.0","","9","N","N","","2","","1","0","0","3","3","Y","","2","1","0","0","0","0","0","1","0","2","","","","N","","","","","","","","","",""
"2007058899","","3","0","0","0","0","0","0","0","0","1","0","","02","6","2007","3","40.545833","-80.016963","1415","11","0","0","0","0","0","0","0","2","","0","0","0","","","0","","1","","40 32:45.000","","0","80 01:01.066","0","0","0","0","2116","0","0","0","N","0","0","0","4","02116","0","","1.0","","1","N","N","","0","","0","0","0","3","2","","","3","0","0","0","0","0","0","2","0","3","","","","N","","","","","","","","","",""
"2007058906","","1","0","0","0","0","0","0","0","0","4","0","","02","5","2007","5","40.435115","-79.768473","1200","11","0","0","0","0","1","0","0","1","3","1","0","0","","","0","","1","","40 26:06.414","4","0","79 46:06.502","1","1","0","1","2446","0","0","0","N","0","0","0","2","02501","0","2","1.0","","1","N","N","","0","0","0","0","0","3","2","N","","2","0","0","0","0","0","0","2","0","2","","","","N","","","","","","","","","",""
"2007058917","","1","0","0","0","0","0","0","0","0","4","0","","02","6","2007","5","40.406391","-79.910171","0847","11","0","0","0","0","0","0","1","0","","0","0","0","","","1","","1","","40 24:23.007","","0","79 54:36.615","4","0","0","0","2438","0","0","0","N","0","0","0","2","02438","1","","1.0","","1","N","N","","0","","0","0","1","0","0","","","2","1","0","0","0","0","0","2","0","2","","","","N","","","","","","","","","",""
"2007058925","","1","0","0","0","0","0","0","0","0","4","1","","02","5","2007","7","40.351389","-79.884188","0200","11","0","0","0","0","0","1","0","0","","1","1","0","","","0","","0","","40 21:05.000","","0","79 53:03.076","1","0","0","0","2423","0","0","0","N","0","0","0","2","02501","0","2","1.0","","1","N","N","","0","0","0","0","0","0","0","","","2","0","1","1","0","0","0","2","0","2","","","","N","","","","","","","","","",""
"2007058964","","0","0","0","0","0","0","0","0","0","4","0","","02","6","2007","4","40.613056","-79.956171","1556","11","0","1","0","0","0","1","0","0","2","0","0","0","","","1","","1","","40 36:47.000","4","0","79 57:22.215","8","0","0","0","2207","0","0","0","N","0","0","0","5","02207","0","","1.0","","1","N","N","","1","","0","0","1","0","0","N","","2","1","1","0","0","1","0","2","0","2","","","","N","","","","","","","","","",""
"2007058972","","2","0","1","0","0","0","0","0","0","4","0","","02","5","2007","3","","","1040","11","0","0","0","0","0","0","0","1","","0","0","0","","","1","","1","","","","0","","2","0","0","0","2456","0","0","0","N","0","0","0","2","02456","0","","1.0","","1","N","N","","0","","0","1","0","3","2","","","2","1","0","0","0","0","0","1","0","2","","","","N","","","","","","","","","",""
"2007058990","","0","0","0","0","0","0","0","0","0","7","0","","02","4","2007","2","40.4421","-79.7528","0441","11","0","0","0","0","0","0","0","0","","0","0","0","","","0","","0","","40 26:31.560","","0","79 45:10.080","0","0","0","0","2466","0","0","0","N","0","0","0","1","68T02","0","","4.0","","9","N","N","","1","","0","0","0","0","0","","","1","0","0","0","0","0","0","2","0","1","","","","N","","","","","","","","","",""
"2007058993","","2","0","0","0","0","0","0","0","0","1","0","","02","4","2007","3","","","2046","11","0","0","0","0","0","0","0","0","","0","0","0","","","0","","0","","40 34:54.48","","0","80 05:51.00","0","0","0","0","2480","0","0","0","N","0","0","0","3","68B03","0","","1.0","","1","N","N","","0","","0","0","0","0","0","","","2","0","0","0","0","0","0","2","0","2","","","","N","","","","","","","","","",""
"2007059107","","3","0","0","0","0","0","0","0","0","1","0","","02","6","2007","5","40.541944","-80.0132","1728","11","0","0","0","1","1","0","1","0","","0","0","0","","","1","","2","","40 32:31.000","","7","80 00:47.521","8","0","0","0","2116","0","0","0","N","0","0","0","7","02116","0","","1.0","","1","N","N","","0","","0","0","0","3","2","","","3","1","2","0","0","1","0","2","0","3","","","","N","","","","","","","","","",""
"2007059126","","1","0","0","0","0","0","0","0","0","7","0","","02","5","2007","5","40.4309","-79.7443","1527","11","0","0","0","0","0","0","0","1","1","0","0","0","","","1","","0","","40 25:51.240","1","5","79 44:39.480","4","0","0","0","2446","0","0","0","N","0","0","0","1","68T09","1","","4.0","","1","N","N","","0","","0","0","0","3","8","Y","","1","1","0","0","0","0","0","2","0","1","","","","N","","","","","","","","","",""
"2007059154","","1","0","0","0","0","0","1","0","0","4","1","","02","5","2007","4","40.4325","-80.028215","1556","11","0","0","0","0","0","1","0","0","1","0","0","0","","","2","","2","","40 25:57.000","2","0","80 01:41.575","3","0","0","0","2301","0","0","0","N","0","0","0","2","02301","1","","1.0","","1","Y","N","","0","","1","0","0","0","0","N","","2","2","0","0","0","0","0","2","0","2","","","","N","","","","","","","","","",""
"2007059284","","3","0","0","0","0","0","0","0","0","1","0","","02","4","2007","6","40.604722","-79.765264","1931","11","0","0","1","0","0","0","0","1","3","0","0","0","","","2","","0","","40 36:17.000","2","0","79 45:54.949","8","0","0","0","2202","0","0","0","N","0","0","0","5","68D02","0","","1.0","","1","N","N","","0","","0","0","0","0","0","N","","3","2","0","0","0","2","0","2","0","3","","","","N","","","","","","","","","",""
"2007059290","","1","0","0","0","0","0","0","0","0","7","0","55","02","5","2007","4","40.567778","-79.797769","2355","11","0","0","0","0","0","0","0","0","","0","0","0","","","1","","0","","40 34:04.000","","0","79 47:51.968","4","0","0","0","2121","0","0","0","N","0","0","0","2","68D02","1","","4.0","","1","N","N","","0","","0","0","0","0","0","","","1","1","1","0","0","0","0","2","0","1","","","N","Y","4","1","","","N","Y","","","Y",""
"2007059292","","2","0","0","0","0","0","0","0","0","1","0","45","02","4","2007","7","","","2020","11","0","0","0","0","0","0","0","0","","0","0","0","","","3","","0","","40 26:10.32","","0","79 58:28.92","4","0","0","0","2301","0","0","0","N","0","0","0","4","68B03","1","","1.0","","1","N","N","","0","","0","0","0","3","8","","","2","3","0","0","0","2","0","2","0","2","","","Y","Y","3","1","","","Y","Y","","","",""
"2007059293","","1","0","0","0","0","0","0","0","0","1","0","","02","5","2007","3","","","0729","11","0","0","0","0","0","0","0","0","1","0","0","0","","","1","","0","","40 25:36.48","4","0","79 53:31.56","4","0","0","0","2301","0","0","0","N","0","0","0","2","68B03","1","","1.0","","1","N","N","","0","","0","0","1","0","0","N","","2","1","0","0","0","0","0","2","0","2","","","","N","","","","","","","","","",""
"2007059294","","4","0","0","0","0","0","0","0","0","1","0","","02","5","2007","4","","","1615","11","0","0","0","0","0","2","0","0","","0","0","0","","","0","","0","","40 26:33.36","","0","80 09:35.64","0","0","0","0","2115","0","0","0","N","0","0","0","4","68B03","0","","1.0","","1","N","N","","0","","0","0","0","0","0","","","4","0","0","0","0","0","0","2","0","4","","","","N","","","","","","","","","",""
"2007059382","","1","0","0","0","0","0","0","0","0","2","0","","02","4","2007","6","40.616667","-79.833768","2217","11","0","0","0","0","0","1","0","0","1","0","0","0","","","1","","2","","40 37:00.000","2","0","79 50:01.564","8","0","0","0","2220","0","0","0","N","0","0","0","3","02220","0","","1.0","","1","N","N","","1","","0","0","0","3","3","N","","2","1","0","0","0","1","0","2","0","2","","","","N","","","","","","","","","",""
"2007059433","","1","0","0","0","0","0","0","0","0","99","0","","02","4","2007","6","40.2784","-79.9407","2248","11","0","0","0","0","0","0","0","0","","0","0","0","","","0","","0","","40 16:42.240","","0","79 56:26.520","0","0","0","0","2440","0","0","0","N","0","0","0","1","68T09","0","","1.0","","1","N","N","","0","","0","0","0","0","0","","","1","0","0","0","0","0","0","2","0","1","","","","N","","","","","","","","","",""
"2007059449","","1","0","0","0","0","0","0","0","0","7","0","","02","5","2007","4","40.492222","-80.127006","1405","11","0","0","0","0","0","0","0","1","","0","0","0","","","1","","0","","40 29:32.000","","0","80 07:37.223","4","0","0","0","2115","0","0","0","N","0","0","0","1","68B03","1","","4.0","","1","N","N","","0","","0","0","0","0","0","","","1","1","1","0","0","0","0","2","0","1","","","","N","","","","","","","","","",""
"2007059450","","0","0","0","0","0","0","0","0","0","1","0","","02","5","2007","4","","","0859","11","0","0","0","0","0","0","0","0","","0","0","0","","","1","","0","","40 25:37.92","","0","79 53:29.04","8","0","0","0","2478","0","0","0","N","0","0","0","3","68B03","0","","1.0","","1","N","N","","0","","0","0","2","0","0","","","2","1","0","0","0","1","0","2","0","2","","","","N","","","","","","","","","",""
"2007059451","","2","0","0","0","0","0","0","0","0","1","0","","02","5","2007","4","40.438611","-80.192636","1653","11","0","0","0","0","0","0","0","0","1","0","0","0","","","5","","6","","40 26:19.000","3","2","80 11:33.490","3","0","0","0","2214","0","0","0","N","0","0","0","5","68B03","2","","1.0","","1","N","N","","0","","3","0","0","3","4","N","","2","5","3","0","0","0","0","2","0","2","","","","N","","","","","","","","","",""
"2007059452","","1","0","0","0","0","0","0","0","0","1","0","","02","5","2007","6","","","1539","11","0","0","0","0","0","1","0","0","1","0","0","0","","","2","","0","","40 25:12.00","1","0","80 03:02.16","4","0","0","0","2435","0","0","0","N","0","0","0","3","68B03","2","","1.0","","1","N","N","","1","","0","0","1","0","0","N","","3","2","0","0","0","0","0","2","0","3","","","","N","","","","","","","","","",""
"2007059453","","1","0","0","0","0","0","0","0","0","7","0","","02","5","2007","6","","","0246","11","0","0","0","0","0","0","0","0","","0","0","0","","","0","","0","","40 29:21.48","","2","80 16:13.80","0","0","0","0","2203","0","0","0","","0","0","0","1","68B03","0","","5.0","","1","N","N","","0","","0","0","0","0","0","","","1","0","0","0","0","0","0","1","0","1","","","","N","","","","","","","","","",""
"2007059454","","0","0","0","0","0","0","0","0","0","5","0","","02","5","2007","1","","","2340","11","0","0","0","0","0","0","0","0","","0","0","0","","","0","","0","","40 26:29.04","","0","79 49:42.60","0","0","0","0","2446","0","0","0","N","0","0","0","2","68B03","0","","1.0","","1","N","N","","1","","0","0","0","0","0","","","2","0","0","0","0","0","0","2","0","2","","","","N","","","","","","","","","",""
"2007059473","","3","0","0","0","0","0","0","0","0","1","0","45","02","4","2007","7","40.525","-79.851877","1752","11","0","0","0","0","0","2","0","0","2","0","0","0","","","2","","0","","40 31:30.000","1","0","79 51:06.758","8","0","0","0","2112","0","0","0","N","0","0","0","7","68D02","0","","1.0","","1","N","N","","1","","0","0","0","0","0","N","","4","2","0","0","0","2","0","2","0","4","","","N","Y","3","1","Y","","N","Y","Y","","Y",""
"2007059476","","1","0","0","0","0","0","0","0","0","1","0","","02","5","2007","4","","","1850","11","0","0","0","0","0","0","0","0","","0","0","0","","","1","","0","","40 25:06.60","","0","80 05:20.04","4","0","0","0","2415","0","0","0","N","0","0","0","2","68B03","1","","1.0","","1","N","N","","0","","0","0","1","0","0","","","2","1","1","0","0","0","0","2","0","2","","","","N","","","","","","","","","",""
"2007059525","","1","0","0","0","0","0","0","0","0","4","0","","02","5","2007","5","40.673333","-80.09857","0745","11","0","0","0","0","0","0","0","0","","0","0","0","","","0","","1","","40 40:24.000","","0","80 05:54.853","0","0","0","0","2212","0","0","0","N","0","0","0","3","02505","0","","1.0","","1","N","N","","0","","0","0","0","3","2","","","2","0","0","0","0","0","0","2","1","2","","","","N","","","","","","","","","",""
"2007059634","","1","0","0","0","0","0","0","0","0","1","0","","02","4","2007","3","","","0631","11","0","0","0","0","0","0","0","0","","0","0","0","","","0","","0","","40 24:57.24","","0","80 05:05.64","0","0","0","0","2117","0","0","0","N","0","0","0","2","68B03","0","","1.0","","9","N","N","","1","","0","0","0","0","0","","","2","0","0","0","0","0","0","2","0","2","","","","N","","","","","","","","","",""
"2007059635","","1","0","0","0","0","0","0","0","0","1","0","","02","4","2007","3","","","0630","11","0","0","0","0","0","0","0","0","","0","0","0","","","1","","0","","40 25:06.60","","0","80 05:20.04","4","0","0","0","2415","0","0","0","N","0","0","0","4","68B03","1","","1.0","","9","N","N","","1","","0","0","1","0","0","","","3","1","0","0","0","0","0","2","0","3","","","","N","","","","","","","","","",""
"2007059636","","0","0","0","0","0","0","0","0","0","99","0","","02","4","2007","2","","","0750","11","0","0","0","0","0","0","0","0","2","0","0","0","","","0","","0","","40 28:59.52","2","0","80 00:28.08","0","0","0","0","2301","0","0","0","N","0","0","0","2","68B03","0","","1.0","","1","N","N","","0","","0","0","1","0","0","N","","1","0","0","0","0","0","0","2","0","1","","","","N","","","","","","","","","",""
"2007059637","","2","0","0","0","0","0","0","0","0","1","0","","02","5","2007","7","","","1142","11","0","0","0","0","0","0","1","0","","0","0","0","","","0","","0","","40 26:38.40","","0","79 51:14.76","9","0","0","0","2419","0","0","0","N","0","0","0","7","68B03","0","","1.0","","1","N","N","","0","","0","0","0","0","0","","","2","0","0","0","0","0","1","2","0","2","","","","N","","","","","","","","","",""
"2007059638","","1","0","0","0","0","0","0","0","0","1","0","","02","5","2007","2","","","1650","11","0","0","0","0","0","1","0","0","","0","0","0","","","2","","0","","40 26:23.28","","0","80 09:16.92","4","0","0","0","2115","0","0","0","N","0","0","0","3","68B03","2","","1.0","","1","N","N","","1","","0","0","1","0","0","","","3","2","0","0","0","0","0","2","0","3","","","","N","","","","","","","","","",""
"2007059639","","1","0","0","0","0","0","0","0","0","7","0","","02","4","2007","2","","","2021","11","0","0","0","0","0","0","0","0","","0","0","0","","","1","","0","","40 31:00.84","","0","80 03:10.44","4","0","0","0","2301","0","0","0","N","0","0","0","1","68B03","1","","2.0","","1","N","N","","0","","0","0","0","0","0","","","1","1","1","0","0","0","0","2","0","1","","","","N","","","","","","","","","",""
"2007059654","","1","0","0","0","0","0","0","0","0","99","0","","02","6","2007","5","40.411987","-80.093986","1305","11","0","0","0","0","0","1","0","0","","0","0","0","","","0","","2","","40 24:43.153","","0","80 05:38.349","0","0","0","0","2415","0","0","0","N","0","0","0","1","02415","0","","1.0","","1","N","N","","0","","0","0","0","3","3","","","2","0","0","0","0","0","0","2","0","1","","","","N","","","","","","","","","",""
"2007059657","","1","0","0","0","0","0","0","0","0","8","0","","02","6","2007","4","40.496544","-80.057429","1120","11","0","0","0","0","0","0","0","0","","0","0","0","","","1","","0","","40 29:47.559","","0","80 03:26.745","3","0","0","0","2404","1","0","0","N","1","0","0","2","02404","0","","6.0","","1","N","N","","0","","1","0","0","0","0","","","2","1","0","0","0","0","0","2","0","1","","","","N","","","","","","","","","",""
"2007059670","","2","0","0","0","0","0","0","0","0","1","0","","02","6","2007","6","40.574495","-79.925862","1145","11","0","0","0","0","0","0","0","0","2","0","0","0","","","2","","2","","40 34:28.182","1","0","79 55:33.103","4","0","0","0","2207","0","0","0","N","0","0","0","2","02207","1","","1.0","","1","N","N","","0","","0","0","0","3","3","N","","2","2","0","0","0","1","0","2","0","2","","","","N","","","","","","","","","",""
"2007059688","","1","0","0","0","0","0","0","0","0","5","0","","02","6","2007","4","40.272181","-79.887573","2350","11","0","0","0","0","0","0","0","0","","0","0","0","","","0","","0","","40 16:19.851","","0","79 53:15.262","0","0","0","0","2428","0","0","0","N","0","0","0","0","02428","0","","6.0","","1","N","N","","0","","0","0","0","0","0","","","2","0","0","0","0","0","0","2","0","2","","","","N","","","","","","","","","",""
"2007059727","","2","0","0","0","0","0","0","0","0","4","0","","02","5","2007","3","40.45004","-80.183303","0812","11","0","0","0","0","0","0","0","0","1","0","0","0","","","1","","1","","40 27:00.144","4","0","80 10:59.890","8","0","0","0","2214","0","0","0","N","0","0","0","2","02214","0","","1.0","","1","N","N","","0","","0","0","0","3","2","Y","","2","1","0","0","0","1","0","2","0","2","","","","N","","","","","","","","","",""
"2007059762","","2","0","0","0","0","0","0","0","0","1","0","45","02","4","2007","1","40.522222","-79.852411","1631","11","0","0","0","0","1","0","0","0","","0","0","0","","","4","","0","","40 31:20.000","","0","79 51:08.681","3","0","0","0","2208","0","0","0","N","0","0","0","6","68D02","3","","1.0","","1","N","N","","0","","1","0","1","0","0","","","3","4","0","0","0","0","0","2","0","3","","","N","Y","4","1","","","N","Y","","","",""
"2007059779","","2","0","0","0","0","0","0","0","0","7","0","","02","5","2007","1","40.408889","-79.895903","2350","11","0","1","0","0","0","0","0","0","","1","0","0","","","1","","0","","40 24:32.000","","0","79 53:45.251","1","0","0","0","2448","0","0","0","N","0","0","0","2","02501","0","2","2.0","","1","N","N","","0","0","1","0","0","0","0","","","2","1","2","1","0","0","0","2","0","2","","","","N","","","","","","","","","",""
"2007059782","","0","0","0","0","0","0","0","0","0","0","0","","02","6","2007","6","40.435039","-79.782844","2332","11","0","0","0","0","0","0","0","0","","0","0","0","","","1","","0","","40 26:06.140","","0","79 46:58.240","8","0","0","1","2446","0","0","0","N","0","0","0","1","02446","0","","1.0","","1","N","N","","0","","0","0","0","0","0","","","1","1","0","0","0","1","0","2","0","1","","","","N","","","","","","","","","",""
"2007059810","","1","0","0","0","0","0","0","0","0","4","0","","02","6","2007","6","40.4042","-79.8831","1853","11","0","0","0","0","0","2","0","0","","0","0","0","","","0","","8","","40 24:15.120","","2","79 52:59.160","0","0","0","0","2475","0","0","0","N","0","0","0","3","02475","0","","1.0","","9","N","N","","0","","0","0","1","0","0","","","2","0","0","0","0","0","0","2","0","2","","","","N","","","","","","","","","",""
"2007059820","","1","0","0","0","0","0","0","0","0","1","0","","02","6","2007","7","40.372778","-80.099262","1205","11","0","0","0","0","0","0","0","0","2","0","0","0","","","1","","2","","40 22:22.000","2","2","80 05:57.344","8","0","0","0","2102","0","0","0","N","0","0","0","3","02102","0","","1.0","","1","N","N","","0","","0","0","1","0","0","Y","","2","1","0","0","0","1","0","2","0","2","","","","N","","","","","","","","","",""
"2007059830","","2","0","0","0","0","0","0","0","0","4","0","","02","6","2007","7","40.426944","-79.723335","2003","11","0","0","0","0","0","0","1","1","1","0","0","0","","","0","","2","","40 25:37.000","4","0","79 43:24.005","0","0","0","0","2446","0","0","0","N","0","0","0","2","02446","0","","1.0","","1","N","N","","0","","0","0","0","3","2","Y","","2","0","0","0","0","0","0","2","0","2","","","","N","","","","","","","","","",""
"2007059844","","1","0","0","0","0","0","0","0","0","1","0","","02","6","2007","5","40.374167","-79.827602","1351","11","0","0","0","0","0","0","0","0","1","0","0","0","","","0","","0","","40 22:27.000","5","0","79 49:39.368","0","0","0","0","2111","0","0","0","N","0","0","0","3","02111","0","","1.0","","1","N","N","","1","","0","0","0","0","0","N","","2","0","0","0","0","0","0","2","0","2","","","","N","","","","","","","","","",""
"2007059851","","1","0","0","0","0","0","0","0","0","7","0","","02","6","2007","1","40.4963","-80.111","1544","11","0","0","0","0","0","0","0","0","2","0","0","0","","","1","","0","","40 29:46.680","5","0","80 06:39.600","3","0","0","0","2126","0","0","0","N","0","0","0","1","02126","0","","5.0","","1","N","N","","0","","1","0","0","0","0","Y","","1","1","0","0","0","0","0","2","0","1","","","","N","","","","","","","","","",""
"2007059852","","0","0","0","0","0","0","0","0","0","7","0","","02","6","2007","7","40.455576","-80.110415","1936","11","0","0","0","0","1","0","0","0","2","0","0","0","","","1","","0","","40 27:20.073","6","0","80 06:37.494","2","0","1","1","2126","0","0","0","N","0","0","0","1","02126","0","","5.0","","1","N","N","","0","","0","1","0","0","0","Y","","1","1","0","0","0","0","0","2","0","1","","","","N","","","","","","","","","",""
"2007059858","","2","0","0","0","0","0","0","0","0","2","0","","02","6","2007","7","40.6272","-79.9418","1137","11","0","0","0","0","0","0","0","0","","0","0","0","","","0","","0","","40 37:37.920","","0","79 56:30.480","0","0","0","0","2217","0","0","0","N","0","0","0","2","02505","0","","1.0","","1","N","N","","0","","0","0","0","0","0","","","2","0","0","0","0","0","0","2","0","2","","","","N","","","","","","","","","",""
"2007059874","","2","0","0","0","0","0","0","0","0","1","0","","02","5","2007","3","40.5172","-80.0047","2148","11","0","0","0","0","0","1","0","0","9","0","0","0","","","0","","0","","40 31:01.920","2","0","80 00:16.920","0","0","0","0","2116","0","0","0","N","0","0","0","3","02116","0","","1.0","","1","N","N","","0","","0","0","1","0","0","N","","3","0","0","0","0","0","0","2","0","3","","","","N","","","","","","","","","",""
"2007059877","","1","0","0","0","0","0","0","0","0","1","0","","02","6","2007","1","40.340556","-79.964437","1829","11","0","0","0","0","0","1","0","0","1","0","0","0","","","1","","1","","40 20:26.000","1","0","79 57:51.974","4","0","0","0","2454","0","0","0","N","0","0","0","3","02454","1","","1.0","","1","N","N","","1","","0","0","0","0","0","Y","","2","1","0","0","0","0","0","2","0","2","","","","N","","","","","","","","","",""
"2007059879","","3","0","0","0","0","0","0","0","0","99","0","","02","6","2007","6","40.40254","-79.907583","1937","11","0","0","0","0","0","0","1","0","2","0","0","0","","","2","","1","","40 24:09.144","5","0","79 54:27.298","3","0","0","0","2438","0","0","0","N","0","0","0","4","02438","0","","1.0","","1","N","N","","0","","2","0","0","3","3","Y","","3","2","0","0","0","0","1","2","0","3","","","","N","","","","","","","","","",""
"2007059881","","1","0","0","0","0","0","0","0","0","7","0","","02","6","2007","6","40.520278","-80.051353","2314","11","0","0","0","0","0","0","0","0","","0","0","0","","","0","","3","","40 31:13.000","","0","80 03:04.872","0","0","0","0","2116","0","0","0","N","0","0","0","1","02116","0","","5.0","","1","N","N","","0","","0","0","0","0","0","","","1","0","0","0","0","0","0","2","0","1","","","","N","","","","","","","","","",""
"2007059885","","3","0","0","0","0","0","0","0","0","4","0","","02","5","2007","3","40.501647","-80.019813","1951","11","0","0","0","0","0","0","0","0","","0","0","0","","","0","","0","","40 30:05.929","","0","80 01:11.326","0","0","0","0","2116","0","0","0","N","0","0","0","1","02116","0","","1.0","","1","N","N","","0","","0","0","0","0","0","","","3","0","0","0","0","0","0","2","0","3","","","","N","","","","","","","","","",""
"2007059886","","1","0","0","0","0","0","0","0","0","4","0","","02","6","2007","1","40.530222","-80.017342","2330","11","0","0","1","0","0","0","0","0","","0","0","0","","","0","","2","","40 31:48.800","","0","80 01:02.432","0","0","0","0","2116","0","0","0","N","0","0","0","4","02116","0","","1.0","","1","N","N","","0","","0","0","1","2","3","","","2","0","0","0","0","0","0","2","0","2","","","","N","","","","","","","","","",""
"2007059889","","1","0","0","0","0","0","0","0","0","7","0","","02","6","2007","7","40.448375","-79.952769","0012","11","0","0","0","0","0","0","0","0","","0","0","0","","","0","","1","","40 26:54.150","","0","79 57:09.968","0","0","0","0","2301","0","0","0","N","0","0","0","1","02506","0","","3.0","","1","N","N","","0","","0","0","0","3","2","","","1","0","0","0","0","0","0","2","0","1","","","","N","","","","","","","","","",""
"2007059891","","1","0","0","0","0","0","0","0","0","2","0","","02","6","2007","7","","","1628","11","0","1","0","0","0","0","0","0","1","0","0","0","","","1","","0","","","7","7","","2","0","1","1","2117","0","0","0","N","0","0","0","1","02117","0","","6.0","","1","N","N","","0","","0","1","1","0","0","N","","4","1","0","0","0","0","0","1","1","4","","","","N","","","","","","","","","",""
"2007059902","","2","0","0","0","0","0","0","0","0","1","0","","02","6","2007","7","40.3459","-80.0572","2133","11","0","0","0","0","0","0","1","0","1","0","0","0","","","2","","0","","40 20:45.240","2","7","80 03:25.920","4","0","0","0","2123","0","0","0","N","0","0","0","5","02123","2","","1.0","","1","N","N","","0","","0","0","1","3","2","N","","3","2","0","0","0","0","0","2","0","3","","","","N","","","","","","","","","",""
"2007059910","","3","1","0","0","0","0","0","0","0","4","0","","02","6","2007","7","40.319167","-80.087774","2206","11","0","0","0","0","0","2","1","0","3","1","0","0","","","2","","0","","40 19:09.000","1","0","80 05:15.985","1","0","0","0","2123","0","0","0","N","0","0","0","8","02123","2","2","1.0","","1","N","N","","0","0","0","0","0","0","0","Y","","3","2","0","0","0","0","0","2","0","3","","","","N","","","","","","","","","",""
"2007059911","","2","0","0","0","0","0","0","0","0","1","0","","02","6","2007","2","40.5378","-79.8349","0720","11","0","0","0","0","0","1","0","0","","0","0","0","","","0","","0","","40 32:16.080","","0","79 50:05.640","0","0","0","0","2208","0","0","0","N","0","0","0","2","02208","0","","1.0","","1","N","N","","0","","0","0","0","0","0","","","2","0","0","0","0","0","0","2","0","2","","","","N","","","","","","","","","",""
"2007059925","","1","0","0","0","0","0","0","0","0","1","0","","02","6","2007","1","40.426469","-79.750812","1953","11","0","0","0","0","0","1","0","0","","0","0","0","","","1","","0","","40 25:35.288","","0","79 45:02.923","8","0","0","0","2446","0","0","0","N","0","0","0","5","02446","0","","1.0","","1","N","N","","0","","0","0","0","0","0","","","2","1","0","0","0","1","0","2","1","2","","","","N","","","","","","","","","",""
"2007059926","","2","0","0","0","0","0","0","0","0","4","0","","02","5","2007","7","40.437778","-79.77591","1721","11","0","0","0","0","0","0","0","0","","0","0","0","","","1","","0","","40 26:16.000","","0","79 46:33.276","4","0","0","0","2446","0","0","0","N","0","0","0","4","02446","1","","1.0","","9","N","N","","0","","0","0","0","3","8","","","2","1","0","0","0","0","1","2","0","2","","","","N","","","","","","","","","",""