"CRN","ARRIVAL_TM","AUTOMOBILE_COUNT","BELTED_DEATH_COUNT","BELTED_SUSP_SERIOUS_INJ_COUNT","BICYCLE_COUNT","BICYCLE_DEATH_COUNT","BICYCLE_SUSP_SERIOUS_INJ_COUNT","BUS_COUNT","CHLDPAS_DEATH_COUNT","CHLDPAS_SUSP_SERIOUS_INJ_COUNT","COLLISION_TYPE","COMM_VEH_COUNT","CONS_ZONE_SPD_LIM","COUNTY","CRASH_MONTH","CRASH_YEAR","DAY_OF_WEEK","DEC_LATITUDE","DEC_LONGITUDE","DISPATCH_TM","DISTRICT","DRIVER_COUNT_16YR","DRIVER_COUNT_17YR","DRIVER_COUNT_18YR","DRIVER_COUNT_19YR","DRIVER_COUNT_20YR","DRIVER_COUNT_50_64YR","DRIVER_COUNT_65_74YR","DRIVER_COUNT_75PLUS","EST_HRS_CLOSED","FATAL_COUNT","HEAVY_TRUCK_COUNT","HORSE_BUGGY_COUNT","HOUR_OF_DAY","ILLUMINATION","INJURY_COUNT","INTERSECTION_RELATED","INTERSECT_TYPE","LANE_CLOSED","LATITUDE","LN_CLOSE_DIR","LOCATION_TYPE","LONGITUDE","MAX_SEVERITY_LEVEL","MCYCLE_DEATH_COUNT","MCYCLE_SUSP_SERIOUS_INJ_COUNT","MOTORCYCLE_COUNT","MUNICIPALITY","NONMOTR_COUNT","NONMOTR_DEATH_COUNT","NONMOTR_SUSP_SERIOUS_INJ_COUNT","NTFY_HIWY_MAINT","PED_COUNT","PED_DEATH_COUNT","PED_SUSP_SERIOUS_INJ_COUNT","PERSON_COUNT","POLICE_AGCY","POSSIBLE_INJ_COUNT","RDWY_SURF_TYPE_CD","RELATION_TO_ROAD","ROADWAY_CLEARED","ROAD_CONDITION","SCH_BUS_IND","SCH_ZONE_IND","SECONDARY_CRASH","SMALL_TRUCK_COUNT","SPEC_JURIS_CD","SUSP_MINOR_INJ_COUNT","SUSP_SERIOUS_INJ_COUNT","SUV_COUNT","TCD_FUNC_CD","TCD_TYPE","TFC_DETOUR_IND","TIME_OF_DAY","TOTAL_UNITS","TOT_INJ_COUNT","UNBELTED_OCC_COUNT","UNB_DEATH_COUNT","UNB_SUSP_SERIOUS_INJ_COUNT","UNK_INJ_DEG_COUNT","UNK_INJ_PER_COUNT","URBAN_RURAL","VAN_COUNT","VEHICLE_COUNT","WEATHER1","WEATHER2","WORKERS_PRES","WORK_ZONE_IND","WORK_ZONE_LOC","WORK_ZONE_TYPE","WZ_CLOSE_DETOUR","WZ_FLAGGER","WZ_LAW_OFFCR_IND","WZ_LN_CLOSURE","WZ_MOVING","WZ_OTHER","WZ_SHLDER_MDN","WZ_WORKERS_INJ_KILLED"
"2007060580","","2","0","0","0","0","0","0","0","0","4","0","","02","6","2007","2","","","1206","11","0","0","0","0","0","0","1","1","","0","0","0","","","0","","0","","","","0","","9","0","0","0","2446","0","0","0","N","0","0","0","2","02446","0","","1.0","","1","N","N","","0","","0","0","0","","0","","","2","0","0","0","0","0","1","1","0","2","","","","N","","","","","","","","","",""
"2007060589","","1","0","0","0","0","0","0","0","0","4","0","","02","6","2007","7","40.566111","-79.859438","2116","11","1","0","0","0","0","0","0","0","1","0","0","0","","","0","","2","","40 33:58.000","3","0","79 51:33.976","0","0","0","0","2209","0","0","0","N","0","0","0","3","02209","0","","1.0","","1","N","N","","0","","0","0","1","","3","N","","2","0","0","0","0","0","0","2","0","2","","","","N","","","","","","","","","",""
"2007060590","","1","0","0","0","0","0","0","0","0","1","0","","02","6","2007","2","40.4572","-80.1835","1740","11","0","1","0","0","0","0","0","0","","0","0","0","","","1","","0","","40 27:25.920","","0","80 11:00.600","4","0","0","0","2213","0","0","0","N","0","0","0","7","02213","1","","1.0","","1","N","N","","1","","0","0","0","","0","","","3","1","0","0","0","0","0","2","1","3","","","","N","","","","","","","","","",""
"2007060625","","1","0","0","0","0","0","0","0","0","4","0","","02","6","2007","3","40.633889","-80.058502","1650","11","0","0","0","0","0","1","0","0","","0","0","0","","","0","","0","","40 38:02.000","","0","80 03:30.608","0","0","0","0","2216","0","0","0","N","0","0","0","2","02505","0","","1.0","","1","N","N","","1","","0","0","0","","0","","","2","0","0","0","0","0","0","2","0","2","","","","N","","","","","","","","","",""
"2007060627","","0","0","0","0","0","0","0","0","0","4","0","","02","6","2007","4","40.401521","-80.09548","1625","11","0","0","0","0","1","0","0","0","","0","0","0","","","2","","0","","40 24:05.474","","0","80 05:43.728","8","0","0","0","2415","0","0","0","N","0","0","0","2","02415","0","","1.0","","1","N","N","","0","","0","0","2","","0","","","2","2","0","0","0","2","0","2","0","2","","","","N","","","","","","","","","",""
"2007060643","","0","0","0","0","0","0","1","0","0","4","1","","02","6","2007","4","40.437737","-79.986557","0907","11","0","0","1","0","0","0","0","0","","0","0","0","","","4","","2","","40 26:15.853","","0","79 59:11.605","4","0","0","0","2301","0","0","0","N","0","0","0","6","02503","4","","1.0","","1","N","N","","0","","0","0","0","","2","","","2","4","0","0","0","0","0","2","1","2","","","","N","","","","","","","","","",""
"2007060646","","2","0","0","0","0","0","0","0","0","4","0","","02","6","2007","3","40.338611","-80.065887","1157","11","0","0","0","0","1","0","0","0","2","0","0","0","","","0","","1","","40 20:19.000","5","0","80 03:57.193","0","0","0","0","2123","0","0","0","N","0","0","0","3","02123","0","","1.0","","1","N","N","","0","","0","0","0","","2","N","","2","0","0","0","0","0","0","2","0","2","","","","N","","","","","","","","","",""
"2007060672","","1","0","0","0","0","0","0","0","0","4","0","","02","6","2007","5","40.378056","-79.989661","1637","11","0","0","0","0","0","0","0","1","","0","0","0","","","0","","2","","40 22:41.000","","0","79 59:22.779","0","0","0","0","2476","0","0","0","N","0","0","0","2","02476","0","","1.0","","1","N","N","","0","","0","0","1","","1","","","2","0","0","0","0","0","0","2","0","2","","","","N","","","","","","","","","",""
"2007060673","","2","0","0","0","0","0","0","0","0","1","0","","02","6","2007","2","40.342167","-80.016201","1103","11","0","0","0","1","0","0","0","1","","0","0","0","","","0","","1","","40 20:31.801","","0","80 00:58.324","0","0","0","0","2407","0","0","0","N","0","0","0","4","02407","0","","1.0","","1","N","N","","0","","0","0","0","","2","","","3","0","0","0","0","0","0","2","1","3","","","","N","","","","","","","","","",""
"2007060727","","1","0","0","0","0","0","0","0","0","0","0","","02","6","2007","3","40.390556","-80.073871","2205","11","0","0","0","0","0","1","0","0","1","0","0","0","","","0","","0","","40 23:26.000","6","0","80 04:25.937","0","0","0","0","2117","0","0","0","N","0","0","0","1","02117","0","","3.0","","1","N","N","","0","","0","0","0","","0","N","","1","0","0","0","0","0","0","2","0","1","","","","N","","","","","","","","","",""
"2007060732","","1","0","0","0","0","0","0","0","0","1","0","","02","5","2007","6","","","2155","11","0","0","0","0","0","0","0","0","","0","0","0","","","0","","0","","40 25:14.52","","0","80 02:25.08","0","0","0","0","2301","0","0","0","N","0","0","0","2","68B03","0","","1.0","","1","N","N","","1","","0","0","0","","0","","","2","0","0","0","0","0","0","2","0","2","","","","N","","","","","","","","","",""
"2007060802","","0","0","0","0","0","0","0","0","0","5","0","","02","5","2007","3","","","1119","11","0","0","0","0","0","0","1","0","","0","0","0","","","1","","0","","40 26:03.84","","0","80 01:12.00","4","0","0","0","2301","0","0","0","N","0","0","0","3","68B03","1","","1.0","","1","N","N","","1","","0","0","1","","0","","","2","1","0","0","0","0","0","2","0","2","","","","N","","","","","","","","","",""
"2007060817","","1","0","0","0","0","0","0","0","0","1","0","","02","5","2007","3","","","1510","11","0","0","0","0","0","0","0","0","","0","0","0","","","2","","0","","40 25:16.32","","0","80 02:38.04","4","0","0","0","2301","0","0","0","N","0","0","0","3","68B03","2","","1.0","","1","N","N","","0","","0","0","1","","0","","","2","2","1","0","0","0","0","2","0","2","","","","N","","","","","","","","","",""
"2007060818","","3","0","0","0","0","0","0","0","0","1","0","","02","5","2007","6","40.402778","-80.106533","0730","11","0","0","0","0","1","2","0","0","","0","0","0","","","0","","0","","40 24:10.000","","0","80 06:23.518","0","0","0","0","2102","0","0","0","","0","0","0","3","68B03","0","","1.0","","1","N","N","","0","","0","0","0","","0","","","3","0","0","0","0","0","0","2","0","3","","","","N","","","","","","","","","",""
"2007060828","","2","0","0","0","0","0","0","0","0","1","0","","02","5","2007","5","40.406944","-80.107386","0845","11","0","0","0","0","0","0","0","0","","0","0","0","","","0","","0","","40 24:25.000","","0","80 06:26.590","0","0","0","0","2102","0","0","0","N","0","0","0","3","68B03","0","","1.0","","1","N","N","","0","","0","0","0","","0","","","2","0","0","0","0","0","0","2","0","2","","","","N","","","","","","","","","",""
"2007060842","","1","0","0","0","0","0","0","0","0","5","0","","02","5","2007","2","","","2101","11","0","0","0","0","0","0","0","0","","0","0","0","","","2","","0","","40 29:29.04","","0","80 00:35.64","4","0","0","0","2116","0","0","0","N","0","0","0","3","68B03","2","","1.0","","1","N","N","","0","","0","0","1","","0","","","2","2","1","0","0","0","1","2","0","2","","","","N","","","","","","","","","",""
"2007060846","","1","0","0","0","0","0","0","0","0","1","0","","02","4","2007","4","","","0823","11","0","0","0","0","0","2","0","0","2","0","0","0","","","0","","0","","40 27:42.12","2","0","79 59:58.92","0","0","0","0","2301","0","0","0","","0","0","0","3","68B03","0","","1.0","","1","N","","","0","","0","0","1","","0","N","","3","0","0","0","0","0","0","2","1","3","","","","N","","","","","","","","","",""
"2007060858","","0","0","0","0","0","0","1","0","0","1","1","","02","5","2007","4","40.450983","-79.964971","1702","11","0","0","0","0","0","0","0","0","","0","0","0","","","1","","2","","40 27:03.538","","0","79 57:53.895","4","0","0","0","2301","0","0","0","N","0","0","0","23","02301","1","","1.0","","1","Y","N","","0","","0","0","0","","0","","","2","1","0","0","0","0","0","2","1","2","","","","N","","","","","","","","","",""
"2007060870","","1","0","0","0","0","0","0","0","0","4","0","","02","6","2007","5","40.655556","-80.050194","0654","11","0","0","0","0","0","0","0","0","","0","0","0","","","2","","1","","40 39:20.000","","0","80 03:00.697","3","0","0","0","2216","0","0","0","N","0","0","0","2","02505","0","","1.0","","1","N","N","","0","","2","0","1","","3","","","2","2","0","0","0","0","0","2","0","2","","","","N","","","","","","","","","",""
"2007060885","","1","0","0","0","0","0","0","0","0","99","0","","02","6","2007","5","40.627674","-79.862903","1209","11","0","0","0","0","0","0","0","0","","0","0","0","","","0","","0","","40 37:39.625","","0","79 51:46.452","0","0","0","0","2220","0","0","0","N","0","0","0","3","02220","0","","1.0","","1","N","N","","0","","0","0","0","","0","","","1","0","0","0","0","0","0","2","0","1","","","","N","","","","","","","","","",""
"2007060888","","2","0","0","0","0","0","0","0","0","4","0","35","02","6","2007","5","40.6134","-79.9474","1608","11","0","0","0","0","0","0","0","1","","0","0","0","","","0","","0","","40 36:48.240","","0","79 56:50.640","0","0","0","0","2217","0","0","0","N","0","0","0","2","02505","0","","1.0","","1","N","N","","0","","0","0","0","","0","","","2","0","0","0","0","0","0","2","0","2","","","Y","Y","2","1","","","Y","Y","","","",""
"2007060897","","2","0","0","0","0","0","0","0","0","4","0","","02","6","2007","4","40.341111","-80.022425","1434","11","0","0","0","0","0","1","0","0","1","0","0","0","","","0","","1","","40 20:28.000","1","0","80 01:20.729","0","0","0","0","2407","0","0","0","N","0","0","0","4","02407","0","","1.0","","1","N","N","","0","","0","0","0","","3","Y","","2","0","0","0","0","0","0","2","0","2","","","","N","","","","","","","","","",""
"2007060898","","2","0","0","0","0","0","0","0","0","1","0","","02","6","2007","4","40.427087","-79.890491","1500","11","0","0","0","0","0","1","0","0","1","0","0","0","","","1","","0","","40 25:37.513","1","0","79 53:25.767","8","0","0","0","2426","0","0","0","N","0","0","0","2","02426","0","","1.0","","1","N","N","","0","","0","0","0","","2","Y","","2","1","0","0","0","1","0","2","0","2","","","","N","","","","","","","","","",""
"2007060929","","1","0","0","0","0","0","0","0","0","0","1","","02","4","2007","6","40.4492","-79.7539","1321","11","0","0","0","0","0","0","0","0","","0","0","0","","","0","","0","","40 26:57.120","","0","79 45:14.040","0","0","0","0","2446","0","0","0","N","0","0","0","2","68T02","0","","1.0","","1","N","N","","1","","0","0","0","","0","","","2","0","0","0","0","0","0","2","0","2","","","","N","","","","","","","","","",""
"2007060933","","0","0","0","0","0","0","0","0","0","99","0","","02","5","2007","2","40.420278","-80.103695","1951","11","0","0","0","0","0","1","0","0","1","0","0","0","","","1","","0","","40 25:13.000","2","0","80 06:13.303","3","0","0","1","2481","0","0","0","N","0","0","0","1","68B03","0","","1.0","","1","N","N","","0","","1","0","0","","0","N","","1","1","0","0","0","0","0","2","0","1","","","","N","","","","","","","","","",""
"2007060940","","1","0","0","0","0","0","0","0","0","7","0","","02","6","2007","5","40.645571","-79.970707","1908","11","1","0","0","0","0","0","0","0","","0","0","0","","","0","","0","","40 38:44.055","","0","79 58:14.545","0","0","0","0","2217","0","0","0","N","0","0","0","2","02505","0","","5.0","","1","N","N","","0","","0","0","0","","0","","","1","0","0","0","0","0","0","2","0","1","","","","N","","","","","","","","","",""
"2007060956","","2","0","0","0","0","0","0","0","0","4","0","","02","5","2007","6","40.454367","-79.977746","0821","11","0","0","0","0","0","0","0","0","","0","0","0","","","0","","1","","40 27:15.721","","0","79 58:39.885","0","0","0","0","2301","0","0","0","N","0","0","0","2","02301","0","","1.0","","1","N","N","","0","","0","0","0","","2","","","2","0","0","0","0","0","0","2","0","2","","","","N","","","","","","","","","",""
"2007060957","","0","0","0","0","0","0","0","0","0","2","0","","02","5","2007","4","40.428611","-79.988185","0102","11","0","0","0","0","0","0","0","0","","0","0","0","","","0","","0","","40 25:43.000","","0","79 59:17.467","0","0","0","0","2301","0","0","0","N","0","0","0","2","02301","0","","1.0","","1","N","N","","0","","0","0","2","","0","","","2","0","2","0","0","0","0","2","0","2","","","","N","","","","","","","","","",""
"2007060958","","0","0","0","0","0","0","0","0","0","4","0","","02","5","2007","5","40.438835","-79.957146","1215","11","0","0","0","0","0","0","0","0","1","0","0","0","","","0","","1","","40 26:19.806","7","0","79 57:25.725","9","0","0","0","2301","0","0","0","N","0","0","0","2","02301","0","","1.0","","1","N","N","","0","","0","0","2","","3","N","","2","0","0","0","0","0","1","2","0","2","","","","N","","","","","","","","","",""
"2007060959","","1","0","0","0","0","0","0","0","0","4","1","","02","5","2007","6","40.416138","-79.925442","0927","11","0","0","0","0","0","0","0","0","1","0","1","0","","","1","","0","","40 24:58.098","1","7","79 55:31.592","8","0","0","0","2301","0","0","0","N","0","0","0","3","02301","0","","1.0","","1","N","N","","0","","0","0","0","","0","N","","2","1","0","0","0","1","0","2","0","2","","","","N","","","","","","","","","",""
"2007060960","","0","0","0","0","0","0","0","0","0","1","0","","02","5","2007","4","40.420048","-79.927295","0832","11","0","0","0","0","0","0","0","0","1","0","0","0","","","0","","0","","40 25:12.173","2","0","79 55:38.262","0","0","0","0","2301","0","0","0","N","0","0","0","3","02301","0","","1.0","","1","N","N","","0","","0","0","1","","0","N","","2","0","1","0","0","0","0","2","1","2","","","","N","","","","","","","","","",""
"2007060961","","1","0","0","0","0","0","0","0","0","1","0","","02","5","2007","6","40.451255","-79.931951","0026","11","0","0","1","0","0","0","0","0","","0","0","0","","","0","","1","","40 27:04.518","","0","79 55:55.023","0","0","0","0","2301","0","0","0","N","0","0","0","3","02302","0","","1.0","","1","N","N","","1","","0","0","0","","0","","","2","0","3","0","0","0","0","2","0","2","","","","N","","","","","","","","","",""
"2007060962","","1","0","0","0","0","0","0","0","0","4","0","","02","5","2007","3","40.413309","-79.944669","1755","11","0","0","0","0","0","0","0","0","","0","0","0","","","1","","1","","40 24:47.912","","0","79 56:40.808","4","0","0","0","2301","0","0","0","N","0","0","0","3","02301","1","","1.0","","1","N","N","","1","","0","0","0","","3","","","2","1","0","0","0","0","0","2","0","2","","","","N","","","","","","","","","",""
"2007060963","","1","0","0","0","0","0","0","0","0","4","0","","02","5","2007","6","40.389491","-80.017411","0720","11","0","0","0","0","0","0","0","0","","0","0","0","","","0","","3","","40 23:22.167","","0","80 01:02.679","0","0","0","0","2301","0","0","0","N","0","0","0","2","02301","0","","1.0","","1","N","N","","0","","0","0","1","","3","","","2","0","0","0","0","0","0","2","0","2","","","","N","","","","","","","","","",""
"2007060964","","1","0","0","1","0","0","0","0","0","8","0","","02","5","2007","6","40.42207","-79.997429","1649","11","0","0","0","0","0","0","0","0","","0","0","0","","","1","","2","","40 25:19.452","","0","79 59:50.744","4","0","0","0","2301","1","0","0","N","0","0","0","2","02301","1","","1.0","","1","N","N","","0","","0","0","0","","0","","","2","1","0","0","0","0","1","2","0","1","","","","N","","","","","","","","","",""
"2007060965","","1","0","0","0","0","0","0","0","0","1","0","","02","5","2007","6","40.451671","-80.041968","1644","11","0","0","0","0","0","0","0","0","2","0","0","0","","","2","","2","","40 27:06.015","1","0","80 02:31.084","8","0","0","0","2301","0","0","0","N","0","0","0","4","02301","0","","1.0","","1","N","N","","0","","0","0","1","","0","N","","2","2","1","0","0","2","0","2","0","2","","","","N","","","","","","","","","",""
"2007060966","","1","0","0","0","0","0","0","0","0","1","0","","02","5","2007","4","40.410833","-79.955537","9999","11","0","0","0","0","0","1","0","0","2","0","0","0","","","2","","2","","40 24:39.000","2","0","79 57:19.932","3","0","0","0","2301","0","0","0","N","0","0","0","7","02301","1","","1.0","","1","N","N","","0","","1","0","0","","0","Y","","2","2","0","0","0","0","0","2","1","2","","","","N","","","","","","","","","",""
"2007060967","","2","0","0","0","0","0","0","0","0","1","0","","02","5","2007","2","40.428316","-79.97909","2026","11","0","0","0","0","0","0","0","0","","0","0","0","","","0","","0","","40 25:41.937","","0","79 58:44.724","0","0","0","0","2301","0","0","0","N","0","0","0","1","02301","0","","6.0","","1","N","N","","0","","0","0","0","","0","","","2","0","0","0","0","0","0","2","0","2","","","","N","","","","","","","","","",""
"2007060968","","0","0","0","0","0","0","0","0","0","1","0","","02","5","2007","7","40.484334","-80.035812","2255","11","0","0","0","0","0","0","0","0","","0","0","0","","","0","","1","","40 29:03.602","","0","80 02:08.923","0","0","0","0","2301","0","0","0","N","0","0","0","4","02502","0","","1.0","","1","N","N","","0","","0","0","1","","2","","","2","0","0","0","0","0","0","2","1","2","","","","N","","","","","","","","","",""
"2007060969","","1","0","0","0","0","0","0","0","0","4","1","","02","5","2007","1","40.4548","-79.9944","0235","11","0","0","0","0","0","0","0","0","","0","1","0","","","0","","1","","40 27:17.280","","0","79 59:39.840","9","0","0","0","2301","0","0","0","N","0","0","0","2","02301","0","","1.0","","1","N","N","","0","","0","0","0","","2","","","2","0","0","0","0","0","1","2","0","2","","","","N","","","","","","","","","",""
"2007060975","","1","0","0","0","0","0","0","0","0","7","0","","02","5","2007","4","40.448961","-79.884034","9999","11","0","0","0","0","0","0","0","0","","0","0","0","","","0","","2","","40 26:56.259","","0","79 53:02.522","0","0","0","0","2301","0","0","0","N","0","0","0","1","02301","0","","5.0","","1","N","N","","0","","0","0","0","","3","","","1","0","1","0","0","0","0","2","0","1","","","","N","","","","","","","","","",""
"2007060976","","1","0","0","0","0","0","0","0","0","0","0","","02","6","2007","3","40.396105","-79.997097","1622","11","0","0","0","0","1","0","0","0","","0","0","0","","","1","","1","","40 23:45.978","","0","79 59:49.549","4","0","0","1","2301","0","0","0","N","0","0","0","2","02301","1","","1.0","","1","N","N","","0","","0","0","0","","3","","","2","1","0","0","0","0","0","2","0","2","","","","N","","","","","","","","","",""
"2007061010","","2","0","0","0","0","0","0","0","0","4","0","","02","6","2007","2","40.351576","-79.961179","1730","11","0","0","0","1","0","1","0","0","","0","0","0","","","0","","0","","40 21:05.673","","0","79 57:40.246","0","0","0","0","2403","0","0","0","N","0","0","0","2","02403","0","","1.0","","1","N","N","","0","","0","0","0","","0","","","2","0","0","0","0","0","0","2","0","2","","","","N","","","","","","","","","",""
"2007061017","","1","0","0","0","0","0","0","0","0","7","0","","02","6","2007","4","40.388283","-79.905935","1918","11","0","0","0","0","0","1","0","0","","0","0","0","","","2","","5","","40 23:17.818","","0","79 54:21.366","3","0","0","0","2448","0","0","0","N","0","0","0","2","02448","1","","4.0","","1","N","N","","0","","1","0","0","","0","","","1","2","2","0","0","0","0","2","0","1","","","","N","","","","","","","","","",""
"2007061018","","2","0","0","0","0","0","0","0","0","4","0","","02","6","2007","5","40.530556","-80.009757","1705","11","0","0","0","1","0","0","0","0","","0","0","0","","","0","","3","","40 31:50.000","","0","80 00:35.126","0","0","0","0","2116","0","0","0","N","0","0","0","3","02116","0","","1.0","","1","N","N","","0","","0","0","0","","0","","","2","0","0","0","0","0","0","2","0","2","","","","N","","","","","","","","","",""
"2007061019","","2","0","0","0","0","0","0","0","0","1","1","","02","6","2007","7","40.339167","-79.967891","1333","11","0","0","0","0","0","0","1","0","","0","0","0","","","1","","0","","40 20:21.000","","0","79 58:04.407","4","0","0","0","2454","0","0","0","N","0","0","0","5","02454","1","","1.0","","1","N","N","","0","","0","0","2","","0","","","4","1","0","0","0","0","0","2","0","4","","","","N","","","","","","","","","",""
"2007061020","","2","0","0","0","0","0","0","0","0","1","0","","02","6","2007","6","40.458082","-80.191378","2002","11","0","0","0","0","0","0","0","0","2","0","0","0","","","0","","5","","40 27:29.095","3","0","80 11:28.960","0","0","0","0","2203","0","0","0","N","0","0","0","3","02203","0","","1.0","","1","N","N","","0","","0","0","0","","2","N","","2","0","0","0","0","0","0","2","0","2","","","","N","","","","","","","","","",""
"2007061021","","1","0","0","0","0","0","0","0","0","4","0","","02","6","2007","7","40.521667","-80.048203","1147","11","1","0","0","0","1","0","0","0","2","0","0","0","","","7","","2","","40 31:18.000","7","0","80 02:53.532","4","0","0","0","2116","0","0","0","N","0","0","0","7","02116","6","","1.0","","1","N","N","","0","","0","0","1","","0","Y","","2","7","0","0","0","1","0","2","0","2","","","","N","","","","","","","","","",""
"2007061040","","0","0","0","0","0","0","0","0","0","99","0","","02","4","2007","6","40.4182","-79.732","1957","11","0","0","0","0","0","0","0","0","","0","0","0","","","1","","0","","40 25:05.520","","0","79 43:55.200","8","0","0","0","2446","0","0","0","N","0","0","0","1","68T04","0","","1.0","","1","N","N","","0","","0","0","0","","0","","","1","1","0","0","0","1","0","2","1","1","","","","N","","","","","","","","","",""
"2007061049","","1","0","0","0","0","0","0","0","0","4","0","","02","6","2007","7","40.538","-79.8341","1818","11","0","1","0","0","0","0","0","0","2","0","0","0","","","2","","0","","40 32:16.800","5","0","79 50:02.760","4","0","0","0","2208","0","0","0","N","0","0","0","3","02208","1","","1.0","","1","N","N","","1","","0","0","0","","0","N","","2","2","1","0","0","1","0","2","0","2","","","","N","","","","","","","","","",""
"2007061056","","1","0","0","0","0","0","0","0","0","7","0","","02","6","2007","7","40.39481","-79.89144","2254","11","0","0","0","0","0","0","0","0","2","0","0","0","","","0","","0","","40 23:41.317","5","0","79 53:29.183","0","0","0","0","2448","0","0","0","N","0","0","0","1","02448","0","","5.0","","1","N","N","","0","","0","0","0","","0","N","","1","0","0","0","0","0","0","2","0","1","","","","N","","","","","","","","","",""
"2007061059","","1","0","0","0","0","0","0","0","0","7","0","","02","6","2007","1","40.388478","-79.909144","0150","11","0","0","0","0","0","0","0","0","2","0","0","0","","","0","","3","","40 23:18.520","1","0","79 54:32.918","0","0","0","0","2448","0","0","0","N","0","0","0","1","02448","0","","5.0","","1","N","N","","0","","0","0","0","","0","N","","1","0","0","0","0","0","0","2","0","1","","","","N","","","","","","","","","",""
"2007061060","","2","0","0","0","0","0","0","0","0","4","0","","02","6","2007","3","40.658889","-79.974514","0934","11","0","0","0","0","0","1","0","0","","0","0","0","","","0","","2","","40 39:32.000","","0","79 58:28.250","0","0","0","0","2217","0","0","0","N","0","0","0","2","02505","0","","1.0","","1","N","N","","0","","0","0","0","","3","","","2","0","0","0","0","0","0","1","0","2","","","","N","","","","","","","","","",""
"2007061062","","0","0","0","0","0","0","0","0","0","7","0","","02","6","2007","5","40.4604","-79.724","2016","11","0","0","0","0","0","0","0","0","1","0","0","0","","","0","","0","","40 27:37.440","5","0","79 43:26.400","0","0","0","0","2466","0","0","0","N","0","0","0","1","02466","0","","2.0","","1","N","N","","1","","0","0","0","","0","N","","1","0","0","0","0","0","0","2","0","1","","","","N","","","","","","","","","",""
"2007061063","","1","0","0","0","0","0","0","0","0","7","0","","02","6","2007","7","","","1402","11","0","0","0","0","0","1","0","0","","0","0","0","","","1","","0","","","","0","","8","0","0","0","2403","0","0","0","N","0","0","0","1","02403","0","","4.0","","1","N","N","","0","","0","0","0","","0","","","1","1","1","0","0","1","0","1","0","1","","","","N","","","","","","","","","",""
"2007061070","","1","0","0","0","0","0","0","0","0","7","0","","02","6","2007","7","40.505278","-79.997095","1330","11","0","0","0","0","0","0","0","0","2","0","0","0","","","1","","0","","40 30:19.000","4","0","79 59:49.543","4","0","0","0","2116","0","0","0","N","0","0","0","1","02116","1","","5.0","","1","N","N","","0","","0","0","0","","0","N","","1","1","1","0","0","0","0","2","0","1","","","","N","","","","","","","","","",""
"2007061072","","0","0","0","0","0","0","0","0","0","99","0","","02","6","2007","1","","","1033","11","0","0","0","0","0","0","0","0","1","0","0","0","","","1","","0","","","2","0","","3","0","0","1","2219","0","0","0","N","0","0","0","1","02219","0","","1.0","","1","N","N","","0","","1","0","0","","0","N","","1","1","0","0","0","0","0","1","0","1","","","","N","","","","","","","","","",""
"2007061075","","0","0","0","0","0","0","0","0","0","4","0","","02","6","2007","7","","","1306","11","0","0","0","0","0","1","0","0","","0","0","0","","","2","","1","","40 28:22.44","","2","80 13:20.64","4","0","0","0","2203","0","0","0","N","0","0","0","7","02203","2","","1.0","","1","N","N","","0","","0","0","1","","3","","","2","2","0","0","0","0","0","2","1","2","","","","N","","","","","","","","","",""
"2007061085","","1","0","0","0","0","0","0","0","0","7","0","","02","6","2007","7","40.557201","-80.139468","2325","11","0","0","1","0","0","0","0","0","","0","0","0","","","0","","2","","40 33:25.923","","0","80 08:22.084","0","0","0","0","2459","0","0","0","","0","0","0","2","02459","0","","2.0","","1","","","","0","","0","0","0","","0","","","1","0","0","0","0","0","0","1","0","1","","","","N","","","","","","","","","",""
"2007061087","","1","0","0","0","0","0","0","0","0","5","0","","02","6","2007","1","40.325278","-79.94396","1502","11","0","1","0","0","0","0","0","0","2","0","0","0","","","1","","0","","40 19:31.000","1","0","79 56:38.255","3","0","0","0","2454","0","0","0","N","0","0","0","2","02454","0","","1.0","","1","N","N","","0","","1","0","1","","0","Y","","2","1","0","0","0","0","0","2","0","2","","","","N","","","","","","","","","",""
"2007061096","","1","0","0","0","0","0","0","0","0","4","0","","02","6","2007","5","40.433889","-79.751891","1741","11","0","0","0","0","0","0","1","0","1","0","0","0","","","1","","0","","40 26:02.000","4","0","79 45:06.807","3","0","0","0","2446","0","0","0","N","0","0","0","3","02446","0","","1.0","","1","N","N","","0","","1","0","1","","0","N","","2","1","0","0","0","0","0","2","0","2","","","","N","","","","","","","","","",""
"2007061105","","1","0","0","0","0","0","1","0","0","4","1","","02","6","2007","1","40.4447","-79.86127","1830","11","0","0","0","0","0","1","0","0","2","0","0","0","","","1","","2","","40 26:40.919","7","0","79 51:40.573","8","0","0","0","2478","0","0","0","N","0","0","0","6","02503","0","","1.0","","1","N","N","","0","","0","0","0","","0","Y","","2","1","0","0","0","1","0","2","0","2","","","","N","","","","","","","","","",""
"2007061112","","1","0","0","0","0","0","0","0","0","7","0","","02","6","2007","7","40.29708","-79.972435","0226","11","0","0","0","0","0","0","0","0","","0","0","0","","","1","","0","","40 17:49.489","","0","79 58:20.767","4","0","0","0","2440","0","0","0","N","0","0","0","1","02440","1","","2.0","","1","N","N","","0","","0","0","0","","0","","","1","1","0","0","0","0","0","2","0","1","","","","N","","","","","","","","","",""