"CRN","ARRIVAL_TM","AUTOMOBILE_COUNT","BELTED_DEATH_COUNT","BELTED_SUSP_SERIOUS_INJ_COUNT","BICYCLE_COUNT","BICYCLE_DEATH_COUNT","BICYCLE_SUSP_SERIOUS_INJ_COUNT","BUS_COUNT","CHLDPAS_DEATH_COUNT","CHLDPAS_SUSP_SERIOUS_INJ_COUNT","COLLISION_TYPE","COMM_VEH_COUNT","CONS_ZONE_SPD_LIM","COUNTY","CRASH_MONTH","CRASH_YEAR","DAY_OF_WEEK","DEC_LATITUDE","DEC_LONGITUDE","DISPATCH_TM","DISTRICT","DRIVER_COUNT_16YR","DRIVER_COUNT_17YR","DRIVER_COUNT_18YR","DRIVER_COUNT_19YR","DRIVER_COUNT_20YR","DRIVER_COUNT_50_64YR","DRIVER_COUNT_65_74YR","DRIVER_COUNT_75PLUS","EST_HRS_CLOSED","FATAL_COUNT","HEAVY_TRUCK_COUNT","HORSE_BUGGY_COUNT","HOUR_OF_DAY","ILLUMINATION","INJURY_COUNT","INTERSECTION_RELATED","INTERSECT_TYPE","LANE_CLOSED","LATITUDE","LN_CLOSE_DIR","LOCATION_TYPE","LONGITUDE","MAX_SEVERITY_LEVEL","MCYCLE_DEATH_COUNT","MCYCLE_SUSP_SERIOUS_INJ_COUNT","MOTORCYCLE_COUNT","MUNICIPALITY","NONMOTR_COUNT","NONMOTR_DEATH_COUNT","NONMOTR_SUSP_SERIOUS_INJ_COUNT","NTFY_HIWY_MAINT","PED_COUNT","PED_DEATH_COUNT","PED_SUSP_SERIOUS_INJ_COUNT","PERSON_COUNT","POLICE_AGCY","POSSIBLE_INJ_COUNT","RDWY_SURF_TYPE_CD","RELATION_TO_ROAD","ROADWAY_CLEARED","ROAD_CONDITION","SCH_BUS_IND","SCH_ZONE_IND","SECONDARY_CRASH","SMALL_TRUCK_COUNT","SPEC_JURIS_CD","SUSP_MINOR_INJ_COUNT","SUSP_SERIOUS_INJ_COUNT","SUV_COUNT","TCD_FUNC_CD","TCD_TYPE","TFC_DETOUR_IND","TIME_OF_DAY","TOTAL_UNITS","TOT_INJ_COUNT","UNBELTED_OCC_COUNT","UNB_DEATH_COUNT","UNB_SUSP_SERIOUS_INJ_COUNT","UNK_INJ_DEG_COUNT","UNK_INJ_PER_COUNT","URBAN_RURAL","VAN_COUNT","VEHICLE_COUNT","WEATHER1","WEATHER2","WORKERS_PRES","WORK_ZONE_IND","WORK_ZONE_LOC","WORK_ZONE_TYPE","WZ_CLOSE_DETOUR","WZ_FLAGGER","WZ_LAW_OFFCR_IND","WZ_LN_CLOSURE","WZ_MOVING","WZ_OTHER","WZ_SHLDER_MDN","WZ_WORKERS_INJ_KILLED"
"2007063429","","2","0","0","0","0","0","0","0","0","1","0","","02","6","2007","3","40.475","-79.772879","0817","11","0","0","0","0","0","0","1","0","2","0","0","0","","","0","","2","","40 28:30.000","2","0","79 46:22.366","0","0","0","0","2466","0","0","0","N","0","0","0","3","02466","0","","1.0","","1","N","N","","1","","0","0","0","","3","N","","3","0","0","0","0","0","0","2","0","3","","","","N","","","","","","","","","",""
"2007063436","","0","0","0","0","0","0","0","0","0","7","0","","02","6","2007","3","","","1240","11","0","0","0","0","0","0","0","0","1","0","0","0","","","0","","1","","","1","0","","9","0","0","0","2111","0","0","0","N","0","0","0","1","02111","0","","2.0","","9","N","N","","0","","0","0","1","","0","N","","1","0","0","0","0","0","1","1","0","1","","","","N","","","","","","","","","",""
"2007063438","","0","0","0","0","0","0","0","0","0","7","0","","02","6","2007","3","40.321312","-80.0976","1213","11","0","0","0","0","0","0","0","0","2","0","0","0","","","1","","0","","40 19:16.722","1","0","80 05:51.359","4","0","0","0","2123","0","0","0","N","0","0","0","2","02123","1","","2.0","","9","N","N","","0","","0","0","1","","0","N","","1","1","0","0","0","0","0","2","0","1","","","","N","","","","","","","","","",""
"2007063446","","0","0","0","0","0","0","0","0","0","7","1","","02","6","2007","2","40.215278","-79.954128","1256","11","0","0","0","0","0","0","0","0","4","0","1","0","","","0","","0","","40 12:55.000","5","0","79 57:14.859","0","0","0","0","2204","0","0","0","Y","0","0","0","1","02204","0","","2.0","","1","N","N","","0","","0","0","0","","0","Y","","1","0","0","0","0","0","0","2","0","1","","","","N","","","","","","","","","",""
"2007063463","","1","0","0","0","0","0","0","0","0","4","0","","02","6","2007","3","","","1411","11","0","0","0","0","0","1","0","0","1","0","0","0","","","1","","10","","","2","0","","8","0","0","0","2428","0","0","0","N","0","0","0","4","02428","0","","1.0","","1","N","N","","0","","0","0","1","","3","N","","2","1","0","0","0","1","0","1","0","2","","","","N","","","","","","","","","",""
"2007063469","","1","0","0","0","0","0","0","0","0","7","0","","02","6","2007","3","40.34079","-79.984845","1109","11","0","0","0","0","0","0","1","0","","0","0","0","","","1","","0","","40 20:26.845","","0","79 59:05.441","8","0","0","0","2403","0","0","0","N","0","0","0","1","02403","0","","2.0","","1","N","N","","0","","0","0","0","","0","","","1","1","0","0","0","1","0","2","0","1","","","","N","","","","","","","","","",""
"2007063472","","1","0","0","0","0","0","0","0","0","7","0","","02","6","2007","3","40.525631","-79.841091","2250","11","0","0","0","0","0","0","0","0","","0","0","0","","","1","","0","","40 31:32.272","","0","79 50:27.927","4","0","0","0","2451","0","0","0","N","0","0","0","1","02451","1","","5.0","","9","N","N","","0","","0","0","0","","0","","","1","1","0","0","0","0","0","2","0","1","","","","N","","","","","","","","","",""
"2007063473","","1","0","0","0","0","0","0","0","0","8","0","","02","6","2007","2","40.523933","-80.189663","1704","11","0","0","0","0","1","0","0","0","","0","0","0","","","1","","0","","40 31:26.158","","0","80 11:22.786","4","0","0","0","2213","1","0","0","N","1","0","0","2","02213","1","","1.0","","1","N","N","","0","","0","0","0","","0","","","2","1","1","0","0","0","0","2","0","1","","","","N","","","","","","","","","",""
"2007063483","","0","0","0","0","0","0","1","0","0","4","1","","02","6","2007","4","40.456667","-79.938579","1600","11","0","0","0","0","0","1","0","0","1","0","0","0","","","1","","1","","40 27:24.000","4","0","79 56:18.885","4","0","0","1","2301","0","0","0","N","0","0","0","2","02503","1","","1.0","","1","N","N","","0","","0","0","0","","2","N","","2","1","0","0","0","0","0","2","0","2","","","","N","","","","","","","","","",""
"2007063499","","2","0","0","0","0","0","0","0","0","4","0","","02","6","2007","4","40.335556","-79.947215","1843","11","0","0","0","0","0","0","0","0","1","0","0","0","","","0","","0","","40 20:08.000","1","0","79 56:49.974","0","0","0","0","2454","0","0","0","N","0","0","0","4","02454","0","","1.0","","1","N","N","","0","","0","0","0","","3","N","","2","0","1","0","0","0","0","2","0","2","","","","N","","","","","","","","","",""
"2007063501","","2","0","0","0","0","0","0","0","0","1","0","","02","6","2007","1","40.5299","-80.0092","2104","11","0","0","0","0","0","1","0","0","1","0","0","0","","","1","","0","","40 31:47.640","1","0","80 00:33.120","4","0","0","0","2116","0","0","0","N","0","0","0","2","02116","1","","1.0","","1","N","N","","0","","0","0","0","","0","N","","2","1","0","0","0","0","0","2","0","2","","","","N","","","","","","","","","",""
"2007063505","","0","0","0","0","0","0","0","0","0","99","0","","02","6","2007","3","40.540521","-80.032281","1957","11","0","0","0","0","0","0","0","0","","0","0","0","","","1","","2","","40 32:25.875","","0","80 01:56.211","3","0","0","1","2116","0","0","0","N","0","0","0","1","02116","0","","1.0","","1","N","N","","0","","1","0","0","","3","","","1","1","0","0","0","0","0","2","0","1","","","","N","","","","","","","","","",""
"2007063526","","1","0","0","0","0","0","0","0","0","7","0","","02","6","2007","4","40.510278","-79.763807","2204","11","0","1","0","0","0","0","0","0","2","0","0","0","","","3","","0","","40 30:37.000","1","0","79 45:49.706","4","0","0","0","2466","0","0","0","Y","0","0","0","3","02466","2","","2.0","","1","N","N","","0","","0","0","0","","0","N","","1","3","0","0","0","1","0","1","0","1","","","","N","","","","","","","","","",""
"2007063531","","0","0","0","0","0","0","0","0","0","0","0","","02","6","2007","6","40.393134","-79.803715","1733","11","0","0","0","0","0","0","0","0","","0","0","0","","","1","","0","","40 23:35.282","","0","79 48:13.374","4","0","0","0","2470","0","0","0","N","0","0","0","1","02424","1","","1.0","","9","N","N","","1","","0","0","0","","0","","","1","1","1","0","0","0","0","2","0","1","","","","N","","","","","","","","","",""
"2007063533","","0","0","0","0","0","0","0","0","0","0","1","","02","6","2007","3","40.429839","-80.145416","0600","11","0","0","0","0","0","1","0","0","","0","1","0","","","0","","0","","40 25:47.420","","0","80 08:43.496","0","0","0","0","2102","0","0","0","N","0","0","0","1","02102","0","","2.0","","9","N","N","","0","","0","0","0","","0","","","1","0","0","0","0","0","0","2","0","1","","","","N","","","","","","","","","",""
"2007063539","","1","0","0","0","0","0","0","0","0","4","0","","02","6","2007","2","40.559899","-79.838087","1340","11","0","0","0","0","0","0","0","0","1","0","0","0","","","1","","0","","40 33:35.636","1","0","79 50:17.114","8","0","0","0","2208","0","0","0","N","0","0","0","2","02208","0","","1.0","","1","N","N","","1","","0","0","0","","0","N","","2","1","0","0","0","1","0","1","0","2","","","","N","","","","","","","","","",""
"2007063550","","2","0","0","0","0","0","0","0","0","4","0","","02","6","2007","5","40.44501","-79.705299","0754","11","0","0","0","0","0","1","0","0","1","0","0","0","","","1","","2","","40 26:42.035","3","0","79 42:19.077","8","0","0","0","2446","0","0","0","N","0","0","0","2","02446","0","","1.0","","1","N","N","","0","","0","0","0","","0","N","","2","1","0","0","0","1","0","2","0","2","","","","N","","","","","","","","","",""
"2007063551","","0","0","0","0","0","0","0","0","0","5","0","","02","6","2007","4","40.423611","-80.043916","1357","11","0","0","0","1","0","0","0","0","","0","0","0","","","0","","0","","40 25:25.000","","0","80 02:38.099","0","0","0","0","2435","0","0","0","N","0","0","0","2","02435","0","","1.0","","1","N","N","","1","","0","0","1","","8","","","2","0","0","0","0","0","0","2","0","2","","","","N","","","","","","","","","",""
"2007063554","","0","0","0","0","0","0","0","0","0","4","0","","02","6","2007","4","40.639716","-79.953888","1233","11","0","0","0","0","0","0","0","0","","0","0","0","","","3","","1","","40 38:22.977","","0","79 57:13.996","8","0","0","0","2217","0","0","0","N","0","0","0","4","02505","0","","1.0","","1","N","N","","0","","0","0","1","","3","","","2","3","0","0","0","3","0","2","1","2","","","","N","","","","","","","","","",""
"2007063567","","1","0","0","1","0","0","0","0","0","4","0","","02","6","2007","1","40.628056","-80.023909","1127","11","0","0","0","0","0","0","0","1","1","0","0","0","","","1","","1","","40 37:41.000","5","0","80 01:26.074","8","0","0","0","2216","1","0","0","N","0","0","0","3","02505","0","","1.0","","1","N","N","","0","","0","0","0","","2","N","","2","1","0","0","0","1","0","1","0","1","","","","N","","","","","","","","","",""
"2007063572","","1","0","0","0","0","0","0","0","0","4","0","","02","6","2007","4","40.628","-80.0558","1902","11","0","0","0","0","0","0","0","0","1","0","0","0","","","1","","0","","40 37:40.800","1","0","80 03:20.880","4","0","0","0","2216","0","0","0","N","0","0","0","2","02505","1","","1.0","","1","N","N","","1","","0","0","0","","0","N","","2","1","0","0","0","0","0","2","0","2","","","","N","","","","","","","","","",""
"2007063573","","1","0","0","0","0","0","0","0","0","4","0","","02","6","2007","2","40.386583","-79.905514","1433","11","0","0","0","0","0","0","0","0","1","0","0","0","","","1","","1","","40 23:11.698","3","0","79 54:19.850","8","0","0","0","2448","0","0","0","N","0","0","0","4","02448","0","","1.0","","1","N","N","","0","","0","0","0","","3","N","","2","1","0","0","0","1","0","2","1","2","","","","N","","","","","","","","","",""
"2007063574","","1","0","0","0","0","0","0","0","0","1","0","","02","6","2007","5","40.4353","-79.8243","1530","11","0","0","0","0","0","0","1","0","1","0","0","0","","","0","","1","","40 26:07.080","4","0","79 49:27.480","0","0","0","0","2419","0","0","0","N","0","0","0","2","02419","0","","1.0","","9","N","N","","0","","0","0","0","","0","N","","2","0","0","0","0","0","0","2","1","2","","","","N","","","","","","","","","",""
"2007063577","","2","0","0","0","0","0","0","0","0","5","0","","02","6","2007","5","40.4378","-79.8296","1730","11","0","0","0","0","0","1","0","0","1","0","0","0","","","1","","0","","40 26:16.080","3","0","79 49:46.560","4","0","0","0","2419","0","0","0","N","0","0","0","3","02419","1","","1.0","","9","N","N","","0","","0","0","0","","0","N","","2","1","0","0","0","0","0","2","0","2","","","","N","","","","","","","","","",""
"2007063579","","2","0","0","0","0","0","0","0","0","1","0","","02","6","2007","4","40.37","-80.010535","1355","11","0","0","0","1","1","0","0","0","1","0","0","0","","","1","","0","","40 22:12.000","1","0","80 00:37.925","8","0","0","0","2416","0","0","0","N","0","0","0","4","02416","0","","1.0","","1","N","N","","0","","0","0","1","","0","Y","","3","1","0","0","0","1","0","2","0","3","","","","N","","","","","","","","","",""
"2007063610","","2","0","0","0","0","0","0","0","0","2","0","","02","6","2007","5","40.382296","-79.812389","1802","11","0","0","0","0","0","0","0","0","","0","0","0","","","0","","1","","40 22:56.265","","0","79 48:44.600","0","0","0","0","2424","0","0","0","N","0","0","0","2","02424","0","","1.0","","9","N","N","","0","","0","0","0","","3","","","2","0","0","0","0","0","0","2","0","2","","","","N","","","","","","","","","",""
"2007063611","","1","0","0","0","0","0","0","0","0","7","0","","02","6","2007","5","40.4749","-79.9712","1734","11","0","0","0","0","0","0","0","0","1","0","0","0","","","0","","0","","40 28:29.640","2","0","79 58:16.320","9","0","0","0","2118","0","0","0","Y","0","0","0","1","02118","0","","7.0","","9","N","N","","0","","0","0","0","","0","N","","1","0","0","0","0","0","1","2","0","1","","","","N","","","","","","","","","",""
"2007063612","","1","0","0","0","0","0","0","0","0","4","0","","02","6","2007","5","40.392222","-80.067242","1552","11","0","0","0","0","0","0","0","1","","0","0","0","","","0","","0","","40 23:32.000","","0","80 04:02.071","0","0","0","0","2117","0","0","0","N","0","0","0","2","02117","0","","1.0","","1","N","N","","0","","0","0","1","","0","","","2","0","0","0","0","0","0","2","0","2","","","","N","","","","","","","","","",""
"2007063613","","2","0","0","0","0","0","0","0","0","4","0","","02","6","2007","3","40.248611","-79.877087","2235","11","0","0","0","1","0","0","0","0","","0","0","0","","","0","","2","","40 14:55.000","","0","79 52:37.513","0","0","0","0","2204","0","0","0","N","0","0","0","2","02204","0","","1.0","","9","N","N","","0","","0","0","0","","2","","","2","0","0","0","0","0","0","1","0","2","","","","N","","","","","","","","","",""
"2007063616","","0","0","0","0","0","0","0","0","0","7","0","","02","6","2007","5","40.46554","-80.112754","1652","11","1","0","0","0","0","0","0","0","","0","0","0","","","1","","0","","40 27:55.945","","0","80 06:45.916","4","0","0","0","2126","0","0","0","N","0","0","0","1","02126","1","","5.0","","9","N","N","","0","","0","0","1","","0","","","1","1","0","0","0","0","0","2","0","1","","","","N","","","","","","","","","",""
"2007063619","","0","0","0","0","0","0","0","0","0","0","0","","02","6","2007","5","40.339067","-79.965363","1926","11","0","0","1","0","0","0","0","0","2","0","0","0","","","1","","2","","40 20:20.641","6","0","79 57:55.306","4","0","0","0","2454","0","0","0","N","0","0","0","9","02454","1","","1.0","","1","N","N","","0","","0","0","1","","3","Y","","1","1","5","0","0","0","0","2","0","1","","","","N","","","","","","","","","",""
"2007063620","","0","0","0","0","0","0","0","0","0","7","0","","02","6","2007","5","40.375892","-80.088583","2114","11","0","0","0","0","0","0","0","0","1","0","0","0","","","1","","2","","40 22:33.211","4","0","80 05:18.898","8","0","0","0","2117","0","0","0","N","0","0","0","1","02117","0","","2.0","","1","N","N","","0","","0","0","1","","0","Y","","1","1","0","0","0","1","0","2","0","1","","","","N","","","","","","","","","",""
"2007063621","","2","0","0","0","0","0","0","0","0","4","0","","02","6","2007","5","40.4439","-79.9388","0852","11","0","0","0","0","0","0","0","0","2","0","0","0","","","1","","1","","40 26:38.040","6","0","79 56:19.680","4","0","0","0","2301","0","0","0","N","0","0","0","3","02301","1","","1.0","","1","N","N","","0","","0","0","0","","2","N","","2","1","1","0","0","0","0","2","0","2","","","","N","","","","","","","","","",""
"2007063622","","3","0","0","0","0","0","0","0","0","4","0","","02","6","2007","7","40.429167","-79.999223","1950","11","0","0","0","0","0","0","0","0","2","0","0","0","","","2","","1","","40 25:45.000","4","0","79 59:57.204","4","0","0","0","2301","0","0","0","N","0","0","0","5","02301","1","","1.0","","1","N","N","","0","","0","0","0","","2","N","","3","2","0","0","0","1","0","2","0","3","","","","N","","","","","","","","","",""
"2007063623","","1","0","0","0","0","0","0","0","0","7","0","","02","6","2007","4","40.4352","-79.9858","0257","11","0","0","0","0","0","0","0","0","1","0","0","0","","","0","","0","","40 26:06.720","3","0","79 59:08.880","0","0","0","0","2301","0","0","0","N","0","0","0","2","02301","0","","3.0","","1","N","N","","0","","0","0","0","","0","N","","1","0","0","0","0","0","0","2","0","1","","","","N","","","","","","","","","",""
"2007063625","","2","0","0","0","0","0","0","0","0","4","0","","02","6","2007","1","40.453889","-79.912399","1700","11","0","0","0","1","0","0","0","0","1","0","0","0","","","1","","1","","40 27:14.000","2","0","79 54:44.638","8","0","0","0","2301","0","0","0","N","0","0","0","4","02301","0","","1.0","","1","N","N","","0","","0","0","0","","2","N","","2","1","1","0","0","1","0","2","0","2","","","","N","","","","","","","","","",""
"2007063664","","1","0","0","0","0","0","0","0","0","1","0","","02","6","2007","5","40.4722","-80.2218","1422","11","0","0","0","0","0","1","0","0","","0","0","0","","","0","","0","","40 28:19.920","","0","80 13:18.480","0","0","0","0","2203","0","0","0","N","0","0","0","3","02203","0","","1.0","","1","N","N","","0","","0","0","0","","0","","","2","0","0","0","0","0","0","2","1","2","","","","N","","","","","","","","","",""
"2007063708","","1","0","0","1","0","0","0","0","0","8","0","","02","6","2007","7","40.446961","-79.948995","1656","11","0","0","0","0","0","0","1","0","","0","0","0","","","1","","1","","40 26:49.059","","0","79 56:56.382","3","0","0","0","2301","1","0","0","N","0","0","0","2","02301","0","","1.0","","1","N","N","","0","","1","0","0","","2","","","2","1","0","0","0","0","0","2","0","1","","","","N","","","","","","","","","",""
"2007063709","","1","0","0","0","0","0","0","0","0","4","0","","02","6","2007","4","40.43623","-79.952809","2322","11","0","0","0","0","0","0","0","0","2","0","0","0","","","1","","1","","40 26:10.427","5","0","79 57:10.114","8","0","0","0","2301","0","0","0","N","0","0","0","4","02301","0","","1.0","","1","N","N","","1","","0","0","0","","1","N","","2","1","0","0","0","1","0","2","0","2","","","","N","","","","","","","","","",""
"2007063710","","0","0","0","0","0","0","0","0","0","8","0","","02","6","2007","6","40.437845","-79.922963","2110","11","0","0","0","0","0","0","0","0","","0","0","0","","","0","","0","","40 26:16.242","","0","79 55:22.666","0","0","0","0","2301","1","0","0","N","1","0","0","2","02301","0","","1.0","","9","N","N","","0","","0","0","1","","0","","","2","0","0","0","0","0","0","2","0","1","","","","N","","","","","","","","","",""
"2007063711","","0","0","0","0","0","0","0","0","0","7","0","","02","6","2007","5","40.4742","-79.9082","1842","11","0","0","0","0","0","0","0","0","","0","0","0","","","0","","2","","40 28:27.120","","0","79 54:29.520","0","0","0","0","2301","0","0","0","N","0","0","0","1","02301","0","","4.0","","1","N","N","","0","","0","0","1","","2","","","1","0","0","0","0","0","0","2","0","1","","","","N","","","","","","","","","",""
"2007063712","","0","0","0","0","0","0","0","0","0","8","0","","02","6","2007","2","40.4385","-79.961171","1510","11","0","0","0","0","0","1","0","0","","0","0","0","","","1","","1","","40 26:18.601","","0","79 57:40.215","4","0","0","0","2301","1","0","0","N","1","0","0","2","02301","1","","1.0","","9","N","N","","1","","0","0","0","","0","","","2","1","0","0","0","0","0","2","0","1","","","","N","","","","","","","","","",""
"2007063713","","2","0","0","0","0","0","0","0","0","1","0","","02","6","2007","4","40.459722","-79.984309","1133","11","0","0","0","0","1","0","0","0","","1","0","0","","","1","","0","","40 27:35.000","","0","79 59:03.513","1","0","0","0","2301","0","0","0","N","0","0","0","4","02301","0","2","1.0","","1","N","N","","0","0","0","0","0","","0","","","3","1","0","0","0","1","0","2","1","3","","","","N","","","","","","","","","",""
"2007063714","","2","0","0","0","0","0","0","0","0","6","0","","02","4","2007","4","40.463586","-79.952975","1342","11","0","0","0","0","0","0","0","0","","0","0","0","","","1","","1","","40 27:48.909","","0","79 57:10.710","4","0","0","0","2301","0","0","0","N","0","0","0","3","02301","1","","1.0","","9","N","N","","0","","0","0","1","","2","","","3","1","1","0","0","0","0","2","0","3","","","","N","","","","","","","","","",""
"2007063715","","1","0","0","0","0","0","0","0","0","7","0","","02","6","2007","7","40.395818","-80.027031","0315","11","0","0","0","0","0","0","0","0","","0","0","0","","","1","","2","","40 23:44.944","","0","80 01:37.311","4","0","0","0","2301","0","0","0","N","0","0","0","1","02301","1","","5.0","","9","N","N","","0","","0","0","0","","0","","","1","1","0","0","0","0","0","2","0","1","","","","N","","","","","","","","","",""
"2007063716","","2","0","0","0","0","0","0","0","0","1","0","","02","6","2007","1","40.410833","-80.00602","1035","11","0","0","1","1","0","0","0","0","","0","0","0","","","2","","2","","40 24:39.000","","0","80 00:21.671","4","0","0","0","2301","0","0","0","N","0","0","0","3","02301","1","","1.0","","1","N","N","","0","","0","0","0","","2","","","2","2","0","0","0","1","0","2","0","2","","","","N","","","","","","","","","",""
"2007063717","","2","0","0","0","0","0","0","0","0","2","0","","02","6","2007","2","40.41873","-79.972016","0013","11","0","0","0","0","0","0","0","0","","0","0","0","","","0","","0","","40 25:07.428","","0","79 58:19.257","0","0","0","0","2301","0","0","0","N","0","0","0","1","02301","0","","6.0","","1","N","N","","0","","0","0","0","","0","","","2","0","1","0","0","0","0","2","0","2","","","","N","","","","","","","","","",""
"2007063718","","1","0","0","0","0","0","0","0","0","8","0","","02","6","2007","3","40.394873","-80.02929","1921","11","0","0","0","0","0","1","0","0","","0","0","0","","","1","","0","","40 23:41.542","","0","80 01:45.444","4","0","0","0","2301","1","0","0","N","1","0","0","2","02301","1","","1.0","","1","N","N","","0","","0","0","0","","0","","","2","1","0","0","0","0","0","2","0","1","","","","N","","","","","","","","","",""
"2007063719","","2","0","0","0","0","0","0","0","0","4","0","","02","6","2007","3","40.4287","-79.9898","1453","11","0","0","0","0","0","1","0","0","","0","0","0","","","0","","1","","40 25:43.320","","0","79 59:23.280","0","0","0","0","2301","0","0","0","N","0","0","0","2","02301","0","","1.0","","9","N","N","","0","","0","0","0","","3","","","2","0","0","0","0","0","0","2","0","2","","","","N","","","","","","","","","",""
"2007063720","","2","0","0","0","0","0","0","0","0","4","0","","02","6","2007","7","40.393031","-80.013209","1215","11","0","0","2","0","0","0","0","0","","0","0","0","","","0","","1","","40 23:34.911","","0","80 00:47.552","9","0","0","0","2301","0","0","0","N","0","0","0","2","02301","0","","1.0","","1","N","N","","0","","0","0","0","","3","","","2","0","0","0","0","0","1","2","0","2","","","","N","","","","","","","","","",""
"2007063721","","1","0","0","0","0","0","0","0","0","1","0","","02","6","2007","5","40.4284","-79.9735","1657","11","0","0","0","0","0","0","0","0","","0","0","0","","","1","","2","","40 25:42.240","","0","79 58:24.600","4","0","0","0","2301","0","0","0","N","0","0","0","2","02301","1","","1.0","","1","N","N","","0","","0","0","1","","0","","","2","1","0","0","0","0","0","2","0","2","","","","N","","","","","","","","","",""
"2007063722","","1","0","0","0","0","0","0","0","0","7","0","","02","6","2007","5","","","1950","11","0","0","0","0","0","1","0","0","","0","0","0","","","0","","0","","","","7","","0","0","0","0","2301","0","0","0","N","0","0","0","1","02301","0","","5.0","","1","N","N","","0","","0","0","0","","0","","","1","0","0","0","0","0","0","1","0","1","","","","N","","","","","","","","","",""
"2007063723","","1","0","0","0","0","0","0","0","0","7","0","","02","6","2007","7","40.4275","-80.023458","0005","11","0","0","0","0","0","0","0","0","","0","0","0","","","0","","0","","40 25:39.000","","0","80 01:24.449","9","0","0","0","2301","0","0","0","N","0","0","0","1","02301","0","","5.0","","9","N","N","","0","","0","0","0","","0","","","1","0","0","0","0","0","1","2","0","1","","05","","N","","","","","","","","","",""
"2007063724","","1","0","0","0","0","0","0","0","0","4","0","","02","6","2007","7","40.424053","-80.009258","1610","11","0","0","0","0","0","1","0","0","","0","0","0","","","1","","2","","40 25:26.590","","0","80 00:33.328","4","0","0","0","2301","0","0","0","N","0","0","0","2","02301","1","","1.0","","1","","N","","0","","0","0","1","","0","","","2","1","0","0","0","0","0","2","0","2","","","","N","","","","","","","","","",""
"2007063782","","4","0","0","0","0","0","0","0","0","1","0","","02","4","2007","6","","","1433","11","0","0","0","0","0","5","0","0","","0","0","0","","","1","","0","","40 25:37.56","","0","79 55:09.84","4","0","0","0","2301","0","0","0","N","0","0","0","8","68B03","1","","1.0","","1","N","N","","3","","0","0","0","","0","","","7","1","0","0","0","0","0","2","0","7","","","","N","","","","","","","","","",""
"2007063839","","0","0","0","0","0","0","0","0","0","7","1","","02","5","2007","3","40.599","-79.9236","0455","11","0","0","0","0","0","0","0","0","2","0","1","0","","","0","","0","","40 35:56.400","4","0","79 55:24.960","0","0","0","0","2207","0","0","0","N","0","0","0","1","68T02","0","","3.0","","1","N","N","","0","","0","0","0","","0","N","","1","0","0","0","0","0","0","1","0","1","","","","N","","","","","","","","","",""
"2007063847","","2","0","0","0","0","0","0","0","0","1","0","","02","5","2007","2","","","0700","11","0","0","0","0","0","0","0","0","","0","0","0","","","1","","0","","40 30:08.64","","0","80 01:31.80","8","0","0","0","2301","0","0","0","N","0","0","0","2","68B03","0","","1.0","","1","N","N","","0","","0","0","0","","0","","","2","1","0","0","0","1","0","2","0","2","","","","N","","","","","","","","","",""
"2007063928","","0","0","0","0","0","0","0","0","0","1","1","45","02","5","2007","5","40.514722","-80.133978","1323","11","0","0","0","0","0","0","0","0","2","0","1","0","","","3","","0","","40 30:53.000","1","0","80 08:02.319","3","0","0","0","2110","0","0","0","N","0","0","0","5","68B03","1","","1.0","","9","N","N","","0","","2","0","2","","0","Y","","3","3","0","0","0","0","0","2","0","3","","","Y","Y","3","1","","","N","Y","","","",""
"2007063929","","0","0","0","0","0","0","0","0","0","7","0","","02","5","2007","3","","","1630","11","0","0","0","0","0","0","0","0","1","0","0","0","","","1","","0","","40 28:47.64","2","0","80 15:24.48","3","0","0","0","2203","0","0","0","N","0","0","0","1","68B03","0","","3.0","","1","N","N","","0","","1","0","1","","0","N","","2","1","0","0","0","0","0","2","0","1","","","","N","","","","","","","","","",""
"2007063940","","2","0","0","0","0","0","0","0","0","4","0","","02","5","2007","3","40.459781","-79.971364","1131","11","0","0","0","0","0","0","0","0","","0","0","0","","","1","","1","","40 27:35.212","","0","79 58:16.911","8","0","0","0","2301","0","0","0","N","0","0","0","2","02301","0","","1.0","","1","N","N","","0","","0","0","0","","2","","","2","1","0","0","0","1","0","2","0","2","","","","N","","","","","","","","","",""
"2007063941","","1","0","0","0","0","0","0","0","0","2","0","","02","6","2007","5","40.453652","-79.979515","1458","11","0","0","0","0","0","0","0","0","","0","0","0","","","0","","1","","40 27:13.147","","0","79 58:46.254","0","0","0","0","2301","0","0","0","N","0","0","0","2","02301","0","","1.0","","1","N","N","","1","","0","0","0","","0","","","2","0","0","0","0","0","0","2","0","2","","","","N","","","","","","","","","",""
"2007063942","","2","0","0","0","0","0","0","0","0","5","0","","02","6","2007","7","40.448947","-79.987289","2351","11","0","0","0","0","0","0","0","0","","0","0","0","","","0","","0","","40 26:56.209","","0","79 59:14.240","0","0","0","0","2301","0","0","0","","0","0","0","3","02301","0","","6.0","","1","N","N","","0","","0","0","0","","2","","","2","0","0","0","0","0","0","2","0","2","","","","N","","","","","","","","","",""
"2007063943","","3","0","0","0","0","0","0","0","0","1","0","","02","6","2007","1","40.4304","-79.9984","1542","11","0","0","0","1","0","0","0","0","2","0","0","0","","","0","","0","","40 25:49.440","5","3","79 59:54.240","9","0","0","0","2301","0","0","0","N","0","0","0","4","02301","0","","1.0","","1","N","N","","0","","0","0","0","","0","N","","3","0","0","0","0","0","1","2","0","3","","","","N","","","","","","","","","",""