"CRN","ARRIVAL_TM","AUTOMOBILE_COUNT","BELTED_DEATH_COUNT","BELTED_SUSP_SERIOUS_INJ_COUNT","BICYCLE_COUNT","BICYCLE_DEATH_COUNT","BICYCLE_SUSP_SERIOUS_INJ_COUNT","BUS_COUNT","CHLDPAS_DEATH_COUNT","CHLDPAS_SUSP_SERIOUS_INJ_COUNT","COLLISION_TYPE","COMM_VEH_COUNT","CONS_ZONE_SPD_LIM","COUNTY","CRASH_MONTH","CRASH_YEAR","DAY_OF_WEEK","DEC_LATITUDE","DEC_LONGITUDE","DISPATCH_TM","DISTRICT","DRIVER_COUNT_16YR","DRIVER_COUNT_17YR","DRIVER_COUNT_18YR","DRIVER_COUNT_19YR","DRIVER_COUNT_20YR","DRIVER_COUNT_50_64YR","DRIVER_COUNT_65_74YR","DRIVER_COUNT_75PLUS","EST_HRS_CLOSED","FATAL_COUNT","HEAVY_TRUCK_COUNT","HORSE_BUGGY_COUNT","HOUR_OF_DAY","ILLUMINATION","INJURY_COUNT","INTERSECTION_RELATED","INTERSECT_TYPE","LANE_CLOSED","LATITUDE","LN_CLOSE_DIR","LOCATION_TYPE","LONGITUDE","MAX_SEVERITY_LEVEL","MCYCLE_DEATH_COUNT","MCYCLE_SUSP_SERIOUS_INJ_COUNT","MOTORCYCLE_COUNT","MUNICIPALITY","NONMOTR_COUNT","NONMOTR_DEATH_COUNT","NONMOTR_SUSP_SERIOUS_INJ_COUNT","NTFY_HIWY_MAINT","PED_COUNT","PED_DEATH_COUNT","PED_SUSP_SERIOUS_INJ_COUNT","PERSON_COUNT","POLICE_AGCY","POSSIBLE_INJ_COUNT","RDWY_SURF_TYPE_CD","RELATION_TO_ROAD","ROADWAY_CLEARED","ROAD_CONDITION","SCH_BUS_IND","SCH_ZONE_IND","SECONDARY_CRASH","SMALL_TRUCK_COUNT","SPEC_JURIS_CD","SUSP_MINOR_INJ_COUNT","SUSP_SERIOUS_INJ_COUNT","SUV_COUNT","TCD_FUNC_CD","TCD_TYPE","TFC_DETOUR_IND","TIME_OF_DAY","TOTAL_UNITS","TOT_INJ_COUNT","UNBELTED_OCC_COUNT","UNB_DEATH_COUNT","UNB_SUSP_SERIOUS_INJ_COUNT","UNK_INJ_DEG_COUNT","UNK_INJ_PER_COUNT","URBAN_RURAL","VAN_COUNT","VEHICLE_COUNT","WEATHER1","WEATHER2","WORKERS_PRES","WORK_ZONE_IND","WORK_ZONE_LOC","WORK_ZONE_TYPE","WZ_CLOSE_DETOUR","WZ_FLAGGER","WZ_LAW_OFFCR_IND","WZ_LN_CLOSURE","WZ_MOVING","WZ_OTHER","WZ_SHLDER_MDN","WZ_WORKERS_INJ_KILLED"
"2007065377","","1","0","0","0","0","0","0","0","0","1","0","","02","6","2007","4","40.437112","-79.972681","2313","11","0","0","0","0","0","0","0","0","1","0","0","0","","","1","","0","","40 26:13.602","4","0","79 58:21.653","4","0","0","1","2301","0","0","0","N","0","0","0","5","02301","1","","1.0","","1","N","N","","0","","0","0","0","","0","N","","2","1","0","0","0","0","0","2","0","2","","","","N","","","","","","","","","",""
"2007065383","","2","0","0","0","0","0","0","0","0","2","0","","02","6","2007","2","40.414167","-80.04503","0615","11","0","0","0","0","0","0","0","0","","0","0","0","","","2","","2","","40 24:51.000","","0","80 02:42.108","3","0","0","0","2435","0","0","0","N","0","0","0","2","02435","1","","1.0","","1","N","N","","0","","1","0","0","","2","","","2","2","1","0","0","0","0","2","0","2","","","","N","","","","","","","","","",""
"2007065384","","0","0","0","0","0","0","0","0","0","7","0","","02","6","2007","2","40.433611","-79.802101","2103","11","0","0","0","0","0","0","0","0","1","0","0","0","","","1","","0","","40 26:01.000","4","0","79 48:07.562","4","0","0","1","2446","0","0","0","N","0","0","0","1","02446","1","","2.0","","1","N","N","","0","","0","0","0","","0","N","","1","1","0","0","0","0","0","2","0","1","","","","N","","","","","","","","","",""
"2007065390","","2","0","0","0","0","0","0","0","0","5","0","","02","6","2007","7","40.380833","-79.811895","2330","11","0","1","0","0","0","0","0","0","","0","0","0","","","0","","1","","40 22:51.000","","7","79 48:42.822","0","0","0","0","2424","0","0","0","N","0","0","0","3","02424","0","","1.0","","1","N","N","","0","","0","0","0","","0","","","2","0","0","0","0","0","0","2","0","2","","","","N","","","","","","","","","",""
"2007065395","","1","0","0","0","0","0","0","0","0","7","0","","02","6","2007","3","40.629444","-79.833952","0132","11","0","0","0","0","0","0","0","0","2","0","0","0","","","0","","0","","40 37:46.000","2","0","79 50:02.227","0","0","0","0","2220","0","0","0","N","0","0","0","1","02220","0","","4.0","","1","N","N","","0","","0","0","0","","0","N","","1","0","0","0","0","0","0","2","0","1","","","","N","","","","","","","","","",""
"2007065402","","3","0","0","0","0","0","0","0","0","1","0","30","02","6","2007","2","40.655","-80.087029","1107","11","0","0","0","1","0","0","1","0","","0","0","0","","","0","","1","","40 39:18.000","","0","80 05:13.305","0","0","0","0","2212","0","0","0","N","0","0","0","3","02505","0","","1.0","","1","N","N","","0","","0","0","0","","1","","","3","0","0","0","0","0","0","2","0","3","","","Y","Y","3","1","","Y","N","","Y","","",""
"2007065409","","0","0","0","0","0","0","0","0","0","1","0","","02","6","2007","4","40.3156","-80.1052","1709","11","0","0","0","0","0","1","0","0","","0","0","0","","","1","","0","","40 18:56.160","","0","80 06:18.720","4","0","0","0","2123","0","0","0","N","0","0","0","3","02123","1","","1.0","","1","N","N","","1","","0","0","2","","0","","","3","1","0","0","0","0","0","2","0","3","","","","N","","","","","","","","","",""
"2007065413","","1","0","0","0","0","0","0","0","0","1","0","","02","6","2007","2","40.432778","-79.731131","1358","11","0","0","0","0","0","0","0","0","","0","0","0","","","2","","0","","40 25:58.000","","0","79 43:52.070","4","0","0","0","2446","0","0","0","N","0","0","0","3","02446","1","","1.0","","1","N","N","","1","","0","0","0","","0","","","2","2","0","0","0","1","0","2","0","2","","","","N","","","","","","","","","",""
"2007065424","","1","0","0","0","0","0","0","0","0","5","1","","02","6","2007","3","40.461457","-79.717941","0912","11","0","0","0","0","0","0","0","1","1","0","1","0","","","0","","2","","40 27:41.245","6","0","79 43:04.587","0","0","0","0","2466","0","0","0","N","0","0","0","2","02466","0","","1.0","","1","N","N","","0","","0","0","0","","0","Y","","2","0","0","0","0","0","0","2","0","2","","","","N","","","","","","","","","",""
"2007065439","","1","0","0","0","0","0","0","0","0","8","0","","02","6","2007","2","40.378056","-79.803834","1625","11","0","0","0","0","1","0","0","0","","0","0","0","","","2","","0","","40 22:41.000","","0","79 48:13.804","4","0","0","0","2111","2","0","0","N","2","0","0","3","02111","2","","1.0","","1","N","N","","0","","0","0","0","","0","","","3","2","0","0","0","0","0","2","0","1","","","","N","","","","","","","","","",""
"2007065494","","2","0","0","0","0","0","0","0","0","4","0","","02","6","2007","2","40.5043","-80.0096","1410","11","0","0","0","0","0","0","0","1","","0","0","0","","","0","","0","","40 30:15.480","","0","80 00:34.560","9","0","0","0","2116","0","0","0","N","0","0","0","2","02116","0","","1.0","","1","N","N","","0","","0","0","0","","0","","","2","0","0","0","0","0","1","2","0","2","","","","N","","","","","","","","","",""
"2007065495","","1","0","0","0","0","0","0","0","0","7","0","","02","6","2007","3","40.633333","-79.955332","1547","11","0","0","0","0","0","0","0","0","2","0","0","0","","","2","","0","","40 38:00.000","4","0","79 57:19.196","2","0","0","0","2217","0","0","0","N","0","0","0","2","02505","0","","2.0","","1","N","N","","0","","1","1","0","","0","N","","1","2","2","0","1","0","0","2","0","1","","","","N","","","","","","","","","",""
"2007065514","","1","0","0","0","0","0","0","0","0","0","0","","02","6","2007","7","40.32615","-80.065606","1343","11","0","0","0","0","1","0","0","0","1","0","0","0","","","0","","0","","40 19:34.139","3","0","80 03:56.180","0","0","0","0","2123","0","0","0","N","0","0","0","2","02123","0","","5.0","","1","N","N","","1","","0","0","0","","0","Y","","2","0","0","0","0","0","0","2","0","2","","","","N","","","","","","","","","",""
"2007065526","","1","0","0","0","0","0","0","0","0","7","0","","02","6","2007","3","40.2808","-79.9058","1021","11","0","0","0","0","0","1","0","0","","0","0","0","","","0","","2","","40 16:50.880","","2","79 54:20.880","0","0","0","0","2440","0","0","0","N","0","0","0","1","02440","0","","4.0","","1","N","N","","0","","0","0","0","","3","","","1","0","0","0","0","0","0","2","0","1","","","","N","","","","","","","","","",""
"2007065532","","1","0","0","0","0","0","0","0","0","7","0","","02","6","2007","7","40.385536","-79.822103","1149","11","0","0","0","0","0","0","0","0","","0","0","0","","","1","","0","","40 23:07.929","","7","79 49:19.570","8","0","0","0","2111","0","0","0","N","0","0","0","2","02111","0","","5.0","","1","N","N","","0","","0","0","0","","0","","","1","1","0","0","0","1","0","2","0","1","","","","N","","","","","","","","","",""
"2007065541","","1","0","0","0","0","0","0","0","0","4","0","","02","6","2007","2","40.267778","-79.903224","2010","11","0","0","0","0","0","1","0","1","","0","0","0","","","2","","1","","40 16:04.000","","0","79 54:11.608","3","0","0","0","2440","0","0","0","N","0","0","0","3","02440","1","","1.0","","1","N","N","","1","","1","0","0","","3","","","2","2","0","0","0","0","0","2","0","2","","","","N","","","","","","","","","",""
"2007065548","","2","0","0","0","0","0","0","0","0","4","0","","02","6","2007","4","40.437538","-79.770213","1532","11","0","0","0","1","0","0","0","0","1","0","0","0","","","0","","0","","40 26:15.136","2","0","79 46:12.765","0","0","0","0","2446","0","0","0","N","0","0","0","3","02446","0","","1.0","","1","N","N","","0","","0","0","0","","0","N","","2","0","0","0","0","0","0","2","0","2","","","","N","","","","","","","","","",""
"2007065557","","2","0","0","0","0","0","0","0","0","1","0","","02","6","2007","2","40.4313","-79.816","0840","11","0","0","0","0","0","1","0","0","","0","0","0","","","1","","0","","40 25:52.680","","0","79 48:57.600","8","0","0","0","2124","0","0","0","N","0","0","0","2","02124","0","","1.0","","1","N","N","","0","","0","0","0","","2","","","2","1","0","0","0","1","0","2","0","2","","","","N","","","","","","","","","",""
"2007065558","","0","0","0","0","0","0","0","0","0","7","0","","02","6","2007","1","40.523333","-80.177076","2202","11","0","0","0","0","0","0","0","0","","0","0","0","","","0","","2","","40 31:24.000","","0","80 10:37.475","0","0","0","0","2213","0","0","0","N","0","0","0","2","02213","0","","3.0","","1","N","N","","0","","0","0","0","","2","","","1","0","0","0","0","0","0","2","1","1","","","","N","","","","","","","","","",""
"2007065559","","2","0","0","0","0","0","0","0","0","4","0","","02","6","2007","7","40.501944","-80.204807","1531","11","0","0","0","0","1","0","1","0","","0","0","0","","","0","","1","","40 30:07.000","","0","80 12:17.304","0","0","0","0","2213","0","0","0","N","0","0","0","2","02213","0","","1.0","","1","N","N","","0","","0","0","0","","2","","","2","0","0","0","0","0","0","2","0","2","","","","N","","","","","","","","","",""
"2007065630","","2","0","0","0","0","0","0","0","0","4","0","","02","6","2007","4","","","1525","11","0","0","0","0","0","1","0","0","","0","0","0","","","1","","1","","","","0","","4","0","0","0","2217","0","0","0","N","0","0","0","3","02505","1","","1.0","","1","N","N","","0","","0","0","0","","3","","","2","1","0","0","0","0","0","1","0","2","","","","N","","","","","","","","","",""
"2007065632","","2","0","0","0","0","0","0","0","0","1","0","","02","6","2007","4","40.511111","-80.030609","1744","11","0","1","0","1","0","0","0","0","","0","0","0","","","0","","1","","40 30:40.000","","0","80 01:50.193","0","0","0","0","2474","0","0","0","N","0","0","0","2","02474","0","","1.0","","9","N","N","","0","","0","0","0","","0","","","2","0","0","0","0","0","0","2","0","2","","","","N","","","","","","","","","",""
"2007065634","","2","0","0","0","0","0","0","0","0","4","0","","02","6","2007","4","40.290556","-79.913459","1618","11","0","1","0","0","0","1","1","0","","0","0","0","","","0","","2","","40 17:26.000","","0","79 54:48.451","0","0","0","0","2440","0","0","0","N","0","0","0","7","02440","0","","1.0","","1","N","N","","1","","0","0","0","","3","","","3","0","0","0","0","0","0","2","0","3","","","","N","","","","","","","","","",""
"2007065663","","2","0","0","0","0","0","0","0","0","5","0","","02","6","2007","4","40.486028","-79.775191","0248","11","0","0","0","0","0","1","0","0","2","0","0","0","","","1","","0","","40 29:09.700","6","0","79 46:30.687","8","0","0","0","2466","0","0","0","N","0","0","0","1","02466","0","","1.0","","1","N","N","","0","","0","0","0","","0","Y","","2","1","0","0","0","1","0","2","0","2","","","","N","","","","","","","","","",""
"2007065665","","1","0","0","0","0","0","0","0","0","4","0","25","02","6","2007","4","40.396944","-80.107012","1923","11","0","0","0","0","0","1","0","0","2","0","0","0","","","1","","0","","40 23:49.000","3","0","80 06:25.243","4","0","0","0","2102","0","0","0","N","0","0","0","4","02102","1","","1.0","","1","N","N","","1","","0","0","0","","0","N","","2","1","0","0","0","0","0","2","0","2","","","N","Y","8","1","Y","","N","Y","","","",""
"2007065674","","1","0","0","0","0","0","0","0","0","7","0","","02","6","2007","1","40.624444","-79.942049","0623","11","0","0","0","0","0","0","0","0","1","0","0","0","","","0","","2","","40 37:28.000","1","0","79 56:31.378","0","0","0","0","2217","0","0","0","N","0","0","0","1","02505","0","","5.0","","1","N","N","","0","","0","0","0","","0","N","","1","0","0","0","0","0","0","2","0","1","","","","N","","","","","","","","","",""
"2007065677","","1","0","0","0","0","0","0","0","0","1","0","","02","6","2007","4","40.442222","-79.760175","1335","11","0","1","0","0","0","0","0","0","2","0","0","0","","","2","","0","","40 26:32.000","1","1","79 45:36.631","8","0","0","0","2446","0","0","0","N","0","0","0","10","02446","0","","1.0","","1","N","N","","1","","0","0","2","","0","N","","5","2","0","0","0","2","0","2","1","5","","","","N","","","","","","","","","",""
"2007065679","","1","0","0","0","0","0","0","0","0","2","0","","02","6","2007","4","40.506979","-79.885936","1423","11","1","0","0","0","0","0","0","0","2","0","0","0","","","2","","0","","40 30:25.124","5","0","79 53:09.369","4","0","0","0","2432","0","0","0","N","0","0","0","6","02432","2","","1.0","","9","N","N","","1","","0","0","0","","0","N","","2","2","1","0","0","0","0","2","0","2","","","","N","","","","","","","","","",""
"2007065680","","2","0","0","0","0","0","0","0","0","4","0","","02","6","2007","4","40.431717","-79.791181","1253","11","0","0","0","0","0","1","0","0","1","0","0","0","","","3","","0","","40 25:54.180","3","7","79 47:28.250","8","0","0","0","2446","0","0","0","N","0","0","0","3","02446","0","","1.0","","1","N","N","","0","","0","0","0","","0","Y","","2","3","0","0","0","3","0","2","0","2","","","","N","","","","","","","","","",""
"2007065684","","1","0","0","0","0","0","0","0","0","4","0","","02","6","2007","4","40.618004","-80.055576","1259","11","0","0","0","0","1","0","0","0","","0","0","0","","","0","","2","","40 37:04.815","","0","80 03:20.073","0","0","0","0","2216","0","0","0","N","0","0","0","2","02505","0","","1.0","","1","N","N","","1","","0","0","0","","0","","","2","0","0","0","0","0","0","1","0","2","","","","N","","","","","","","","","",""
"2007065693","","0","0","0","0","0","0","0","0","0","7","0","","02","6","2007","5","","","1002","11","0","0","0","0","0","1","0","0","","0","0","0","","","1","","0","","","","0","","3","0","0","1","2402","0","0","0","N","0","0","0","1","02402","0","","5.0","","1","N","N","","0","","1","0","0","","0","","","1","1","0","0","0","0","0","1","0","1","","","","N","","","","","","","","","",""
"2007065710","","2","0","0","0","0","0","0","0","0","4","0","","02","6","2007","4","40.438611","-79.7615","2115","11","0","0","1","1","0","0","0","0","","0","0","0","","","2","","2","","40 26:19.000","","0","79 45:41.399","8","0","0","0","2446","0","0","0","N","0","0","0","3","02446","0","","1.0","","1","N","N","","0","","0","0","0","","0","","","2","2","0","0","0","2","0","2","0","2","","","","N","","","","","","","","","",""
"2007065716","","1","0","0","0","0","0","0","0","0","6","0","","02","6","2007","5","40.519722","-79.807184","1643","11","0","0","0","1","0","0","0","0","1","0","0","0","","","0","","0","","40 31:11.000","5","0","79 48:25.864","0","0","0","0","2466","0","0","0","N","0","0","0","2","02466","0","","1.0","","9","N","N","","0","","0","0","1","","0","N","","2","0","0","0","0","0","0","2","0","2","","","","N","","","","","","","","","",""
"2007065719","","0","0","0","0","0","0","0","0","0","7","0","","02","6","2007","6","40.4728","-80.1881","2209","11","0","1","0","0","0","0","0","0","4","0","0","0","","","1","","0","","40 28:22.080","6","0","80 11:17.160","4","0","0","0","2213","0","0","0","N","0","0","0","2","02213","1","","4.0","","1","N","N","","0","","0","0","1","","0","Y","","1","1","1","0","0","0","0","2","0","1","","","","N","","","","","","","","","",""
"2007065761","","2","0","0","0","0","0","0","0","0","1","0","","02","6","2007","5","40.4276","-79.8911","1916","11","0","0","0","0","0","2","0","0","","0","0","0","","","0","","2","","40 25:39.360","","1","79 53:27.960","0","0","0","0","2426","0","0","0","N","0","0","0","2","02426","0","","1.0","","9","N","N","","0","","0","0","0","","2","","","2","0","0","0","0","0","0","2","0","2","","","","N","","","","","","","","","",""
"2007065763","","1","0","0","0","0","0","0","0","0","7","0","","02","6","2007","4","40.519683","-79.772611","1802","11","0","0","1","0","0","0","0","0","","0","0","0","","","0","","0","","40 31:10.858","","0","79 46:21.399","0","0","0","0","2466","0","0","0","N","0","0","0","1","02466","0","","5.0","","9","N","N","","0","","0","0","0","","0","","","1","0","0","0","0","0","0","2","0","1","","","","N","","","","","","","","","",""
"2007065764","","2","0","0","0","0","0","0","0","0","4","0","","02","6","2007","5","40.475452","-80.099096","1856","11","0","0","0","0","1","0","0","0","","0","0","0","","","2","","0","","40 28:31.626","","0","80 05:56.745","4","0","0","0","2126","0","0","0","N","0","0","0","5","02126","2","","1.0","","9","N","N","","0","","0","0","0","","0","","","2","2","0","0","0","0","1","2","0","2","","","","N","","","","","","","","","",""
"2007065767","","3","0","0","0","0","0","0","0","0","4","0","","02","6","2007","5","40.323117","-79.956552","1854","11","1","0","0","0","0","0","0","0","1","0","0","0","","","0","","2","","40 19:23.221","3","0","79 57:23.587","0","0","0","0","2454","0","0","0","N","0","0","0","5","02454","0","","1.0","","9","N","N","","0","","0","0","0","","3","N","","3","0","0","0","0","0","0","2","0","3","","","","N","","","","","","","","","",""
"2007065796","","1","0","0","0","0","0","0","0","0","0","0","","02","6","2007","5","40.49175","-80.060871","0227","11","0","0","0","0","0","0","0","0","3","0","0","0","","","1","","0","","40 29:30.300","7","0","80 03:39.136","4","0","0","0","2404","0","0","0","N","0","0","0","1","02404","1","","5.0","","9","N","N","","0","","0","0","0","","0","Y","","1","1","0","0","0","0","0","2","0","1","","","","N","","","","","","","","","",""
"2007065804","","1","0","0","0","0","0","0","0","0","7","0","","02","6","2007","1","","","2352","11","0","0","1","0","0","0","0","0","1","0","0","0","","","0","","0","","","3","0","","0","0","0","0","2116","0","0","0","N","0","0","0","1","02116","0","","5.0","","1","N","N","","0","","0","0","0","","0","N","","1","0","0","0","0","0","0","1","0","1","","","","N","","","","","","","","","",""
"2007065824","","1","0","0","0","0","0","0","0","0","4","0","","02","6","2007","5","40.444631","-79.739442","1226","11","0","1","0","0","0","0","0","0","1","0","0","0","","","1","","0","","40 26:40.670","4","0","79 44:21.990","3","0","0","0","2446","0","0","0","N","0","0","0","3","02446","0","","1.0","","1","N","N","","0","","1","0","1","","0","N","","2","1","0","0","0","0","0","2","0","2","","","","N","","","","","","","","","",""
"2007065830","","3","0","0","0","0","0","0","0","0","1","0","","02","6","2007","3","40.409167","-79.899409","1828","11","0","0","0","0","0","0","0","0","2","0","0","0","","","7","","2","","40 24:33.000","3","0","79 53:57.874","8","0","0","0","2448","0","0","0","N","0","0","0","7","02448","0","","1.0","","1","N","N","","0","","0","0","0","","0","N","","3","7","0","0","0","7","0","2","0","3","","","","N","","","","","","","","","",""
"2007065832","","2","0","0","0","0","0","0","0","0","2","0","","02","6","2007","6","40.3866","-80.0924","1305","11","0","0","0","0","0","0","0","2","1","0","0","0","","","1","","0","","40 23:11.760","2","7","80 05:32.640","4","0","0","0","2102","0","0","0","N","0","0","0","2","02102","1","","1.0","","1","N","N","","0","","0","0","0","","2","N","","2","1","0","0","0","0","0","2","0","2","","","","N","","","","","","","","","",""
"2007065835","","1","0","0","0","0","0","0","0","0","0","0","","02","6","2007","5","40.525594","-80.222738","9999","11","0","1","0","0","0","0","0","0","2","0","0","0","","","1","","0","","40 31:32.139","5","0","80 13:21.857","4","0","0","0","2213","0","0","0","N","0","0","0","4","02213","1","","5.0","","9","N","N","","0","","0","0","0","","0","Y","","1","1","0","0","0","0","0","2","0","1","","","","N","","","","","","","","","",""
"2007065836","","1","0","0","0","0","0","0","0","0","4","0","","02","6","2007","5","40.36","-80.015471","1531","11","0","0","0","0","0","0","1","0","1","0","0","0","","","2","","1","","40 21:36.000","5","0","80 00:55.697","4","0","0","0","2416","0","0","0","N","0","0","0","3","02416","2","","1.0","","9","N","N","","0","","0","0","1","","3","Y","","2","2","0","0","0","0","0","2","0","2","","","","N","","","","","","","","","",""
"2007065862","","0","0","0","0","0","0","0","0","0","7","0","","02","6","2007","5","40.534462","-79.882767","2107","11","1","0","0","0","0","0","0","0","2","0","0","0","","","3","","0","","40 32:04.063","5","0","79 52:57.961","8","0","0","0","2432","0","0","0","N","0","0","0","6","02432","0","","2.0","","9","N","N","","0","","0","0","1","","0","N","","1","3","0","0","0","3","3","2","0","1","","","","N","","","","","","","","","",""
"2007065863","","1","0","0","0","0","0","0","0","0","7","0","","02","6","2007","3","40.488931","-79.968525","1927","11","1","0","0","0","0","0","0","0","2","0","0","0","","","0","","0","","40 29:20.151","2","0","79 58:06.690","9","0","0","0","2118","0","0","0","N","0","0","0","1","02118","0","","5.0","","1","N","N","","0","","0","0","0","","0","N","","1","0","0","0","0","0","1","2","0","1","","","","N","","","","","","","","","",""
"2007065883","","1","0","0","0","0","0","0","0","0","7","0","","02","6","2007","6","","","1500","11","0","0","1","0","0","0","0","0","","0","0","0","","","1","","0","","","","0","","4","0","0","0","2302","0","0","0","N","0","0","0","5","02302","1","","2.0","","1","N","N","","0","","0","0","0","","0","","","1","1","4","0","0","0","0","1","0","1","","","","N","","","","","","","","","",""
"2007065884","","1","0","0","0","0","0","0","0","0","7","0","","02","6","2007","7","40.405198","-80.092603","0640","11","0","0","0","0","0","1","0","0","","0","0","0","","","0","","2","","40 24:18.712","","0","80 05:33.370","0","0","0","0","2415","0","0","0","N","0","0","0","1","02415","0","","5.0","","1","N","N","","0","","0","0","0","","3","","","1","0","0","0","0","0","0","2","0","1","","","","N","","","","","","","","","",""
"2007065891","","0","0","0","0","0","0","0","0","0","7","1","","02","6","2007","6","40.2089","-79.9294","1032","11","0","0","0","0","0","1","0","0","4","0","1","0","","","1","","0","","40 12:32.040","5","0","79 55:45.840","4","0","0","0","2204","0","0","0","N","0","0","0","1","02204","1","","2.0","","1","N","N","","0","","0","0","0","","0","Y","","1","1","0","0","0","0","0","1","0","1","","","","N","","","","","","","","","",""
"2007065898","","2","0","0","0","0","0","0","0","0","4","0","","02","6","2007","6","40.378611","-79.992737","1845","11","0","0","0","0","0","0","0","0","2","0","0","0","","","0","","0","","40 22:43.000","1","0","79 59:33.853","0","0","0","0","2476","0","0","0","N","0","0","0","4","02476","0","","1.0","","1","N","N","","0","","0","0","0","","0","N","","2","0","0","0","0","0","0","2","0","2","","","","N","","","","","","","","","",""
"2007065901","","2","0","0","0","0","0","0","0","0","4","0","","02","6","2007","2","40.425278","-79.754431","1728","11","0","0","0","1","0","0","0","1","1","0","0","0","","","2","","2","","40 25:31.000","2","0","79 45:15.951","4","0","0","0","2446","0","0","0","N","0","0","0","5","02446","2","","1.0","","1","N","N","","0","","0","0","0","","3","Y","","2","2","1","0","0","0","0","2","0","2","","","","N","","","","","","","","","",""
"2007065912","","1","0","0","0","0","0","0","0","0","7","0","","02","1","2007","6","40.5789","-80.0876","9999","11","0","1","0","0","0","0","0","0","","0","0","0","","","0","","0","","40 34:44.040","","0","80 05:15.360","0","0","0","0","2481","0","0","0","N","0","0","0","2","02481","0","","5.0","","9","N","N","","0","","0","0","0","","0","","","1","0","0","0","0","0","0","2","0","1","","","","N","","","","","","","","","",""
"2007065924","","0","0","0","0","0","0","0","0","0","7","0","","02","6","2007","5","40.408725","-79.890798","1435","11","0","0","0","0","0","1","0","0","","0","0","0","","","0","","0","","40 24:31.409","","2","79 53:26.872","0","0","0","0","2448","0","0","0","N","0","0","0","1","02448","0","","2.0","","9","N","N","","1","","0","0","0","","0","","","1","0","1","0","0","0","0","2","0","1","","","","N","","","","","","","","","",""
"2007065934","","0","0","0","0","0","0","2","0","0","4","2","","02","6","2007","7","40.452596","-79.949663","0524","11","0","0","0","0","0","0","0","0","","0","0","0","","","2","","1","","40 27:09.345","","0","79 56:58.786","3","0","0","0","2301","0","0","0","N","0","0","0","3","02503","1","","1.0","","1","N","N","","0","","1","0","0","","1","","","2","2","0","0","0","0","0","2","0","2","","","","N","","","","","","","","","",""
"2007065939","","2","0","0","0","0","0","0","0","0","2","0","","02","6","2007","7","40.414932","-79.739319","1358","11","0","0","2","0","0","0","0","0","","0","0","0","","","3","","2","","40 24:53.755","","0","79 44:21.548","8","0","0","0","2446","0","0","0","N","0","0","0","3","02446","0","","1.0","","1","N","N","","0","","0","0","0","","3","","","2","3","0","0","0","3","0","2","0","2","","","","N","","","","","","","","","",""
"2007065946","","3","0","0","0","0","0","0","0","0","1","0","","02","6","2007","6","40.455","-79.710801","1416","11","1","0","0","0","0","2","0","0","","0","0","0","","","0","","1","","40 27:18.000","","0","79 42:38.883","0","0","0","0","2466","0","0","0","N","0","0","0","6","02466","0","","1.0","","1","N","N","","0","","0","0","1","","2","","","4","0","0","0","0","0","0","2","0","4","","","","N","","","","","","","","","",""
"2007065949","","2","0","0","0","0","0","0","0","0","7","0","","02","7","2007","1","40.493611","-79.964095","0139","11","0","0","0","0","0","0","0","0","","0","0","0","","","0","","2","","40 29:37.000","","0","79 57:50.741","0","0","0","0","2118","0","0","0","N","0","0","0","1","02118","0","","5.0","","1","N","N","","0","","0","0","0","","0","","","3","0","0","0","0","0","0","2","0","3","","","","N","","","","","","","","","",""
"2007065952","","2","0","0","0","0","0","0","0","0","1","0","","02","6","2007","2","40.5342","-79.9602","1915","11","0","0","0","0","0","1","0","0","1","0","0","0","","","0","","0","","40 32:03.120","1","0","79 57:36.720","0","0","0","0","2118","0","0","0","N","0","0","0","2","02118","0","","1.0","","1","N","N","","0","","0","0","0","","0","N","","2","0","0","0","0","0","0","2","0","2","","","","N","","","","","","","","","",""
"2007065957","","3","0","0","0","0","0","0","0","0","4","0","","02","6","2007","7","40.613611","-79.947404","1829","11","0","0","0","0","0","1","1","0","2","0","0","0","","","0","","1","","40 36:49.000","1","0","79 56:50.656","0","0","0","0","2207","0","0","0","N","0","0","0","4","02207","0","","1.0","","1","N","N","","0","","0","0","0","","2","N","","3","0","0","0","0","0","0","2","0","3","","","","N","","","","","","","","","",""
"2007065965","","0","0","0","0","0","0","0","0","0","7","0","","02","6","2007","6","40.433982","-79.891263","2236","11","0","0","0","0","0","1","0","0","1","0","0","0","","","1","","0","","40 26:02.335","6","0","79 53:28.546","3","0","0","0","2426","0","0","0","N","0","0","0","1","02426","0","","2.0","","9","N","N","","0","","1","0","1","","0","Y","","1","1","1","0","0","0","0","2","0","1","","","","N","","","","","","","","","",""
"2007065966","","0","0","0","0","0","0","0","0","0","1","0","","02","6","2007","6","40.361946","-80.011037","2250","11","0","1","0","0","0","0","0","0","2","0","0","0","","","3","","0","","40 21:43.005","6","0","80 00:39.733","8","0","0","0","2416","0","0","0","N","0","0","0","5","02416","0","","1.0","","1","N","N","","0","","0","0","2","","0","Y","","2","3","0","0","0","3","0","2","0","2","","","","N","","","","","","","","","",""
"2007065967","","0","0","0","0","0","0","0","0","0","0","0","","02","6","2007","7","40.4966","-79.944","1647","11","0","0","0","0","0","0","0","0","","0","0","0","","","1","","0","","40 29:47.760","","99","79 56:38.400","3","0","0","1","2430","0","0","0","N","0","0","0","1","02430","0","","2.0","","1","N","N","","0","","1","0","0","","0","","","1","1","0","0","0","0","0","2","0","1","","","","N","","","","","","","","","",""