"CRN","ARRIVAL_TM","AUTOMOBILE_COUNT","BELTED_DEATH_COUNT","BELTED_SUSP_SERIOUS_INJ_COUNT","BICYCLE_COUNT","BICYCLE_DEATH_COUNT","BICYCLE_SUSP_SERIOUS_INJ_COUNT","BUS_COUNT","CHLDPAS_DEATH_COUNT","CHLDPAS_SUSP_SERIOUS_INJ_COUNT","COLLISION_TYPE","COMM_VEH_COUNT","CONS_ZONE_SPD_LIM","COUNTY","CRASH_MONTH","CRASH_YEAR","DAY_OF_WEEK","DEC_LATITUDE","DEC_LONGITUDE","DISPATCH_TM","DISTRICT","DRIVER_COUNT_16YR","DRIVER_COUNT_17YR","DRIVER_COUNT_18YR","DRIVER_COUNT_19YR","DRIVER_COUNT_20YR","DRIVER_COUNT_50_64YR","DRIVER_COUNT_65_74YR","DRIVER_COUNT_75PLUS","EST_HRS_CLOSED","FATAL_COUNT","HEAVY_TRUCK_COUNT","HORSE_BUGGY_COUNT","HOUR_OF_DAY","ILLUMINATION","INJURY_COUNT","INTERSECTION_RELATED","INTERSECT_TYPE","LANE_CLOSED","LATITUDE","LN_CLOSE_DIR","LOCATION_TYPE","LONGITUDE","MAX_SEVERITY_LEVEL","MCYCLE_DEATH_COUNT","MCYCLE_SUSP_SERIOUS_INJ_COUNT","MOTORCYCLE_COUNT","MUNICIPALITY","NONMOTR_COUNT","NONMOTR_DEATH_COUNT","NONMOTR_SUSP_SERIOUS_INJ_COUNT","NTFY_HIWY_MAINT","PED_COUNT","PED_DEATH_COUNT","PED_SUSP_SERIOUS_INJ_COUNT","PERSON_COUNT","POLICE_AGCY","POSSIBLE_INJ_COUNT","RDWY_SURF_TYPE_CD","RELATION_TO_ROAD","ROADWAY_CLEARED","ROAD_CONDITION","SCH_BUS_IND","SCH_ZONE_IND","SECONDARY_CRASH","SMALL_TRUCK_COUNT","SPEC_JURIS_CD","SUSP_MINOR_INJ_COUNT","SUSP_SERIOUS_INJ_COUNT","SUV_COUNT","TCD_FUNC_CD","TCD_TYPE","TFC_DETOUR_IND","TIME_OF_DAY","TOTAL_UNITS","TOT_INJ_COUNT","UNBELTED_OCC_COUNT","UNB_DEATH_COUNT","UNB_SUSP_SERIOUS_INJ_COUNT","UNK_INJ_DEG_COUNT","UNK_INJ_PER_COUNT","URBAN_RURAL","VAN_COUNT","VEHICLE_COUNT","WEATHER1","WEATHER2","WORKERS_PRES","WORK_ZONE_IND","WORK_ZONE_LOC","WORK_ZONE_TYPE","WZ_CLOSE_DETOUR","WZ_FLAGGER","WZ_LAW_OFFCR_IND","WZ_LN_CLOSURE","WZ_MOVING","WZ_OTHER","WZ_SHLDER_MDN","WZ_WORKERS_INJ_KILLED"
"2007065973","","0","0","0","0","0","0","0","0","0","1","0","","02","6","2007","6","40.529722","-79.779163","1713","11","0","1","0","0","0","0","0","0","","0","1","0","","","0","","2","","40 31:47.000","","0","79 46:44.985","0","0","0","0","2466","0","0","0","N","0","0","0","2","02466","0","","1.0","","1","N","N","","0","","0","0","1","","0","","","2","0","0","0","0","0","0","2","0","2","","","","N","","","","","","","","","",""
"2007065977","","2","0","0","0","0","0","0","0","0","4","0","","02","7","2007","1","40.390654","-79.81007","1503","11","0","0","0","0","0","1","0","0","2","0","0","0","","","3","","0","","40 23:26.354","5","0","79 48:36.252","4","0","0","0","2111","0","0","0","N","0","0","0","5","02111","2","","1.0","","1","N","N","","0","","0","0","0","","0","Y","","3","3","0","0","0","1","0","2","1","3","","","","N","","","","","","","","","",""
"2007065978","","2","0","0","0","0","0","0","0","0","4","0","","02","7","2007","1","40.416389","-80.045011","1740","11","0","0","0","0","0","1","0","0","","0","0","0","","","0","","2","","40 24:59.000","","0","80 02:42.040","0","0","0","0","2435","0","0","0","N","0","0","0","5","02435","0","","1.0","","1","N","N","","0","","0","0","0","","3","","","2","0","0","0","0","0","0","2","0","2","","","","N","","","","","","","","","",""
"2007065984","","1","0","0","0","0","0","0","0","0","7","0","","02","7","2007","1","40.529722","-79.771482","0459","11","0","0","0","0","0","0","0","0","","0","0","0","","","0","","2","","40 31:47.000","","0","79 46:17.334","9","0","0","0","2466","0","0","0","N","0","0","0","1","02466","0","","5.0","","1","N","N","","0","","0","0","0","","3","","","1","0","0","0","0","0","1","1","0","1","","","","N","","","","","","","","","",""
"2007065987","","0","0","0","0","0","0","0","0","0","7","0","","02","7","2007","1","40.305588","-79.988591","0104","11","0","0","1","0","0","0","0","0","3","0","0","0","","","1","","0","","40 18:20.115","5","0","79 59:18.926","2","0","0","0","2219","0","0","0","N","0","0","0","1","02219","0","","5.0","","1","N","N","","1","","0","1","0","","0","Y","","1","1","0","0","0","0","0","2","0","1","","","","N","","","","","","","","","",""
"2007066004","","0","0","0","1","0","0","1","0","0","8","1","","02","7","2007","2","40.44315","-80.002344","0808","11","0","0","0","0","0","1","0","0","","0","0","0","","","1","","0","","40 26:35.341","","0","80 00:08.437","4","0","0","0","2301","1","0","0","N","0","0","0","2","02503","1","","1.0","","1","N","N","","0","","0","0","0","","0","","","2","1","0","0","0","0","0","2","0","1","","","","N","","","","","","","","","",""
"2007066013","","0","0","0","0","0","0","0","0","0","99","0","","02","6","2007","6","40.356","-80.0726","1813","11","0","0","0","0","0","1","0","0","","0","0","0","","","3","","0","","40 21:21.600","","0","80 04:21.360","4","0","0","0","2123","0","0","0","N","0","0","0","3","02123","3","","1.0","","1","N","N","","0","","0","0","1","","0","","","1","3","0","0","0","0","0","2","0","1","","","","N","","","","","","","","","",""
"2007066017","","0","0","0","0","0","0","0","0","0","7","0","","02","7","2007","2","","","1055","11","0","0","0","0","0","0","0","0","","0","0","0","","","1","","0","","","","0","","8","0","0","1","2446","0","0","0","N","0","0","0","1","02446","0","","2.0","","1","N","N","","0","","0","0","0","","0","","","1","1","0","0","0","1","0","1","0","1","","","","N","","","","","","","","","",""
"2007066018","","0","0","0","0","0","0","0","0","0","7","0","","02","6","2007","3","40.555227","-80.143158","0054","11","0","0","0","0","0","0","0","0","","0","0","0","","","0","","0","","40 33:18.816","","0","80 08:35.368","0","0","0","0","2459","0","0","0","N","0","0","0","1","02459","0","","5.0","","1","N","N","","0","","0","0","1","","0","","","1","0","0","0","0","0","0","1","0","1","","","","N","","","","","","","","","",""
"2007066023","","2","0","0","0","0","0","0","0","0","7","0","","02","6","2007","7","40.403889","-79.883256","0355","11","0","0","0","0","0","0","0","0","","0","0","0","","","1","","2","","40 24:14.000","","3","79 52:59.722","4","0","0","0","2475","0","0","0","N","0","0","0","1","02475","1","","4.0","","1","N","N","","1","","0","0","0","","2","","","3","1","0","0","0","0","0","2","0","3","","","","N","","","","","","","","","",""
"2007066032","","2","0","0","0","0","0","0","0","0","4","0","","02","7","2007","2","40.5271","-79.8507","1618","11","0","0","0","0","0","1","0","0","2","0","0","0","","","2","","0","","40 31:37.560","1","0","79 51:02.520","3","0","0","0","2208","0","0","0","N","0","0","0","2","02208","0","","1.0","","1","N","N","","0","","2","0","0","","0","N","","2","2","0","0","0","0","0","2","0","2","","","","N","","","","","","","","","",""
"2007066035","","1","0","0","0","0","0","0","0","0","4","0","","02","7","2007","2","40.6237","-79.8326","0826","11","0","1","0","1","0","0","0","0","","0","0","0","","","0","","2","","40 37:25.320","","0","79 49:57.360","0","0","0","0","2209","0","0","0","N","0","0","0","2","02209","0","","1.0","","1","N","N","","1","","0","0","0","","3","","","2","0","0","0","0","0","0","2","0","2","","","","N","","","","","","","","","",""
"2007066062","","2","0","0","0","0","0","0","0","0","4","0","","02","6","2007","4","40.388183","-80.08456","1825","11","0","0","0","0","0","0","0","1","","0","0","0","","","0","","2","","40 23:17.458","","0","80 05:04.416","0","0","0","0","2117","0","0","0","N","0","0","0","2","02117","0","","1.0","","1","N","N","","0","","0","0","0","","0","","","2","0","0","0","0","0","0","2","0","2","","","","N","","","","","","","","","",""
"2007066063","","1","0","0","0","0","0","0","0","0","7","0","","02","6","2007","1","40.438333","-79.780184","1932","11","0","0","0","0","0","0","0","0","1","0","0","0","","","0","","2","","40 26:18.000","4","0","79 46:48.661","0","0","0","0","2446","0","0","0","N","0","0","0","1","02446","0","","2.0","","9","N","N","","0","","0","0","0","","0","N","","1","0","0","0","0","0","0","2","0","1","","","","N","","","","","","","","","",""
"2007066066","","1","0","0","0","0","0","0","0","0","1","0","","02","6","2007","5","40.4308","-79.805","2136","11","0","0","0","0","0","0","0","0","1","0","0","0","","","2","","0","","40 25:50.880","3","0","79 48:18.000","4","0","0","0","2446","0","0","0","N","0","0","0","3","02446","2","","1.0","","9","N","N","","0","","0","0","1","","2","N","","2","2","1","0","0","0","0","2","0","2","","","","N","","","","","","","","","",""
"2007066067","","2","0","0","0","0","0","0","0","0","1","0","","02","7","2007","1","40.636862","-80.001229","1522","11","0","0","0","0","0","1","0","0","2","0","0","0","","","0","","2","","40 38:12.703","1","0","80 00:04.424","0","0","0","0","2216","0","0","0","N","0","0","0","6","02505","0","","1.0","","1","N","N","","0","","0","0","0","","0","N","","2","0","0","0","0","0","0","2","0","2","","","","N","","","","","","","","","",""
"2007066072","","1","0","0","0","0","0","0","0","0","7","0","","02","6","2007","3","40.626196","-79.954647","1621","11","0","0","0","0","0","0","0","0","1","0","0","0","","","1","","0","","40 37:34.306","1","0","79 57:16.729","4","0","0","0","2217","0","0","0","N","0","0","0","2","02505","1","","4.0","","1","N","N","","0","","0","0","0","","0","N","","1","1","0","0","0","0","0","2","0","1","","","","N","","","","","","","","","",""
"2007066136","","0","0","0","0","0","0","0","0","0","5","0","","02","6","2007","7","40.335222","-79.840639","1655","11","0","0","1","0","0","0","0","0","1","0","0","0","","","1","","0","","40 20:06.800","6","0","79 50:26.300","2","0","1","2","2304","0","0","0","N","0","0","0","2","02304","0","","1.0","","1","N","N","","0","","0","1","0","","4","Y","","2","1","0","0","0","0","0","2","0","2","","","","N","","","","","","","","","",""
"2007066137","","1","0","0","0","0","0","0","0","0","7","0","","02","6","2007","2","","","1530","11","0","0","0","0","0","0","0","0","1","0","0","0","","","0","","1","","","3","0","","0","0","0","0","2304","0","0","0","N","0","0","0","1","02304","0","","4.0","","9","N","N","","0","","0","0","0","","0","N","","1","0","0","0","0","0","0","1","0","1","","","","N","","","","","","","","","",""
"2007066138","","2","0","0","0","0","0","0","0","0","4","0","","02","6","2007","4","40.39182","-80.016755","1844","11","0","0","0","0","0","0","0","0","","0","0","0","","","1","","1","","40 23:30.552","","0","80 01:00.318","4","0","0","0","2301","0","0","0","N","0","0","0","2","02301","1","","1.0","","9","N","N","","0","","0","0","0","","3","","","2","1","0","0","0","0","0","2","0","2","","","","N","","","","","","","","","",""
"2007066139","","1","0","0","0","0","0","0","0","0","8","0","","02","6","2007","6","40.411424","-79.991208","1731","11","0","0","0","0","0","0","0","0","","0","0","0","","","1","","0","","40 24:41.126","","0","79 59:28.348","8","0","0","0","2301","1","0","0","N","1","0","0","2","02301","0","","1.0","","1","N","N","","0","","0","0","0","","0","","","2","1","0","0","0","1","0","2","0","1","","","","N","","","","","","","","","",""
"2007066140","","0","0","0","0","0","0","0","0","0","0","0","","02","6","2007","6","40.403561","-80.03046","2037","11","0","0","0","0","0","0","0","0","","0","0","0","","","1","","0","","40 24:12.819","","0","80 01:49.656","3","0","0","1","2301","0","0","0","N","0","0","0","1","02301","0","","1.0","","98","N","N","","0","","1","0","0","","0","","","1","1","0","0","0","0","0","2","0","1","","","","N","","","","","","","","","",""
"2007066141","","1","0","0","0","0","0","0","0","0","7","0","","02","6","2007","3","40.410873","-79.924204","1525","11","0","0","0","0","0","0","0","0","1","0","0","0","","","0","","0","","40 24:39.143","7","0","79 55:27.133","0","0","0","0","2301","0","0","0","N","0","0","0","1","02301","0","","2.0","","9","N","N","","0","","0","0","0","","0","N","","1","0","0","0","0","0","0","2","0","1","","","","N","","","","","","","","","",""
"2007066142","","1","0","0","0","0","0","0","0","0","7","0","","02","6","2007","7","40.452864","-79.95417","1658","11","0","0","0","0","0","0","0","0","","0","0","0","","","0","","3","","40 27:10.310","","0","79 57:15.012","0","0","0","0","2301","0","0","0","N","0","0","0","1","02301","0","","5.0","","1","N","N","","0","","0","0","0","","0","","","1","0","0","0","0","0","0","2","0","1","","","","N","","","","","","","","","",""
"2007066144","","1","0","0","0","0","0","0","0","0","8","0","","02","6","2007","7","40.440534","-79.978033","1139","11","0","0","0","0","0","0","0","0","","0","0","0","","","1","","0","","40 26:25.923","","0","79 58:40.920","8","0","0","0","2301","1","0","0","N","1","0","0","4","02301","0","","6.0","","1","N","N","","0","","0","0","0","","0","","","2","1","0","0","0","1","0","2","0","1","","","","N","","","","","","","","","",""
"2007066145","","1","0","0","0","0","0","0","0","0","1","0","","02","6","2007","4","40.451709","-79.981622","9999","11","0","0","0","0","0","1","0","0","","0","0","0","","","0","","2","","40 27:06.152","","0","79 58:53.839","0","0","0","0","2301","0","0","0","N","0","0","0","2","02301","0","","1.0","","1","N","N","","0","","0","0","1","","0","","","2","0","0","0","0","0","0","2","0","2","","","","N","","","","","","","","","",""
"2007066205","","0","0","0","0","0","0","0","0","0","7","0","","02","6","2007","4","40.464741","-79.799718","0434","11","0","0","0","0","0","0","0","0","","0","0","0","","","0","","0","","40 27:53.067","","0","79 47:58.984","0","0","0","0","2113","0","0","0","N","0","0","0","1","02113","0","","2.0","","1","N","N","","0","","0","0","1","","0","","","1","0","0","0","0","0","0","2","0","1","","","","N","","","","","","","","","",""
"2007066233","","2","0","0","0","0","0","0","0","0","4","0","","02","6","2007","5","40.389903","-80.047901","1406","11","0","0","0","0","0","1","1","0","1","0","0","0","","","0","","1","","40 23:23.650","4","0","80 02:52.443","0","0","0","0","2109","0","0","0","N","0","0","0","3","02109","0","","1.0","","1","N","N","","0","","0","0","0","","2","N","","2","0","0","0","0","0","0","2","0","2","","","","N","","","","","","","","","",""
"2007066569","","2","0","0","0","0","0","0","0","0","1","0","","02","6","2007","5","40.31916","-79.822513","1952","11","0","0","0","0","0","0","0","1","1","0","0","0","","","1","","0","","40 19:08.975","6","7","79 49:21.046","4","0","0","0","2469","0","0","0","N","0","0","0","2","02469","1","","1.0","","1","N","N","","0","","0","0","0","","0","N","","2","1","1","0","0","0","0","2","0","2","","","","N","","","","","","","","","",""
"2007066586","","0","0","0","0","0","0","0","0","0","1","0","","02","6","2007","1","","","1725","11","0","0","0","1","0","0","0","0","","0","0","0","","","1","","2","","","","0","","3","0","0","0","2304","0","0","0","N","0","0","0","5","02304","0","","1.0","","9","N","N","","1","","1","0","1","","0","","","2","1","0","0","0","0","0","1","0","2","","","","N","","","","","","","","","",""
"2007066597","","0","0","0","0","0","0","0","0","0","1","0","99","02","6","2007","5","40.414011","-79.923056","0820","11","0","0","0","0","0","1","0","0","","0","0","0","","","0","","2","","40 24:50.439","","0","79 55:23.001","0","0","0","0","2301","0","0","0","N","0","0","0","3","02301","0","","1.0","","1","N","N","","0","","0","0","0","","1","","","2","0","0","0","0","0","0","2","2","2","","","Y","Y","5","1","","","Y","Y","","","",""
"2007066598","","0","0","0","0","0","0","0","0","0","1","0","","02","6","2007","5","40.410849","-79.918814","1940","11","0","0","0","0","0","0","0","0","","0","0","0","","","0","","0","","40 24:39.057","","3","79 55:07.732","9","0","0","0","2301","0","0","0","N","0","0","0","4","02301","0","","1.0","","1","N","N","","1","","0","0","2","","0","","","3","0","0","0","0","0","2","2","0","3","","","","N","","","","","","","","","",""
"2007066599","","1","0","0","0","0","0","0","0","0","7","0","","02","6","2007","3","40.400064","-80.020262","2223","11","0","0","0","0","0","0","0","0","2","0","0","0","","","1","","1","","40 24:00.230","1","0","80 01:12.943","8","0","0","0","2301","0","0","0","N","0","0","0","1","02301","0","","5.0","","1","N","N","","0","","0","0","0","","0","N","","1","1","0","0","0","1","0","2","0","1","","","","N","","","","","","","","","",""
"2007066600","","3","0","0","0","0","0","0","0","0","5","0","","02","6","2007","6","40.430556","-80.000657","0127","11","0","0","0","0","0","0","0","0","","0","0","0","","","0","","2","","40 25:50.000","","0","80 00:02.366","0","0","0","0","2301","0","0","0","N","0","0","0","2","02301","0","","1.0","","1","N","N","","0","","0","0","0","","0","","","3","0","0","0","0","0","0","2","0","3","","","","N","","","","","","","","","",""
"2007066601","","3","0","0","0","0","0","0","0","0","1","1","","02","6","2007","5","40.440356","-79.897751","1748","11","0","0","0","0","0","0","0","0","","0","1","0","","","0","","0","","40 26:25.281","","0","79 53:51.903","0","0","0","0","2301","0","0","0","N","0","0","0","2","02301","0","","1.0","","1","N","N","","0","","0","0","0","","0","","","4","0","0","0","0","0","0","2","0","4","","","","N","","","","","","","","","",""
"2007066602","","1","0","0","1","0","0","0","0","0","8","0","","02","6","2007","6","40.425703","-79.949867","1707","11","0","0","0","0","0","0","0","0","9","0","0","0","","","1","","2","","40 25:32.530","1","0","79 56:59.521","3","0","0","0","2301","1","0","0","N","0","0","0","2","02301","0","","1.0","","1","N","N","","0","","1","0","0","","3","N","","2","1","0","0","0","0","1","2","0","1","","","","N","","","","","","","","","",""
"2007066603","","1","0","0","1","0","0","0","0","0","8","0","","02","6","2007","4","40.437032","-79.954907","1956","11","0","0","0","0","0","0","0","0","","0","0","0","","","1","","0","","40 26:13.315","","0","79 57:17.665","8","0","0","0","2301","1","0","0","N","0","0","0","4","02301","0","","1.0","","1","N","N","","0","","0","0","0","","8","","","2","1","0","0","0","1","0","2","0","1","","","","N","","","","","","","","","",""
"2007066604","","0","0","0","0","0","0","0","0","0","4","1","","02","6","2007","4","40.452496","-80.086944","0841","11","0","0","0","0","0","1","0","0","","0","2","0","","","0","","0","","40 27:08.985","","7","80 05:12.998","0","0","0","0","2301","0","0","0","N","0","0","0","2","02301","0","","6.0","","1","N","N","","0","","0","0","0","","0","","","2","0","0","0","0","0","0","2","0","2","","","","N","","","","","","","","","",""
"2007066605","","1","0","0","0","0","0","0","0","0","7","0","","02","6","2007","7","40.482222","-80.005975","1310","11","0","1","0","0","0","0","0","0","1","0","0","0","","","0","","2","","40 28:56.000","4","0","80 00:21.510","0","0","0","0","2301","0","0","0","N","0","0","0","3","02301","0","","5.0","","1","N","N","","0","","0","0","0","","2","N","","1","0","0","0","0","0","0","2","0","1","","","","N","","","","","","","","","",""
"2007066606","","1","0","0","1","0","0","0","0","0","8","0","","02","6","2007","7","40.414375","-79.990542","2353","11","0","0","0","0","0","0","0","0","","0","0","0","","","1","","1","","40 24:51.750","","0","79 59:25.951","8","0","0","0","2301","1","0","0","N","0","0","0","2","03201","0","","1.0","","1","N","N","","0","","0","0","0","","3","","","2","1","0","0","0","1","0","2","0","1","","","","N","","","","","","","","","",""
"2007066607","","2","0","0","0","0","0","0","0","0","1","0","","02","6","2007","6","40.4663","-80.0345","0900","11","0","0","1","0","0","0","0","0","","0","0","0","","","1","","0","","40 27:58.680","","0","80 02:04.200","4","0","0","0","2301","0","0","0","N","0","0","0","5","02301","1","","1.0","","1","N","N","","0","","0","0","0","","0","","","2","1","0","0","0","0","0","2","0","2","","","","N","","","","","","","","","",""
"2007066608","","1","0","0","0","0","0","0","0","0","7","0","","02","6","2007","7","40.442158","-80.00404","2335","11","0","0","0","0","0","0","0","0","","0","0","0","","","0","","1","","40 26:31.768","","0","80 00:14.544","0","0","0","0","2301","0","0","0","N","0","0","0","2","02301","0","","4.0","","1","N","N","","0","","0","0","0","","2","","","1","0","0","0","0","0","0","2","0","1","","","","N","","","","","","","","","",""
"2007066609","","2","0","0","0","0","0","0","0","0","4","0","","02","6","2007","7","40.454518","-79.932438","0206","11","0","0","0","0","0","0","0","0","","0","0","0","","","0","","0","","40 27:16.264","","0","79 55:56.776","0","0","0","0","2301","0","0","0","N","0","0","0","1","02301","0","","6.0","","1","N","N","","0","","0","0","0","","0","","","2","0","0","0","0","0","0","2","0","2","","","","N","","","","","","","","","",""
"2007066611","","1","0","1","0","0","0","0","0","0","7","0","","02","6","2007","6","40.4493","-80.0254","0815","11","0","0","0","0","0","0","0","0","","0","0","0","","","1","","7","","40 26:57.480","","2","80 01:31.440","2","0","0","0","2301","0","0","0","N","0","0","0","1","02301","0","","2.0","","1","N","N","","0","","0","1","0","","0","","","1","1","0","0","0","0","0","2","0","1","","","","N","","","","","","","","","",""
"2007066612","","2","0","0","0","0","0","0","0","0","4","0","","02","6","2007","6","40.453108","-80.019424","1703","11","0","0","0","0","0","0","0","0","1","0","0","0","","","1","","1","","40 27:11.188","1","0","80 01:09.926","4","0","0","0","2301","0","0","0","N","0","0","0","4","02301","1","","1.0","","1","N","N","","0","","0","0","0","","2","N","","2","1","0","0","0","0","0","2","0","2","","","","N","","","","","","","","","",""
"2007066613","","1","0","0","0","0","0","0","0","0","7","0","","02","6","2007","7","40.457222","-79.997838","2343","11","0","0","0","0","0","0","0","0","1","0","0","0","","","2","","2","","40 27:26.000","1","0","79 59:52.216","8","0","0","0","2301","0","0","0","N","0","0","0","2","02301","0","","4.0","","1","N","N","","0","","0","0","0","","0","Y","","1","2","0","0","0","2","0","2","0","1","","","","N","","","","","","","","","",""
"2007066614","","1","0","0","0","0","0","0","0","0","4","0","","02","6","2007","1","40.489232","-80.006671","1708","11","0","0","0","0","1","0","0","0","","0","0","0","","","0","","1","","40 29:21.235","","0","80 00:24.015","0","0","0","0","2301","0","0","0","N","0","0","0","3","02301","0","","1.0","","1","N","N","","1","","0","0","0","","3","","","2","0","0","0","0","0","0","2","0","2","","","","N","","","","","","","","","",""
"2007066615","","1","0","0","0","0","0","0","0","0","0","0","","02","6","2007","3","40.468217","-80.020943","2328","11","0","0","0","0","0","0","0","0","1","0","0","0","","","0","","0","","40 28:05.581","1","0","80 01:15.395","0","0","0","0","2301","0","0","0","N","0","0","0","2","02301","0","","1.0","","1","N","N","","0","","0","0","0","","0","N","","1","0","0","0","0","0","0","2","0","1","","","","N","","","","","","","","","",""
"2007066635","","1","0","0","0","0","0","0","0","0","6","0","","02","6","2007","7","40.4953","-80.1112","0734","11","0","0","0","0","0","0","0","0","","0","0","0","","","0","","0","","40 29:43.080","","0","80 06:40.320","9","0","0","0","2444","0","0","0","N","0","0","0","2","02444","0","","1.0","","1","N","N","","0","","0","0","0","","0","","","2","0","0","0","0","0","2","2","1","2","","","","N","","","","","","","","","",""
"2007066636","","6","0","0","0","0","0","0","0","0","1","0","","02","6","2007","1","40.470954","-80.060746","0201","11","0","1","0","0","0","0","0","0","1","0","0","0","","","2","","0","","40 28:15.435","5","0","80 03:38.687","3","0","0","0","2444","0","0","0","N","0","0","0","2","02444","1","","1.0","","9","N","N","","0","","1","0","0","","0","Y","","6","2","0","0","0","0","0","2","0","6","","","","N","","","","","","","","","",""
"2007066718","","1","0","0","0","0","0","0","0","0","7","0","","02","5","2007","3","40.445942","-80.067315","0026","11","0","0","0","0","0","0","0","0","","0","0","0","","","1","","0","","40 26:45.391","","0","80 04:02.334","4","0","0","0","2439","0","0","0","N","0","0","0","1","02439","1","","5.0","","1","N","N","","0","","0","0","0","","0","","","1","1","0","0","0","0","0","2","0","1","","","","N","","","","","","","","","",""
"2007066762","","2","0","0","0","0","0","0","0","0","2","0","","02","6","2007","4","40.351948","-79.85326","1817","11","0","0","0","0","0","1","0","0","","0","0","0","","","0","","2","","40 21:07.012","","0","79 51:11.736","0","0","0","0","2304","0","0","0","N","0","0","0","2","02304","0","","1.0","","1","N","N","","0","","0","0","0","","3","","","2","0","0","0","0","0","0","2","0","2","","","","N","","","","","","","","","",""
"2007066763","","1","0","0","0","0","0","0","0","0","4","0","","02","6","2007","5","40.3531","-79.8468","1715","11","0","0","0","0","0","1","0","0","","0","0","0","","","0","","0","","40 21:11.160","","7","79 50:48.480","0","0","0","0","2304","0","0","0","","0","0","0","5","02304","0","","1.0","","1","N","N","","1","","0","0","0","","2","","","2","0","0","0","0","0","0","2","0","2","","","","N","","","","","","","","","",""
"2007066791","","0","0","0","0","0","0","0","0","0","4","0","","02","6","2007","6","40.459436","-79.844022","1400","11","0","1","0","0","0","1","0","0","","0","0","0","","","1","","1","","40 27:33.969","","0","79 50:38.479","8","0","0","0","2113","0","0","0","N","0","0","0","2","02113","0","","1.0","","1","N","N","","0","","0","0","1","","3","","","2","1","0","0","0","1","0","2","1","2","","","","N","","","","","","","","","",""
"2007066792","","1","0","0","0","0","0","0","0","0","7","0","","02","6","2007","7","40.463056","-79.843897","0238","11","0","0","0","0","0","0","0","0","2","0","0","0","","","1","","0","","40 27:47.000","2","0","79 50:38.029","4","0","0","0","2113","0","0","0","N","0","0","0","1","02113","1","","2.0","","1","N","N","","0","","0","0","0","","8","N","","1","1","0","0","0","0","0","2","0","1","","","","N","","","","","","","","","",""
"2007066793","","1","0","0","0","0","0","0","0","0","1","0","","02","6","2007","2","40.481389","-79.876121","0756","11","0","0","0","0","0","1","0","0","1","0","0","0","","","0","","2","","40 28:53.000","4","0","79 52:34.034","0","0","0","0","2113","0","0","0","N","0","0","0","4","02113","0","","1.0","","1","N","N","","1","","0","0","0","","2","N","","2","0","0","0","0","0","0","2","0","2","","","","N","","","","","","","","","",""
"2007066794","","1","0","0","0","0","0","0","0","0","0","0","","02","6","2007","2","40.478042","-79.869232","1358","11","0","0","0","0","0","1","0","0","3","0","0","0","","","0","","0","","40 28:40.951","5","0","79 52:09.235","0","0","0","0","2113","0","0","0","N","0","0","0","1","02113","0","","1.0","","1","N","N","","0","","0","0","0","","0","Y","","1","0","0","0","0","0","0","2","0","1","","","","N","","","","","","","","","",""
"2007066884","","2","0","0","0","0","0","0","0","0","4","0","","02","6","2007","3","40.4775","-79.785242","1855","11","0","0","0","0","0","0","0","0","","0","0","0","","","1","","1","","40 28:39.000","","0","79 47:06.871","4","0","0","0","2113","0","0","0","N","0","0","0","2","02113","1","","1.0","","1","N","N","","0","","0","0","0","","2","","","2","1","0","0","0","0","1","2","0","2","","","","N","","","","","","","","","",""
"2007066919","","4","0","0","0","0","0","0","0","0","1","0","","02","5","2007","3","40.3901","-80.0407","1858","11","0","0","0","0","0","1","0","0","2","0","0","0","","","2","","0","","40 23:24.360","2","0","80 02:26.520","4","0","0","0","2109","0","0","0","N","0","0","0","5","02109","1","","1.0","","1","N","N","","0","","0","0","0","","0","N","","4","2","0","0","0","1","0","2","0","4","","","","N","","","","","","","","","",""
"2007066920","","2","0","0","0","0","0","0","0","0","2","0","","02","6","2007","6","40.365369","-80.040712","1710","11","0","0","0","0","0","0","1","0","1","0","0","0","","","1","","0","","40 21:55.328","5","0","80 02:26.563","4","0","0","0","2109","0","0","0","N","0","0","0","5","02109","1","","1.0","","1","N","N","","0","","0","0","0","","0","Y","","2","1","0","0","0","0","1","2","0","2","","","","N","","","","","","","","","",""
"2007066921","","2","0","0","0","0","0","0","0","0","4","0","","02","6","2007","7","40.377906","-80.055231","1337","11","0","0","0","0","0","0","0","0","1","0","0","0","","","0","","5","","40 22:40.461","7","0","80 03:18.831","0","0","0","0","2109","0","0","0","N","0","0","0","3","02109","0","","1.0","","1","N","N","","0","","0","0","0","","3","N","","2","0","0","0","0","0","0","2","0","2","","","","N","","","","","","","","","",""
"2007066922","","2","0","0","0","0","0","0","0","0","5","0","","02","6","2007","4","40.3838","-80.0437","0934","11","0","0","0","0","0","0","0","1","1","0","0","0","","","0","","0","","40 23:01.680","2","0","80 02:37.320","0","0","0","0","2109","0","0","0","N","0","0","0","3","02109","0","","6.0","","1","N","N","","0","","0","0","0","","0","N","","2","0","1","0","0","0","0","2","0","2","","","","N","","","","","","","","","",""
"2007066923","","0","0","0","0","0","0","0","0","0","1","0","","02","6","2007","4","40.3651","-80.0482","1258","11","0","0","0","0","0","0","0","1","1","0","0","0","","","0","","0","","40 21:54.360","1","0","80 02:53.520","0","0","0","0","2109","0","0","0","N","0","0","0","3","02109","0","","1.0","","1","N","N","","0","","0","0","2","","0","N","","2","0","0","0","0","0","0","2","0","2","","","","N","","","","","","","","","",""