"CRN","ARRIVAL_TM","AUTOMOBILE_COUNT","BELTED_DEATH_COUNT","BELTED_SUSP_SERIOUS_INJ_COUNT","BICYCLE_COUNT","BICYCLE_DEATH_COUNT","BICYCLE_SUSP_SERIOUS_INJ_COUNT","BUS_COUNT","CHLDPAS_DEATH_COUNT","CHLDPAS_SUSP_SERIOUS_INJ_COUNT","COLLISION_TYPE","COMM_VEH_COUNT","CONS_ZONE_SPD_LIM","COUNTY","CRASH_MONTH","CRASH_YEAR","DAY_OF_WEEK","DEC_LATITUDE","DEC_LONGITUDE","DISPATCH_TM","DISTRICT","DRIVER_COUNT_16YR","DRIVER_COUNT_17YR","DRIVER_COUNT_18YR","DRIVER_COUNT_19YR","DRIVER_COUNT_20YR","DRIVER_COUNT_50_64YR","DRIVER_COUNT_65_74YR","DRIVER_COUNT_75PLUS","EST_HRS_CLOSED","FATAL_COUNT","HEAVY_TRUCK_COUNT","HORSE_BUGGY_COUNT","HOUR_OF_DAY","ILLUMINATION","INJURY_COUNT","INTERSECTION_RELATED","INTERSECT_TYPE","LANE_CLOSED","LATITUDE","LN_CLOSE_DIR","LOCATION_TYPE","LONGITUDE","MAX_SEVERITY_LEVEL","MCYCLE_DEATH_COUNT","MCYCLE_SUSP_SERIOUS_INJ_COUNT","MOTORCYCLE_COUNT","MUNICIPALITY","NONMOTR_COUNT","NONMOTR_DEATH_COUNT","NONMOTR_SUSP_SERIOUS_INJ_COUNT","NTFY_HIWY_MAINT","PED_COUNT","PED_DEATH_COUNT","PED_SUSP_SERIOUS_INJ_COUNT","PERSON_COUNT","POLICE_AGCY","POSSIBLE_INJ_COUNT","RDWY_SURF_TYPE_CD","RELATION_TO_ROAD","ROADWAY_CLEARED","ROAD_CONDITION","SCH_BUS_IND","SCH_ZONE_IND","SECONDARY_CRASH","SMALL_TRUCK_COUNT","SPEC_JURIS_CD","SUSP_MINOR_INJ_COUNT","SUSP_SERIOUS_INJ_COUNT","SUV_COUNT","TCD_FUNC_CD","TCD_TYPE","TFC_DETOUR_IND","TIME_OF_DAY","TOTAL_UNITS","TOT_INJ_COUNT","UNBELTED_OCC_COUNT","UNB_DEATH_COUNT","UNB_SUSP_SERIOUS_INJ_COUNT","UNK_INJ_DEG_COUNT","UNK_INJ_PER_COUNT","URBAN_RURAL","VAN_COUNT","VEHICLE_COUNT","WEATHER1","WEATHER2","WORKERS_PRES","WORK_ZONE_IND","WORK_ZONE_LOC","WORK_ZONE_TYPE","WZ_CLOSE_DETOUR","WZ_FLAGGER","WZ_LAW_OFFCR_IND","WZ_LN_CLOSURE","WZ_MOVING","WZ_OTHER","WZ_SHLDER_MDN","WZ_WORKERS_INJ_KILLED"
"2007066924","","2","0","0","0","0","0","0","0","0","4","0","","02","2","2007","4","40.529444","-79.965657","0929","11","0","0","0","0","1","0","0","0","1","0","0","0","","","1","","1","","40 31:46.000","1","0","79 57:56.365","4","0","0","0","2118","0","0","0","N","0","0","0","2","02118","1","","1.0","","1","N","N","","0","","0","0","0","","0","N","","2","1","0","0","0","0","0","2","0","2","","","","N","","","","","","","","","",""
"2007066925","","2","0","0","0","0","0","0","0","0","4","0","","02","6","2007","4","40.396111","-80.04634","1820","11","0","0","0","0","0","0","1","0","1","0","0","0","","","0","","2","","40 23:46.000","2","0","80 02:46.824","0","0","0","0","2109","0","0","0","N","0","0","0","2","02109","0","","1.0","","9","N","N","","0","","0","0","0","","3","N","","2","0","0","0","0","0","0","2","0","2","","","","N","","","","","","","","","",""
"2007066926","","1","0","0","1","0","0","0","0","0","8","0","","02","6","2007","6","40.374717","-80.079597","1703","11","0","0","0","0","0","0","0","0","","0","0","0","","","1","","0","","40 22:28.981","","0","80 04:46.549","4","0","0","0","2109","1","0","0","N","0","0","0","3","02109","1","","1.0","","1","N","N","","0","","0","0","0","","0","","","2","1","0","0","0","0","0","2","0","1","","","","N","","","","","","","","","",""
"2007066939","","2","0","0","0","0","0","0","0","0","2","0","","02","6","2007","4","40.443473","-80.004613","1204","11","0","0","0","0","0","1","0","0","","0","0","0","","","1","","2","","40 26:36.502","","0","80 00:16.606","8","0","0","0","2301","0","0","0","N","0","0","0","2","02301","0","","7.0","","1","N","N","","0","","0","0","0","","0","","","2","1","0","0","0","1","0","2","0","2","","","","N","","","","","","","","","",""
"2007066941","","2","0","0","0","0","0","0","0","0","1","0","","02","6","2007","4","40.464806","-79.960167","1846","11","0","0","0","0","0","1","0","0","","0","0","0","","","0","","0","","40 27:53.300","","0","79 57:36.600","0","0","0","0","2301","0","0","0","N","0","0","0","1","02301","0","","1.0","","9","N","N","","0","","0","0","1","","0","","","3","0","0","0","0","0","0","2","0","3","","","","N","","","","","","","","","",""
"2007066943","","2","0","0","0","0","0","0","0","0","4","0","","02","6","2007","1","40.454167","-79.947673","1334","11","0","0","0","0","0","1","0","0","","0","0","0","","","0","","1","","40 27:15.000","","0","79 56:51.621","0","0","0","0","2301","0","0","0","N","0","0","0","4","02301","0","","1.0","","1","N","N","","0","","0","0","0","","2","","","2","0","0","0","0","0","0","2","0","2","","","","N","","","","","","","","","",""
"2007066944","","2","0","0","0","0","0","0","0","0","5","0","","02","6","2007","1","40.456389","-79.896446","0619","11","0","0","0","0","0","0","0","0","1","0","0","0","","","0","","0","","40 27:23.000","6","0","79 53:47.206","9","0","0","0","2301","0","0","0","N","0","0","0","1","02301","0","","2.0","","1","N","N","","0","","0","0","0","","0","Y","","2","0","0","0","0","0","1","2","0","2","","","","N","","","","","","","","","",""
"2007066945","","2","0","0","0","0","0","0","0","0","1","0","","02","6","2007","5","40.463175","-79.904502","1009","11","0","0","0","0","0","0","0","0","","0","0","0","","","1","","2","","40 27:47.430","","3","79 54:16.207","8","0","0","0","2301","0","0","0","N","0","0","0","2","02301","0","","1.0","","1","N","N","","0","","0","0","0","","0","","","2","1","0","0","0","1","1","2","0","2","","","","N","","","","","","","","","",""
"2007066946","","2","0","0","0","0","0","0","0","0","1","0","","02","6","2007","6","40.459738","-79.907173","1617","11","0","0","0","1","0","0","0","0","1","0","0","0","","","3","","3","","40 27:35.058","1","0","79 54:25.822","4","0","0","0","2301","0","0","0","N","0","0","0","3","02301","1","","1.0","","1","N","N","","0","","0","0","0","","0","N","","3","3","0","0","0","2","0","2","1","3","","","","N","","","","","","","","","",""
"2007066947","","2","0","0","0","0","0","0","0","0","6","0","","02","6","2007","1","40.46238","-79.895905","0600","11","0","0","0","0","1","0","0","0","","0","0","0","","","0","","0","","40 27:44.568","","0","79 53:45.258","0","0","0","0","2301","0","0","0","N","0","0","0","1","02301","0","","2.0","","1","N","N","","0","","0","0","0","","0","","","2","0","0","0","0","0","0","2","0","2","","","","N","","","","","","","","","",""
"2007066948","","1","0","0","1","0","0","0","0","0","8","0","","02","6","2007","1","40.458687","-79.908061","1641","11","0","0","0","0","0","1","0","0","1","0","0","0","","","1","","1","","40 27:31.273","7","0","79 54:29.021","4","0","0","0","2301","1","0","0","N","0","0","0","2","02301","1","","1.0","","1","N","N","","0","","0","0","0","","2","N","","2","1","0","0","0","0","0","2","0","1","","","","N","","","","","","","","","",""
"2007066949","","2","0","0","0","0","0","0","0","0","4","0","","02","6","2007","2","40.468748","-79.92751","1725","11","0","0","0","0","1","0","0","0","","0","0","0","","","0","","2","","40 28:07.492","","0","79 55:39.036","0","0","0","0","2301","0","0","0","N","0","0","0","2","02301","0","","1.0","","1","N","N","","0","","0","0","0","","2","","","2","0","0","0","0","0","0","2","0","2","","","","N","","","","","","","","","",""
"2007066952","","2","0","0","0","0","0","0","0","0","1","0","","02","6","2007","1","40.428808","-80.024069","1301","11","0","0","0","0","0","0","0","0","1","0","0","0","","","0","","0","","40 25:43.709","4","0","80 01:26.647","0","0","0","0","2301","0","0","0","N","0","0","0","3","02301","0","","1.0","","1","N","N","","0","","0","0","0","","2","N","","2","0","0","0","0","0","0","2","0","2","","","","N","","","","","","","","","",""
"2007066954","","3","0","0","0","0","0","0","0","0","2","0","","02","6","2007","1","40.452549","-80.053919","1849","11","0","0","0","0","0","1","0","0","2","0","0","0","","","0","","0","","40 27:09.176","2","0","80 03:14.108","0","0","0","0","2301","0","0","0","N","0","0","0","6","02301","0","","1.0","","1","N","N","","0","","0","0","0","","0","N","","3","0","0","0","0","0","0","2","0","3","","","","N","","","","","","","","","",""
"2007066955","","1","0","0","0","0","0","0","0","0","8","0","","02","6","2007","3","40.447047","-80.031987","1755","11","0","0","0","0","0","0","0","0","","0","0","0","","","1","","0","","40 26:49.370","","7","80 01:55.152","4","0","0","0","2301","1","0","0","N","1","0","0","2","02301","1","","9.0","","1","N","N","","0","","0","0","0","","0","","","2","1","0","0","0","0","0","2","0","1","","","","N","","","","","","","","","",""
"2007066956","","3","0","0","0","0","0","0","0","0","4","0","","02","6","2007","4","40.425833","-80.019963","1810","11","0","0","0","0","0","1","0","0","1","0","0","0","","","4","","2","","40 25:33.000","6","0","80 01:11.868","2","0","0","0","2301","0","0","0","N","0","0","0","7","02301","0","","1.0","","1","N","N","","0","","3","1","0","","2","Y","","3","4","0","0","0","0","1","2","0","3","","","","N","","","","","","","","","",""
"2007066957","","2","0","0","0","0","0","0","0","0","4","0","","02","6","2007","4","40.407222","-80.033709","1545","11","0","0","0","0","0","0","0","0","","0","0","0","","","1","","1","","40 24:26.000","","0","80 02:01.352","8","0","0","0","2301","0","0","0","N","0","0","0","2","02301","0","","1.0","","1","N","N","","0","","0","0","0","","3","","","2","1","0","0","0","1","0","2","0","2","","","","N","","","","","","","","","",""
"2007066958","","3","0","0","0","0","0","0","0","0","4","0","","02","5","2007","1","40.450333","-79.986778","0241","11","0","0","0","0","0","0","0","0","","0","0","0","","","2","","2","","40 27:01.200","","0","79 59:12.400","4","0","0","0","2301","0","0","0","N","0","0","0","2","02301","2","","1.0","","1","N","N","","0","","0","0","0","","0","","","3","2","0","0","0","0","0","2","0","3","","","","N","","","","","","","","","",""
"2007066971","","1","0","0","0","0","0","0","0","0","1","0","","02","6","2007","6","40.406313","-80.003697","1108","11","0","0","0","0","0","0","0","0","9","0","0","0","","","1","","2","","40 24:22.725","1","0","80 00:13.309","4","0","0","0","2301","0","0","0","N","0","0","0","4","02301","1","","1.0","","1","N","N","","1","","0","0","0","","0","N","","4","1","0","0","0","0","2","2","1","3","","","","N","","","","","","","","","",""
"2007066974","","1","0","0","0","0","0","0","0","0","7","0","","02","6","2007","4","40.639722","-79.772053","0725","11","0","0","0","0","1","0","0","0","","0","0","0","","","0","","0","","40 38:23.000","","0","79 46:19.389","0","0","0","0","2202","0","0","0","N","0","0","0","1","02202","0","","4.0","","1","N","N","","0","","0","0","0","","0","","","1","0","0","0","0","0","0","1","0","1","","","","N","","","","","","","","","",""
"2007066976","","0","0","0","0","0","0","0","0","0","5","0","","02","7","2007","2","40.475427","-80.097399","0740","11","0","0","0","0","0","0","0","0","","0","0","0","","","0","","1","","40 28:31.537","","7","80 05:50.636","9","0","0","0","2126","0","0","0","N","0","0","0","2","02126","0","","1.0","","1","N","N","","1","","0","0","0","","2","","","2","0","0","0","0","0","2","2","1","2","","","","N","","","","","","","","","",""
"2007066990","","2","0","0","0","0","0","0","0","0","4","0","","02","7","2007","2","40.347872","-80.001125","2030","11","0","0","0","0","0","0","0","1","","0","0","0","","","0","","0","","40 20:52.339","","0","80 00:04.050","0","0","0","0","2403","0","0","0","N","0","0","0","3","02403","0","","1.0","","1","N","N","","0","","0","0","0","","0","","","2","0","0","0","0","0","0","2","0","2","","","","N","","","","","","","","","",""
"2007067002","","1","0","0","0","0","0","0","0","0","7","0","","02","6","2007","3","40.461258","-80.168554","1833","11","0","0","0","0","0","1","0","0","2","0","0","0","","","1","","0","","40 27:40.528","4","0","80 10:06.793","8","0","0","0","2213","0","0","0","N","0","0","0","1","02213","0","","4.0","","9","N","N","","0","","0","0","0","","0","Y","","1","1","0","0","0","1","0","2","0","1","","","","N","","","","","","","","","",""
"2007067003","","2","0","0","0","0","0","0","0","0","1","0","","02","6","2007","3","40.543056","-80.20701","1223","11","0","0","0","1","0","0","0","0","","0","0","0","","","0","","0","","40 32:35.000","","0","80 12:25.237","0","0","0","0","2213","0","0","0","N","0","0","0","2","02213","0","","1.0","","1","N","N","","0","","0","0","0","","0","","","2","0","0","0","0","0","0","2","0","2","","","","N","","","","","","","","","",""
"2007067005","","1","0","0","0","0","0","0","0","0","7","0","","02","6","2007","5","40.304232","-80.070079","1608","11","0","1","0","0","0","0","0","0","","0","0","0","","","1","","2","","40 18:15.234","","0","80 04:12.285","4","0","0","0","2407","0","0","0","N","0","0","0","1","02407","1","","2.0","","9","N","N","","0","","0","0","0","","3","","","1","1","0","0","0","0","0","2","0","1","","","","N","","","","","","","","","",""
"2007067006","","1","0","0","0","0","0","0","0","0","7","0","","02","6","2007","7","40.2951","-80.0348","2137","11","0","0","0","0","0","1","0","0","","0","0","0","","","0","","0","","40 17:42.360","","0","80 02:05.280","0","0","0","0","2407","0","0","0","Y","0","0","0","2","02407","0","","4.0","","1","N","N","","0","","0","0","0","","0","","","1","0","0","0","0","0","0","2","0","1","","","","N","","","","","","","","","",""
"2007067007","","2","0","0","0","0","0","0","0","0","4","0","","02","7","2007","1","40.348333","-80.024199","0548","11","0","0","0","0","0","1","0","0","2","0","0","0","","","3","","0","","40 20:54.000","2","0","80 01:27.118","3","0","0","0","2407","0","0","0","N","0","0","0","3","02407","1","","1.0","","1","N","N","","0","","2","0","0","","0","Y","","2","3","2","0","0","0","0","2","0","2","","","","N","","","","","","","","","",""
"2007067040","","0","0","0","0","0","0","0","0","0","0","0","","02","6","2007","2","40.337778","-79.839472","1437","11","0","0","0","0","0","0","0","0","","0","0","0","","","1","","0","","40 20:16.000","","0","79 50:22.100","8","0","0","1","2304","0","0","0","N","0","0","0","1","02304","0","","1.0","","3","N","N","","0","","0","0","0","","0","","","1","1","0","0","0","1","0","2","0","1","","","","N","","","","","","","","","",""
"2007067041","","1","0","0","0","0","0","0","0","0","4","0","","02","6","2007","6","40.391952","-80.015198","2304","11","1","0","0","0","0","0","0","0","","0","0","0","","","1","","2","","40 23:31.027","","0","80 00:54.712","3","0","0","1","2301","0","0","0","N","0","0","0","2","02301","0","","1.0","","1","N","N","","0","","1","0","0","","0","","","2","1","0","0","0","0","1","2","0","2","","","","N","","","","","","","","","",""
"2007067042","","2","0","0","0","0","0","0","0","0","4","0","","02","6","2007","4","40.457222","-79.909023","0120","11","0","0","0","0","0","0","0","0","2","0","0","0","","","2","","1","","40 27:26.000","5","0","79 54:32.483","8","0","0","0","2301","0","0","0","N","0","0","0","5","02301","0","","1.0","","1","N","N","","0","","0","0","0","","2","Y","","2","2","1","0","0","2","0","2","0","2","","","","N","","","","","","","","","",""
"2007067106","","1","0","0","0","0","0","0","0","0","4","0","","02","7","2007","3","40.3925","-80.067288","1715","11","0","0","0","0","0","0","0","0","1","0","0","0","","","2","","0","","40 23:33.000","3","7","80 04:02.237","4","0","0","0","2117","0","0","0","N","0","0","0","2","02117","1","","1.0","","1","N","N","","1","","0","0","0","","0","N","","2","2","1","0","0","1","0","2","0","2","","","","N","","","","","","","","","",""
"2007067129","","0","0","0","0","0","0","0","0","0","7","0","","02","6","2007","3","40.363341","-79.849266","1621","11","0","0","0","1","0","0","0","0","","0","0","0","","","1","","0","","40 21:48.026","","0","79 50:57.359","8","0","0","1","2444","0","0","0","N","0","0","0","1","02444","0","","5.0","","1","N","N","","0","","0","0","0","","0","","","1","1","0","0","0","1","0","2","0","1","","","","N","","","","","","","","","",""
"2007067317","","0","0","0","0","0","0","0","0","0","8","0","","02","7","2007","3","40.386325","-79.902253","1949","11","0","0","0","0","0","0","0","0","1","0","0","0","","","1","","0","","40 23:10.771","5","0","79 54:08.110","4","0","0","0","2448","1","0","0","N","1","0","0","2","02448","1","","1.0","","1","N","N","","0","","0","0","1","","0","Y","","2","1","0","0","0","0","0","2","0","1","","","","N","","","","","","","","","",""
"2007067343","","0","0","0","0","0","0","0","0","0","0","0","","02","7","2007","3","40.360833","-79.993897","1708","11","0","0","0","0","0","1","0","0","1","0","0","0","","","1","","2","","40 21:39.000","3","0","79 59:38.030","3","0","0","1","2476","0","0","0","N","0","0","0","1","02476","0","","1.0","","1","N","N","","0","","1","0","0","","0","Y","","1","1","0","0","0","0","0","2","0","1","","","","N","","","","","","","","","",""
"2007067431","","1","0","0","0","0","0","0","0","0","5","0","","02","6","2007","3","40.432553","-79.928001","0843","11","0","0","0","0","0","0","0","0","","0","0","0","","","0","","0","","40 25:57.190","","0","79 55:40.803","0","0","0","0","2301","0","0","0","N","0","0","0","1","02301","0","","1.0","","1","N","N","","1","","0","0","0","","0","","","2","0","0","0","0","0","0","2","0","2","","","","N","","","","","","","","","",""
"2007067432","","1","0","0","0","0","0","0","0","0","8","0","","02","6","2007","3","40.40218","-79.989427","1151","11","0","0","0","0","0","0","0","1","","0","0","0","","","1","","2","","40 24:07.848","","0","79 59:21.937","3","0","0","0","2301","1","0","0","","1","0","0","2","02301","0","","1.0","","1","N","N","","0","","1","0","0","","0","","","2","1","0","0","0","0","0","2","0","1","","","","N","","","","","","","","","",""
"2007067433","","1","0","0","0","0","0","0","0","0","4","0","","02","6","2007","4","40.448652","-80.002304","0041","11","0","0","0","0","0","0","0","0","","0","0","0","","","0","","1","","40 26:55.147","","0","80 00:08.294","0","0","0","0","2301","0","0","0","N","0","0","0","2","02301","0","","1.0","","1","N","N","","1","","0","0","0","","2","","","2","0","0","0","0","0","0","2","0","2","","","","N","","","","","","","","","",""
"2007067434","","1","0","0","0","0","0","0","0","0","5","0","","02","6","2007","5","40.456","-79.9916","1356","11","0","0","0","1","0","0","1","0","3","0","0","0","","","1","","0","","40 27:21.600","5","0","79 59:29.760","8","0","0","0","2301","0","0","0","N","0","0","0","2","02301","0","","1.0","","1","N","N","","1","","0","0","0","","0","N","","2","1","0","0","0","1","0","2","0","2","","","","N","","","","","","","","","",""
"2007067435","","2","0","0","0","0","0","0","0","0","1","0","","02","6","2007","3","40.427722","-79.987472","2009","11","0","0","0","0","0","0","0","1","1","0","0","0","","","2","","1","","40 25:39.800","3","0","79 59:14.900","3","0","0","0","2301","0","0","0","N","0","0","0","3","02301","1","","1.0","","1","N","N","","0","","1","0","0","","3","Y","","3","2","0","0","0","0","0","2","1","3","","","","N","","","","","","","","","",""
"2007067436","","1","0","0","0","0","0","0","0","0","7","0","","02","6","2007","7","","","1246","11","0","0","0","0","0","0","0","0","","0","0","0","","","0","","6","","40 25:27.84","","2","80 01:50.88","0","0","0","0","2301","0","0","0","N","0","0","0","1","02301","0","","2.0","","1","N","N","","0","","0","0","0","","0","","","1","0","0","0","0","0","0","2","0","1","","","","N","","","","","","","","","",""
"2007067437","","4","0","0","0","0","0","0","0","0","6","0","","02","6","2007","7","40.407415","-80.004369","9999","11","0","0","0","0","0","2","0","0","1","0","0","0","","","1","","0","","40 24:26.694","3","0","80 00:15.729","8","0","0","0","2301","0","0","0","","0","0","0","4","02301","0","","1.0","","1","N","N","","0","","0","0","0","","0","N","","4","1","1","0","0","1","0","2","0","4","","","","N","","","","","","","","","",""
"2007067438","","1","0","0","0","0","0","0","0","0","7","0","","02","6","2007","3","40.470017","-80.013653","0109","11","0","0","0","0","0","0","0","0","","0","0","0","","","0","","0","","40 28:12.062","","0","80 00:49.149","9","0","0","0","2301","0","0","0","N","0","0","0","1","02301","0","","2.0","","1","N","N","","0","","0","0","0","","0","","","1","0","0","0","0","0","1","2","0","1","","","","N","","","","","","","","","",""
"2007067462","","2","0","0","0","0","0","0","0","0","1","0","","02","5","2007","2","40.465294","-80.060489","1610","11","0","0","0","0","1","2","0","0","2","0","0","0","","","1","","0","","40 27:55.058","4","0","80 03:37.761","4","0","0","0","2444","0","0","0","N","0","0","0","4","02444","1","","1.0","","1","N","N","","1","","0","0","1","","2","N","","4","1","0","0","0","0","0","2","0","4","","","","N","","","","","","","","","",""
"2007067512","","2","0","0","0","0","0","0","0","0","1","1","","02","6","2007","4","40.565556","-80.211053","1441","11","0","0","1","0","0","1","0","0","1","0","1","0","","","0","","2","","40 33:56.000","1","0","80 12:39.789","0","0","0","0","2441","0","0","0","N","0","0","0","3","02441","0","","3.0","","1","N","N","","0","","0","0","0","","0","N","","3","0","0","0","0","0","0","2","0","3","","","","N","","","","","","","","","",""
"2007067537","","1","0","0","1","0","0","0","0","0","8","0","","02","6","2007","1","40.446003","-80.070951","1534","11","0","0","0","0","0","0","0","0","","0","0","0","","","1","","0","","40 26:45.610","","0","80 04:15.423","4","0","0","0","2439","1","0","0","N","0","0","0","2","02439","1","","1.0","","1","N","N","","0","","0","0","0","","0","","","2","1","0","0","0","0","0","2","0","1","","","","N","","","","","","","","","",""
"2007067568","","2","0","0","0","0","0","0","0","0","7","0","","02","6","2007","6","40.351389","-79.864804","1942","11","0","0","0","0","0","1","0","0","","0","0","0","","","0","","0","","40 21:05.000","","0","79 51:53.293","0","0","0","0","2304","0","0","0","N","0","0","0","2","02304","0","","4.0","","1","N","N","","0","","0","0","0","","0","","","2","0","0","0","0","0","0","2","0","2","","","","N","","","","","","","","","",""
"2007067569","","0","0","0","0","0","0","0","0","0","7","0","","02","6","2007","5","40.355935","-79.897873","2351","11","0","0","0","0","0","0","0","0","2","0","0","0","","","2","","0","","40 21:21.365","1","0","79 53:52.344","3","0","0","1","2304","0","0","0","N","0","0","0","2","02304","0","","2.0","","1","N","N","","0","","1","0","0","","0","N","","1","2","0","0","0","1","0","2","0","1","","","","N","","","","","","","","","",""
"2007067570","","2","0","0","0","0","0","0","0","0","4","0","","02","5","2007","5","40.354917","-79.834915","1223","11","0","0","0","0","0","0","0","0","2","0","0","0","","","0","","2","","40 21:17.701","1","0","79 50:05.694","0","0","0","0","2304","0","0","0","N","0","0","0","2","02304","0","","1.0","","1","N","N","","0","","0","0","0","","0","N","","2","0","0","0","0","0","0","2","0","2","","","","N","","","","","","","","","",""
"2007067571","","1","0","0","0","0","0","0","0","0","7","0","","02","6","2007","7","40.337985","-79.845117","0436","11","0","0","0","1","0","0","0","0","2","0","0","0","","","0","","0","","40 20:16.746","2","0","79 50:42.421","0","0","0","0","2304","0","0","0","N","0","0","0","1","02304","0","","5.0","","1","N","N","","1","","0","0","0","","0","Y","","2","0","0","0","0","0","0","2","0","2","","","","N","","","","","","","","","",""
"2007067572","","2","0","0","0","0","0","0","0","0","4","0","","02","6","2007","1","40.356009","-79.898208","1158","11","0","0","0","0","0","0","1","0","2","0","0","0","","","2","","2","","40 21:21.632","1","0","79 53:53.547","3","0","0","0","2304","0","0","0","N","0","0","0","3","02304","0","","1.0","","1","N","N","","0","","1","0","0","","2","N","","2","2","0","0","0","1","0","2","0","2","","","","N","","","","","","","","","",""
"2007067574","","0","0","0","0","0","0","0","0","0","1","0","","02","5","2007","5","40.450389","-80.174306","1216","11","0","0","0","0","0","0","0","0","","0","0","0","","","0","","0","","40 27:01.400","","0","80 10:27.500","9","0","0","0","2214","0","0","0","N","0","0","0","2","02214","0","","1.0","","1","N","N","","0","","0","0","2","","0","","","2","0","0","0","0","0","1","2","0","2","","","","N","","","","","","","","","",""
"2007067575","","1","0","0","0","0","0","0","0","0","1","0","","02","6","2007","4","40.441667","-80.239163","1021","11","0","0","0","0","0","0","0","0","1","0","0","0","","","2","","5","","40 26:30.000","2","0","80 14:20.988","3","0","0","0","2214","0","0","0","N","0","0","0","3","02214","0","","1.0","","1","N","N","","0","","2","0","1","","2","N","","2","2","0","0","0","0","0","2","0","2","","","","N","","","","","","","","","",""
"2007067577","","1","0","0","0","0","0","0","0","0","6","0","","02","5","2007","2","40.371944","-80.227499","1721","11","0","0","0","0","0","0","0","0","2","0","0","0","","","2","","0","","40 22:19.000","1","0","80 13:38.995","2","0","1","1","2214","0","0","0","N","0","0","0","3","02214","0","","1.0","","1","N","N","","0","","1","1","0","","0","Y","","2","2","0","0","0","0","0","2","0","2","","","","N","","","","","","","","","",""
"2007067578","","3","0","0","0","0","0","0","0","0","1","0","","02","6","2007","1","","","1246","11","0","0","0","0","0","0","0","0","1","0","0","0","","","2","","0","","","4","0","","4","0","0","0","2214","0","0","0","N","0","0","0","6","02214","2","","1.0","","1","N","N","","0","","0","0","0","","0","N","","3","2","1","0","0","0","0","1","0","3","","","","N","","","","","","","","","",""
"2007067579","","1","0","0","0","0","0","0","0","0","1","0","","02","6","2007","2","40.4133","-80.1903","1256","11","0","1","0","0","1","0","0","0","","0","0","0","","","2","","0","","40 24:47.880","","0","80 11:25.080","4","0","0","0","2214","0","0","0","N","0","0","0","2","02214","1","","1.0","","1","N","N","","1","","0","0","0","","0","","","2","2","0","0","0","1","0","1","0","2","","","","N","","","","","","","","","",""
"2007067604","","1","0","0","0","0","0","0","0","0","1","0","","02","7","2007","3","40.510833","-79.95698","2013","11","0","0","0","0","0","2","0","0","","0","0","0","","","0","","0","","40 30:39.000","","0","79 57:25.128","0","0","0","0","2118","0","0","0","N","0","0","0","2","02118","0","","1.0","","1","N","N","","0","","0","0","1","","0","","","2","0","0","0","0","0","0","2","0","2","","","","N","","","","","","","","","",""
"2007067610","","1","0","0","0","0","0","0","0","0","1","0","","02","6","2007","2","40.512205","-80.151428","1509","11","0","0","0","0","0","0","1","0","","0","0","0","","","0","","0","","40 30:43.937","","0","80 09:05.141","0","0","0","0","2420","0","0","0","N","0","0","0","1","02420","0","","6.0","","9","N","N","","0","","0","0","1","","0","","","2","0","0","0","0","0","0","2","0","2","","","","N","","","","","","","","","",""
"2007067617","","2","0","0","0","0","0","0","0","0","4","0","","02","6","2007","1","40.4611","-79.871","0223","11","0","0","0","0","0","1","0","0","","0","0","0","","","0","","0","","40 27:39.960","","0","79 52:15.600","0","0","0","0","2113","0","0","0","N","0","0","0","2","02113","0","","1.0","","9","N","N","","0","","0","0","0","","0","","","2","0","0","0","0","0","0","2","0","2","","","","N","","","","","","","","","",""
"2007067618","","1","0","0","0","0","0","0","0","0","4","1","","02","6","2007","2","40.4819","-79.871","1556","11","0","0","0","0","0","3","0","0","3","0","1","0","","","1","","0","","40 28:54.840","1","0","79 52:15.600","4","0","0","0","2113","0","0","0","Y","0","0","0","3","02113","1","","1.0","","1","N","N","","0","","0","0","1","","0","Y","","3","1","0","0","0","0","0","2","0","3","","","","N","","","","","","","","","",""
"2007067685","","1","0","0","0","0","0","0","0","0","7","0","","02","6","2007","6","40.447444","-79.812167","0853","11","0","0","0","0","0","1","0","0","1","0","0","0","","","1","","0","","40 26:50.800","1","0","79 48:43.800","4","0","0","0","2113","0","0","0","N","0","0","0","1","02113","1","","2.0","","1","N","N","","0","","0","0","0","","0","Y","","1","1","0","0","0","0","0","2","0","1","","","","N","","","","","","","","","",""
"2007067711","","1","0","0","0","0","0","0","0","0","0","0","","02","6","2007","3","40.441634","-80.04078","1220","11","0","0","0","0","0","0","0","0","2","0","0","0","","","1","","0","","40 26:29.882","4","0","80 02:26.808","8","0","0","0","2301","0","0","0","N","0","0","0","1","02301","0","","5.0","","1","N","N","","0","","0","0","0","","0","N","","1","1","0","0","0","1","0","2","0","1","","","","N","","","","","","","","","",""
"2007067721","","0","0","0","0","0","0","0","0","0","2","0","","02","6","2007","5","40.375987","-80.045645","1528","11","0","1","0","0","0","0","0","0","2","0","0","0","","","0","","0","","40 22:33.553","6","0","80 02:44.322","0","0","0","0","2109","0","0","0","N","0","0","0","1","02109","0","","1.0","","1","N","N","","1","","0","0","0","","0","Y","","2","0","0","0","0","0","0","2","1","2","","","","N","","","","","","","","","",""