"CRN","ARRIVAL_TM","AUTOMOBILE_COUNT","BELTED_DEATH_COUNT","BELTED_SUSP_SERIOUS_INJ_COUNT","BICYCLE_COUNT","BICYCLE_DEATH_COUNT","BICYCLE_SUSP_SERIOUS_INJ_COUNT","BUS_COUNT","CHLDPAS_DEATH_COUNT","CHLDPAS_SUSP_SERIOUS_INJ_COUNT","COLLISION_TYPE","COMM_VEH_COUNT","CONS_ZONE_SPD_LIM","COUNTY","CRASH_MONTH","CRASH_YEAR","DAY_OF_WEEK","DEC_LATITUDE","DEC_LONGITUDE","DISPATCH_TM","DISTRICT","DRIVER_COUNT_16YR","DRIVER_COUNT_17YR","DRIVER_COUNT_18YR","DRIVER_COUNT_19YR","DRIVER_COUNT_20YR","DRIVER_COUNT_50_64YR","DRIVER_COUNT_65_74YR","DRIVER_COUNT_75PLUS","EST_HRS_CLOSED","FATAL_COUNT","HEAVY_TRUCK_COUNT","HORSE_BUGGY_COUNT","HOUR_OF_DAY","ILLUMINATION","INJURY_COUNT","INTERSECTION_RELATED","INTERSECT_TYPE","LANE_CLOSED","LATITUDE","LN_CLOSE_DIR","LOCATION_TYPE","LONGITUDE","MAX_SEVERITY_LEVEL","MCYCLE_DEATH_COUNT","MCYCLE_SUSP_SERIOUS_INJ_COUNT","MOTORCYCLE_COUNT","MUNICIPALITY","NONMOTR_COUNT","NONMOTR_DEATH_COUNT","NONMOTR_SUSP_SERIOUS_INJ_COUNT","NTFY_HIWY_MAINT","PED_COUNT","PED_DEATH_COUNT","PED_SUSP_SERIOUS_INJ_COUNT","PERSON_COUNT","POLICE_AGCY","POSSIBLE_INJ_COUNT","RDWY_SURF_TYPE_CD","RELATION_TO_ROAD","ROADWAY_CLEARED","ROAD_CONDITION","SCH_BUS_IND","SCH_ZONE_IND","SECONDARY_CRASH","SMALL_TRUCK_COUNT","SPEC_JURIS_CD","SUSP_MINOR_INJ_COUNT","SUSP_SERIOUS_INJ_COUNT","SUV_COUNT","TCD_FUNC_CD","TCD_TYPE","TFC_DETOUR_IND","TIME_OF_DAY","TOTAL_UNITS","TOT_INJ_COUNT","UNBELTED_OCC_COUNT","UNB_DEATH_COUNT","UNB_SUSP_SERIOUS_INJ_COUNT","UNK_INJ_DEG_COUNT","UNK_INJ_PER_COUNT","URBAN_RURAL","VAN_COUNT","VEHICLE_COUNT","WEATHER1","WEATHER2","WORKERS_PRES","WORK_ZONE_IND","WORK_ZONE_LOC","WORK_ZONE_TYPE","WZ_CLOSE_DETOUR","WZ_FLAGGER","WZ_LAW_OFFCR_IND","WZ_LN_CLOSURE","WZ_MOVING","WZ_OTHER","WZ_SHLDER_MDN","WZ_WORKERS_INJ_KILLED"
"2007067731","","1","0","0","0","0","0","0","0","0","7","0","","02","6","2007","5","40.435675","-79.994797","0122","11","0","0","0","0","0","0","0","0","2","0","0","0","","","0","","0","","40 26:08.431","2","0","79 59:41.268","0","0","0","0","2301","0","0","0","N","0","0","0","1","02301","0","","5.0","","1","N","N","","0","","0","0","0","","2","Y","","1","0","0","0","0","0","0","2","0","1","","","","N","","","","","","","","","",""
"2007067732","","1","0","0","0","0","0","0","0","0","4","1","","02","6","2007","3","40.466189","-79.952055","1506","11","0","0","0","0","0","0","0","0","","0","1","0","","","0","","0","","40 27:58.280","","0","79 57:07.398","9","0","0","0","2301","0","0","0","N","0","0","0","2","03201","0","","1.0","","1","N","N","","0","","0","0","0","","0","","","2","0","0","0","0","0","1","2","0","2","","","","N","","","","","","","","","",""
"2007067733","","0","0","0","1","0","0","0","0","0","8","0","","02","6","2007","7","40.466556","-79.9655","1253","11","0","0","0","0","1","0","0","0","","0","0","0","","","1","","0","","40 27:59.600","","0","79 57:55.800","3","0","0","0","2301","1","0","0","N","0","0","0","4","02301","0","","1.0","","1","N","N","","0","","1","0","0","","3","","","2","1","0","0","0","0","0","2","1","1","","","","N","","","","","","","","","",""
"2007067734","","1","0","0","0","0","0","0","0","0","4","0","","02","6","2007","2","40.4321","-79.9586","1806","11","0","0","0","0","1","0","0","0","","0","0","0","","","0","","6","","40 25:55.560","","8","79 57:30.960","0","0","0","0","2301","0","0","0","N","0","0","0","2","02301","0","","1.0","","1","N","N","","0","","0","0","1","","0","","","2","0","0","0","0","0","0","2","0","2","","","","N","","","","","","","","","",""
"2007067735","","1","0","0","0","0","0","0","0","0","5","0","","02","6","2007","3","40.47763","-79.952264","1248","11","0","1","0","0","0","0","0","0","","0","0","0","","","1","","1","","40 28:39.468","","0","79 57:08.150","4","0","0","0","2301","0","0","0","N","0","0","0","4","02301","1","","1.0","","1","N","N","","1","","0","0","1","","0","","","3","1","1","0","0","0","0","2","0","3","","","","N","","","","","","","","","",""
"2007067742","","2","0","0","0","0","0","0","0","0","4","0","","02","6","2007","1","40.454444","-79.888473","1731","11","0","0","0","0","0","1","0","0","2","0","0","0","","","2","","1","","40 27:16.000","1","0","79 53:18.502","3","0","0","0","2301","0","0","0","N","0","0","0","4","02301","0","","1.0","","1","N","N","","0","","2","0","0","","1","Y","","2","2","0","0","0","0","1","2","0","2","","","","N","","","","","","","","","",""
"2007067743","","1","0","0","0","0","0","0","0","0","4","0","","02","6","2007","3","40.465466","-79.946427","0601","11","0","0","0","0","0","2","0","0","","0","0","0","","","1","","1","","40 27:55.677","","0","79 56:47.137","4","0","0","0","2301","0","0","0","N","0","0","0","2","02301","1","","1.0","","1","N","N","","1","","0","0","0","","2","","","2","1","0","0","0","0","0","2","0","2","","","","N","","","","","","","","","",""
"2007067745","","2","0","0","0","0","0","0","0","0","4","0","","02","6","2007","2","40.462379","-79.945602","1309","11","0","0","0","0","0","1","0","0","3","0","0","0","","","0","","2","","40 27:44.564","3","0","79 56:44.167","0","0","0","0","2301","0","0","0","N","0","0","0","2","02301","0","","1.0","","9","N","N","","0","","0","0","0","","0","N","","2","0","0","0","0","0","0","2","0","2","","","","N","","","","","","","","","",""
"2007067746","","2","0","0","0","0","0","0","0","0","5","0","","02","6","2007","2","40.465194","-79.951222","1735","11","0","0","0","0","0","0","0","0","","0","0","0","","","0","","2","","40 27:54.700","","0","79 57:04.400","0","0","0","0","2301","0","0","0","N","0","0","0","1","02301","0","","1.0","","1","N","N","","0","","0","0","0","","3","","","2","0","1","0","0","0","0","2","0","2","","","","N","","","","","","","","","",""
"2007067750","","2","0","0","0","0","0","0","0","0","1","0","","02","6","2007","3","40.396111","-79.998231","0839","11","0","0","0","0","0","0","0","0","","0","0","0","","","1","","1","","40 23:46.000","","0","79 59:53.632","8","0","0","0","2301","0","0","0","N","0","0","0","2","02301","0","","1.0","","1","N","N","","0","","0","0","0","","2","","","2","1","0","0","0","1","0","2","0","2","","","","N","","","","","","","","","",""
"2007067751","","1","0","0","0","0","0","0","0","0","7","0","","02","6","2007","4","40.388139","-80.003472","0112","11","0","0","0","0","0","0","0","0","","0","0","0","","","0","","0","","40 23:17.300","","0","80 00:12.500","0","0","0","0","2301","0","0","0","N","0","0","0","2","02301","0","","4.0","","9","N","N","","0","","0","0","0","","0","","","1","0","0","0","0","0","0","2","0","1","","","","N","","","","","","","","","",""
"2007067752","","1","0","0","0","0","0","0","0","0","1","0","","02","6","2007","4","40.4343","-80.0303","1658","11","0","0","0","1","0","0","0","0","","0","0","0","","","1","","0","","40 26:03.480","","0","80 01:49.080","4","0","0","0","2301","0","0","0","N","0","0","0","3","02301","1","","1.0","","1","N","N","","0","","0","0","2","","0","","","3","1","1","0","0","0","0","2","0","3","","","","N","","","","","","","","","",""
"2007067753","","1","0","0","0","0","0","0","0","0","5","0","","02","6","2007","3","40.489","-79.9249","1018","11","0","0","0","0","0","1","0","0","","0","0","0","","","2","","0","","40 29:20.400","","0","79 55:29.640","4","0","0","0","2301","0","0","0","N","0","0","0","3","02301","2","","1.0","","1","N","N","","1","","0","0","0","","0","","","2","2","0","0","0","0","0","2","0","2","","","","N","","","","","","","","","",""
"2007067754","","1","0","0","0","0","0","0","0","0","4","0","","02","6","2007","6","40.438023","-79.913084","0920","11","0","0","0","0","0","0","0","1","1","0","0","0","","","0","","1","","40 26:16.882","6","0","79 54:47.102","0","0","0","0","2301","0","0","0","N","0","0","0","2","02301","0","","1.0","","1","N","N","","1","","0","0","0","","2","N","","2","0","0","0","0","0","0","2","0","2","","","","N","","","","","","","","","",""
"2007067755","","2","0","0","0","0","0","0","0","0","1","0","","02","6","2007","3","40.441944","-79.956322","1617","11","0","0","0","0","0","0","0","0","","0","0","0","","","2","","1","","40 26:31.000","","0","79 57:22.760","4","0","0","0","2301","0","0","0","N","0","0","0","3","02301","1","","1.0","","1","N","N","","0","","0","0","0","","2","","","2","2","0","0","0","1","0","2","0","2","","","","N","","","","","","","","","",""
"2007067776","","1","0","0","0","0","0","0","0","0","7","0","","02","6","2007","7","","","0705","11","0","0","0","0","0","1","0","0","","0","0","0","","","1","","0","","","","0","","3","0","0","0","2301","0","0","0","N","0","0","0","1","02301","0","","4.0","","1","N","N","","0","","1","0","0","","0","","","1","1","0","0","0","0","0","1","0","1","","","","N","","","","","","","","","",""
"2007067777","","1","0","0","0","0","0","0","0","0","4","0","","02","6","2007","2","40.455667","-79.925278","1835","11","0","0","0","0","0","0","0","0","","0","0","0","","","0","","0","","40 27:20.400","","0","79 55:31.000","0","0","0","0","2301","0","0","0","N","0","0","0","4","02301","0","","1.0","","1","N","N","","1","","0","0","0","","0","","","2","0","0","0","0","0","0","2","0","2","","","","N","","","","","","","","","",""
"2007067827","","1","0","0","0","0","0","0","0","0","8","0","","02","6","2007","5","40.438333","-80.001993","1115","11","0","0","0","0","0","0","0","0","","0","0","0","","","1","","1","","40 26:18.000","","0","80 00:07.175","8","0","0","0","2301","1","0","0","N","1","0","0","2","02301","0","","1.0","","1","N","N","","0","","0","0","0","","2","","","2","1","0","0","0","1","0","2","0","1","","","","N","","","","","","","","","",""
"2007067879","","2","0","0","0","0","0","0","0","0","4","0","","02","6","2007","5","40.446873","-79.954817","1740","11","0","0","0","0","0","0","0","0","","0","0","0","","","0","","1","","40 26:48.742","","0","79 57:17.341","0","0","0","0","2301","0","0","0","N","0","0","0","2","02301","0","","1.0","","1","N","N","","0","","0","0","0","","3","","","2","0","0","0","0","0","0","2","0","2","","","","N","","","","","","","","","",""
"2007067880","","2","0","0","0","0","0","0","0","0","1","0","","02","6","2007","4","40.397028","-79.987945","1929","11","0","0","0","0","0","1","1","0","1","0","0","0","","","0","","0","","40 23:49.300","2","0","79 59:16.602","0","0","0","0","2301","0","0","0","N","0","0","0","2","02301","0","","1.0","","9","N","N","","0","","0","0","0","","0","N","","2","0","0","0","0","0","0","2","0","2","","","","N","","","","","","","","","",""
"2007067881","","3","0","0","0","0","0","0","0","0","2","0","","02","6","2007","6","40.427028","-80.005198","1850","11","0","0","0","0","0","0","0","0","3","0","0","0","","","2","","2","","40 25:37.300","6","0","80 00:18.712","3","0","0","0","2301","0","0","0","N","0","0","0","2","02301","1","","1.0","","1","N","N","","0","","1","0","1","","0","Y","","4","2","1","0","0","0","0","2","0","4","","","","N","","","","","","","","","",""
"2007067882","","2","0","0","0","0","0","0","0","0","4","0","","02","6","2007","1","40.428417","-79.9185","0111","11","1","0","0","0","0","0","0","0","","0","0","0","","","0","","1","","40 25:42.300","","0","79 55:06.600","9","0","0","0","2301","0","0","0","N","0","0","0","4","02301","0","","1.0","","1","N","N","","0","","0","0","0","","1","","","2","0","0","0","0","0","1","2","0","2","","","","N","","","","","","","","","",""
"2007067884","","2","0","0","0","0","0","0","0","0","1","0","","02","6","2007","7","40.4499","-79.9985","1740","11","0","0","0","0","0","2","0","1","","0","0","0","","","1","","0","","40 26:59.640","","0","79 59:54.600","4","0","0","0","2301","0","0","0","N","0","0","0","9","02301","1","","1.0","","1","N","N","","0","","0","0","1","","0","","","4","1","0","0","0","0","0","2","1","4","","","","N","","","","","","","","","",""
"2007067885","","1","0","0","0","0","0","0","0","0","4","0","","02","6","2007","4","40.454803","-79.997036","0639","11","0","0","0","0","0","1","0","0","","0","0","0","","","0","","2","","40 27:17.291","","0","79 59:49.328","9","0","0","0","2301","0","0","0","N","0","0","0","2","02301","0","","1.0","","1","N","N","","1","","0","0","0","","0","","","2","0","0","0","0","0","1","2","0","2","","","","N","","","","","","","","","",""
"2007067886","","1","0","0","0","0","0","0","0","0","3","0","","02","6","2007","6","40.394878","-80.021564","1702","11","0","0","0","0","0","0","0","0","","0","0","0","","","1","","2","","40 23:41.560","","0","80 01:17.630","8","0","0","1","2301","0","0","0","N","0","0","0","2","02301","0","","1.0","","1","N","N","","0","","0","0","0","","0","","","2","1","0","0","0","1","1","2","0","2","","","","N","","","","","","","","","",""
"2007067887","","2","0","0","0","0","0","0","0","0","4","0","","02","6","2007","6","40.420917","-80.003667","1847","11","0","0","1","0","0","0","0","0","4","1","0","0","","","1","","0","","40 25:15.300","6","0","80 00:13.200","1","0","0","0","2301","0","0","0","N","0","0","0","3","02301","0","2","1.0","","1","N","N","","0","0","0","0","0","","0","Y","","2","1","0","0","0","1","0","2","0","2","","","","N","","","","","","","","","",""
"2007067888","","1","0","0","0","0","0","0","0","0","4","0","","02","6","2007","1","40.471023","-80.008598","0233","11","0","0","0","0","1","0","0","0","","0","0","0","","","2","","1","","40 28:15.682","","0","80 00:30.952","4","0","0","0","2301","0","0","0","N","0","0","0","6","02301","2","","1.0","","1","N","N","","0","","0","0","1","","1","","","2","2","0","0","0","0","0","2","0","2","","","","N","","","","","","","","","",""
"2007067889","","2","0","0","0","0","0","0","0","0","4","0","","02","6","2007","7","40.448652","-80.002304","0659","11","0","0","0","1","1","0","0","0","1","0","0","0","","","2","","1","","40 26:55.147","5","0","80 00:08.294","8","0","0","0","2301","0","0","0","N","0","0","0","8","02301","0","","1.0","","1","N","N","","0","","0","0","1","","2","N","","3","2","3","0","0","2","0","2","0","3","","","","N","","","","","","","","","",""
"2007067914","","0","0","0","0","0","0","0","0","0","5","1","","02","5","2007","1","40.563056","-80.207979","1556","11","0","0","0","0","0","0","0","0","","0","1","0","","","0","","1","","40 33:47.000","","0","80 12:28.724","0","0","0","0","2441","0","0","0","N","0","0","0","2","02441","0","","2.0","","1","N","N","","0","","0","0","0","","2","","","2","0","0","0","0","0","0","2","1","2","","","","N","","","","","","","","","",""
"2007067934","","1","0","0","0","0","0","0","0","0","1","0","","02","5","2007","1","40.412749","-79.989239","1316","11","0","0","0","0","0","0","0","0","","0","0","0","","","0","","2","","40 24:45.896","","0","79 59:21.260","0","0","0","0","2447","0","0","0","N","0","0","0","2","02447","0","","4.0","","1","N","N","","0","","0","0","1","","3","","","2","0","0","0","0","0","0","2","0","2","","","","N","","","","","","","","","",""
"2007067935","","0","0","0","0","0","0","0","0","0","7","0","","02","6","2007","1","40.344472","-79.883861","0300","11","0","0","0","0","0","0","0","0","","0","0","0","","","0","","3","","40 20:40.100","","0","79 53:01.900","0","0","0","0","2304","0","0","0","N","0","0","0","1","02304","0","","7.0","","1","N","N","","0","","0","0","1","","3","","","1","0","0","0","0","0","0","2","0","1","","","","N","","","","","","","","","",""
"2007067936","","1","0","0","0","0","0","0","0","0","4","0","","02","6","2007","1","40.350472","-79.868861","1319","11","0","0","0","0","0","0","0","0","","0","0","0","","","2","","2","","40 21:01.700","","0","79 52:07.900","4","0","0","0","2304","0","0","0","N","0","0","0","2","02304","1","","1.0","","1","N","N","","1","","0","0","0","","0","","","2","2","0","0","0","1","0","2","0","2","","","","N","","","","","","","","","",""
"2007067980","","0","0","0","0","0","0","0","0","0","8","0","","02","6","2007","7","40.435758","-79.994538","1109","11","0","0","0","0","0","1","0","0","","0","0","0","","","1","","2","","40 26:08.729","","0","79 59:40.337","8","0","0","0","2301","1","0","0","N","1","0","0","2","02301","0","","1.0","","1","N","N","","0","","0","0","1","","2","","","2","1","0","0","0","1","0","2","0","1","","","","N","","","","","","","","","",""
"2007067986","","1","0","0","0","0","0","0","0","0","1","0","","02","7","2007","3","40.584167","-79.95072","1431","11","0","1","0","1","0","0","0","0","1","0","0","0","","","1","","2","","40 35:03.000","1","0","79 57:02.591","4","0","0","0","2207","0","0","0","N","0","0","0","3","02207","1","","1.0","","1","N","N","","0","","0","0","1","","2","N","","2","1","0","0","0","0","0","2","0","2","","","","N","","","","","","","","","",""
"2007067992","","2","0","0","0","0","0","0","0","0","4","0","","02","7","2007","2","40.506667","-80.006915","1259","11","0","0","0","0","0","0","1","0","1","0","0","0","","","0","","1","","40 30:24.000","5","0","80 00:24.894","0","0","0","0","2116","0","0","0","N","0","0","0","2","02116","0","","1.0","","1","N","N","","0","","0","0","0","","2","N","","2","0","0","0","0","0","0","2","0","2","","","","N","","","","","","","","","",""
"2007067995","","0","0","0","0","0","0","0","0","0","0","0","","02","6","2007","7","40.612838","-80.026138","1017","11","0","0","0","0","0","0","0","0","","0","0","0","","","1","","3","","40 36:46.216","","0","80 01:34.096","3","0","0","1","2216","0","0","0","N","0","0","0","1","02501","0","","2.0","","1","N","N","","0","","1","0","0","","0","","","1","1","0","0","0","0","0","1","0","1","","","","N","","","","","","","","","",""
"2007067999","","1","0","0","0","0","0","0","0","0","0","0","","02","6","2007","6","40.425","-80.042415","1050","11","0","0","0","0","0","0","0","0","1","0","0","0","","","0","","0","","40 25:30.000","2","0","80 02:32.695","0","0","0","0","2435","0","0","0","N","0","0","0","1","02435","0","","1.0","","1","N","N","","0","","0","0","0","","0","N","","1","0","0","0","0","0","0","2","0","1","","","","N","","","","","","","","","",""
"2007068005","","1","0","0","0","0","0","0","0","0","4","0","","02","7","2007","4","40.460278","-79.842584","1301","11","0","0","0","0","0","1","0","0","1","0","0","0","","","1","","0","","40 27:37.000","2","0","79 50:33.304","4","0","0","0","2113","0","0","0","N","0","0","0","4","02113","1","","1.0","","1","N","N","","0","","0","0","1","","0","N","","2","1","0","0","0","0","0","2","0","2","","","","N","","","","","","","","","",""
"2007068019","","2","0","0","0","0","0","0","0","0","1","0","","02","6","2007","4","40.530556","-80.010111","1611","11","0","0","1","0","0","1","0","0","","0","0","0","","","1","","0","","40 31:50.000","","0","80 00:36.401","8","0","0","0","2116","0","0","0","N","0","0","0","2","02116","0","","1.0","","1","N","N","","0","","0","0","0","","0","","","2","1","0","0","0","1","0","2","0","2","","","","N","","","","","","","","","",""
"2007068040","","1","0","0","0","0","0","0","0","0","2","0","","02","7","2007","4","40.447891","-79.791447","0025","11","0","0","0","0","0","0","0","0","2","0","0","0","","","1","","0","","40 26:52.407","5","0","79 47:29.209","8","0","0","0","2446","0","0","0","N","0","0","0","2","02446","0","","1.0","","1","N","N","","0","","0","0","1","","0","Y","","2","1","1","0","0","1","0","2","0","2","","","","N","","","","","","","","","",""
"2007068042","","1","0","0","0","0","0","0","0","0","4","0","","02","7","2007","4","40.338889","-79.960448","2245","11","0","0","0","0","0","0","0","0","","0","0","0","","","0","","1","","40 20:20.000","","0","79 57:37.614","0","0","0","0","2454","0","0","0","N","0","0","0","6","02454","0","","1.0","","1","N","N","","0","","0","0","1","","2","","","2","0","0","0","0","0","0","2","0","2","","","","N","","","","","","","","","",""
"2007068047","","0","0","0","0","0","0","0","0","0","4","0","","02","7","2007","4","40.487049","-80.055164","0000","11","0","0","0","1","0","0","0","0","2","0","0","0","","","1","","0","","40 29:13.376","1","0","80 03:18.591","4","0","0","0","2404","0","0","0","N","0","0","0","1","02404","1","","1.0","","1","N","N","","1","","0","0","1","","0","N","","2","1","0","0","0","0","0","2","0","2","","","","N","","","","","","","","","",""
"2007068071","","1","0","0","0","0","0","0","0","0","4","0","","02","7","2007","3","40.544444","-80.035882","1217","11","0","0","0","0","0","0","1","0","","0","0","0","","","1","","1","","40 32:40.000","","0","80 02:09.176","4","0","0","0","2116","0","0","0","N","0","0","0","2","02116","1","","1.0","","1","N","N","","0","","0","0","1","","2","","","2","1","0","0","0","0","0","2","0","2","","","","N","","","","","","","","","",""
"2007068072","","1","0","0","0","0","0","0","0","0","7","0","","02","7","2007","5","40.645537","-80.030261","1427","11","0","0","0","1","0","0","0","0","2","0","0","0","","","0","","0","","40 38:43.934","7","0","80 01:48.939","0","0","0","0","2216","0","0","0","N","0","0","0","2","02505","0","","5.0","","9","N","N","","0","","0","0","0","","0","N","","1","0","0","0","0","0","0","1","0","1","","","","N","","","","","","","","","",""
"2007068079","","0","0","0","1","0","0","0","0","0","8","0","","02","6","2007","1","40.457156","-80.184268","1616","11","0","0","0","0","0","0","1","0","","0","0","0","","","1","","0","","40 27:25.761","","0","80 11:03.365","4","0","0","0","2213","1","0","0","N","0","0","0","2","02213","1","","1.0","","1","N","N","","0","","0","0","0","","8","","","2","1","0","0","0","0","0","2","1","1","","","","N","","","","","","","","","",""
"2007068080","","1","0","0","0","0","0","0","0","0","4","0","","02","6","2007","7","40.322965","-80.029633","1326","11","0","0","0","0","0","0","1","0","","0","0","0","","","0","","2","","40 19:22.674","","0","80 01:46.678","0","0","0","1","2407","0","0","0","N","0","0","0","2","02407","0","","1.0","","1","N","N","","0","","0","0","0","","3","","","2","0","0","0","0","0","0","2","0","2","","","","N","","","","","","","","","",""
"2007068081","","1","0","0","0","0","0","0","0","0","1","0","","02","7","2007","1","40.4926","-79.9487","1656","11","0","0","0","0","0","1","0","0","2","0","0","0","","","0","","0","","40 29:33.360","1","3","79 56:55.320","0","0","0","0","2430","0","0","0","N","0","0","0","7","02430","0","","1.0","","1","N","N","","0","","0","0","2","","0","N","","3","0","0","0","0","0","0","2","0","3","","","","N","","","","","","","","","",""
"2007068122","","1","0","0","0","0","0","0","0","0","5","0","","02","6","2007","3","40.470262","-80.067475","1914","11","0","0","0","1","0","0","0","0","2","0","0","0","","","0","","0","","40 28:12.942","5","0","80 04:02.909","0","0","0","0","2444","0","0","0","N","0","0","0","2","02444","0","","1.0","","1","N","N","","0","","0","0","1","","0","N","","2","0","0","0","0","0","0","2","0","2","","","","N","","","","","","","","","",""
"2007068145","","2","0","0","0","0","0","0","0","0","4","0","","02","6","2007","5","40.4573","-79.9885","0842","11","0","0","0","0","0","2","0","0","","0","0","0","","","0","","0","","40 27:26.280","","0","79 59:18.600","9","0","0","0","2301","0","0","0","N","0","0","0","5","02301","0","","1.0","","1","N","N","","0","","0","0","1","","0","","","4","0","0","0","0","0","2","2","1","4","","","","N","","","","","","","","","",""
"2007068146","","3","0","0","0","0","0","0","0","0","1","0","","02","6","2007","2","40.465","-79.9796","0645","11","0","1","0","0","0","2","0","0","3","0","0","0","","","2","","0","","40 27:54.000","3","0","79 58:46.560","3","0","0","0","2301","0","0","0","N","0","0","0","6","02301","1","","1.0","","1","N","N","","1","","1","0","0","","0","N","","5","2","0","0","0","0","0","2","1","5","","","","N","","","","","","","","","",""
"2007068174","","1","0","0","0","0","0","0","0","0","7","0","","02","6","2007","6","40.342583","-79.848527","0434","11","0","0","0","0","0","0","0","0","","0","0","0","","","2","","0","","40 20:33.298","","0","79 50:54.697","8","0","0","0","2304","0","0","0","N","0","0","0","3","02304","0","","5.0","","1","N","N","","0","","0","0","0","","0","","","1","2","0","0","0","2","0","2","0","1","","","","N","","","","","","","","","",""
"2007068203","","0","0","0","0","0","0","0","0","0","4","0","","02","6","2007","5","40.3882","-80.0899","1726","11","0","1","0","0","0","1","0","0","2","0","1","0","","","2","","2","","40 23:17.520","1","0","80 05:23.640","4","0","0","0","2437","0","0","0","N","0","0","0","6","02437","2","","1.0","","1","N","N","","0","","0","0","3","","2","Y","","4","2","0","0","0","0","0","2","0","4","","","","N","","","","","","","","","",""
"2007068205","","0","0","0","0","0","0","0","0","0","0","0","","02","6","2007","6","40.403005","-80.033123","2352","11","0","0","0","0","0","0","0","0","","0","0","0","","","2","","0","","40 24:10.817","","0","80 01:59.241","3","0","0","1","2301","0","0","0","N","0","0","0","2","02301","1","","1.0","","1","N","N","","0","","1","0","0","","0","","","1","2","0","0","0","0","0","2","0","1","","","","N","","","","","","","","","",""
"2007068217","","2","0","0","0","0","0","0","0","0","4","0","","02","7","2007","5","40.511944","-79.843406","1721","11","0","0","0","1","0","0","0","0","","0","0","0","","","1","","2","","40 30:43.000","","0","79 50:36.260","4","0","0","0","2451","0","0","0","N","0","0","0","2","02451","1","","1.0","","1","N","N","","0","","0","0","0","","3","","","2","1","0","0","0","0","0","2","0","2","","","","N","","","","","","","","","",""
"2007068222","","1","0","0","0","0","0","0","0","0","8","0","","02","7","2007","1","40.438641","-80.071134","1410","11","0","0","0","0","0","0","0","0","","0","0","0","","","2","","1","","40 26:19.109","","0","80 04:16.082","4","0","0","0","2421","2","0","0","N","2","0","0","3","02421","2","","1.0","","1","N","N","","0","","0","0","0","","3","","","3","2","0","0","0","0","0","2","0","1","","","","N","","","","","","","","","",""
"2007068237","","4","0","0","0","0","0","0","0","0","3","0","","02","7","2007","1","40.383283","-79.808349","2149","11","0","0","0","0","0","0","0","0","","0","0","0","","","0","","0","","40 22:59.818","","0","79 48:30.056","0","0","0","0","2424","0","0","0","N","0","0","0","1","02424","0","","4.0","","1","N","N","","0","","0","0","0","","0","","","4","0","1","0","0","0","0","2","0","4","","","","N","","","","","","","","","",""
"2007068241","","1","0","0","0","0","0","0","0","0","1","0","","02","7","2007","5","40.438611","-79.760496","2326","11","0","0","0","0","0","0","0","0","1","0","0","0","","","0","","1","","40 26:19.000","3","0","79 45:37.786","0","0","0","0","2446","0","0","0","N","0","0","0","2","02446","0","","1.0","","1","N","N","","1","","0","0","0","","2","N","","2","0","1","0","0","0","0","2","0","2","","","","N","","","","","","","","","",""
"2007068244","","3","0","0","0","0","0","0","0","0","2","0","","02","6","2007","3","40.3958","-80.0662","1647","11","0","0","0","2","0","0","0","0","1","0","0","0","","","2","","0","","40 23:44.880","3","7","80 03:58.320","8","0","0","0","2117","0","0","0","N","0","0","0","4","02117","0","","1.0","","1","N","N","","0","","0","0","0","","0","Y","","3","2","0","0","0","2","0","2","0","3","","","","N","","","","","","","","","",""
"2007068248","","0","0","0","0","0","0","0","0","0","7","0","","02","7","2007","3","40.34","-79.96737","1339","11","0","0","0","0","0","0","0","0","","0","0","0","","","1","","2","","40 20:24.000","","0","79 58:02.531","4","0","0","0","2454","0","0","0","N","0","0","0","2","02454","1","","3.0","","1","N","N","","0","","0","0","1","","2","","","2","1","0","0","0","0","0","2","0","1","","","","N","","","","","","","","","",""
"2007068259","","0","0","0","0","0","0","0","0","0","7","0","","02","6","2007","6","40.529722","-80.00916","1503","11","0","0","0","0","0","0","0","0","","0","0","0","","","0","","0","","40 31:47.000","","7","80 00:32.977","0","0","0","0","2116","0","0","0","N","0","0","0","1","02116","0","","5.0","","1","N","N","","1","","0","0","0","","0","","","1","0","0","0","0","0","0","2","0","1","","","","N","","","","","","","","","",""
"2007068263","","1","0","0","0","0","0","0","0","0","4","0","","02","7","2007","6","40.4606","-79.8238","1223","11","0","0","0","0","0","1","0","0","","0","0","0","","","1","","0","","40 27:38.160","","0","79 49:25.680","4","0","0","0","2113","0","0","0","N","0","0","0","4","02113","1","","1.0","","1","N","N","","0","","0","0","0","","0","","","2","1","1","0","0","0","0","2","1","2","","","","N","","","","","","","","","",""
"2007068274","","0","0","0","0","0","0","0","0","0","7","0","","02","7","2007","5","40.397982","-80.141681","1846","11","0","0","1","0","0","0","0","0","1","0","0","0","","","1","","0","","40 23:52.736","5","0","80 08:30.051","2","0","0","0","2102","0","0","0","N","0","0","0","1","02102","0","","5.0","","9","N","N","","1","","0","1","0","","0","N","","1","1","1","0","1","0","0","2","0","1","","","","N","","","","","","","","","",""
"2007068278","","1","0","0","0","0","0","0","0","0","1","0","","02","7","2007","5","40.3305","-80.0221","1259","11","0","0","0","0","0","0","0","0","1","0","0","0","","","1","","5","","40 19:49.800","3","0","80 01:19.560","4","0","0","0","2407","0","0","0","N","0","0","0","2","02407","1","","1.0","","9","N","N","","1","","0","0","0","","2","N","","2","1","1","0","0","0","0","2","0","2","","","","N","","","","","","","","","",""