"CRN","ARRIVAL_TM","AUTOMOBILE_COUNT","BELTED_DEATH_COUNT","BELTED_SUSP_SERIOUS_INJ_COUNT","BICYCLE_COUNT","BICYCLE_DEATH_COUNT","BICYCLE_SUSP_SERIOUS_INJ_COUNT","BUS_COUNT","CHLDPAS_DEATH_COUNT","CHLDPAS_SUSP_SERIOUS_INJ_COUNT","COLLISION_TYPE","COMM_VEH_COUNT","CONS_ZONE_SPD_LIM","COUNTY","CRASH_MONTH","CRASH_YEAR","DAY_OF_WEEK","DEC_LATITUDE","DEC_LONGITUDE","DISPATCH_TM","DISTRICT","DRIVER_COUNT_16YR","DRIVER_COUNT_17YR","DRIVER_COUNT_18YR","DRIVER_COUNT_19YR","DRIVER_COUNT_20YR","DRIVER_COUNT_50_64YR","DRIVER_COUNT_65_74YR","DRIVER_COUNT_75PLUS","EST_HRS_CLOSED","FATAL_COUNT","HEAVY_TRUCK_COUNT","HORSE_BUGGY_COUNT","HOUR_OF_DAY","ILLUMINATION","INJURY_COUNT","INTERSECTION_RELATED","INTERSECT_TYPE","LANE_CLOSED","LATITUDE","LN_CLOSE_DIR","LOCATION_TYPE","LONGITUDE","MAX_SEVERITY_LEVEL","MCYCLE_DEATH_COUNT","MCYCLE_SUSP_SERIOUS_INJ_COUNT","MOTORCYCLE_COUNT","MUNICIPALITY","NONMOTR_COUNT","NONMOTR_DEATH_COUNT","NONMOTR_SUSP_SERIOUS_INJ_COUNT","NTFY_HIWY_MAINT","PED_COUNT","PED_DEATH_COUNT","PED_SUSP_SERIOUS_INJ_COUNT","PERSON_COUNT","POLICE_AGCY","POSSIBLE_INJ_COUNT","RDWY_SURF_TYPE_CD","RELATION_TO_ROAD","ROADWAY_CLEARED","ROAD_CONDITION","SCH_BUS_IND","SCH_ZONE_IND","SECONDARY_CRASH","SMALL_TRUCK_COUNT","SPEC_JURIS_CD","SUSP_MINOR_INJ_COUNT","SUSP_SERIOUS_INJ_COUNT","SUV_COUNT","TCD_FUNC_CD","TCD_TYPE","TFC_DETOUR_IND","TIME_OF_DAY","TOTAL_UNITS","TOT_INJ_COUNT","UNBELTED_OCC_COUNT","UNB_DEATH_COUNT","UNB_SUSP_SERIOUS_INJ_COUNT","UNK_INJ_DEG_COUNT","UNK_INJ_PER_COUNT","URBAN_RURAL","VAN_COUNT","VEHICLE_COUNT","WEATHER1","WEATHER2","WORKERS_PRES","WORK_ZONE_IND","WORK_ZONE_LOC","WORK_ZONE_TYPE","WZ_CLOSE_DETOUR","WZ_FLAGGER","WZ_LAW_OFFCR_IND","WZ_LN_CLOSURE","WZ_MOVING","WZ_OTHER","WZ_SHLDER_MDN","WZ_WORKERS_INJ_KILLED"
"2007068301","","1","0","0","0","0","0","0","0","0","1","0","","02","7","2007","6","40.402186","-80.094691","1739","11","0","0","0","0","0","1","0","0","","0","0","0","","","0","","2","","40 24:07.868","","0","80 05:40.888","0","0","0","0","2415","0","0","0","N","0","0","0","4","02415","0","","1.0","","1","N","N","","1","","0","0","1","","2","","","3","0","0","0","0","0","0","2","0","3","","","","N","","","","","","","","","",""
"2007068303","","1","0","0","0","0","0","0","0","0","7","0","","02","6","2007","7","40.520504","-79.972066","0234","11","0","0","0","0","0","0","0","0","","0","0","0","","","1","","0","","40 31:13.814","","0","79 58:19.437","4","0","0","0","2118","0","0","0","N","0","0","0","1","02118","1","","5.0","","1","N","N","","0","","0","0","0","","0","","","1","1","0","0","0","0","0","2","0","1","","","","N","","","","","","","","","",""
"2007068304","","2","0","0","0","0","0","0","0","0","1","0","","02","7","2007","6","40.313361","-79.952077","1631","11","0","0","1","0","0","0","0","0","","0","0","0","","","1","","2","","40 18:48.099","","0","79 57:07.477","4","0","0","0","2440","0","0","0","N","0","0","0","4","02440","1","","1.0","","1","N","N","","1","","0","0","0","","0","","","3","1","0","0","0","0","0","2","0","3","","","","N","","","","","","","","","",""
"2007068590","","1","0","0","0","0","0","0","0","0","4","0","","02","6","2007","1","40.46337","-79.823145","1629","11","0","0","0","0","0","0","0","0","","0","0","0","","","2","","0","","40 27:48.132","","0","79 49:23.322","3","0","0","1","2113","0","0","0","N","0","0","0","3","02113","1","","1.0","","1","N","N","","0","","1","0","0","","0","","","2","2","1","0","0","0","0","2","0","2","","","","N","","","","","","","","","",""
"2007068593","","0","0","0","0","0","0","0","0","0","8","0","","02","6","2007","4","40.474498","-79.866514","1416","11","0","0","0","0","0","0","0","0","1","0","0","0","","","1","","0","","40 28:28.192","6","0","79 51:59.450","4","0","0","0","2113","1","0","0","N","1","0","0","7","02113","1","","1.0","","1","N","N","","1","","0","0","0","","0","Y","","2","1","0","0","0","0","0","2","0","1","","","","N","","","","","","","","","",""
"2007068594","","2","0","0","0","0","0","0","0","0","1","0","","02","6","2007","6","40.4981","-79.8155","2321","11","1","0","0","0","0","0","1","0","","0","0","0","","","0","","0","","40 29:53.160","","0","79 48:55.800","0","0","0","0","2113","0","0","0","N","0","0","0","4","02113","0","","1.0","","1","N","N","","0","","0","0","0","","0","","","2","0","0","0","0","0","0","2","0","2","","","","N","","","","","","","","","",""
"2007068595","","2","0","0","0","0","0","0","0","0","1","0","","02","6","2007","6","40.461944","-79.859548","1449","11","0","0","1","0","0","0","0","0","","0","0","0","","","1","","2","","40 27:43.000","","0","79 51:34.373","3","0","0","0","2113","0","0","0","N","0","0","0","3","02113","0","","1.0","","1","N","N","","0","","1","0","0","","0","","","2","1","0","0","0","0","0","2","0","2","","","","N","","","","","","","","","",""
"2007068596","","1","0","0","0","0","0","0","0","0","7","0","","02","6","2007","2","40.511944","-79.830884","0034","11","0","0","0","0","0","1","0","0","1","0","0","0","","","0","","0","","40 30:43.000","4","0","79 49:51.181","0","0","0","0","2113","0","0","0","N","0","0","0","1","02113","0","","2.0","","1","N","N","","0","","0","0","0","","8","N","","1","0","0","0","0","0","0","2","0","1","","","","N","","","","","","","","","",""
"2007068597","","2","0","0","0","0","0","0","0","0","5","0","","02","6","2007","3","40.481667","-79.872314","0929","11","0","1","0","0","0","0","0","0","2","0","0","0","","","2","","0","","40 28:54.000","3","0","79 52:20.332","4","0","0","0","2113","0","0","0","N","0","0","0","3","02113","1","","1.0","","1","N","N","","0","","0","0","0","","0","N","","2","2","0","0","0","1","0","2","0","2","","","","N","","","","","","","","","",""
"2007068642","","0","0","0","0","0","0","0","0","0","7","0","","02","6","2007","1","40.393814","-80.090578","2130","11","0","0","0","0","0","1","0","0","","0","0","0","","","0","","2","","40 23:37.730","","0","80 05:26.080","0","0","0","0","2437","0","0","0","N","0","0","0","1","02437","0","","4.0","","1","N","N","","0","","0","0","0","","0","","","2","0","0","0","0","0","0","2","2","2","","","","N","","","","","","","","","",""
"2007068654","","1","0","0","0","0","0","0","0","0","6","0","","02","7","2007","6","40.511944","-79.790353","2304","11","0","0","1","0","0","0","0","0","1","0","0","0","","","0","","0","","40 30:43.000","3","0","79 47:25.271","0","0","0","0","2466","0","0","0","Y","0","0","0","3","02466","0","","1.0","","1","N","N","","0","","0","0","0","","0","N","","2","0","0","0","0","0","0","2","1","2","","","","N","","","","","","","","","",""
"2007068656","","2","0","0","0","0","0","0","0","0","1","0","","02","7","2007","4","40.435632","-79.781563","1233","11","0","0","0","0","0","1","1","0","","0","0","0","","","2","","0","","40 26:08.275","","0","79 46:53.626","8","0","0","0","2446","0","0","0","N","0","0","0","2","02446","0","","1.0","","1","N","N","","0","","0","0","0","","0","","","2","2","0","0","0","2","0","2","0","2","","","","N","","","","","","","","","",""
"2007068658","","2","0","0","0","0","0","0","0","0","4","0","","02","7","2007","6","40.525833","-79.842703","1519","11","0","0","0","0","0","0","0","0","","0","0","0","","","2","","1","","40 31:33.000","","2","79 50:33.732","3","0","0","0","2451","0","0","0","N","0","0","0","2","02451","0","","1.0","","1","N","N","","0","","2","0","0","","3","","","2","2","0","0","0","0","0","2","0","2","","","","N","","","","","","","","","",""
"2007068659","","0","0","0","0","0","0","0","0","0","1","1","","02","7","2007","6","40.433889","-79.732496","1212","11","0","0","0","0","0","1","0","0","","0","1","0","","","1","","2","","40 26:02.000","","0","79 43:56.987","3","0","0","0","2446","0","0","0","N","0","0","0","5","02446","0","","1.0","","1","N","N","","0","","1","0","1","","2","","","2","1","0","0","0","0","0","2","0","2","","","","N","","","","","","","","","",""
"2007068666","","1","0","0","0","0","0","0","0","0","6","0","","02","7","2007","2","40.435","-80.060288","1627","11","0","0","0","0","0","0","0","0","","0","0","0","","","0","","2","","40 26:06.000","","0","80 03:37.036","0","0","0","0","2421","0","0","0","N","0","0","0","2","02421","0","","1.0","","1","N","N","","0","","0","0","1","","2","","","2","0","0","0","0","0","0","2","0","2","","","","N","","","","","","","","","",""
"2007068670","","1","0","0","0","0","0","0","0","0","7","0","","02","7","2007","5","40.447778","-79.849258","1427","11","0","0","0","0","0","0","0","0","1","0","0","0","","","1","","0","","40 26:52.000","1","0","79 50:57.329","4","0","0","0","2419","0","0","0","N","0","0","0","3","02419","1","","2.0","","9","N","N","","0","","0","0","0","","0","N","","1","1","3","0","0","0","0","2","0","1","","","","N","","","","","","","","","",""
"2007068678","","1","0","0","0","0","0","0","0","0","4","0","","02","7","2007","6","40.347703","-79.996067","2030","11","0","0","0","1","0","1","0","0","1","0","0","0","","","1","","1","","40 20:51.730","3","0","79 59:45.841","8","0","0","0","2403","0","0","0","N","0","0","0","3","02403","0","","1.0","","1","N","N","","1","","0","0","0","","3","Y","","2","1","0","0","0","1","0","2","0","2","","","","N","","","","","","","","","",""
"2007068682","","0","0","0","0","0","0","0","0","0","7","0","","02","7","2007","6","40.4725","-79.8326","1906","11","0","0","0","0","0","0","0","0","2","0","0","0","","","0","","0","","40 28:21.000","6","0","79 49:57.360","0","0","0","0","2113","0","0","0","Y","0","0","0","1","02113","0","","5.0","","1","N","N","","0","","0","0","1","","0","N","","1","0","1","0","0","0","0","2","0","1","","","","N","","","","","","","","","",""
"2007068688","","2","0","0","0","0","0","0","0","0","5","0","","02","7","2007","5","40.42","-79.7561","1919","11","0","0","0","0","0","0","1","0","","0","0","0","","","0","","0","","40 25:12.000","","0","79 45:21.960","0","0","0","0","2446","0","0","0","N","0","0","0","2","02446","0","","1.0","","1","N","N","","0","","0","0","0","","0","","","2","0","2","0","0","0","0","2","0","2","","","","N","","","","","","","","","",""
"2007068689","","1","0","0","0","0","0","0","0","0","1","0","","02","7","2007","6","40.494167","-79.942494","2200","11","0","0","0","0","0","0","0","0","1","0","0","0","","","1","","0","","40 29:39.000","1","0","79 56:32.977","8","0","0","0","2430","0","0","0","N","0","0","0","2","02430","0","","1.0","","1","N","N","","0","","0","0","1","","0","N","","3","1","1","0","0","1","0","2","0","2","","","","N","","","","","","","","","",""
"2007068701","","0","0","0","0","0","0","0","0","0","1","0","","02","7","2007","6","40.2761","-79.8908","1700","11","0","0","0","0","0","0","0","0","","0","0","0","","","2","","7","","40 16:33.960","","2","79 53:26.880","8","0","0","0","2428","0","0","0","N","0","0","0","3","02428","0","","1.0","","1","N","N","","1","","0","0","1","","3","","","2","2","0","0","0","2","0","2","0","2","","","","N","","","","","","","","","",""
"2007068704","","3","0","0","0","0","0","0","0","0","1","0","","02","7","2007","5","40.549444","-79.959331","1218","11","0","0","0","0","0","0","1","0","1","0","0","0","","","2","","1","","40 32:58.000","1","0","79 57:33.591","3","0","0","0","2118","0","0","0","N","0","0","0","4","02118","0","","1.0","","9","N","N","","0","","2","0","0","","2","N","","3","2","1","0","0","0","0","2","0","3","","","","N","","","","","","","","","",""
"2007068706","","1","0","0","0","0","0","0","0","0","8","0","","02","6","2007","4","40.673404","-80.098564","0817","11","0","0","0","0","0","1","0","0","","0","0","0","","","1","","1","","40 40:24.254","","0","80 05:54.829","3","0","0","0","2212","1","0","0","N","1","0","0","2","10212","0","","1.0","","1","N","N","","0","","1","0","0","","0","","","2","1","0","0","0","0","0","2","0","1","","","","N","","","","","","","","","",""
"2007068710","","3","0","0","0","0","0","0","0","0","4","0","","02","7","2007","4","40.394679","-80.07657","2240","11","0","0","0","0","0","0","0","0","","0","0","0","","","0","","0","","40 23:40.844","","0","80 04:35.652","0","0","0","0","2117","0","0","0","N","0","0","0","1","02117","0","","4.0","","1","N","N","","0","","0","0","0","","0","","","3","0","0","0","0","0","0","2","0","3","","","","N","","","","","","","","","",""
"2007068711","","0","0","0","0","0","0","0","0","0","7","0","","02","7","2007","7","40.442311","-80.003751","2034","11","0","0","0","0","0","0","0","0","","0","0","0","","","0","","0","","40 26:32.320","","0","80 00:13.502","0","0","0","0","2111","0","0","0","N","0","0","0","2","02111","0","","2.0","","1","N","N","","1","","0","0","0","","0","","","1","0","0","0","0","0","0","2","0","1","","","","N","","","","","","","","","",""
"2007068714","","4","0","0","0","0","0","0","0","0","1","0","","02","7","2007","6","40.528333","-79.850278","0810","11","0","0","0","0","0","2","0","0","","0","0","0","","","0","","2","","40 31:42.000","","3","79 51:01.000","0","0","0","0","2208","0","0","0","N","0","0","0","4","02208","0","","1.0","","1","N","N","","0","","0","0","0","","2","","","4","0","0","0","0","0","0","2","0","4","","","","N","","","","","","","","","",""
"2007068719","","0","0","0","0","0","0","0","0","0","0","0","","02","7","2007","7","40.274666","-79.882588","1500","11","0","0","0","0","0","1","0","0","1","0","0","0","","","1","","2","","40 16:28.796","2","0","79 52:57.318","3","0","0","1","2428","0","0","0","N","0","0","0","2","02428","0","","1.0","","1","N","N","","1","","1","0","0","","3","N","","2","1","0","0","0","0","0","2","0","2","","","","N","","","","","","","","","",""
"2007068736","","1","0","0","0","0","0","0","0","0","1","0","","02","7","2007","4","40.1982","-79.9169","0005","11","0","0","0","0","1","0","0","0","1","0","0","0","","","0","","0","","40 11:53.520","4","0","79 55:00.840","0","0","0","0","2204","0","0","0","N","0","0","0","2","02204","0","","1.0","","1","N","N","","1","","0","0","0","","0","N","","2","0","0","0","0","0","0","2","0","2","","","","N","","","","","","","","","",""
"2007068737","","1","0","0","0","0","0","0","0","0","8","0","","02","7","2007","1","40.369444","-80.033455","1136","11","0","0","0","0","0","0","0","1","2","0","0","0","","","0","","2","","40 22:09.999","6","6","80 02:00.439","0","0","0","0","2416","2","0","0","N","2","0","0","4","02503","0","","1.0","","1","N","N","","0","","0","0","0","","6","Y","","2","0","0","0","0","0","0","2","0","1","","","","N","","","","","","","","","",""
"2007068743","","1","0","0","0","0","0","0","0","0","4","0","","02","7","2007","4","40.435731","-79.771053","1848","11","0","0","1","0","0","0","0","0","1","0","0","0","","","0","","0","","40 26:08.630","3","7","79 46:15.790","0","0","0","0","2446","0","0","0","N","0","0","0","5","02446","0","","1.0","","1","N","N","","1","","0","0","0","","2","N","","2","0","3","0","0","0","0","2","0","2","","","","N","","","","","","","","","",""
"2007068749","","1","0","0","0","0","0","1","0","0","5","1","","02","7","2007","1","40.437428","-79.979527","1602","11","0","0","0","0","0","0","1","0","","0","0","0","","","2","","1","","40 26:14.740","","0","79 58:46.297","3","0","0","0","2301","0","0","0","","0","0","0","8","02503","1","","1.0","","1","N","N","","0","","1","0","0","","3","","","2","2","0","0","0","0","0","2","0","2","","","","N","","","","","","","","","",""
"2007068751","","2","0","0","0","0","0","0","0","0","6","0","","02","7","2007","1","40.325","-79.939685","1705","11","0","0","0","0","0","0","0","0","","0","0","0","","","2","","0","","40 19:30.000","","0","79 56:22.865","4","0","0","0","2454","0","0","0","N","0","0","0","4","02454","2","","1.0","","1","N","N","","0","","0","0","0","","0","","","2","2","0","0","0","0","0","2","0","2","","","","N","","","","","","","","","",""
"2007068757","","1","0","0","0","0","0","1","0","0","4","1","","02","7","2007","1","40.438163","-79.975903","1900","11","0","0","0","0","0","0","0","0","","0","0","0","","","0","","2","","40 26:17.386","","0","79 58:33.250","0","0","0","0","2301","0","0","0","N","0","0","0","3","02503","0","","1.0","","1","N","N","","0","","0","0","0","","3","","","2","0","1","0","0","0","0","2","0","2","","","","N","","","","","","","","","",""
"2007068763","","1","0","0","0","0","0","0","0","0","1","0","","02","6","2007","6","40.529927","-80.006728","2135","11","0","0","0","0","0","2","0","0","1","0","0","0","","","0","","0","","40 31:47.736","3","0","80 00:24.220","0","0","0","0","2116","0","0","0","N","0","0","0","2","02116","0","","1.0","","1","N","N","","0","","0","0","1","","0","N","","2","0","0","0","0","0","0","2","0","2","","","","N","","","","","","","","","",""
"2007068768","","0","0","0","0","0","0","0","0","0","7","0","90","02","6","2007","7","40.248825","-79.877733","0447","11","0","0","0","0","0","0","0","0","","0","0","0","","","0","","2","","40 14:55.770","","2","79 52:39.838","9","0","0","0","2204","0","0","0","N","0","0","0","1","02204","0","","2.0","","1","N","N","","0","","0","0","1","","3","","","1","0","0","0","0","0","1","1","0","1","","","N","Y","8","1","","","N","","","","Y",""
"2007068770","","1","0","0","0","0","0","0","0","0","7","0","","02","7","2007","1","40.6016","-80.1289","0247","11","0","0","0","1","0","0","0","0","","0","0","0","","","0","","0","","40 36:05.760","","0","80 07:44.040","0","0","0","0","2118","0","0","0","N","0","0","0","1","02118","0","","4.0","","1","N","N","","0","","0","0","0","","0","","","1","0","1","0","0","0","0","1","0","1","","","","N","","","","","","","","","",""
"2007068784","","1","0","0","0","0","0","0","0","0","4","0","","02","7","2007","7","40.5633","-79.9588","1308","11","0","0","0","0","0","2","0","0","1","0","0","0","","","0","","0","","40 33:47.880","2","0","79 57:31.680","0","0","0","0","2118","0","0","0","N","0","0","0","2","02118","0","","1.0","","1","N","N","","1","","0","0","0","","0","N","","2","0","1","0","0","0","0","2","0","2","","","","N","","","","","","","","","",""
"2007068788","","2","0","0","0","0","0","0","0","0","4","0","","02","7","2007","1","40.343056","-80.060377","1647","11","1","0","0","0","0","0","0","0","","0","0","0","","","0","","1","","40 20:35.000","","0","80 03:37.356","0","0","0","0","2123","0","0","0","N","0","0","0","4","02123","0","","1.0","","1","N","N","","0","","0","0","0","","2","","","2","0","0","0","0","0","0","2","0","2","","","","N","","","","","","","","","",""
"2007068793","","2","0","0","0","0","0","0","0","0","4","0","","02","7","2007","7","40.354444","-80.073578","1442","11","0","0","1","0","0","0","0","1","2","0","0","0","","","2","","1","","40 21:16.000","1","0","80 04:24.879","4","0","0","0","2123","0","0","0","N","0","0","0","3","02123","2","","1.0","","1","N","N","","0","","0","0","0","","3","N","","2","2","0","0","0","0","0","2","0","2","","","","N","","","","","","","","","",""
"2007068802","","2","0","0","0","0","0","0","0","0","4","0","","02","7","2007","6","40.514287","-80.005956","1259","11","0","0","0","0","0","0","1","0","","0","0","0","","","1","","0","","40 30:51.434","","0","80 00:21.441","4","0","0","0","2116","0","0","0","N","0","0","0","5","02116","1","","1.0","","1","N","N","","0","","0","0","0","","0","","","2","1","0","0","0","0","0","2","0","2","","","","N","","","","","","","","","",""
"2007068809","","2","0","0","0","0","0","0","0","0","6","0","","02","7","2007","7","40.3644","-80.0224","0231","11","0","0","1","0","0","1","0","0","3","0","0","0","","","0","","0","","40 21:51.840","5","1","80 01:20.640","0","0","0","0","2416","0","0","0","N","0","0","0","2","02416","0","","1.0","","1","Y","N","","0","","0","0","0","","0","N","","2","0","0","0","0","0","0","2","0","2","","","","N","","","","","","","","","",""
"2007068855","","2","0","0","0","0","0","0","0","0","4","0","","02","7","2007","7","40.516944","-79.726591","1709","11","0","1","1","0","0","0","0","0","","0","0","0","","","1","","1","","40 31:01.000","","0","79 43:35.729","4","0","0","0","2466","0","0","0","N","0","0","0","2","02466","1","","1.0","","1","N","N","","0","","0","0","0","","3","","","2","1","0","0","0","0","0","1","0","2","","","","N","","","","","","","","","",""
"2007068862","","2","0","0","0","0","0","0","0","0","4","0","","02","7","2007","1","40.525556","-79.840956","1633","11","0","0","0","0","0","0","1","0","","0","0","0","","","2","","1","","40 31:32.000","","0","79 50:27.441","4","0","0","0","2451","0","0","0","N","0","0","0","2","02451","2","","1.0","","1","N","N","","0","","0","0","0","","3","","","2","2","0","0","0","0","0","2","0","2","","","","N","","","","","","","","","",""
"2007068864","","2","0","0","0","0","0","0","0","0","4","0","","02","7","2007","2","40.336389","-79.971494","0559","11","0","0","0","0","0","0","0","0","2","0","0","0","","","0","","2","","40 20:11.000","3","0","79 58:17.380","0","0","0","0","2454","0","0","0","N","0","0","0","2","02454","0","","1.0","","1","N","N","","0","","0","0","0","","2","N","","2","0","0","0","0","0","0","2","0","2","","","","N","","","","","","","","","",""
"2007068866","","1","0","0","0","0","0","0","0","0","7","0","","02","7","2007","2","40.512787","-79.910851","0008","11","0","0","1","0","0","0","0","0","","0","0","0","","","1","","0","","40 30:46.034","","0","79 54:39.064","4","0","0","0","2432","0","0","0","N","0","0","0","3","02432","1","","5.0","","1","N","N","","0","","0","0","0","","0","","","1","1","1","0","0","0","0","2","0","1","","","","N","","","","","","","","","",""
"2007068868","","1","0","0","0","0","0","0","0","0","7","0","","02","7","2007","7","40.613046","-79.968155","2300","11","0","0","0","0","0","1","0","0","","0","0","0","","","1","","0","","40 36:46.964","","3","79 58:05.357","8","0","0","0","2207","0","0","0","Y","0","0","0","1","02207","0","","2.0","","1","N","N","","0","","0","0","0","","0","","","1","1","1","0","0","1","0","2","0","1","","","","N","","","","","","","","","",""
"2007068869","","0","0","0","0","0","0","0","0","0","7","0","","02","7","2007","1","40.408212","-80.098123","2058","11","0","0","0","0","0","1","0","0","","0","0","0","","","1","","0","","40 24:29.563","","0","80 05:53.242","8","0","0","1","2415","0","0","0","N","0","0","0","1","02415","0","","5.0","","1","N","N","","0","","0","0","0","","0","","","1","1","0","0","0","1","0","2","0","1","","","","N","","","","","","","","","",""
"2007068870","","4","0","0","0","0","0","0","0","0","2","0","","02","7","2007","7","","","1504","11","0","0","0","0","0","0","0","0","","0","0","0","","","0","","0","","","","7","","0","0","0","0","2438","0","0","0","N","0","0","0","1","02438","0","","4.0","","1","N","N","","0","","0","0","1","","0","","","5","0","0","0","0","0","0","1","0","5","","","","N","","","","","","","","","",""
"2007068878","","0","0","0","0","0","0","0","0","0","0","0","","02","7","2007","1","40.3412","-80.1043","1942","11","0","0","0","0","1","0","0","0","","0","0","0","","","1","","0","","40 20:28.320","","0","80 06:15.480","3","0","0","1","2123","0","0","0","N","0","0","0","1","02123","0","","2.0","","1","N","N","","0","","1","0","0","","0","","","1","1","0","0","0","0","0","2","0","1","","","","N","","","","","","","","","",""
"2007068891","","1","0","0","0","0","0","0","0","0","4","0","","02","7","2007","2","40.370281","-79.997669","0913","11","0","1","0","0","0","0","0","0","","0","0","0","","","1","","2","","40 22:13.013","","0","79 59:51.607","4","0","0","0","2476","0","0","0","N","0","0","0","2","02476","1","","1.0","","1","N","N","","0","","0","0","1","","0","","","2","1","0","0","0","0","0","2","0","2","","","","N","","","","","","","","","",""
"2007068895","","0","0","0","0","0","0","0","0","0","1","0","","02","7","2007","3","40.444032","-79.781789","1312","11","0","0","0","0","0","0","0","2","","0","0","0","","","0","","2","","40 26:38.515","","0","79 46:54.440","0","0","0","0","2446","0","0","0","N","0","0","0","3","02446","0","","1.0","","1","N","N","","0","","0","0","1","","0","","","2","0","0","0","0","0","0","2","1","2","","","","N","","","","","","","","","",""
"2007068904","","1","0","0","0","0","0","0","0","0","4","0","","02","7","2007","2","40.523056","-79.751137","1638","11","1","0","0","0","0","0","0","0","1","0","0","0","","","0","","2","","40 31:23.000","3","0","79 45:04.094","0","0","0","0","2466","0","0","0","N","0","0","0","7","02466","0","","1.0","","1","N","N","","0","","0","0","1","","3","N","","2","0","0","0","0","0","0","1","0","2","","","","N","","","","","","","","","",""
"2007068906","","1","0","0","0","0","0","0","0","0","1","0","","02","7","2007","6","40.5383","-79.8398","1700","11","0","1","0","0","0","0","0","0","","0","0","0","","","0","","0","","40 32:17.880","","3","79 50:23.280","0","0","0","0","2208","0","0","0","N","0","0","0","5","02208","0","","1.0","","1","N","N","","0","","0","0","2","","2","","","3","0","1","0","0","0","0","2","0","3","","","","N","","","","","","","","","",""
"2007068908","","2","0","0","0","0","0","0","0","0","1","0","","02","7","2007","6","40.5036","-80.198","1550","11","0","1","0","0","0","0","0","0","1","0","0","0","","","0","","0","","40 30:12.960","1","0","80 11:52.800","0","0","0","0","2213","0","0","0","N","0","0","0","2","02213","0","","1.0","","1","N","N","","0","","0","0","0","","0","N","","2","0","0","0","0","0","0","2","0","2","","","","N","","","","","","","","","",""
"2007068909","","2","0","0","0","0","0","0","0","0","1","0","","02","6","2007","5","40.508611","-80.211211","1630","11","0","0","0","0","0","0","0","0","1","0","0","0","","","1","","0","","40 30:31.000","2","0","80 12:40.360","8","0","0","0","2213","0","0","0","N","0","0","0","3","02213","0","","1.0","","1","N","N","","0","","0","0","0","","0","Y","","3","1","0","0","0","1","0","2","1","3","","","","N","","","","","","","","","",""
"2007068934","","1","0","0","0","0","0","0","0","0","99","0","","02","3","2007","7","40.334444","-79.935722","2217","11","0","0","0","0","0","0","0","0","","0","0","0","","","3","","0","","40 20:04.000","","0","79 56:08.598","8","0","0","0","2473","0","0","0","N","0","0","0","3","02473","0","","1.0","","9","N","N","","0","","0","0","1","","0","","","2","3","0","0","0","3","0","2","0","2","","","","N","","","","","","","","","",""
"2007068935","","1","0","0","0","0","0","0","0","0","7","0","","02","3","2007","1","40.361667","-79.903495","1115","11","0","0","0","0","0","0","0","0","2","0","0","0","","","1","","0","","40 21:42.000","6","0","79 54:12.583","8","0","0","0","2473","0","0","0","N","0","0","0","1","02473","0","","4.0","","1","N","N","","0","","0","0","0","","0","Y","","1","1","0","0","0","1","0","2","0","1","","","","N","","","","","","","","","",""
"2007068936","","1","0","0","0","0","0","0","0","0","1","0","","02","3","2007","1","40.336667","-79.948999","1213","11","0","0","0","0","0","0","1","0","","0","0","0","","","3","","0","","40 20:12.000","","7","79 56:56.395","4","0","0","0","2473","0","0","0","N","0","0","0","4","02473","3","","1.0","","1","N","N","","1","","0","0","0","","2","","","2","3","0","0","0","0","0","2","0","2","","","","N","","","","","","","","","",""
"2007068937","","1","0","0","0","0","0","0","0","0","7","0","","02","3","2007","6","40.346849","-79.938179","1429","11","0","0","0","0","0","1","0","0","1","0","0","0","","","0","","0","","40 20:48.656","4","0","79 56:17.444","0","0","0","0","2473","0","0","0","N","0","0","0","1","02473","0","","5.0","","1","N","N","","0","","0","0","0","","0","N","","1","0","1","0","0","0","0","2","0","1","","","","N","","","","","","","","","",""
"2007068938","","1","0","0","0","0","0","0","0","0","7","0","","02","3","2007","1","40.359712","-79.903236","0300","11","0","0","0","0","0","0","0","0","","0","0","0","","","1","","0","","40 21:34.963","","0","79 54:11.651","2","0","0","0","2473","0","0","0","N","0","0","0","1","02473","0","","5.0","","1","N","N","","0","","0","1","0","","0","","","1","1","1","0","1","0","0","2","0","1","","","","N","","","","","","","","","",""
"2007068939","","0","0","0","0","0","0","0","0","0","7","0","","02","6","2007","6","40.415383","-79.997161","0144","11","0","0","0","0","0","0","0","0","","0","0","0","","","0","","1","","40 24:55.378","","0","79 59:49.779","9","0","0","0","2301","0","0","0","N","0","0","0","1","02301","0","","2.0","","1","N","N","","0","","0","0","1","","0","","","1","0","0","0","0","0","1","2","0","1","","","","N","","","","","","","","","",""
"2007068940","","1","0","0","0","0","0","0","0","0","8","0","","02","6","2007","6","40.439722","-79.959325","0752","11","0","0","0","0","0","0","0","1","1","0","0","0","","","1","","1","","40 26:23.000","3","0","79 57:33.571","8","0","0","0","2301","1","0","0","N","1","0","0","2","02301","0","","1.0","","1","N","N","","0","","0","0","0","","2","N","","2","1","0","0","0","1","0","2","0","1","","","","N","","","","","","","","","",""