"CRN","ARRIVAL_TM","AUTOMOBILE_COUNT","BELTED_DEATH_COUNT","BELTED_SUSP_SERIOUS_INJ_COUNT","BICYCLE_COUNT","BICYCLE_DEATH_COUNT","BICYCLE_SUSP_SERIOUS_INJ_COUNT","BUS_COUNT","CHLDPAS_DEATH_COUNT","CHLDPAS_SUSP_SERIOUS_INJ_COUNT","COLLISION_TYPE","COMM_VEH_COUNT","CONS_ZONE_SPD_LIM","COUNTY","CRASH_MONTH","CRASH_YEAR","DAY_OF_WEEK","DEC_LATITUDE","DEC_LONGITUDE","DISPATCH_TM","DISTRICT","DRIVER_COUNT_16YR","DRIVER_COUNT_17YR","DRIVER_COUNT_18YR","DRIVER_COUNT_19YR","DRIVER_COUNT_20YR","DRIVER_COUNT_50_64YR","DRIVER_COUNT_65_74YR","DRIVER_COUNT_75PLUS","EST_HRS_CLOSED","FATAL_COUNT","HEAVY_TRUCK_COUNT","HORSE_BUGGY_COUNT","HOUR_OF_DAY","ILLUMINATION","INJURY_COUNT","INTERSECTION_RELATED","INTERSECT_TYPE","LANE_CLOSED","LATITUDE","LN_CLOSE_DIR","LOCATION_TYPE","LONGITUDE","MAX_SEVERITY_LEVEL","MCYCLE_DEATH_COUNT","MCYCLE_SUSP_SERIOUS_INJ_COUNT","MOTORCYCLE_COUNT","MUNICIPALITY","NONMOTR_COUNT","NONMOTR_DEATH_COUNT","NONMOTR_SUSP_SERIOUS_INJ_COUNT","NTFY_HIWY_MAINT","PED_COUNT","PED_DEATH_COUNT","PED_SUSP_SERIOUS_INJ_COUNT","PERSON_COUNT","POLICE_AGCY","POSSIBLE_INJ_COUNT","RDWY_SURF_TYPE_CD","RELATION_TO_ROAD","ROADWAY_CLEARED","ROAD_CONDITION","SCH_BUS_IND","SCH_ZONE_IND","SECONDARY_CRASH","SMALL_TRUCK_COUNT","SPEC_JURIS_CD","SUSP_MINOR_INJ_COUNT","SUSP_SERIOUS_INJ_COUNT","SUV_COUNT","TCD_FUNC_CD","TCD_TYPE","TFC_DETOUR_IND","TIME_OF_DAY","TOTAL_UNITS","TOT_INJ_COUNT","UNBELTED_OCC_COUNT","UNB_DEATH_COUNT","UNB_SUSP_SERIOUS_INJ_COUNT","UNK_INJ_DEG_COUNT","UNK_INJ_PER_COUNT","URBAN_RURAL","VAN_COUNT","VEHICLE_COUNT","WEATHER1","WEATHER2","WORKERS_PRES","WORK_ZONE_IND","WORK_ZONE_LOC","WORK_ZONE_TYPE","WZ_CLOSE_DETOUR","WZ_FLAGGER","WZ_LAW_OFFCR_IND","WZ_LN_CLOSURE","WZ_MOVING","WZ_OTHER","WZ_SHLDER_MDN","WZ_WORKERS_INJ_KILLED"
"2007068941","","2","0","0","0","0","0","0","0","0","4","0","","02","6","2007","6","40.43901","-79.921406","1557","11","0","1","0","0","0","1","0","0","","0","0","0","","","0","","0","","40 26:20.436","","0","79 55:17.061","0","0","0","0","2301","0","0","0","N","0","0","0","2","02301","0","","1.0","","1","N","N","","0","","0","0","0","","0","","","2","0","0","0","0","0","0","2","0","2","","","","N","","","","","","","","","",""
"2007068942","","0","0","0","0","0","0","0","0","0","8","0","","02","6","2007","7","40.451682","-79.952705","1659","11","0","0","0","0","0","0","0","0","","0","0","0","","","1","","1","","40 27:06.055","","0","79 57:09.738","8","0","0","0","2301","1","0","0","N","1","0","0","2","02301","0","","1.0","","1","N","N","","0","","0","0","0","","0","","","2","1","0","0","0","1","0","2","1","1","","","","N","","","","","","","","","",""
"2007068943","","1","0","0","0","0","0","0","0","0","7","1","","02","6","2007","7","40.430443","-79.932498","0654","11","0","0","0","0","0","0","0","0","4","0","1","0","","","0","","0","","40 25:49.594","6","0","79 55:56.992","0","0","0","0","2301","0","0","0","N","0","0","0","1","02301","0","","5.0","","1","N","N","","0","","0","0","0","","0","Y","","2","0","0","0","0","0","0","2","0","2","","","","N","","","","","","","","","",""
"2007068944","","1","0","0","0","0","0","0","0","0","1","0","","02","6","2007","1","40.394","-79.9351","2226","11","0","0","0","0","0","0","1","0","","0","0","0","","","0","","0","","40 23:38.400","","0","79 56:06.360","0","0","0","0","2301","0","0","0","N","0","0","0","1","02301","0","","1.0","","1","N","N","","0","","0","0","1","","0","","","2","0","0","0","0","0","0","2","0","2","","","","N","","","","","","","","","",""
"2007068945","","2","0","0","0","0","0","0","0","0","4","0","","02","6","2007","5","40.462475","-79.924362","1702","11","0","0","0","0","0","0","0","0","2","0","0","0","","","0","","2","","40 27:44.910","2","0","79 55:27.703","0","0","0","0","2301","0","0","0","N","0","0","0","2","02301","0","","1.0","","9","N","N","","0","","0","0","0","","3","N","","2","0","0","0","0","0","0","2","0","2","","","","N","","","","","","","","","",""
"2007068948","","1","0","0","0","0","0","0","0","0","7","0","","02","6","2007","5","40.435833","-79.994846","1403","11","0","0","0","0","0","0","0","0","","0","0","0","","","0","","2","","40 26:09.000","","2","79 59:41.444","0","0","0","0","2301","0","0","0","N","0","0","0","1","02301","0","","7.0","","1","N","N","","0","","0","0","0","","0","","","1","0","0","0","0","0","0","2","0","1","","","","N","","","","","","","","","",""
"2007069001","","0","0","0","0","0","0","0","0","0","7","0","","02","6","2007","4","40.371111","-80.032882","1115","11","0","0","1","0","0","0","0","0","2","0","0","0","","","0","","2","","40 22:16.000","5","0","80 01:58.376","0","0","0","0","2109","0","0","0","N","0","0","0","1","02109","0","","4.0","","9","N","N","","0","","0","0","1","","0","Y","","1","0","0","0","0","0","0","2","0","1","","","","N","","","","","","","","","",""
"2007069008","","0","0","0","0","0","0","0","0","0","7","0","","02","5","2007","2","40.614","-79.9593","1225","11","0","0","0","0","0","1","0","0","","0","0","0","","","0","","0","","40 36:50.400","","0","79 57:33.480","0","0","0","0","2207","0","0","0","N","0","0","0","1","68T02","0","","3.0","","1","N","N","","0","","0","0","1","","0","","","1","0","0","0","0","0","0","2","0","1","","","","N","","","","","","","","","",""
"2007069042","","0","0","0","0","0","0","0","0","0","7","0","","02","7","2007","3","40.538056","-80.050208","0131","11","0","0","0","0","1","0","0","0","","0","0","0","","","0","","0","","40 32:17.000","","0","80 03:00.749","0","0","0","0","2116","0","0","0","N","0","0","0","1","02116","0","","5.0","","1","N","N","","0","","0","0","1","","0","","","1","0","0","0","0","0","0","2","0","1","","","","N","","","","","","","","","",""
"2007069044","","2","0","0","0","0","0","0","0","0","4","0","","02","7","2007","4","40.438611","-79.760496","0001","11","0","0","0","0","0","0","0","0","1","0","0","0","","","0","","1","","40 26:19.000","3","0","79 45:37.786","0","0","0","0","2446","0","0","0","N","0","0","0","6","02446","0","","1.0","","1","N","N","","0","","0","0","0","","2","N","","2","0","0","0","0","0","0","2","0","2","","","","N","","","","","","","","","",""
"2007069049","","0","0","0","0","0","0","0","0","0","1","0","","02","7","2007","3","40.628333","-79.94174","0902","11","0","0","0","0","0","1","0","0","1","0","0","0","","","1","","10","","40 37:42.000","1","0","79 56:30.263","3","0","0","0","2217","0","0","0","N","0","0","0","2","02505","0","","1.0","","1","N","N","","1","","1","0","1","","3","Y","","2","1","0","0","0","0","0","2","0","2","","","","N","","","","","","","","","",""
"2007069057","","0","0","0","0","0","0","0","0","0","2","0","","02","7","2007","2","40.330237","-79.966247","1308","11","1","0","0","0","0","1","0","0","1","0","0","0","","","1","","0","","40 19:48.853","4","0","79 57:58.489","4","0","0","0","2454","0","0","0","N","0","0","0","2","02454","1","","1.0","","1","N","N","","0","","0","0","2","","0","N","","2","1","0","0","0","0","0","2","0","2","","","","N","","","","","","","","","",""
"2007069070","","0","0","0","0","0","0","1","0","0","5","1","","02","7","2007","2","40.444094","-80.02802","1100","11","0","0","0","0","0","1","0","0","","0","0","0","","","0","","5","","40 26:38.740","","0","80 01:40.871","0","0","0","0","2301","0","0","0","N","0","0","0","3","02503","0","","1.0","","1","N","N","","0","","0","0","1","","0","","","3","0","2","0","0","0","0","2","0","2","","","","N","","","","","","","","","",""
"2007069073","","1","0","0","0","0","0","0","0","0","1","0","","02","7","2007","4","40.381872","-79.81113","0931","11","0","0","0","0","0","0","0","0","","0","0","0","","","1","","1","","40 22:54.739","","6","79 48:40.068","8","0","0","0","2424","0","0","0","N","0","0","0","3","02424","0","","1.0","","1","N","N","","0","","0","0","1","","0","","","2","1","1","0","0","1","1","2","0","2","","","","N","","","","","","","","","",""
"2007069075","","1","0","0","0","0","0","0","0","0","7","0","","02","7","2007","4","40.438097","-80.068074","1002","11","0","0","0","0","0","0","0","0","","0","0","0","","","0","","2","","40 26:17.148","","0","80 04:05.067","0","0","0","0","2421","0","0","0","N","0","0","0","1","02421","0","","5.0","","9","N","N","","0","","0","0","0","","0","","","1","0","0","0","0","0","0","2","0","1","","","","N","","","","","","","","","",""
"2007069088","","2","0","0","0","0","0","0","0","0","1","0","","02","7","2007","7","40.508611","-80.202878","1151","11","0","0","0","0","0","0","0","0","1","0","0","0","","","1","","0","","40 30:31.000","2","0","80 12:10.359","4","0","0","0","2213","0","0","0","N","0","0","0","5","02213","1","","1.0","","1","N","N","","0","","0","0","0","","0","N","","3","1","0","0","0","0","0","2","1","3","","","","N","","","","","","","","","",""
"2007069089","","2","0","0","0","0","0","0","0","0","1","0","","02","7","2007","4","40.386111","-80.084129","1656","11","0","0","0","0","0","0","0","0","1","0","0","0","","","2","","1","","40 23:10.000","1","0","80 05:02.864","8","0","0","0","2117","0","0","0","N","0","0","0","4","02117","0","","1.0","","1","N","N","","0","","0","0","1","","2","N","","3","2","0","0","0","2","2","2","0","3","","","","N","","","","","","","","","",""
"2007069102","","1","0","0","0","0","0","0","0","0","1","0","","02","7","2007","4","40.301278","-79.986146","1841","11","0","0","0","0","0","1","0","0","1","0","0","0","","","0","","0","","40 18:04.599","2","0","79 59:10.125","0","0","0","0","2219","0","0","0","N","0","0","0","2","02219","0","","1.0","","1","N","N","","1","","0","0","0","","0","N","","2","0","0","0","0","0","0","2","0","2","","","","N","","","","","","","","","",""
"2007069107","","1","0","0","0","0","0","0","0","0","4","0","","02","7","2007","4","40.538333","-79.962405","1737","11","0","0","0","0","0","1","0","0","2","0","0","0","","","1","","1","","40 32:18.000","1","0","79 57:44.657","3","0","0","0","2118","0","0","0","N","0","0","0","3","02118","0","","1.0","","1","N","N","","0","","1","0","0","","2","Y","","2","1","0","0","0","0","0","2","1","2","","","","N","","","","","","","","","",""
"2007069132","","1","0","0","0","0","0","0","0","0","2","0","","02","7","2007","4","40.581309","-79.93826","0857","11","0","0","0","0","0","0","0","0","1","0","0","0","","","2","","2","","40 34:52.711","3","0","79 56:17.736","4","0","0","0","2207","0","0","0","N","0","0","0","2","02207","2","","1.0","","1","N","N","","0","","0","0","0","","3","N","","2","2","0","0","0","0","0","2","1","2","","","","N","","","","","","","","","",""
"2007069148","","1","0","0","0","0","0","0","0","0","2","0","","02","6","2007","3","40.457237","-79.934066","2341","11","0","0","0","0","0","1","0","0","","0","0","0","","","1","","1","","40 27:26.053","","0","79 56:02.637","4","0","0","0","2301","0","0","0","N","0","0","0","4","02301","1","","1.0","","1","N","N","","0","","0","0","1","","2","","","2","1","0","0","0","0","0","2","0","2","","","","N","","","","","","","","","",""
"2007069150","","1","0","0","0","0","0","0","0","0","1","0","","02","3","2007","7","40.344722","-79.961189","1515","11","0","0","0","0","0","1","1","0","2","0","0","0","","","1","","0","","40 20:41.000","3","0","79 57:40.281","8","0","0","0","2473","0","0","0","N","0","0","0","4","02473","0","","1.0","","1","N","N","","2","","0","0","0","","0","N","","3","1","0","0","0","1","0","2","0","3","","","","N","","","","","","","","","",""
"2007069151","","1","0","0","0","0","0","0","0","0","1","0","","02","3","2007","3","40.3625","-79.931872","0905","11","0","0","0","0","0","0","0","0","","0","0","0","","","0","","0","","40 21:45.000","","0","79 55:54.739","0","0","0","0","2473","0","0","0","N","0","0","0","4","02473","0","","1.0","","1","N","N","","1","","0","0","0","","2","","","2","0","1","0","0","0","0","2","0","2","","","","N","","","","","","","","","",""
"2007069152","","1","0","0","0","0","0","0","0","0","7","0","","02","3","2007","7","40.399","-79.8773","2303","11","0","0","0","0","1","0","0","0","","0","0","0","","","3","","0","","40 23:56.400","","0","79 52:38.280","3","0","0","0","2473","0","0","0","N","0","0","0","5","02473","2","","3.0","","1","N","N","","0","","1","0","0","","0","","","1","3","3","0","0","0","0","2","0","1","","","","N","","","","","","","","","",""
"2007069153","","2","0","0","0","0","0","0","0","0","1","0","","02","3","2007","6","40.385","-79.862773","2217","11","0","0","0","0","0","1","0","0","1","0","0","0","","","0","","0","","40 23:06.000","2","0","79 51:45.981","0","0","0","0","2473","0","0","0","N","0","0","0","2","02473","0","","1.0","","9","N","N","","0","","0","0","0","","2","N","","2","0","2","0","0","0","0","2","0","2","","","","N","","","","","","","","","",""
"2007069154","","1","0","0","0","0","0","0","0","0","1","0","","02","3","2007","7","40.355556","-79.912184","1321","11","0","0","0","0","0","1","0","0","1","0","0","0","","","1","","0","","40 21:20.000","6","0","79 54:43.864","4","0","0","0","2473","0","0","0","N","0","0","0","6","02473","1","","1.0","","9","N","N","","0","","0","0","2","","0","N","","3","1","0","0","0","0","0","2","0","3","","","","N","","","","","","","","","",""
"2007069155","","1","0","0","0","0","0","0","0","0","7","0","","02","3","2007","5","40.35769","-79.858742","0704","11","0","0","0","0","0","0","0","0","","0","0","0","","","0","","0","","40 21:27.683","","0","79 51:31.470","0","0","0","0","2473","0","0","0","N","0","0","0","1","02473","0","","1.0","","9","N","N","","0","","0","0","0","","0","","","1","0","0","0","0","0","0","2","0","1","","","","N","","","","","","","","","",""
"2007069156","","1","0","0","0","0","0","0","0","0","7","0","","02","3","2007","1","40.359167","-79.873456","0230","11","0","0","0","0","0","0","0","0","","0","0","0","","","1","","0","","40 21:33.000","","0","79 52:24.442","8","0","0","0","2473","0","0","0","N","0","0","0","1","02473","0","","5.0","","1","N","N","","0","","0","0","0","","0","","","1","1","0","0","0","1","0","2","0","1","","","","N","","","","","","","","","",""
"2007069157","","0","0","0","0","0","0","0","0","0","5","0","","02","3","2007","7","40.319773","-79.900023","0229","11","0","0","0","0","0","0","0","0","1","0","0","0","","","0","","0","","40 19:11.181","1","0","79 54:00.082","0","0","0","0","2473","0","0","0","N","0","0","0","1","02473","0","","5.0","","9","N","N","","1","","0","0","0","","0","N","","2","0","0","0","0","0","0","2","1","2","","","","N","","","","","","","","","",""
"2007069158","","2","0","0","0","0","0","0","0","0","4","0","","02","6","2007","3","40.444493","-79.958114","1016","11","0","0","0","0","0","0","0","0","2","0","0","0","","","0","","0","","40 26:40.174","6","0","79 57:29.211","0","0","0","0","2301","0","0","0","N","0","0","0","3","02301","0","","1.0","","1","N","N","","0","","0","0","0","","0","Y","","2","0","0","0","0","0","0","2","0","2","","","","N","","","","","","","","","",""
"2007069160","","3","0","0","0","0","0","0","0","0","1","0","","02","6","2007","2","40.426273","-79.939155","0644","11","0","0","0","0","0","1","0","0","1","0","0","0","","","0","","0","","40 25:34.582","4","0","79 56:20.958","0","0","0","0","2301","0","0","0","N","0","0","0","1","02301","0","","5.0","","1","N","N","","0","","0","0","0","","0","N","","3","0","0","0","0","0","0","2","0","3","","","","N","","","","","","","","","",""
"2007069162","","2","0","0","0","0","0","0","0","0","4","0","","02","6","2007","3","40.434559","-79.912235","1101","11","0","0","0","0","0","2","0","0","","0","0","0","","","0","","0","","40 26:04.412","","0","79 54:44.046","0","0","0","0","2301","0","0","0","N","0","0","0","2","02301","0","","1.0","","1","N","N","","0","","0","0","0","","0","","","2","0","0","0","0","0","0","2","0","2","","","","N","","","","","","","","","",""
"2007069163","","1","0","0","0","0","0","0","0","0","7","0","","02","6","2007","3","40.438038","-79.906723","1046","11","0","0","0","0","0","0","0","1","1","0","0","0","","","0","","0","","40 26:16.938","3","0","79 54:24.202","0","0","0","0","2301","0","0","0","N","0","0","0","1","02301","0","","2.0","","1","N","N","","0","","0","0","0","","0","N","","1","0","0","0","0","0","0","2","0","1","","","","N","","","","","","","","","",""
"2007069164","","1","0","0","0","0","0","0","0","0","6","0","99","02","6","2007","7","40.427156","-79.938714","2253","11","0","1","0","0","0","0","0","0","","0","0","0","","","0","","3","","40 25:37.761","","0","79 56:19.370","9","0","0","0","2301","0","0","0","N","0","0","0","3","02301","0","","1.0","","1","N","N","","0","","0","0","1","","4","","","2","0","0","0","0","0","3","2","0","2","","","U","Y","8","8","","","U","","","","",""
"2007069165","","2","0","0","0","0","0","0","0","0","6","0","","02","6","2007","5","40.406174","-79.939621","2345","11","0","0","0","0","0","0","0","0","","0","0","0","","","1","","0","","40 24:22.226","","0","79 56:22.635","8","0","0","0","2301","0","0","0","N","0","0","0","1","02301","0","","6.0","","1","N","N","","0","","0","0","0","","0","","","3","1","0","0","0","1","0","2","1","3","","","","N","","","","","","","","","",""
"2007069185","","4","0","0","0","0","0","0","0","0","1","0","","02","6","2007","3","40.352222","-80.050389","1714","11","0","0","1","0","0","0","1","0","2","0","0","0","","","1","","0","","40 21:08.000","1","0","80 03:01.401","4","0","0","0","2109","0","0","0","N","0","0","0","5","02109","1","","1.0","","1","N","N","","0","","0","0","0","","2","N","","4","1","2","0","0","0","0","2","0","4","","","","N","","","","","","","","","",""
"2007069191","","0","0","0","0","0","0","0","0","0","7","0","","02","4","2007","6","40.389888","-79.900909","0243","11","0","0","0","0","0","0","0","0","","1","0","0","","","0","","0","","40 23:23.596","","0","79 54:03.274","1","1","0","1","2420","0","0","0","N","0","0","0","1","02501","0","2","4.0","","1","N","N","","0","0","0","0","0","","0","","","1","0","0","0","0","0","0","2","0","1","","","","N","","","","","","","","","",""
"2007069263","","1","0","0","0","0","0","0","0","0","7","0","","02","3","2007","7","40.3754","-79.9023","0704","11","0","0","0","0","0","0","0","0","1","0","0","0","","","0","","0","","40 22:31.440","3","0","79 54:08.280","0","0","0","0","2473","0","0","0","N","0","0","0","1","02473","0","","4.0","","1","N","N","","1","","0","0","0","","0","N","","2","0","0","0","0","0","0","2","0","2","","","","N","","","","","","","","","",""
"2007069264","","2","0","0","0","0","0","0","0","0","7","0","","02","3","2007","7","40.385611","-79.879854","0434","11","0","0","0","0","0","0","0","0","2","0","0","0","","","2","","0","","40 23:08.201","5","0","79 52:47.475","2","0","0","0","2473","0","0","0","N","0","0","0","2","02473","0","","2.0","","1","N","N","","0","","0","2","0","","0","Y","","2","2","0","0","0","0","0","2","0","2","","","","N","","","","","","","","","",""
"2007069265","","2","0","0","0","0","0","0","0","0","4","0","","02","3","2007","1","40.348889","-79.939012","0658","11","0","0","0","0","0","1","0","0","","0","0","0","","","1","","1","","40 20:56.000","","0","79 56:20.443","4","0","0","0","2473","0","0","0","N","0","0","0","2","02473","1","","1.0","","9","N","N","","0","","0","0","0","","2","","","2","1","1","0","0","0","0","2","0","2","","","","N","","","","","","","","","",""
"2007069266","","4","0","0","0","0","0","0","0","0","6","0","","02","3","2007","7","40.37075","-79.858336","0240","11","0","0","0","1","0","0","0","0","","0","0","0","","","0","","0","","40 22:14.701","","0","79 51:30.011","0","0","0","0","2473","0","0","0","N","0","0","0","1","02473","0","","1.0","","1","N","N","","0","","0","0","0","","0","","","5","0","0","0","0","0","0","2","0","4","","","","N","","","","","","","","","",""
"2007069267","","1","0","0","0","0","0","0","0","0","7","0","","02","3","2007","7","40.3587","-79.8495","1344","11","0","0","0","0","0","0","0","0","","0","0","0","","","0","","0","","40 21:31.320","","0","79 50:58.200","0","0","0","0","2473","0","0","0","N","0","0","0","1","02473","0","","3.0","","9","N","N","","0","","0","0","0","","0","","","1","0","0","0","0","0","0","2","0","1","","","","N","","","","","","","","","",""
"2007069268","","2","0","0","0","0","0","0","0","0","4","0","","02","3","2007","3","40.3568","-79.9557","0743","11","0","0","1","0","0","0","0","0","","0","0","0","","","1","","0","","40 21:24.480","","0","79 57:20.520","4","0","0","0","2473","0","0","0","N","0","0","0","2","02473","1","","1.0","","1","N","N","","0","","0","0","0","","0","","","2","1","0","0","0","0","0","2","0","2","","","","N","","","","","","","","","",""
"2007069269","","2","0","0","0","0","0","0","0","0","4","0","","02","3","2007","7","40.375213","-79.899133","1040","11","0","0","0","0","0","0","0","1","","0","0","0","","","2","","2","","40 22:30.768","","0","79 53:56.879","4","0","0","0","2473","0","0","0","N","0","0","0","3","02473","2","","1.0","","1","N","N","","0","","0","0","0","","3","","","2","2","0","0","0","0","0","2","0","2","","","","N","","","","","","","","","",""
"2007069329","","0","0","0","0","0","0","0","0","0","7","0","","02","5","2007","5","40.4882","-79.7801","1859","11","0","0","0","0","0","0","0","0","1","0","0","0","","","1","","0","","40 29:17.520","3","0","79 46:48.360","4","0","0","2","2466","0","0","0","N","0","0","0","2","68T09","1","","1.0","","1","N","N","","0","","0","0","0","","0","N","","2","1","0","0","0","0","0","2","0","2","","","","N","","","","","","","","","",""
"2007069381","","1","0","0","0","0","0","0","0","0","99","0","","02","5","2007","4","40.276944","-79.950655","0747","11","0","0","0","0","0","1","0","0","","0","0","0","","","0","","0","","40 16:37.000","","0","79 57:02.358","0","0","0","0","2440","0","0","0","N","0","0","0","3","68T09","0","","1.0","","1","N","N","","0","","0","0","0","","0","","","1","0","0","0","0","0","0","1","0","1","","","","N","","","","","","","","","",""
"2007069396","","1","0","0","0","0","0","0","0","0","4","0","","02","6","2007","5","40.446389","-79.893602","1525","11","0","0","1","0","0","0","1","0","","0","0","0","","","0","","1","","40 26:47.000","","0","79 53:36.968","0","0","0","0","2301","0","0","0","N","0","0","0","2","02301","0","","1.0","","1","N","N","","0","","0","0","1","","2","","","2","0","0","0","0","0","0","2","0","2","","","","N","","","","","","","","","",""
"2007069397","","0","0","0","0","0","0","0","0","0","0","0","","02","6","2007","2","40.430586","-79.944855","1505","11","0","0","0","0","0","0","0","0","9","0","0","0","","","1","","0","","40 25:50.109","1","0","79 56:41.479","8","0","0","1","2301","0","0","0","N","0","0","0","1","02301","0","","1.0","","1","N","N","","0","","0","0","0","","0","N","","1","1","0","0","0","1","0","2","0","1","","","","N","","","","","","","","","",""
"2007069398","","1","0","0","0","0","0","0","0","0","7","0","","02","6","2007","2","40.463246","-79.948564","0158","11","0","0","0","0","0","0","0","0","","0","0","0","","","0","","0","","40 27:47.685","","0","79 56:54.830","0","0","0","0","2301","0","0","0","N","0","0","0","1","02301","0","","5.0","","1","N","N","","0","","0","0","0","","0","","","1","0","0","0","0","0","0","2","0","1","","","","N","","","","","","","","","",""
"2007069422","","1","0","0","0","0","0","0","0","0","1","0","","02","6","2007","4","40.456699","-79.96362","1646","11","0","0","0","0","0","0","0","0","1","0","0","0","","","1","","2","","40 27:24.118","4","0","79 57:49.031","8","0","0","0","2301","0","0","0","N","0","0","0","4","02301","0","","1.0","","1","N","N","","1","","0","0","1","","0","N","","3","1","0","0","0","1","0","2","0","3","","","","N","","","","","","","","","",""
"2007069423","","2","0","0","0","0","0","0","0","0","2","0","","02","6","2007","7","40.475485","-80.030529","2045","11","0","0","0","0","0","0","0","0","","0","0","0","","","0","","2","","40 28:31.746","","0","80 01:49.904","0","0","0","0","2301","0","0","0","N","0","0","0","1","02301","0","","1.0","","1","N","N","","0","","0","0","0","","0","","","2","0","0","0","0","0","0","2","0","2","","","","N","","","","","","","","","",""
"2007069424","","1","0","0","0","0","0","0","0","0","1","0","","02","6","2007","1","40.4518","-80.0285","0208","11","0","0","0","0","0","0","0","0","","0","0","0","","","1","","7","","40 27:06.480","","2","80 01:42.600","4","0","0","0","2301","0","0","0","N","0","0","0","2","02301","1","","7.0","","1","N","N","","0","","0","0","1","","2","","","2","1","0","0","0","0","0","2","0","2","","","","N","","","","","","","","","",""
"2007069425","","1","0","0","0","0","0","0","0","0","0","0","","02","6","2007","1","40.483227","-80.00412","0504","11","0","0","0","0","0","0","0","0","3","0","0","0","","","0","","0","","40 28:59.618","1","0","80 00:14.832","0","0","0","0","2301","0","0","0","N","0","0","0","1","02301","0","","1.0","","9","N","N","","0","","0","0","0","","0","N","","1","0","0","0","0","0","0","2","0","1","","","","N","","","","","","","","","",""
"2007069426","","3","0","0","0","0","0","0","0","0","4","0","","02","6","2007","1","40.454167","-79.996855","","11","0","0","0","0","0","1","0","0","","0","0","0","","","0","","1","","40 27:15.000","","0","79 59:48.677","0","0","0","0","2301","0","0","0","N","0","0","0","4","02301","0","","1.0","","1","N","N","","0","","0","0","0","","0","","","3","0","0","0","0","0","0","2","0","3","","","","N","","","","","","","","","",""
"2007069470","","2","0","0","0","0","0","0","0","0","4","0","","02","6","2007","4","40.393259","-80.047418","1605","11","0","1","0","0","0","0","0","0","2","0","0","0","","","1","","3","","40 23:35.732","2","0","80 02:50.704","4","0","0","0","2109","0","0","0","N","0","0","0","3","02109","1","","1.0","","1","N","N","","0","","0","0","0","","0","Y","","2","1","0","0","0","0","0","2","0","2","","","","N","","","","","","","","","",""
"2007069471","","2","0","0","0","0","0","0","0","0","1","0","","02","6","2007","4","40.371667","-80.049469","1723","11","0","0","0","0","0","0","0","0","1","0","0","0","","","1","","2","","40 22:18.000","2","0","80 02:58.087","4","0","0","0","2109","0","0","0","N","0","0","0","3","02109","1","","1.0","","1","N","N","","1","","0","0","0","","0","N","","3","1","0","0","0","0","0","2","0","3","","","","N","","","","","","","","","",""
"2007069472","","1","0","0","0","0","0","0","0","0","7","0","","02","6","2007","2","40.393907","-80.052806","0857","11","0","0","1","0","0","0","0","0","1","0","0","0","","","0","","0","","40 23:38.065","1","0","80 03:10.101","0","0","0","0","2109","0","0","0","N","0","0","0","1","02109","0","","2.0","","1","N","N","","0","","0","0","0","","0","N","","1","0","0","0","0","0","0","2","0","1","","","","N","","","","","","","","","",""
"2007069473","","1","0","0","0","0","0","0","0","0","7","0","","02","6","2007","3","40.372683","-80.069967","1847","11","0","0","1","0","0","0","0","0","","0","0","0","","","0","","1","","40 22:21.658","","0","80 04:11.881","0","0","0","0","2109","0","0","0","N","0","0","0","1","02109","0","","4.0","","1","N","N","","0","","0","0","0","","3","","","1","0","0","0","0","0","0","2","0","1","","","","N","","","","","","","","","",""
"2007069474","","2","0","0","0","0","0","0","0","0","4","0","","02","6","2007","2","40.389268","-80.063418","1434","11","0","0","0","0","0","1","0","1","","0","0","0","","","1","","5","","40 23:21.364","","0","80 03:48.304","4","0","0","0","2109","0","0","0","N","0","0","0","2","02109","1","","1.0","","1","N","N","","0","","0","0","0","","3","","","2","1","0","0","0","0","0","2","0","2","","","","N","","","","","","","","","",""
"2007069475","","2","0","0","0","0","0","0","0","0","3","0","","02","6","2007","7","40.4253","-80.0298","1441","11","0","0","0","0","0","1","0","0","1","0","0","0","","","1","","0","","40 25:31.080","1","0","80 01:47.280","4","0","0","0","2109","0","0","0","N","0","0","0","1","02109","1","","1.0","","1","N","N","","0","","0","0","0","","0","N","","2","1","0","0","0","0","0","2","0","2","","","","N","","","","","","","","","",""
"2007069566","","2","0","0","0","0","0","0","0","0","4","0","","02","6","2007","5","40.525556","-79.840956","1831","11","0","0","0","0","0","0","0","0","","0","0","0","","","0","","1","","40 31:32.000","","0","79 50:27.441","0","0","0","0","2451","0","0","0","N","0","0","0","5","02451","0","","1.0","","9","N","N","","0","","0","0","0","","3","","","2","0","0","0","0","0","0","2","0","2","","","","N","","","","","","","","","",""
"2007069568","","0","0","0","0","0","0","0","0","0","0","0","","02","7","2007","5","40.30924","-79.968601","1657","11","0","0","0","0","0","0","0","0","","0","0","0","","","1","","0","","40 18:33.264","","0","79 58:06.963","8","0","0","1","2440","0","0","0","N","0","0","0","1","02440","0","","1.0","","1","N","N","","0","","0","0","0","","0","","","1","1","0","0","0","1","0","2","0","1","","","","N","","","","","","","","","",""
"2007069625","","1","0","0","0","0","0","0","0","0","7","0","","02","6","2007","4","40.433812","-79.938233","1138","11","0","0","0","0","0","0","1","0","3","0","0","0","","","1","","0","","40 26:01.722","4","0","79 56:17.637","4","0","0","0","2301","0","0","0","N","0","0","0","1","02301","1","","5.0","","1","N","N","","0","","0","0","0","","0","Y","","1","1","0","0","0","0","0","2","0","1","","","","N","","","","","","","","","",""