"CRN","ARRIVAL_TM","AUTOMOBILE_COUNT","BELTED_DEATH_COUNT","BELTED_SUSP_SERIOUS_INJ_COUNT","BICYCLE_COUNT","BICYCLE_DEATH_COUNT","BICYCLE_SUSP_SERIOUS_INJ_COUNT","BUS_COUNT","CHLDPAS_DEATH_COUNT","CHLDPAS_SUSP_SERIOUS_INJ_COUNT","COLLISION_TYPE","COMM_VEH_COUNT","CONS_ZONE_SPD_LIM","COUNTY","CRASH_MONTH","CRASH_YEAR","DAY_OF_WEEK","DEC_LATITUDE","DEC_LONGITUDE","DISPATCH_TM","DISTRICT","DRIVER_COUNT_16YR","DRIVER_COUNT_17YR","DRIVER_COUNT_18YR","DRIVER_COUNT_19YR","DRIVER_COUNT_20YR","DRIVER_COUNT_50_64YR","DRIVER_COUNT_65_74YR","DRIVER_COUNT_75PLUS","EST_HRS_CLOSED","FATAL_COUNT","HEAVY_TRUCK_COUNT","HORSE_BUGGY_COUNT","HOUR_OF_DAY","ILLUMINATION","INJURY_COUNT","INTERSECTION_RELATED","INTERSECT_TYPE","LANE_CLOSED","LATITUDE","LN_CLOSE_DIR","LOCATION_TYPE","LONGITUDE","MAX_SEVERITY_LEVEL","MCYCLE_DEATH_COUNT","MCYCLE_SUSP_SERIOUS_INJ_COUNT","MOTORCYCLE_COUNT","MUNICIPALITY","NONMOTR_COUNT","NONMOTR_DEATH_COUNT","NONMOTR_SUSP_SERIOUS_INJ_COUNT","NTFY_HIWY_MAINT","PED_COUNT","PED_DEATH_COUNT","PED_SUSP_SERIOUS_INJ_COUNT","PERSON_COUNT","POLICE_AGCY","POSSIBLE_INJ_COUNT","RDWY_SURF_TYPE_CD","RELATION_TO_ROAD","ROADWAY_CLEARED","ROAD_CONDITION","SCH_BUS_IND","SCH_ZONE_IND","SECONDARY_CRASH","SMALL_TRUCK_COUNT","SPEC_JURIS_CD","SUSP_MINOR_INJ_COUNT","SUSP_SERIOUS_INJ_COUNT","SUV_COUNT","TCD_FUNC_CD","TCD_TYPE","TFC_DETOUR_IND","TIME_OF_DAY","TOTAL_UNITS","TOT_INJ_COUNT","UNBELTED_OCC_COUNT","UNB_DEATH_COUNT","UNB_SUSP_SERIOUS_INJ_COUNT","UNK_INJ_DEG_COUNT","UNK_INJ_PER_COUNT","URBAN_RURAL","VAN_COUNT","VEHICLE_COUNT","WEATHER1","WEATHER2","WORKERS_PRES","WORK_ZONE_IND","WORK_ZONE_LOC","WORK_ZONE_TYPE","WZ_CLOSE_DETOUR","WZ_FLAGGER","WZ_LAW_OFFCR_IND","WZ_LN_CLOSURE","WZ_MOVING","WZ_OTHER","WZ_SHLDER_MDN","WZ_WORKERS_INJ_KILLED"
"2007072944","","2","0","0","0","0","0","0","0","0","1","0","","02","7","2007","5","40.526014","-79.821454","0948","11","0","0","0","0","0","0","0","0","","0","0","0","","","1","","2","","40 31:33.652","","0","79 49:17.234","8","0","0","0","2466","0","0","0","N","0","0","0","2","02466","0","","1.0","","9","N","N","","0","","0","0","0","","0","","","2","1","0","0","0","1","0","2","0","2","","","","N","","","","","","","","","",""
"2007072969","","1","0","0","0","0","0","0","0","0","1","0","45","02","5","2007","6","40.441111","-80.111631","1850","11","0","0","0","0","0","1","0","0","","0","0","0","","","0","","0","","40 26:28.000","","0","80 06:41.870","0","0","0","0","2434","0","0","0","N","0","0","0","5","68B03","0","","1.0","","1","N","N","","1","","0","0","0","","0","","","2","0","0","0","0","0","0","2","0","2","","","Y","Y","3","1","","","Y","","","","",""
"2007072970","","0","0","0","0","0","0","0","0","0","99","0","","02","6","2007","7","","","1822","11","0","0","0","0","0","1","0","0","","0","0","0","","","0","","0","","40 32:05.64","","0","80 16:19.56","0","0","0","0","2203","0","0","0","N","0","0","0","2","68B03","0","","1.0","","1","N","N","","0","","0","0","1","","0","","","1","0","0","0","0","0","0","2","0","1","","","","N","","","","","","","","","",""
"2007072972","","0","0","0","0","0","0","0","0","0","1","0","","02","5","2007","7","","","0021","11","0","0","0","0","0","2","0","0","1","0","0","0","","","0","","6","","40 26:11.76","3","2","80 00:02.88","0","0","0","0","2301","0","0","0","N","0","0","0","2","68B03","0","","1.0","","1","N","N","","1","","0","0","1","","4","N","","2","0","0","0","0","0","0","2","0","2","","","","N","","","","","","","","","",""
"2007072973","","5","0","0","0","0","0","0","0","0","1","0","","02","5","2007","3","","","1347","11","0","0","0","0","2","0","0","0","","0","0","0","","","0","","0","","40 25:53.76","","0","80 01:28.92","9","0","0","0","2301","0","0","0","N","0","0","0","5","68B03","0","","1.0","","1","N","N","","0","","0","0","0","","0","","","5","0","0","0","0","0","1","2","0","5","","","","N","","","","","","","","","",""
"2007072974","","2","0","0","0","0","0","0","0","0","1","0","","02","5","2007","3","","","1641","11","0","0","0","0","0","1","0","0","","0","0","0","","","0","","0","","40 25:01.20","","0","80 03:25.92","0","0","0","0","2435","0","0","0","N","0","0","0","4","68F03","0","","1.0","","1","N","N","","0","","0","0","0","","0","","","3","0","0","0","0","0","0","2","1","3","","","","N","","","","","","","","","",""
"2007072975","","2","0","0","0","0","0","0","0","0","1","0","","02","6","2007","7","40.63179","-80.097403","1248","11","0","1","0","0","0","0","0","0","","0","0","0","","","1","","0","","40 37:54.443","","0","80 05:50.651","8","0","0","0","2481","0","0","0","N","0","0","0","3","68B03","0","","1.0","","1","N","N","","0","","0","0","0","","0","","","2","1","0","0","0","1","0","2","0","2","","","","N","","","","","","","","","",""
"2007072976","","1","0","0","0","0","0","0","0","0","2","0","","02","6","2007","6","","","0120","11","0","0","0","0","0","0","0","0","2","0","0","0","","","1","","0","","40 26:20.76","1","3","80 00:39.60","3","0","0","0","2301","0","0","0","N","0","0","0","3","68B03","0","","1.0","","1","N","N","","0","","1","0","1","","0","Y","","2","1","0","0","0","0","0","2","0","2","","","","N","","","","","","","","","",""
"2007072977","","1","0","0","0","0","0","0","0","0","1","0","","02","5","2007","3","","","1020","11","0","0","0","0","0","0","0","0","","0","0","0","","","0","","0","","40 25:06.60","","0","80 05:20.04","0","0","0","0","2415","0","0","0","N","0","0","0","2","68B03","0","","1.0","","1","N","N","","0","","0","0","1","","0","","","2","0","0","0","0","0","0","2","0","2","","","","N","","","","","","","","","",""
"2007072978","","1","0","0","0","0","0","0","0","0","7","0","45","02","5","2007","3","40.519167","-80.132491","1823","11","0","0","0","0","0","0","0","0","2","0","0","0","","","0","","0","","40 31:09.000","1","0","80 07:56.968","0","0","0","0","2125","0","0","0","N","0","0","0","1","68B03","0","","4.0","","1","N","N","","0","","0","0","0","","7","N","","1","0","0","0","0","0","0","2","0","1","","","Y","Y","3","1","","","Y","Y","Y","Y","",""
"2007072979","","1","0","0","0","0","0","0","0","0","7","0","","02","6","2007","7","","","1500","11","0","0","1","0","0","0","0","0","","0","0","0","","","1","","0","","40 28:21.00","","3","80 12:55.80","4","0","0","0","2203","0","0","0","N","0","0","0","1","68B03","1","","2.0","","1","N","N","","0","","0","0","0","","0","","","1","1","1","0","0","0","0","2","0","1","","","","N","","","","","","","","","",""
"2007072980","","1","0","0","0","0","0","0","0","0","4","0","","02","7","2007","4","40.337112","-79.984545","1308","11","0","0","0","0","0","0","1","0","1","0","0","0","","","2","","0","","40 20:13.603","1","0","79 59:04.362","3","0","0","1","2403","0","0","0","N","0","0","0","3","02403","1","","1.0","","1","N","N","","0","","1","0","0","","0","Y","","2","2","0","0","0","0","0","2","0","2","","","","N","","","","","","","","","",""
"2007072981","","2","0","0","0","0","0","0","0","0","1","0","","02","6","2007","1","","","0146","11","0","0","0","0","0","1","0","0","","0","0","0","","","1","","0","","","","0","","4","0","0","0","2481","0","0","0","N","0","0","0","2","68B03","1","","1.0","","1","N","N","","0","","0","0","0","","0","","","2","1","0","0","0","0","0","1","0","2","","","","N","","","","","","","","","",""
"2007073007","","3","0","0","0","0","0","0","0","0","1","0","","02","5","2007","6","","","1745","11","0","0","0","0","0","1","0","0","1","0","0","0","","","0","","0","","40 26:18.24","2","0","80 00:43.92","0","0","0","0","2301","0","0","0","N","0","0","0","3","68B03","0","","1.0","","1","N","N","","0","","0","0","0","","0","N","","3","0","0","0","0","0","0","2","0","3","","","","N","","","","","","","","","",""
"2007073008","","2","0","0","0","0","0","0","0","0","1","0","","02","5","2007","3","","","0838","11","0","0","0","0","0","2","0","0","","0","0","0","","","0","","0","","40 29:28.32","","0","80 00:36.72","0","0","0","0","2301","0","0","0","N","0","0","0","3","68B03","0","","1.0","","1","N","N","","0","","0","0","0","","0","","","3","0","0","0","0","0","0","2","1","3","","","","N","","","","","","","","","",""
"2007073009","","0","0","0","0","0","0","0","0","0","7","0","","02","4","2007","1","","","2116","11","0","0","0","0","0","0","0","0","","0","0","0","","","2","","7","","40 26:36.96","","2","80 00:32.40","2","0","0","0","2301","0","0","0","Y","0","0","0","3","68B03","1","","4.0","","1","N","N","","1","","0","1","0","","0","","","1","2","2","0","1","0","0","2","0","1","","","","N","","","","","","","","","",""
"2007073010","","1","0","0","0","0","0","0","0","0","7","0","","02","5","2007","7","","","1713","11","0","0","0","0","0","0","0","0","","0","0","0","","","0","","0","","40 28:27.84","","0","80 00:23.04","0","0","0","0","2301","0","0","0","N","0","0","0","1","68B03","0","","2.0","","9","N","N","","0","","0","0","0","","0","","","1","0","0","0","0","0","0","2","0","1","","","","N","","","","","","","","","",""
"2007073011","","2","0","0","0","0","0","0","0","0","1","0","","02","5","2007","6","40.5256","-80.0698","1027","11","0","0","0","0","0","0","0","0","","0","0","0","","","1","","2","","40 31:32.160","","2","80 04:11.280","4","0","0","0","2215","0","0","0","N","0","0","0","3","68B03","1","","1.0","","1","N","N","","0","","0","0","0","","4","","","2","1","0","0","0","0","0","2","0","2","","","","N","","","","","","","","","",""
"2007073131","","1","0","0","0","0","0","0","0","0","0","0","","02","6","2007","6","40.438222","-79.977694","0427","11","0","0","0","0","0","0","0","0","","0","0","0","","","0","","2","","40 26:17.600","","0","79 58:39.700","0","0","0","0","2301","0","0","0","N","0","0","0","0","02301","0","","1.0","","1","N","N","","0","","0","0","0","","2","","","1","0","0","0","0","0","0","2","0","1","","","","N","","","","","","","","","",""
"2007073132","","2","0","0","0","0","0","0","0","0","4","0","","02","6","2007","6","40.457842","-79.974246","2143","11","0","0","0","0","0","0","1","0","","0","0","0","","","0","","1","","40 27:28.231","","0","79 58:27.285","0","0","0","0","2301","0","0","0","N","0","0","0","4","02301","0","","1.0","","1","N","N","","0","","0","0","0","","3","","","2","0","0","0","0","0","0","2","0","2","","","","N","","","","","","","","","",""
"2007073133","","2","0","0","0","0","0","0","0","0","4","0","","02","6","2007","7","40.434395","-79.989761","1810","11","0","1","0","0","0","0","0","0","","0","0","0","","","2","","1","","40 26:03.821","","4","79 59:23.139","4","0","0","0","2301","0","0","0","N","0","0","0","4","02301","2","","1.0","","1","N","N","","0","","0","0","0","","2","","","2","2","0","0","0","0","0","2","0","2","","","","N","","","","","","","","","",""
"2007073134","","1","0","0","0","0","0","0","0","0","7","0","","02","7","2007","4","40.466012","-79.963316","0058","11","0","0","0","0","0","0","0","0","","0","0","0","","","0","","0","","40 27:57.643","","0","79 57:47.937","0","0","0","0","2301","0","0","0","N","0","0","0","1","02301","0","","4.0","","1","N","N","","0","","0","0","0","","0","","","1","0","0","0","0","0","0","2","0","1","","","","N","","","","","","","","","",""
"2007073151","","1","0","0","0","0","0","0","0","0","5","0","","02","7","2007","5","40.457778","-79.934803","0947","11","0","0","0","0","0","0","0","0","2","0","0","0","","","1","","0","","40 27:28.000","7","0","79 56:05.290","4","0","0","0","2301","0","0","0","N","0","0","0","2","02301","1","","1.0","","1","N","N","","0","","0","0","0","","0","Y","","2","1","0","0","0","0","1","2","0","2","","","","N","","","","","","","","","",""
"2007073152","","4","0","0","0","0","0","0","0","0","1","0","","02","6","2007","4","40.4933","-79.9096","0909","11","0","1","0","0","1","0","0","0","","0","0","0","","","0","","7","","40 29:35.880","","2","79 54:34.560","0","0","0","0","2301","0","0","0","N","0","0","0","4","02301","0","","1.0","","1","N","N","","0","","0","0","0","","0","","","4","0","0","0","0","0","0","2","0","4","","","","N","","","","","","","","","",""
"2007073153","","1","0","0","0","0","0","0","0","0","4","0","","02","7","2007","1","40.462318","-79.950205","1743","11","0","0","0","0","0","0","0","0","2","0","0","0","","","1","","0","","40 27:44.344","4","0","79 57:00.738","8","0","0","0","2301","0","0","0","N","0","0","0","5","02301","0","","1.0","","1","N","N","","0","","0","0","0","","0","Y","","2","1","1","0","0","1","0","2","1","2","","","","N","","","","","","","","","",""
"2007073154","","1","0","0","0","0","0","0","0","0","6","0","","02","7","2007","5","40.462672","-79.949556","1107","11","0","0","0","0","0","0","0","0","","0","0","0","","","1","","0","","40 27:45.619","","0","79 56:58.401","8","0","0","0","2301","0","0","0","N","0","0","0","2","02301","0","","1.0","","1","N","N","","2","","0","0","0","","3","","","4","1","0","0","0","1","0","2","1","4","","","","N","","","","","","","","","",""
"2007073155","","1","0","0","0","0","0","0","0","0","7","0","","02","7","2007","2","40.454522","-79.89706","0227","11","0","0","0","0","0","0","0","0","","0","0","0","","","0","","1","","40 27:16.279","","0","79 53:49.416","0","0","0","0","2301","0","0","0","N","0","0","0","1","02301","0","","4.0","","1","N","N","","0","","0","0","0","","0","","","1","0","0","0","0","0","0","2","0","1","","","","N","","","","","","","","","",""
"2007073156","","1","0","0","0","0","0","0","0","0","7","0","","02","7","2007","4","40.460045","-79.912672","0818","11","0","0","0","0","0","0","0","0","2","0","0","0","","","1","","0","","40 27:36.162","6","0","79 54:45.619","3","0","0","0","2301","0","0","0","N","0","0","0","1","02301","0","","5.0","","1","N","N","","0","","1","0","0","","0","N","","1","1","0","0","0","0","0","2","0","1","","","","N","","","","","","","","","",""
"2007073157","","2","0","0","0","0","0","0","0","0","4","0","","02","6","2007","6","40.454029","-79.912399","9999","11","0","0","0","0","0","0","0","0","","0","0","0","","","0","","1","","40 27:14.504","","0","79 54:44.638","0","0","0","0","2301","0","0","0","N","0","0","0","2","02301","0","","1.0","","1","N","N","","0","","0","0","0","","1","","","2","0","0","0","0","0","0","2","0","2","","","","N","","","","","","","","","",""
"2007073158","","1","0","0","0","0","0","0","0","0","8","0","","02","6","2007","5","40.456544","-79.936485","1258","11","0","0","0","0","0","1","0","0","","0","0","0","","","1","","2","","40 27:23.558","","0","79 56:11.346","8","0","0","0","2301","1","0","0","N","1","0","0","2","02301","0","","1.0","","98","N","N","","0","","0","0","0","","2","","","2","1","0","0","0","1","0","2","0","1","","","","N","","","","","","","","","",""
"2007073159","","2","0","0","0","0","0","0","0","0","6","0","","02","6","2007","6","40.457778","-79.904036","1230","11","0","0","0","0","0","0","0","2","","0","0","0","","","1","","3","","40 27:28.000","","0","79 54:14.528","8","0","0","0","2301","0","0","0","N","0","0","0","4","02301","0","","1.0","","1","N","N","","0","","0","0","0","","2","","","2","1","0","0","0","1","0","2","0","2","","","","N","","","","","","","","","",""
"2007073160","","2","0","0","0","0","0","0","0","0","1","0","","02","6","2007","6","40.459133","-79.952278","1915","11","0","0","0","0","0","0","0","0","","0","0","0","","","1","","2","","40 27:32.878","","0","79 57:08.200","2","0","0","0","2301","1","0","1","N","1","0","1","3","02301","0","","2.0","","1","N","N","","0","","0","1","0","","0","","","3","1","0","0","0","0","0","2","0","2","","","","N","","","","","","","","","",""
"2007073161","","1","0","0","0","0","0","0","0","0","5","0","","02","6","2007","6","40.463007","-79.950643","1522","11","0","0","0","0","0","0","0","0","","0","0","0","","","0","","0","","40 27:46.824","","0","79 57:02.316","9","0","0","0","2301","0","0","0","N","0","0","0","1","02301","0","","2.0","","1","N","N","","0","","0","0","0","","0","","","2","0","0","0","0","0","1","2","0","2","","","","N","","","","","","","","","",""
"2007073162","","2","0","0","0","0","0","0","0","0","4","0","","02","7","2007","5","40.455","-79.945033","0843","11","0","0","0","0","0","0","0","0","1","0","0","0","","","1","","0","","40 27:18.000","6","0","79 56:42.119","4","0","0","0","2301","0","0","0","N","0","0","0","2","02301","1","","1.0","","1","N","N","","0","","0","0","0","","0","N","","2","1","0","0","0","0","0","2","0","2","","","","N","","","","","","","","","",""
"2007073163","","2","0","0","0","0","0","0","0","0","1","0","","02","7","2007","5","40.462302","-79.950246","1107","11","0","0","0","0","0","0","0","1","","0","0","0","","","0","","0","","40 27:44.287","","0","79 57:00.885","0","0","0","0","2301","0","0","0","N","0","0","0","1","02301","0","","1.0","","9","N","N","","0","","0","0","0","","0","","","2","0","0","0","0","0","0","2","0","2","","","","N","","","","","","","","","",""
"2007073164","","1","0","0","0","0","0","0","0","0","7","0","","02","7","2007","6","40.483889","-79.907899","1638","11","0","0","0","0","0","1","0","0","","0","0","0","","","0","","0","","40 29:02.000","","0","79 54:28.438","9","0","0","0","2301","0","0","0","N","0","0","0","1","02301","0","","5.0","","1","N","N","","0","","0","0","0","","0","","","1","0","0","0","0","0","1","2","0","1","","","","N","","","","","","","","","",""
"2007073165","","1","0","0","0","0","0","0","0","0","1","0","","02","7","2007","6","40.454815","-79.953831","1455","11","0","0","0","0","0","0","0","0","","0","0","0","","","0","","0","","40 27:17.334","","0","79 57:13.793","0","0","0","0","2301","0","0","0","N","0","0","0","2","02301","0","","1.0","","1","N","N","","1","","0","0","0","","0","","","2","0","0","0","0","0","0","2","0","2","","","","N","","","","","","","","","",""
"2007073167","","0","0","0","0","0","0","0","0","0","8","0","","02","7","2007","6","40.457686","-79.902074","2007","11","0","0","0","0","0","0","0","0","","0","0","0","","","1","","0","","40 27:27.671","","0","79 54:07.468","4","0","0","0","2301","1","0","0","N","1","0","0","2","02301","1","","1.0","","1","N","N","","0","","0","0","1","","0","","","2","1","0","0","0","0","0","2","0","1","","","","N","","","","","","","","","",""
"2007073168","","2","0","0","0","0","0","0","0","0","4","0","","02","7","2007","6","40.462858","-79.913068","2105","11","0","0","0","0","0","0","0","0","","0","0","0","","","0","","1","","40 27:46.288","","0","79 54:47.044","9","0","0","0","2301","0","0","0","N","0","0","0","1","02301","0","","1.0","","1","N","N","","0","","0","0","0","","3","","","2","0","0","0","0","0","1","2","0","2","","","","N","","","","","","","","","",""
"2007073169","","1","0","0","0","0","0","0","0","0","8","0","","02","7","2007","6","40.464202","-79.900907","2126","11","0","1","0","0","0","0","0","0","2","0","0","0","","","1","","2","","40 27:51.127","1","0","79 54:03.265","3","0","0","0","2301","1","0","0","N","1","0","0","2","02301","0","","1.0","","1","N","N","","0","","1","0","0","","2","N","","2","1","0","0","0","0","0","2","0","1","","","","N","","","","","","","","","",""
"2007073170","","2","0","0","0","0","0","0","0","0","4","0","","02","7","2007","7","40.468825","-79.908786","0810","11","0","0","0","0","0","0","0","0","","0","0","0","","","3","","0","","40 28:07.770","","7","79 54:31.631","2","0","0","0","2301","0","0","0","N","0","0","0","3","02301","1","","1.0","","1","N","N","","0","","0","2","0","","0","","","2","3","0","0","0","0","0","2","0","2","","","","N","","","","","","","","","",""
"2007073171","","1","0","0","0","0","0","0","0","0","4","0","","02","7","2007","2","40.469052","-79.918738","1843","11","0","0","1","0","0","1","0","0","","0","0","0","","","2","","1","","40 28:08.587","","0","79 55:07.456","4","0","0","0","2301","0","0","0","N","0","0","0","4","02301","2","","1.0","","1","N","N","","0","","0","0","0","","3","","","2","2","1","0","0","0","0","2","1","2","","","","N","","","","","","","","","",""
"2007073172","","1","0","0","0","0","0","0","0","0","4","1","","02","7","2007","4","40.460278","-79.92197","0751","11","0","0","0","0","0","0","0","0","2","0","1","0","","","1","","0","","40 27:37.000","4","7","79 55:19.092","8","0","0","0","2301","0","0","0","N","0","0","0","2","02301","0","","1.0","","1","N","N","","0","","0","0","0","","0","Y","","2","1","0","0","0","1","0","2","0","2","","","","N","","","","","","","","","",""
"2007073173","","2","0","0","0","0","0","0","0","0","4","0","","02","7","2007","4","40.487017","-79.894247","1849","11","0","0","0","0","0","1","0","0","","0","0","0","","","0","","2","","40 29:13.260","","0","79 53:39.289","0","0","0","0","2301","0","0","0","N","0","0","0","2","02301","0","","1.0","","1","N","N","","0","","0","0","0","","3","","","2","0","0","0","0","0","0","2","0","2","","","","N","","","","","","","","","",""
"2007073183","","0","0","0","0","0","0","0","0","0","8","0","","02","6","2007","7","40.453407","-80.067829","0005","11","0","0","0","1","0","0","0","0","","0","0","0","","","1","","0","","40 27:12.265","","0","80 04:04.184","8","0","0","0","2301","1","0","0","N","1","0","0","3","02301","0","","1.0","","1","N","N","","0","","0","0","0","","0","","","2","1","0","0","0","1","0","2","1","1","","","","N","","","","","","","","","",""
"2007073184","","2","0","0","0","0","0","0","0","0","5","0","","02","7","2007","2","40.432606","-80.015291","1858","11","0","0","0","0","0","0","1","0","","0","0","0","","","0","","0","","40 25:57.381","","0","80 00:55.047","0","0","0","0","2301","0","0","0","N","0","0","0","3","02301","0","","1.0","","1","N","N","","0","","0","0","0","","0","","","2","0","0","0","0","0","0","2","0","2","","","","N","","","","","","","","","",""
"2007073185","","2","0","0","0","0","0","0","0","0","1","0","","02","7","2007","1","40.389466","-80.011286","0252","11","0","0","0","0","0","0","0","0","","0","0","0","","","2","","2","","40 23:22.077","","0","80 00:40.629","3","0","0","0","2301","0","0","0","N","0","0","0","3","02301","1","","1.0","","1","N","N","","0","","1","0","0","","3","","","2","2","0","0","0","0","1","2","0","2","","","","N","","","","","","","","","",""
"2007073186","","2","0","0","0","0","0","0","0","0","1","0","","02","7","2007","4","40.428611","-79.982551","","11","0","0","0","0","1","0","0","0","","0","0","0","","","0","","0","","40 25:43.000","","0","79 58:57.184","0","0","0","0","2301","0","0","0","N","0","0","0","3","02301","0","","1.0","","1","N","N","","0","","0","0","0","","0","","","2","0","0","0","0","0","0","2","0","2","","","","N","","","","","","","","","",""
"2007073187","","1","0","0","0","0","0","0","0","0","7","0","","02","7","2007","1","40.438041","-80.049501","2329","11","0","0","0","0","0","0","0","0","1","0","0","0","","","1","","2","","40 26:16.947","4","0","80 02:58.204","4","0","0","0","2301","0","0","0","N","0","0","0","1","02301","1","","5.0","","1","N","N","","0","","0","0","0","","0","N","","1","1","1","0","0","0","0","2","0","1","","","","N","","","","","","","","","",""
"2007073188","","2","0","0","0","0","0","0","0","0","1","0","","02","7","2007","3","40.386816","-79.981044","1317","11","0","1","0","0","0","0","1","0","","0","0","0","","","1","","0","","40 23:12.537","","0","79 58:51.758","3","0","0","0","2301","0","0","0","N","0","0","0","3","02301","0","","1.0","","1","N","N","","0","","1","0","0","","0","","","2","1","0","0","0","0","0","2","0","2","","","","N","","","","","","","","","",""
"2007073189","","2","0","0","0","0","0","0","0","0","1","0","","02","7","2007","3","40.399167","-80.000179","0925","11","0","0","0","0","0","0","0","0","","0","0","0","","","0","","0","","40 23:57.000","","0","80 00:00.645","0","0","0","0","2301","0","0","0","N","0","0","0","3","02301","0","","1.0","","1","N","N","","1","","0","0","0","","0","","","3","0","0","0","0","0","0","2","0","3","","","","N","","","","","","","","","",""
"2007073190","","1","0","0","0","0","0","0","0","0","8","0","","02","7","2007","3","40.453974","-80.056308","1818","11","0","0","0","0","0","0","0","0","","0","0","0","","","2","","2","","40 27:14.306","","0","80 03:22.708","8","0","0","0","2301","2","0","0","N","2","0","0","4","02301","0","","5.0","","1","N","N","","0","","0","0","0","","0","","","3","2","0","0","0","2","1","2","0","1","","","","N","","","","","","","","","",""
"2007073191","","2","0","0","0","0","0","0","0","0","4","0","","02","7","2007","6","40.4674","-79.9778","1056","11","0","0","0","0","1","1","0","0","","0","0","0","","","0","","0","","40 28:02.640","","0","79 58:40.080","9","0","0","0","2302","0","0","0","N","0","0","0","5","02302","0","","1.0","","1","N","N","","1","","0","0","0","","0","","","3","0","1","0","0","0","1","2","0","3","","","","N","","","","","","","","","",""
"2007073192","","2","0","0","0","0","0","0","0","0","1","0","","02","7","2007","6","40.466891","-80.018822","1712","11","0","0","0","0","0","0","0","0","","0","0","0","","","1","","5","","40 28:00.807","","0","80 01:07.759","4","0","0","0","2301","0","0","0","N","0","0","0","6","02301","1","","1.0","","1","N","N","","0","","0","0","0","","0","","","2","1","0","0","0","0","0","2","0","2","","","","N","","","","","","","","","",""
"2007073193","","1","0","0","0","0","0","0","0","0","1","0","","02","7","2007","7","40.459","-79.9853","0340","11","0","0","0","0","0","0","0","0","","0","0","0","","","1","","0","","40 27:32.400","","7","79 59:07.080","8","0","0","0","2301","0","0","0","N","0","0","0","2","02301","0","","1.0","","1","N","N","","0","","0","0","0","","0","","","2","1","0","0","0","1","1","2","0","2","","","","N","","","","","","","","","",""
"2007073194","","2","0","0","0","0","0","0","0","0","4","0","","02","7","2007","1","40.456187","-79.999944","0852","11","0","0","0","0","0","1","0","0","","0","0","0","","","0","","1","","40 27:22.273","","0","79 59:59.798","0","0","0","0","2301","0","0","0","N","0","0","0","2","02301","0","","1.0","","1","N","N","","0","","0","0","0","","3","","","2","0","0","0","0","0","0","2","0","2","","","","N","","","","","","","","","",""
"2007073195","","1","0","0","0","0","0","0","0","0","4","0","","02","7","2007","1","40.491944","-80.01108","2034","11","0","0","0","0","0","1","0","1","1","0","0","0","","","1","","0","","40 29:31.000","2","0","80 00:39.889","8","0","0","1","2301","0","0","0","N","0","0","0","2","02301","0","","1.0","","1","N","N","","0","","0","0","0","","0","N","","2","1","0","0","0","1","0","2","0","2","","","","N","","","","","","","","","",""
"2007073196","","1","0","0","0","0","0","0","0","0","2","0","","02","7","2007","3","40.486206","-80.014167","2133","11","0","0","0","0","1","0","0","0","","0","0","0","","","1","","0","","40 29:10.341","","0","80 00:51.001","8","0","0","1","2301","0","0","0","N","0","0","0","1","02301","0","","6.0","","1","N","N","","0","","0","0","0","","0","","","2","1","0","0","0","1","0","2","0","2","","","","N","","","","","","","","","",""
"2007073197","","3","0","0","0","0","0","0","0","0","5","0","","02","7","2007","6","40.443475","-79.925918","1117","11","0","0","0","0","0","0","0","0","","0","0","0","","","0","","2","","40 26:36.510","","0","79 55:33.304","0","0","0","0","2301","0","0","0","N","0","0","0","1","02301","0","","1.0","","1","N","N","","0","","0","0","0","","0","","","3","0","0","0","0","0","0","2","0","3","","","","N","","","","","","","","","",""
"2007073199","","1","0","0","0","0","0","0","0","0","7","0","","02","7","2007","4","40.445042","-79.953969","1332","11","0","0","0","0","0","0","0","0","","0","0","0","","","0","","2","","40 26:42.151","","0","79 57:14.288","0","0","0","0","2301","0","0","0","N","0","0","0","3","02301","0","","5.0","","1","N","N","","0","","0","0","0","","2","","","2","0","0","0","0","0","0","2","0","1","","","","N","","","","","","","","","",""
"2007073200","","1","0","0","0","0","0","0","0","0","4","0","","02","7","2007","3","40.4375","-80.000234","0615","11","0","0","0","0","0","0","0","0","","0","1","0","","","0","","1","","40 26:15.000","","0","80 00:00.841","0","0","0","0","2301","0","0","0","N","0","0","0","2","02301","0","","1.0","","1","N","N","","0","","0","0","0","","2","","","2","0","0","0","0","0","0","2","0","2","","","","N","","","","","","","","","",""
"2007073201","","1","0","0","0","0","0","0","0","0","7","0","","02","7","2007","4","40.467771","-79.945935","2254","11","0","0","0","0","0","0","0","1","2","0","0","0","","","2","","1","","40 28:03.975","5","0","79 56:45.366","4","0","0","0","2301","0","0","0","N","0","0","0","2","02301","1","","4.0","","1","N","N","","0","","0","0","0","","3","Y","","1","2","0","0","0","1","0","2","0","1","","","","N","","","","","","","","","",""
"2007073202","","2","0","0","0","0","0","0","0","0","4","0","","02","7","2007","5","40.447353","-79.98985","1212","11","0","0","0","0","0","0","0","1","","0","0","0","","","2","","1","","40 26:50.470","","0","79 59:23.460","8","0","0","0","2301","0","0","0","N","0","0","0","3","02301","0","","1.0","","1","N","N","","0","","0","0","0","","3","","","2","2","0","0","0","2","0","2","0","2","","","","N","","","","","","","","","",""