"CRN","ARRIVAL_TM","AUTOMOBILE_COUNT","BELTED_DEATH_COUNT","BELTED_SUSP_SERIOUS_INJ_COUNT","BICYCLE_COUNT","BICYCLE_DEATH_COUNT","BICYCLE_SUSP_SERIOUS_INJ_COUNT","BUS_COUNT","CHLDPAS_DEATH_COUNT","CHLDPAS_SUSP_SERIOUS_INJ_COUNT","COLLISION_TYPE","COMM_VEH_COUNT","CONS_ZONE_SPD_LIM","COUNTY","CRASH_MONTH","CRASH_YEAR","DAY_OF_WEEK","DEC_LATITUDE","DEC_LONGITUDE","DISPATCH_TM","DISTRICT","DRIVER_COUNT_16YR","DRIVER_COUNT_17YR","DRIVER_COUNT_18YR","DRIVER_COUNT_19YR","DRIVER_COUNT_20YR","DRIVER_COUNT_50_64YR","DRIVER_COUNT_65_74YR","DRIVER_COUNT_75PLUS","EST_HRS_CLOSED","FATAL_COUNT","HEAVY_TRUCK_COUNT","HORSE_BUGGY_COUNT","HOUR_OF_DAY","ILLUMINATION","INJURY_COUNT","INTERSECTION_RELATED","INTERSECT_TYPE","LANE_CLOSED","LATITUDE","LN_CLOSE_DIR","LOCATION_TYPE","LONGITUDE","MAX_SEVERITY_LEVEL","MCYCLE_DEATH_COUNT","MCYCLE_SUSP_SERIOUS_INJ_COUNT","MOTORCYCLE_COUNT","MUNICIPALITY","NONMOTR_COUNT","NONMOTR_DEATH_COUNT","NONMOTR_SUSP_SERIOUS_INJ_COUNT","NTFY_HIWY_MAINT","PED_COUNT","PED_DEATH_COUNT","PED_SUSP_SERIOUS_INJ_COUNT","PERSON_COUNT","POLICE_AGCY","POSSIBLE_INJ_COUNT","RDWY_SURF_TYPE_CD","RELATION_TO_ROAD","ROADWAY_CLEARED","ROAD_CONDITION","SCH_BUS_IND","SCH_ZONE_IND","SECONDARY_CRASH","SMALL_TRUCK_COUNT","SPEC_JURIS_CD","SUSP_MINOR_INJ_COUNT","SUSP_SERIOUS_INJ_COUNT","SUV_COUNT","TCD_FUNC_CD","TCD_TYPE","TFC_DETOUR_IND","TIME_OF_DAY","TOTAL_UNITS","TOT_INJ_COUNT","UNBELTED_OCC_COUNT","UNB_DEATH_COUNT","UNB_SUSP_SERIOUS_INJ_COUNT","UNK_INJ_DEG_COUNT","UNK_INJ_PER_COUNT","URBAN_RURAL","VAN_COUNT","VEHICLE_COUNT","WEATHER1","WEATHER2","WORKERS_PRES","WORK_ZONE_IND","WORK_ZONE_LOC","WORK_ZONE_TYPE","WZ_CLOSE_DETOUR","WZ_FLAGGER","WZ_LAW_OFFCR_IND","WZ_LN_CLOSURE","WZ_MOVING","WZ_OTHER","WZ_SHLDER_MDN","WZ_WORKERS_INJ_KILLED"
"2007074142","","1","0","0","0","0","0","0","0","0","4","0","","02","7","2007","4","40.3742","-79.9824","1918","11","0","0","0","0","0","0","0","0","2","0","0","0","","","1","","0","","40 22:27.120","1","0","79 58:56.640","2","0","1","1","2476","0","0","0","N","0","0","0","2","02476","0","","1.0","","1","N","N","","0","","0","1","0","","0","Y","","2","1","0","0","0","0","0","2","0","2","","","","N","","","","","","","","","",""
"2007074147","","1","0","0","0","0","0","0","0","0","8","0","","02","7","2007","7","40.496","-80.0673","0230","11","0","0","0","0","0","0","0","0","1","0","0","0","","","1","","0","","40 29:45.600","1","0","80 04:02.280","3","0","0","0","2402","1","0","0","N","1","0","0","2","02402","0","","1.0","","1","N","N","","0","","1","0","0","","0","N","","2","1","0","0","0","0","0","2","0","1","","","","N","","","","","","","","","",""
"2007074152","","0","0","0","0","0","0","0","0","0","7","0","","02","7","2007","4","40.281389","-79.921952","0237","11","0","0","0","0","0","0","0","0","","0","0","0","","","0","","0","","40 16:53.000","","0","79 55:19.026","0","0","0","0","2440","0","0","0","Y","0","0","0","1","02440","0","","5.0","","1","N","N","","0","","0","0","1","","0","","","1","0","0","0","0","0","0","2","0","1","","","","N","","","","","","","","","",""
"2007074153","","1","0","0","0","0","0","0","0","0","7","0","","02","7","2007","3","40.311437","-79.948328","1210","11","1","0","0","0","0","0","0","0","","0","0","0","","","0","","0","","40 18:41.174","","0","79 56:53.979","9","0","0","0","2440","0","0","0","N","0","0","0","1","02440","0","","2.0","","1","N","N","","0","","0","0","0","","0","","","1","0","0","0","0","0","1","2","0","1","","","","N","","","","","","","","","",""
"2007074154","","0","0","0","0","0","0","0","0","0","7","0","","02","7","2007","4","40.3754","-79.7966","1121","11","0","0","0","0","0","0","1","0","","0","0","0","","","0","","0","","40 22:31.440","","0","79 47:47.760","0","0","0","0","2111","0","0","0","N","0","0","0","1","02111","0","","2.0","","1","N","N","","1","","0","0","0","","0","","","1","0","0","0","0","0","0","2","0","1","","","","N","","","","","","","","","",""
"2007074157","","2","0","0","0","0","0","0","0","0","1","0","","02","7","2007","2","40.468333","-79.705939","0722","11","0","0","0","0","0","0","1","0","1","0","0","0","","","1","","1","","40 28:06.000","1","0","79 42:21.380","4","0","0","0","2466","0","0","0","N","0","0","0","2","02466","1","","1.0","","1","N","N","","0","","0","0","0","","0","N","","2","1","0","0","0","0","0","2","0","2","","","","N","","","","","","","","","",""
"2007074167","","1","0","0","0","0","0","0","0","0","1","0","","02","7","2007","5","40.3642","-79.8426","0745","11","0","0","0","0","0","1","0","0","","0","0","0","","","0","","6","","40 21:51.120","","1","79 50:33.360","0","0","0","0","2303","0","0","0","N","0","0","0","2","02303","0","","7.0","","1","N","N","","1","","0","0","0","","0","","","2","0","0","0","0","0","0","2","0","2","","","","N","","","","","","","","","",""
"2007074212","","3","0","0","0","0","0","0","0","0","4","0","","02","6","2007","5","40.455833","-79.941636","1730","11","0","0","1","0","0","0","0","0","","0","0","0","","","0","","1","","40 27:21.000","","0","79 56:29.889","0","0","0","0","2301","0","0","0","N","0","0","0","3","02301","0","","1.0","","1","N","N","","0","","0","0","0","","2","","","3","0","0","0","0","0","0","2","0","3","","","","N","","","","","","","","","",""
"2007074213","","2","0","0","0","0","0","0","0","0","2","0","","02","7","2007","4","40.46262","-79.905555","1026","11","0","0","0","0","0","1","0","0","","1","0","0","","","0","","0","","40 27:45.432","","0","79 54:19.999","1","1","0","1","2301","0","0","0","N","0","0","0","3","02301","0","2","1.0","","1","N","N","","0","0","0","0","0","","0","","","3","0","0","0","0","0","0","2","0","3","","","","N","","","","","","","","","",""
"2007074214","","1","0","0","0","0","0","0","0","0","7","0","","02","7","2007","2","40.428333","-79.97351","0119","11","0","0","0","0","0","0","0","0","","0","0","0","","","1","","2","","40 25:42.000","","0","79 58:24.636","8","0","0","0","2301","0","0","0","N","0","0","0","1","02301","0","","5.0","","1","N","N","","0","","0","0","0","","0","","","1","1","0","0","0","1","0","2","0","1","","","","N","","","","","","","","","",""
"2007074219","","1","0","0","0","0","0","0","0","0","4","0","","02","7","2007","3","40.519444","-80.013828","1817","11","0","0","0","0","0","2","0","0","","0","0","0","","","0","","0","","40 31:10.000","","0","80 00:49.780","0","0","0","0","2116","0","0","0","N","0","0","0","2","02116","0","","1.0","","1","N","N","","0","","0","0","1","","0","","","2","0","0","0","0","0","0","2","0","2","","","","N","","","","","","","","","",""
"2007074230","","1","0","0","0","0","0","0","0","0","7","0","","02","7","2007","4","40.445915","-79.763424","2131","11","0","0","1","0","0","0","0","0","","0","0","0","","","0","","0","","40 26:45.294","","0","79 45:48.326","0","0","0","0","2446","0","0","0","N","0","0","0","1","02446","0","","4.0","","1","N","N","","0","","0","0","0","","0","","","1","0","0","0","0","0","0","2","0","1","","","","N","","","","","","","","","",""
"2007074232","","0","0","0","0","0","0","0","0","0","7","0","","02","7","2007","4","40.593651","-79.96486","2200","11","0","0","0","0","0","0","0","0","2","0","0","0","","","2","","0","","40 35:37.144","3","0","79 57:53.496","4","0","0","0","2207","0","0","0","N","0","0","0","2","02207","1","","2.0","","9","N","N","","0","","0","0","2","","0","N","","2","2","0","0","0","1","0","2","0","2","","","","N","","","","","","","","","",""
"2007074240","","1","0","0","0","0","0","0","0","0","1","1","","02","7","2007","5","40.327778","-79.944853","1614","11","0","0","0","0","0","1","1","0","","0","1","0","","","2","","0","","40 19:40.000","","0","79 56:41.472","4","0","0","0","2454","0","0","0","N","0","0","0","4","02454","2","","1.0","","1","N","N","","1","","0","0","0","","0","","","3","2","1","0","0","0","1","2","0","3","","","","N","","","","","","","","","",""
"2007074245","","2","0","0","0","0","0","0","0","0","4","0","","02","7","2007","7","40.458611","-80.17216","1915","11","0","0","0","0","1","0","0","0","","0","0","0","","","0","","1","","40 27:31.000","","0","80 10:19.777","0","0","0","0","2213","0","0","0","N","0","0","0","4","02213","0","","1.0","","1","N","N","","0","","0","0","0","","2","","","2","0","0","0","0","0","0","2","0","2","","","","N","","","","","","","","","",""
"2007074247","","1","0","0","0","0","0","0","0","0","7","0","","02","7","2007","6","40.489923","-80.045188","2229","11","0","0","0","0","1","0","0","0","3","0","0","0","","","2","","2","","40 29:23.722","5","0","80 02:42.676","2","0","0","0","2116","0","0","0","N","0","0","0","2","02116","0","","5.0","","1","N","N","","0","","1","1","0","","2","Y","","1","2","2","0","1","0","0","2","0","1","","","","N","","","","","","","","","",""
"2007074259","","3","0","0","0","0","0","0","0","0","1","0","","02","7","2007","5","40.528122","-79.879993","1558","11","0","0","0","0","0","0","1","1","","0","0","0","","","1","","3","","40 31:41.239","","0","79 52:47.974","4","0","0","0","2432","0","0","0","N","0","0","0","3","02432","1","","1.0","","1","N","N","","0","","0","0","0","","0","","","3","1","0","0","0","0","0","2","0","3","","","","N","","","","","","","","","",""
"2007074260","","0","0","0","0","0","0","0","0","0","1","0","","02","7","2007","5","40.536111","-79.970908","1950","11","0","0","0","0","0","2","0","0","1","0","0","0","","","0","","0","","40 32:10.000","1","0","79 58:15.269","0","0","0","0","2118","0","0","0","N","0","0","0","2","02118","0","","1.0","","9","N","N","","2","","0","0","0","","0","N","","2","0","0","0","0","0","0","2","0","2","","","","N","","","","","","","","","",""
"2007074264","","2","0","0","0","0","0","0","0","0","6","0","","02","7","2007","5","40.613333","-79.947377","1953","11","0","0","0","1","0","0","0","0","","0","0","0","","","0","","1","","40 36:48.000","","0","79 56:50.558","0","0","0","0","2207","0","0","0","N","0","0","0","2","02207","0","","1.0","","9","N","N","","0","","0","0","0","","2","","","2","0","0","0","0","0","0","2","0","2","","","","N","","","","","","","","","",""
"2007074267","","1","0","0","0","0","0","0","0","0","1","0","","02","7","2007","4","40.432","-79.7303","1915","11","0","0","0","0","0","1","0","0","1","0","0","0","","","0","","0","","40 25:55.200","4","0","79 43:49.080","0","0","0","0","2446","0","0","0","N","0","0","0","8","02446","0","","1.0","","1","N","N","","0","","0","0","1","","2","N","","2","0","1","0","0","0","0","2","0","2","","","","N","","","","","","","","","",""
"2007074270","","1","0","0","0","0","0","0","0","0","0","0","","02","7","2007","5","40.456443","-80.234079","2100","11","0","0","0","0","0","0","0","0","2","0","0","0","","","0","","0","","40 27:23.194","5","0","80 14:02.684","0","0","0","0","2203","0","0","0","N","0","0","0","2","02203","0","","1.0","","1","N","N","","0","","0","0","0","","0","N","","1","0","0","0","0","0","0","2","0","1","","","","N","","","","","","","","","",""
"2007074271","","1","0","0","0","0","0","0","0","0","4","0","","02","7","2007","4","40.421086","-79.884515","2230","11","0","0","0","0","0","0","0","0","1","0","0","0","","","4","","0","","40 25:15.909","1","1","79 53:04.255","4","0","0","0","2426","0","0","0","N","0","0","0","4","02426","2","","1.0","","1","N","N","","0","","0","0","0","","2","Y","","2","4","0","0","0","2","0","2","1","2","","","","N","","","","","","","","","",""
"2007074274","","1","0","0","0","0","0","0","0","0","7","0","","02","7","2007","3","40.293694","-79.983806","1158","11","1","0","0","0","0","0","0","0","","0","0","0","","","0","","0","","40 17:37.300","","0","79 59:01.700","0","0","0","0","2219","0","0","0","N","0","0","0","5","02219","0","","5.0","","1","N","N","","0","","0","0","0","","0","","","1","0","0","0","0","0","0","2","0","1","","","","N","","","","","","","","","",""
"2007074335","","1","0","1","0","0","0","0","0","0","2","0","","02","7","2007","4","","","1349","11","0","0","0","0","0","1","0","0","","0","0","0","","","1","","0","","","","0","","2","0","0","0","2446","0","0","0","N","0","0","0","1","02446","0","","4.0","","1","N","N","","0","","0","1","1","","0","","","2","1","0","0","0","0","0","1","0","2","","","","N","","","","","","","","","",""
"2007074355","","1","0","0","0","0","0","0","0","0","7","0","","02","7","2007","5","40.597694","-79.813444","2101","11","0","0","0","0","0","0","0","0","1","0","0","0","","","0","","0","","40 35:51.700","3","0","79 48:48.400","0","0","0","0","2209","0","0","0","N","0","0","0","1","02209","0","","4.0","","9","N","N","","0","","0","0","0","","0","N","","1","0","0","0","0","0","0","1","0","1","","","","N","","","","","","","","","",""
"2007074356","","1","0","0","0","0","0","0","0","0","4","0","","02","7","2007","2","40.505556","-80.223162","1834","11","0","0","0","0","0","0","0","0","","0","0","0","","","1","","2","","40 30:20.000","","0","80 13:23.383","8","0","0","0","2213","0","0","0","N","0","0","0","2","02213","0","","1.0","","1","N","N","","1","","0","0","0","","3","","","2","1","0","0","0","1","0","2","0","2","","","","N","","","","","","","","","",""
"2007074377","","2","0","0","0","0","0","0","0","0","1","0","","02","7","2007","6","40.3328","-79.9462","1646","11","0","0","1","0","0","1","0","0","2","0","0","0","","","1","","0","","40 19:58.080","2","0","79 56:46.320","4","0","0","0","2454","0","0","0","N","0","0","0","4","02454","1","","1.0","","1","N","N","","0","","0","0","1","","2","N","","4","1","0","0","0","0","0","2","1","4","","","","N","","","","","","","","","",""
"2007074387","","1","1","0","0","0","0","0","0","0","1","1","40","02","5","2007","5","40.4355","-79.7488","1224","11","0","0","0","0","0","0","0","0","2","1","2","0","","","0","","0","","40 26:07.800","3","0","79 44:55.680","1","0","0","0","2446","0","0","0","N","0","0","0","6","68T02","0","2","1.0","","1","N","N","","0","0","0","0","0","","8","N","","4","0","1","0","0","0","0","2","1","4","","","Y","Y","1","2","","","N","Y","","","Y",""
"2007074403","","2","0","0","0","0","0","0","0","0","1","0","","02","7","2007","6","40.38916","-79.821164","1855","11","0","1","0","0","0","0","0","0","","0","0","0","","","0","","2","","40 23:20.976","","0","79 49:16.190","0","0","0","0","2111","0","0","0","N","0","0","0","5","02111","0","","1.0","","1","N","N","","0","","0","0","0","","3","","","2","0","1","0","0","0","0","2","0","2","","","","N","","","","","","","","","",""
"2007074482","","1","0","0","0","0","0","0","0","0","7","1","99","02","6","2007","6","40.646944","-79.721293","1133","11","0","0","0","0","0","1","0","0","","0","1","0","","","0","","0","","40 38:49.000","","0","79 43:16.653","0","0","0","0","2106","0","0","0","N","0","0","0","2","68D02","0","","3.0","","1","N","N","","0","","0","0","0","","8","","","2","0","0","0","0","0","0","2","0","2","","","Y","Y","2","2","","","U","Y","Y","","",""
"2007074485","","1","0","0","0","0","0","0","0","0","1","0","","02","6","2007","5","40.494444","-79.904942","1703","11","0","0","0","0","1","0","0","0","","0","0","0","","","0","","0","","40 29:40.000","","0","79 54:17.790","0","0","0","0","2401","0","0","0","N","0","0","0","2","68D02","0","","1.0","","9","N","N","","1","","0","0","0","","0","","","2","0","0","0","0","0","0","2","0","2","","","","N","","","","","","","","","",""
"2007074504","","0","0","0","0","0","0","0","0","0","7","0","","02","4","2007","7","40.3502","-79.8648","0347","11","0","0","0","0","0","0","0","0","","0","0","0","","","1","","0","","40 21:00.720","","0","79 51:53.280","4","0","0","1","2304","0","0","0","N","0","0","0","2","02304","1","","1.0","","98","N","N","","0","","0","0","0","","0","","","1","1","0","0","0","0","0","2","0","1","","","","N","","","","","","","","","",""
"2007074505","","2","0","0","0","0","0","0","0","0","1","0","","02","7","2007","5","40.352211","-79.856269","1448","11","0","0","0","0","0","0","1","0","1","0","0","0","","","0","","0","","40 21:07.960","3","0","79 51:22.568","0","0","0","0","2304","0","0","0","N","0","0","0","3","02304","0","","1.0","","1","N","N","","0","","0","0","0","","0","N","","2","0","0","0","0","0","0","2","0","2","","","","N","","","","","","","","","",""
"2007074576","","2","0","0","0","0","0","0","0","0","2","0","","02","7","2007","1","40.351944","-79.858992","0214","11","0","0","0","0","0","0","0","0","2","0","0","0","","","0","","0","","40 21:07.000","3","0","79 51:32.371","9","0","0","0","2304","0","0","0","N","0","0","0","4","02304","0","","1.0","","1","N","N","","0","","0","0","0","","0","Y","","2","0","3","0","0","0","1","2","0","2","","","","N","","","","","","","","","",""
"2007074577","","1","0","0","0","0","0","0","0","0","4","0","","02","7","2007","2","40.345861","-79.849421","1535","11","0","0","1","0","0","1","0","0","","0","0","0","","","0","","1","","40 20:45.099","","0","79 50:57.915","0","0","0","0","2304","0","0","0","N","0","0","0","3","02304","0","","1.0","","1","N","N","","0","","0","0","1","","2","","","2","0","0","0","0","0","0","2","0","2","","","","N","","","","","","","","","",""
"2007074578","","0","0","0","0","0","0","0","0","0","8","0","","02","6","2007","2","40.351667","-79.862877","1230","11","0","0","0","0","0","0","0","0","","0","0","0","","","1","","0","","40 21:06.000","","0","79 51:46.357","4","0","0","0","2304","1","0","0","N","1","0","0","2","02304","1","","6.0","","1","N","N","","0","","0","0","0","","0","","","2","1","1","0","0","0","0","2","1","1","","","","N","","","","","","","","","",""
"2007074579","","4","0","0","0","0","0","0","0","0","1","0","","02","7","2007","6","40.353889","-79.836664","1258","11","0","0","0","0","0","0","1","0","1","0","0","0","","","0","","0","","40 21:14.000","3","0","79 50:11.992","0","0","0","0","2304","0","0","0","N","0","0","0","5","02304","0","","1.0","","1","N","N","","0","","0","0","0","","0","Y","","4","0","0","0","0","0","0","2","0","4","","","","N","","","","","","","","","",""
"2007074580","","1","0","0","0","0","0","0","0","0","2","0","","02","7","2007","7","40.332464","-79.843691","1723","11","0","1","0","0","0","0","0","0","","0","0","0","","","2","","1","","40 19:56.870","","0","79 50:37.287","8","0","0","0","2304","0","0","0","N","0","0","0","4","02304","0","","1.0","","1","N","N","","1","","0","0","0","","0","","","2","2","0","0","0","2","0","2","0","2","","","","N","","","","","","","","","",""
"2007074592","","1","0","0","0","0","0","0","0","0","7","0","","02","7","2007","6","40.656472","-80.077361","1518","11","0","0","0","0","0","1","0","0","2","0","0","0","","","1","","0","","40 39:23.300","5","0","80 04:38.500","3","0","0","0","2212","0","0","0","N","0","0","0","1","02505","0","","4.0","","1","N","N","","0","","1","0","0","","0","Y","","1","1","0","0","0","0","0","2","0","1","","","","N","","","","","","","","","",""
"2007074661","","1","0","0","0","0","0","0","0","0","4","0","","02","6","2007","4","40.441667","-80.239486","1919","11","0","0","0","1","0","1","0","0","","0","0","0","","","1","","1","","40 26:30.000","","0","80 14:22.151","4","0","0","0","2214","0","0","0","N","0","0","0","7","02214","1","","1.0","","1","N","N","","0","","0","0","1","","2","","","2","1","0","0","0","0","0","2","0","2","","","","N","","","","","","","","","",""
"2007074662","","1","0","0","0","0","0","0","0","0","7","0","","02","6","2007","5","40.451146","-80.185976","2147","11","0","0","0","0","0","0","0","0","","0","0","0","","","0","","0","","40 27:04.127","","0","80 11:09.514","0","0","0","0","2214","0","0","0","N","0","0","0","1","02214","0","","2.0","","9","N","N","","0","","0","0","0","","0","","","1","0","0","0","0","0","0","2","0","1","","","","N","","","","","","","","","",""
"2007074663","","1","0","0","0","0","0","0","0","0","2","0","","02","6","2007","3","40.441389","-80.193295","0622","11","0","0","0","0","0","0","0","0","","0","0","0","","","1","","2","","40 26:29.000","","0","80 11:35.862","3","0","0","0","2214","0","0","0","N","0","0","0","3","02214","0","","1.0","","1","N","N","","1","","1","0","0","","3","","","2","1","0","0","0","0","0","2","0","2","","","","N","","","","","","","","","",""
"2007074734","","1","0","0","0","0","0","0","0","0","8","0","","02","7","2007","3","40.343318","-79.865279","1815","11","0","0","0","0","0","1","0","0","","0","0","0","","","1","","2","","40 20:35.944","","0","79 51:55.004","3","0","0","0","2304","1","0","0","N","1","0","0","2","02304","0","","1.0","","1","N","N","","0","","1","0","0","","0","","","2","1","0","0","0","0","0","2","0","1","","","","N","","","","","","","","","",""
"2007074735","","1","0","0","0","0","0","0","0","0","1","0","","02","7","2007","4","40.354444","-79.842423","1858","11","0","0","0","0","0","2","0","0","1","0","0","0","","","0","","6","","40 21:16.000","1","2","79 50:32.724","0","0","0","0","2304","0","0","0","N","0","0","0","4","02304","0","","7.0","","1","N","N","","0","","0","0","0","","3","N","","2","0","0","0","0","0","0","2","1","2","","","","N","","","","","","","","","",""
"2007074745","","1","0","0","0","0","0","0","0","0","7","0","","02","6","2007","5","40.455444","-80.188694","2223","11","0","0","0","0","0","0","0","0","","0","0","0","","","0","","0","","40 27:19.600","","0","80 11:19.300","0","0","0","0","2214","0","0","0","N","0","0","0","2","02214","0","","2.0","","9","N","N","","0","","0","0","0","","0","","","1","0","0","0","0","0","0","2","0","1","","","","N","","","","","","","","","",""
"2007074746","","1","0","0","0","0","0","0","0","0","7","0","","02","7","2007","5","40.418959","-80.253566","2308","11","0","0","0","0","0","0","0","0","","0","0","0","","","1","","0","","40 25:08.253","","0","80 15:12.839","4","0","0","0","2214","0","0","0","N","0","0","0","2","02214","1","","5.0","","9","N","N","","0","","0","0","0","","0","","","1","1","0","0","0","0","0","1","0","1","","05","","N","","","","","","","","","",""
"2007074747","","1","0","0","0","0","0","0","0","0","0","0","","02","7","2007","6","40.3725","-80.226092","0948","11","0","0","0","0","0","0","0","0","","0","0","0","","","0","","2","","40 22:21.000","","0","80 13:33.931","0","0","0","0","2214","0","0","0","N","0","0","0","2","02214","0","","1.0","","1","N","N","","1","","0","0","0","","3","","","2","0","0","0","0","0","0","2","0","2","","","","N","","","","","","","","","",""
"2007074748","","0","0","0","0","0","0","0","0","0","7","0","","02","6","2007","1","40.416667","-80.219853","1015","11","0","0","0","0","0","1","0","0","","0","0","0","","","1","","0","","40 25:00.000","","0","80 13:11.470","4","0","0","0","2214","0","0","0","N","0","0","0","2","02214","1","","5.0","","1","N","N","","1","","0","0","0","","0","","","1","1","0","0","0","0","0","2","0","1","","","","N","","","","","","","","","",""
"2007074749","","0","0","0","0","0","0","0","0","0","4","0","","02","7","2007","2","40.440278","-80.238481","1113","11","0","0","0","0","0","0","0","0","","0","0","0","","","0","","1","","40 26:25.000","","0","80 14:18.530","0","0","0","0","2214","0","0","0","N","0","0","0","3","02214","0","","1.0","","1","N","","","1","","0","0","1","","3","","","2","0","0","0","0","0","0","2","0","2","","","","N","","","","","","","","","",""
"2007074800","","0","0","0","0","0","0","0","0","0","7","0","","02","5","2007","3","40.6122","-79.894","1828","11","0","0","1","0","0","0","0","0","2","0","0","0","","","0","","0","","40 36:43.920","5","0","79 53:38.400","0","0","0","0","2220","0","0","0","N","0","0","0","2","02220","0","","2.0","","98","N","N","","0","","0","0","1","","0","Y","","1","0","0","0","0","0","0","1","0","1","","","","N","","","","","","","","","",""
"2007074801","","1","0","0","0","0","0","0","0","0","7","0","","02","5","2007","4","40.654444","-79.895407","2151","11","0","1","0","0","0","0","0","0","1","0","0","0","","","0","","0","","40 39:16.000","3","0","79 53:43.465","0","0","0","0","2220","0","0","0","N","0","0","0","1","02220","0","","2.0","","1","N","N","","0","","0","0","0","","0","N","","1","0","0","0","0","0","0","1","0","1","","","","N","","","","","","","","","",""
"2007074802","","2","0","0","0","0","0","0","0","0","4","0","","02","6","2007","6","40.6009","-79.8708","1910","11","0","0","0","0","0","1","0","0","1","0","0","0","","","0","","1","","40 36:03.240","5","0","79 52:14.880","0","0","0","0","2220","0","0","0","N","0","0","0","3","02220","0","","1.0","","1","N","N","","0","","0","0","0","","0","N","","2","0","0","0","0","0","0","2","0","2","","","","N","","","","","","","","","",""
"2007074803","","0","0","0","0","0","0","0","0","0","1","0","","02","6","2007","4","40.618611","-79.908119","0752","11","0","0","0","0","0","2","0","0","1","0","0","0","","","3","","2","","40 37:07.000","6","0","79 54:29.228","4","0","0","0","2220","0","0","0","N","0","0","0","4","02220","3","","1.0","","1","N","N","","2","","0","0","1","","0","N","","4","3","0","0","0","0","0","2","1","4","","","","N","","","","","","","","","",""
"2007074837","","1","0","0","0","0","0","0","0","0","7","0","","02","6","2007","6","40.4856","-79.9108","0344","11","0","0","0","0","0","0","0","0","3","0","0","0","","","1","","7","","40 29:08.160","4","2","79 54:38.880","2","0","0","0","2112","0","0","0","N","0","0","0","1","68D02","0","","2.0","","1","N","N","","0","","0","1","0","","0","Y","","1","1","1","0","1","0","0","2","0","1","","","","N","","","","","","","","","",""
"2007074854","","3","0","0","0","0","0","0","0","0","1","0","","02","1","2007","1","40.438611","-79.760496","0021","11","0","0","0","0","0","0","1","0","","0","0","0","","","0","","1","","40 26:19.000","","0","79 45:37.786","0","0","0","0","2446","0","0","0","N","0","0","0","3","02446","0","","1.0","","1","N","N","","0","","0","0","0","","2","","","3","0","0","0","0","0","0","2","0","3","","","","N","","","","","","","","","",""
"2007074855","","1","0","0","0","0","0","0","0","0","99","0","","02","6","2007","6","40.429444","-79.715438","0155","11","0","0","0","0","0","0","0","0","","0","0","0","","","0","","0","","40 25:46.000","","0","79 42:55.576","0","0","0","0","2446","0","0","0","N","0","0","0","1","02446","0","","1.0","","1","N","N","","0","","0","0","0","","0","","","1","0","0","0","0","0","0","2","0","1","","","","N","","","","","","","","","",""
"2007074922","","3","0","0","0","0","0","0","0","0","1","0","","02","7","2007","1","40.3875","-80.090992","1957","11","0","0","0","0","0","2","0","0","1","0","0","0","","","2","","2","","40 23:15.000","5","0","80 05:27.572","3","0","0","0","2437","0","0","0","N","0","0","0","6","02437","1","","1.0","","1","N","N","","0","","1","0","0","","2","Y","","3","2","2","0","0","0","0","2","0","3","","","","N","","","","","","","","","",""
"2007074923","","1","0","0","0","0","0","0","0","0","2","0","","02","7","2007","5","40.364362","-80.051231","1237","11","0","0","0","0","0","0","0","0","","0","0","0","","","1","","0","","40 21:51.703","","0","80 03:04.431","4","0","0","0","2109","0","0","0","N","0","0","0","1","02109","1","","1.0","","1","N","N","","0","","0","0","1","","0","","","2","1","0","0","0","0","0","2","0","2","","","","N","","","","","","","","","",""
"2007074924","","1","0","0","0","0","0","0","0","0","7","0","","02","7","2007","7","40.391062","-80.063343","1122","11","0","0","1","0","0","0","0","0","2","0","0","0","","","1","","0","","40 23:27.823","3","0","80 03:48.034","4","0","0","0","2109","0","0","0","N","0","0","0","1","02109","1","","4.0","","1","N","N","","0","","0","0","0","","0","N","","1","1","0","0","0","0","0","2","0","1","","","","N","","","","","","","","","",""
"2007075021","","0","0","0","0","0","0","0","0","0","0","0","","02","7","2007","6","40.475833","-79.764306","0752","11","0","0","0","0","0","0","0","0","3","0","1","0","","","1","","0","","40 28:33.000","6","0","79 45:51.503","8","0","0","0","2466","0","0","0","N","0","0","0","1","02466","0","","5.0","","1","N","N","","0","","0","0","0","","0","Y","","1","1","1","0","0","1","0","2","0","1","","","","N","","","","","","","","","",""
"2007075023","","1","0","0","0","0","0","0","0","0","4","1","","02","7","2007","6","40.453306","-79.947361","1244","11","0","0","0","0","0","0","1","0","","0","0","0","","","1","","2","","40 27:11.900","","99","79 56:50.500","4","0","0","0","2301","0","0","0","N","0","0","0","2","02506","1","","1.0","","1","N","N","","0","","0","0","0","","2","","","2","1","0","0","0","0","0","2","1","2","","","","N","","","","","","","","","",""
"2007075025","","0","0","0","0","0","0","0","0","0","1","0","","02","7","2007","6","","","1145","11","0","0","0","0","0","1","0","0","1","0","0","0","","","0","","0","","","2","0","","0","0","0","0","2403","0","0","0","N","0","0","0","6","02403","0","","1.0","","9","N","N","","1","","0","0","0","","0","N","","2","0","0","0","0","0","0","1","1","2","","","","N","","","","","","","","","",""
"2007075027","","0","0","0","0","0","0","0","0","0","99","0","","02","7","2007","4","40.6466","-80.073","1408","11","0","0","0","0","0","0","0","0","","0","0","0","","","0","","0","","40 38:47.760","","0","80 04:22.800","0","0","0","0","2212","0","0","0","N","0","0","0","1","02505","0","","1.0","","1","N","N","","0","","0","0","1","","0","","","1","0","0","0","0","0","0","2","0","1","","","","N","","","","","","","","","",""