"CRN","ARRIVAL_TM","AUTOMOBILE_COUNT","BELTED_DEATH_COUNT","BELTED_SUSP_SERIOUS_INJ_COUNT","BICYCLE_COUNT","BICYCLE_DEATH_COUNT","BICYCLE_SUSP_SERIOUS_INJ_COUNT","BUS_COUNT","CHLDPAS_DEATH_COUNT","CHLDPAS_SUSP_SERIOUS_INJ_COUNT","COLLISION_TYPE","COMM_VEH_COUNT","CONS_ZONE_SPD_LIM","COUNTY","CRASH_MONTH","CRASH_YEAR","DAY_OF_WEEK","DEC_LATITUDE","DEC_LONGITUDE","DISPATCH_TM","DISTRICT","DRIVER_COUNT_16YR","DRIVER_COUNT_17YR","DRIVER_COUNT_18YR","DRIVER_COUNT_19YR","DRIVER_COUNT_20YR","DRIVER_COUNT_50_64YR","DRIVER_COUNT_65_74YR","DRIVER_COUNT_75PLUS","EST_HRS_CLOSED","FATAL_COUNT","HEAVY_TRUCK_COUNT","HORSE_BUGGY_COUNT","HOUR_OF_DAY","ILLUMINATION","INJURY_COUNT","INTERSECTION_RELATED","INTERSECT_TYPE","LANE_CLOSED","LATITUDE","LN_CLOSE_DIR","LOCATION_TYPE","LONGITUDE","MAX_SEVERITY_LEVEL","MCYCLE_DEATH_COUNT","MCYCLE_SUSP_SERIOUS_INJ_COUNT","MOTORCYCLE_COUNT","MUNICIPALITY","NONMOTR_COUNT","NONMOTR_DEATH_COUNT","NONMOTR_SUSP_SERIOUS_INJ_COUNT","NTFY_HIWY_MAINT","PED_COUNT","PED_DEATH_COUNT","PED_SUSP_SERIOUS_INJ_COUNT","PERSON_COUNT","POLICE_AGCY","POSSIBLE_INJ_COUNT","RDWY_SURF_TYPE_CD","RELATION_TO_ROAD","ROADWAY_CLEARED","ROAD_CONDITION","SCH_BUS_IND","SCH_ZONE_IND","SECONDARY_CRASH","SMALL_TRUCK_COUNT","SPEC_JURIS_CD","SUSP_MINOR_INJ_COUNT","SUSP_SERIOUS_INJ_COUNT","SUV_COUNT","TCD_FUNC_CD","TCD_TYPE","TFC_DETOUR_IND","TIME_OF_DAY","TOTAL_UNITS","TOT_INJ_COUNT","UNBELTED_OCC_COUNT","UNB_DEATH_COUNT","UNB_SUSP_SERIOUS_INJ_COUNT","UNK_INJ_DEG_COUNT","UNK_INJ_PER_COUNT","URBAN_RURAL","VAN_COUNT","VEHICLE_COUNT","WEATHER1","WEATHER2","WORKERS_PRES","WORK_ZONE_IND","WORK_ZONE_LOC","WORK_ZONE_TYPE","WZ_CLOSE_DETOUR","WZ_FLAGGER","WZ_LAW_OFFCR_IND","WZ_LN_CLOSURE","WZ_MOVING","WZ_OTHER","WZ_SHLDER_MDN","WZ_WORKERS_INJ_KILLED"
"2007075446","","3","0","0","0","0","0","0","0","0","1","0","","02","7","2007","3","40.494167","-79.942661","0718","11","0","0","0","0","0","0","0","0","3","0","0","0","","","0","","0","","40 29:39.000","1","0","79 56:33.581","0","0","0","0","2430","0","0","0","N","0","0","0","6","02430","0","","1.0","","1","N","N","","1","","0","0","1","","0","N","","5","0","0","0","0","0","0","2","0","5","","","","N","","","","","","","","","",""
"2007075501","","1","0","0","0","0","0","0","0","0","1","0","","02","7","2007","3","40.392456","-80.103965","1844","11","0","0","0","0","0","1","0","0","","0","0","0","","","0","","2","","40 23:32.842","","0","80 06:14.273","0","0","0","0","2102","0","0","0","N","0","0","0","2","02102","0","","1.0","","1","","N","","0","","0","0","1","","3","","","2","0","1","0","0","0","0","2","0","2","","","","N","","","","","","","","","",""
"2007075503","","0","0","0","0","0","0","0","0","0","0","0","","02","7","2007","3","40.452028","-80.199028","2302","11","0","0","0","0","0","1","0","0","3","0","0","0","","","1","","2","","40 27:07.300","6","0","80 11:56.500","2","0","1","1","2203","0","0","0","N","0","0","0","1","02203","0","","1.0","","1","N","N","","0","","0","1","0","","3","N","","1","1","0","0","0","0","0","2","0","1","","","","N","","","","","","","","","",""
"2007075549","","1","0","0","0","0","0","0","0","0","1","0","","02","8","2007","4","40.380556","-79.812158","1902","11","0","0","0","0","0","1","0","0","1","0","0","0","","","1","","0","","40 22:50.000","1","0","79 48:43.767","4","0","0","0","2424","0","0","0","N","0","0","0","2","02424","1","","1.0","","1","N","N","","1","","0","0","0","","0","Y","","2","1","0","0","0","0","0","2","0","2","","","","N","","","","","","","","","",""
"2007075554","","2","0","0","0","0","0","0","0","0","4","0","","02","8","2007","4","40.372778","-79.792797","1903","11","0","0","0","0","0","0","0","0","1","0","0","0","","","0","","2","","40 22:22.000","6","0","79 47:34.070","0","0","0","0","2111","0","0","0","N","0","0","0","2","02111","0","","1.0","","1","N","N","","0","","0","0","0","","3","N","","2","0","0","0","0","0","0","2","0","2","","","","N","","","","","","","","","",""
"2007075597","","0","0","0","0","0","0","0","0","0","7","0","","02","7","2007","3","","","2305","11","0","0","0","0","0","0","0","0","","0","0","0","","","0","","0","","","","0","","0","0","0","0","2459","0","0","0","N","0","0","0","1","02459","0","","2.0","","1","N","N","","0","","0","0","1","","0","","","1","0","0","0","0","0","0","1","0","1","","","","N","","","","","","","","","",""
"2007075601","","1","0","0","0","0","0","0","0","0","8","0","","02","7","2007","1","40.455479","-80.006628","1040","11","0","0","0","0","0","0","0","0","","0","0","0","","","1","","1","","40 27:19.724","","0","80 00:23.860","8","0","0","0","2301","1","0","0","N","1","0","0","2","02301","0","","5.0","","1","N","N","","0","","0","0","0","","0","","","2","1","0","0","0","1","0","2","0","1","","","","N","","","","","","","","","",""
"2007075602","","2","0","0","0","0","0","0","0","0","4","0","","02","7","2007","4","40.448054","-79.988728","1121","11","0","0","0","0","0","0","0","0","2","0","0","0","","","1","","2","","40 26:52.994","4","0","79 59:19.420","4","0","0","0","2301","0","0","0","N","0","0","0","5","02301","1","","1.0","","9","N","N","","0","","0","0","0","","3","N","","2","1","0","0","0","0","0","2","0","2","","","","N","","","","","","","","","",""
"2007075647","","2","0","0","0","0","0","0","0","0","6","0","","02","7","2007","5","40.444202","-80.028173","1445","11","0","0","0","0","1","0","0","0","","0","0","0","","","0","","10","","40 26:39.126","","3","80 01:41.424","9","0","0","0","2301","0","0","0","N","0","0","0","5","02301","0","","1.0","","1","N","N","","0","","0","0","0","","2","","","2","0","0","0","0","0","1","2","0","2","","","","N","","","","","","","","","",""
"2007075648","","0","0","0","0","0","0","0","0","0","8","0","","02","7","2007","2","40.439368","-79.961815","1532","11","0","0","0","0","0","0","0","0","","0","0","0","","","1","","2","","40 26:21.724","","0","79 57:42.534","8","0","0","0","2301","1","0","0","N","1","0","0","2","02301","0","","1.0","","1","N","N","","0","","0","0","0","","3","","","2","1","0","0","0","1","0","2","1","1","","","","N","","","","","","","","","",""
"2007075733","","2","0","0","0","0","0","0","0","0","1","0","","02","8","2007","5","40.379444","-79.812675","1647","11","0","0","0","0","0","1","1","0","","0","0","0","","","0","","0","","40 22:46.000","","0","79 48:45.629","0","0","0","0","2424","0","0","0","N","0","0","0","2","02424","0","","1.0","","1","N","N","","0","","0","0","0","","0","","","2","0","0","0","0","0","0","2","0","2","","","","N","","","","","","","","","",""
"2007075763","","1","0","0","0","0","0","0","0","0","7","0","","02","6","2007","5","40.42037","-79.734093","1930","11","0","0","0","0","0","0","1","0","","0","0","0","","","0","","0","","40 25:13.332","","0","79 44:02.735","0","0","0","0","2446","0","0","0","N","0","0","0","2","68T09","0","","2.0","","1","N","N","","0","","0","0","0","","0","","","1","0","0","0","0","0","0","2","0","1","","","","N","","","","","","","","","",""
"2007075794","","1","0","0","0","0","0","0","0","0","2","0","","02","8","2007","5","40.408398","-79.890152","2256","11","0","0","0","0","0","0","0","0","2","0","0","0","","","2","","0","","40 24:30.232","6","0","79 53:24.547","2","0","2","1","2448","0","0","0","N","0","0","0","3","02448","0","","1.0","","1","N","N","","0","","0","2","0","","0","N","","2","2","0","0","0","0","0","2","0","2","","","","N","","","","","","","","","",""
"2007075808","","1","0","0","0","0","0","0","0","0","1","0","45","02","6","2007","4","40.552222","-79.816691","1420","11","0","0","0","0","0","0","0","1","","0","0","0","","","1","","0","","40 33:08.000","","0","79 49:00.089","3","0","0","0","2208","0","0","0","Y","0","0","0","4","68D02","0","","1.0","","1","N","N","","0","","1","0","1","","7","","","2","1","0","0","0","0","0","2","0","2","","","Y","Y","4","1","","Y","Y","Y","Y","","Y",""
"2007075881","","1","0","0","0","0","0","0","0","0","5","0","","02","7","2007","2","40.386838","-79.981974","1532","11","0","0","0","0","0","0","0","0","","0","0","0","","","0","","2","","40 23:12.616","","0","79 58:55.106","0","0","0","0","2301","0","0","0","N","0","0","0","2","02301","0","","1.0","","1","N","N","","1","","0","0","0","","0","","","2","0","0","0","0","0","0","2","0","2","","","","N","","","","","","","","","",""
"2007075896","","1","0","0","0","0","0","0","0","0","8","0","","02","8","2007","6","40.370519","-79.975201","0804","11","0","0","0","0","0","0","0","1","","0","0","0","","","1","","1","","40 22:13.868","","0","79 58:30.723","4","0","0","0","2413","1","0","0","N","1","0","0","2","02413","1","","1.0","","1","N","N","","0","","0","0","0","","2","","","2","1","0","0","0","0","0","2","0","1","","","","N","","","","","","","","","",""
"2007075901","","2","0","0","0","0","0","0","0","0","4","0","","02","8","2007","5","40.36166","-80.069894","1458","11","0","0","0","0","0","0","0","1","","0","0","0","","","3","","2","","40 21:41.975","","0","80 04:11.617","4","0","0","0","2123","0","0","0","N","0","0","0","4","02123","2","","1.0","","1","N","N","","0","","0","0","0","","3","","","2","3","0","0","0","1","0","2","0","2","","","","N","","","","","","","","","",""
"2007075916","","2","1","1","0","0","0","0","0","0","2","0","","02","3","2007","4","","","9999","11","0","0","0","0","0","1","0","0","","1","0","0","","","1","","0","","","","0","","1","0","0","0","2115","0","0","0","N","0","0","0","2","02115","0","9","1.0","","1","N","N","","0","0","0","1","0","","0","","","2","1","0","0","0","0","0","1","0","2","","","","N","","","","","","","","","",""
"2007075929","","0","0","0","0","0","0","0","0","0","0","0","","02","8","2007","5","40.3218","-79.9254","1513","11","0","0","1","0","0","0","0","0","1","0","0","0","","","1","","0","","40 19:18.480","2","0","79 55:31.440","3","0","0","1","2440","0","0","0","N","0","0","0","1","02440","0","","1.0","","1","N","N","","0","","1","0","0","","0","N","","1","1","0","0","0","0","0","2","0","1","","","","N","","","","","","","","","",""
"2007075930","","1","0","0","0","0","0","0","0","0","1","0","","02","7","2007","7","40.5279","-80.017712","0117","11","0","0","0","0","0","0","0","0","1","0","0","0","","","0","","2","","40 31:40.440","1","0","80 01:03.763","9","0","0","0","2116","0","0","0","N","0","0","0","3","02116","0","","1.0","","1","N","N","","1","","0","0","0","","3","N","","2","0","0","0","0","0","1","2","0","2","","","","N","","","","","","","","","",""
"2007075939","","0","0","0","0","0","0","0","0","0","7","0","","02","7","2007","5","40.52408","-80.188253","2146","11","0","0","0","0","0","0","0","0","","0","0","0","","","0","","0","","40 31:26.687","","0","80 11:17.709","0","0","0","0","2213","0","0","0","N","0","0","0","1","02213","0","","4.0","","1","N","N","","1","","0","0","0","","0","","","1","0","0","0","0","0","0","2","0","1","","","","N","","","","","","","","","",""
"2007075961","","1","0","0","1","0","0","0","0","0","8","0","","02","7","2007","2","40.445","-79.930324","1031","11","0","0","0","0","0","0","0","1","","0","0","0","","","1","","1","","40 26:42.000","","0","79 55:49.168","3","0","0","0","2301","1","0","0","N","0","0","0","2","02301","0","","1.0","","1","N","N","","0","","1","0","0","","0","","","2","1","0","0","0","0","0","2","0","1","","","","N","","","","","","","","","",""
"2007076025","","1","0","0","0","0","0","0","0","0","4","0","","02","7","2007","2","40.418415","-80.012268","1833","11","0","0","0","0","1","0","0","0","1","0","0","0","","","2","","0","","40 25:06.294","5","7","80 00:44.164","4","0","0","1","2301","0","0","0","N","0","0","0","3","02301","1","","1.0","","1","N","N","","0","","0","0","0","","0","N","","2","2","0","0","0","1","0","2","0","2","","","","N","","","","","","","","","",""
"2007076031","","0","0","0","0","0","0","0","0","0","0","0","","02","7","2007","6","40.503985","-80.023381","2352","11","0","0","0","0","0","1","0","0","","0","0","0","","","0","","0","","40 30:14.347","","0","80 01:24.171","0","0","0","0","2116","0","0","0","N","0","0","0","1","02116","0","","5.0","","1","N","N","","0","","0","0","1","","0","","","1","0","0","0","0","0","0","2","0","1","","","","N","","","","","","","","","",""
"2007076034","","0","0","0","0","0","0","0","0","0","7","0","","02","8","2007","6","40.643846","-79.849621","1815","11","0","0","0","0","0","0","0","0","","0","0","0","","","0","","0","","40 38:37.845","","0","79 50:58.634","0","0","0","0","2220","0","0","0","N","0","0","0","1","02220","0","","5.0","","1","N","N","","0","","0","0","1","","0","","","1","0","0","0","0","0","0","2","0","1","","","","N","","","","","","","","","",""
"2007076042","","2","0","0","0","0","0","0","0","0","4","0","","02","7","2007","4","40.455517","-79.919825","0814","11","0","0","0","0","0","1","0","0","","0","0","0","","","0","","2","","40 27:19.861","","0","79 55:11.370","0","0","0","0","2301","0","0","0","N","0","0","0","2","02301","0","","1.0","","1","N","N","","0","","0","0","0","","3","","","2","0","0","0","0","0","0","2","0","2","","","","N","","","","","","","","","",""
"2007076043","","2","0","0","0","0","0","0","0","0","4","0","","02","7","2007","6","40.436944","-79.963007","0922","11","0","0","0","0","0","0","1","0","","0","0","0","","","2","","1","","40 26:13.000","","0","79 57:46.826","4","0","0","0","2301","0","0","0","N","0","0","0","2","02301","2","","1.0","","1","N","N","","0","","0","0","0","","2","","","2","2","0","0","0","0","0","2","0","2","","","","N","","","","","","","","","",""
"2007076044","","1","0","0","0","0","0","0","0","0","7","0","","02","7","2007","7","40.447821","-79.936286","0357","11","0","0","0","0","1","0","0","0","","0","0","0","","","0","","0","","40 26:52.155","","0","79 56:10.629","0","0","0","0","2301","0","0","0","N","0","0","0","2","02301","0","","4.0","","1","N","N","","0","","0","0","0","","0","","","1","0","0","0","0","0","0","2","0","1","","","","N","","","","","","","","","",""
"2007076083","","1","0","0","0","0","0","0","0","0","7","0","","02","5","2007","1","40.431689","-79.851266","0505","11","0","0","0","0","0","0","0","0","","0","0","0","","","2","","0","","40 25:54.080","","0","79 51:04.557","2","0","0","0","2431","0","0","0","N","0","0","0","2","02431","1","","5.0","","1","N","N","","0","","0","1","0","","0","","","1","2","2","0","1","0","0","2","0","1","","","","N","","","","","","","","","",""
"2007076084","","1","0","0","0","0","0","0","0","0","4","0","","02","6","2007","6","40.415567","-79.847845","1515","11","0","0","0","0","0","1","0","0","","0","0","0","","","0","","0","","40 24:56.041","","7","79 50:52.241","0","0","0","0","2431","0","0","0","N","0","0","0","3","02431","0","","1.0","","1","N","N","","1","","0","0","0","","0","","","2","0","2","0","0","0","0","2","0","2","","","","N","","","","","","","","","",""
"2007076085","","2","0","0","0","0","0","0","0","0","1","0","","02","4","2007","1","40.424457","-79.843607","0455","11","0","0","0","0","0","0","0","0","","0","0","0","","","1","","0","","40 25:28.044","","0","79 50:36.986","4","0","0","0","2431","0","0","0","N","0","0","0","1","02431","1","","6.0","","1","N","N","","0","","0","0","0","","0","","","2","1","1","0","0","0","0","2","0","2","","","","N","","","","","","","","","",""
"2007076086","","1","0","0","0","0","0","0","0","0","4","0","","02","7","2007","4","40.446128","-80.067752","1038","11","0","0","0","0","0","0","0","0","2","0","0","0","","","1","","2","","40 26:46.060","6","0","80 04:03.907","4","0","0","0","2439","0","0","0","N","0","0","0","3","02439","1","","1.0","","1","N","N","","0","","0","0","1","","3","Y","","2","1","0","0","0","0","0","2","0","2","","","","N","","","","","","","","","",""
"2007076087","","2","0","0","0","0","0","0","0","0","1","0","","02","5","2007","1","40.436761","-79.851889","1240","11","0","1","0","0","0","0","0","1","","0","0","0","","","0","","0","","40 26:12.339","","0","79 51:06.800","0","0","0","0","2431","0","0","0","N","0","0","0","2","02431","0","","1.0","","1","N","N","","0","","0","0","0","","0","","","2","0","0","0","0","0","0","2","0","2","","","","N","","","","","","","","","",""
"2007076089","","1","0","0","0","0","0","0","0","0","0","0","","02","5","2007","4","40.414528","-79.848828","1642","11","0","0","0","1","0","0","0","0","","0","0","0","","","0","","0","","40 24:52.301","","0","79 50:55.780","0","0","0","0","2431","0","0","0","N","0","0","0","2","02431","0","","1.0","","1","N","N","","1","","0","0","0","","0","","","2","0","2","0","0","0","0","2","0","2","","","","N","","","","","","","","","",""
"2007076090","","2","0","0","0","0","0","0","0","0","4","0","","02","6","2007","5","40.436887","-79.852014","1709","11","0","0","0","0","0","0","0","0","2","0","0","0","","","1","","2","","40 26:12.793","3","0","79 51:07.250","3","0","0","0","2431","0","0","0","N","0","0","0","2","02431","0","","1.0","","1","N","N","","0","","1","0","0","","3","N","","2","1","1","0","0","0","0","2","0","2","","","","N","","","","","","","","","",""
"2007076091","","1","0","0","0","0","0","0","0","0","4","0","","02","7","2007","5","40.392215","-79.885267","0837","11","0","0","0","0","0","1","0","0","2","0","0","0","","","1","","2","","40 23:31.974","6","0","79 53:06.961","4","0","0","0","2473","0","0","0","N","0","0","0","2","02431","1","","1.0","","1","N","N","","1","","0","0","0","","3","N","","2","1","0","0","0","0","0","2","0","2","","","","N","","","","","","","","","",""
"2007076132","","1","0","0","0","0","0","0","0","0","0","1","","02","6","2007","4","40.6202","-79.9816","1820","11","0","0","0","0","0","0","0","0","","0","0","0","","","0","","0","","40 37:12.720","","0","79 58:53.760","0","0","0","0","2217","0","0","0","N","0","0","0","2","68T02","0","","1.0","","9","N","N","","0","","0","0","0","","0","","","2","0","0","0","0","0","0","1","0","2","","","","N","","","","","","","","","",""
"2007076133","","1","0","0","0","0","0","0","0","0","99","0","","02","6","2007","6","40.6057","-79.9395","1342","11","0","0","0","1","0","0","0","0","","0","0","0","","","1","","0","","40 36:20.520","","0","79 56:22.200","8","0","0","0","2207","0","0","0","N","0","0","0","3","68T02","0","","1.0","","1","N","N","","0","","0","0","0","","0","","","1","1","0","0","0","1","0","2","0","1","","","","N","","","","","","","","","",""
"2007076228","","0","0","0","0","0","0","0","0","0","4","0","","02","8","2007","6","40.3642","-79.8426","2240","11","0","0","0","0","0","0","0","0","","0","0","0","","","0","","3","","40 21:51.120","","0","79 50:33.360","0","0","0","0","2475","0","0","0","N","0","0","0","5","02475","0","","1.0","","1","N","N","","0","","0","0","2","","4","","","2","0","1","0","0","0","0","2","0","2","","","","N","","","","","","","","","",""
"2007076235","","1","0","0","0","0","0","0","0","0","7","0","","02","8","2007","6","40.5275","-79.806638","2007","11","0","0","0","0","0","1","0","0","2","0","0","0","","","1","","2","","40 31:39.000","3","0","79 48:23.897","2","0","0","0","2466","0","0","0","N","0","0","0","1","02466","0","","5.0","","3","N","N","","0","","0","1","0","","3","N","","1","1","1","0","1","0","0","2","0","1","","","","N","","","","","","","","","",""
"2007076238","","3","0","0","0","0","0","0","0","0","1","0","","02","8","2007","5","40.367778","-79.779834","1318","11","0","0","0","1","0","0","0","0","","0","0","0","","","0","","1","","40 22:04.000","","0","79 46:47.401","0","0","0","0","2111","0","0","0","N","0","0","0","5","02111","0","","1.0","","1","N","N","","0","","0","0","0","","2","","","3","0","0","0","0","0","0","2","0","3","","","","N","","","","","","","","","",""
"2007076246","","1","0","0","0","0","0","0","0","0","1","0","","02","8","2007","6","40.367778","-79.779834","1130","11","0","0","0","0","0","1","0","0","","0","0","0","","","1","","1","","40 22:04.000","","0","79 46:47.401","8","0","0","0","2111","0","0","0","N","0","0","0","5","02111","0","","1.0","","1","N","N","","1","","0","0","0","","2","","","3","1","0","0","0","1","0","2","1","3","","","","N","","","","","","","","","",""
"2007076249","","1","0","0","0","0","0","0","0","0","1","0","","02","7","2007","3","40.367222","-79.818574","0816","11","0","0","0","0","0","0","0","0","2","0","0","0","","","2","","2","","40 22:02.000","5","0","79 49:06.866","8","0","0","0","2111","0","0","0","N","0","0","0","2","02111","0","","1.0","","1","N","N","","0","","0","0","1","","0","Y","","2","2","0","0","0","2","0","2","0","2","","","","N","","","","","","","","","",""
"2007076255","","1","0","0","0","0","0","0","0","0","1","0","","02","7","2007","6","40.5333","-79.9593","2115","11","0","0","0","0","0","0","0","0","","0","0","0","","","0","","0","","40 31:59.880","","0","79 57:33.480","0","0","0","0","2118","0","0","0","N","0","0","0","2","02118","0","","1.0","","1","N","N","","1","","0","0","0","","0","","","2","0","0","0","0","0","0","2","0","2","","","","N","","","","","","","","","",""
"2007076258","","0","0","0","0","0","0","0","0","0","7","0","","02","8","2007","6","40.480794","-79.746673","1946","11","0","0","0","0","0","0","0","0","","0","0","0","","","0","","0","","40 28:50.860","","0","79 44:48.023","0","0","0","0","2466","0","0","0","N","0","0","0","1","02466","0","","5.0","","1","N","N","","1","","0","0","0","","0","","","1","0","1","0","0","0","0","2","0","1","","","","N","","","","","","","","","",""
"2007076263","","1","0","0","0","0","0","0","0","0","4","0","","02","8","2007","6","40.302347","-79.995423","2051","11","0","1","0","0","0","0","0","0","1","0","0","0","","","0","","3","","40 18:08.450","5","0","79 59:43.524","0","0","0","0","2219","0","0","0","N","0","0","0","6","02219","0","","1.0","","1","N","N","","1","","0","0","0","","3","Y","","2","0","3","0","0","0","0","2","0","2","","","","N","","","","","","","","","",""
"2007076268","","2","0","0","0","0","0","0","0","0","4","0","","02","8","2007","7","40.506667","-80.006813","1611","11","0","0","0","0","0","1","0","0","1","0","0","0","","","2","","1","","40 30:24.000","1","0","80 00:24.527","8","0","0","0","2116","0","0","0","N","0","0","0","2","02116","0","","1.0","","1","N","N","","0","","0","0","0","","2","N","","2","2","0","0","0","2","0","2","0","2","","","","N","","","","","","","","","",""
"2007076269","","0","0","0","0","0","0","0","0","0","6","0","","02","8","2007","6","40.398506","-80.037475","2052","11","0","0","0","1","0","0","0","0","","0","0","0","","","1","","2","","40 23:54.621","","0","80 02:14.910","3","0","0","1","2422","0","0","0","N","0","0","0","3","02422","0","","1.0","","1","N","N","","0","","1","0","1","","0","","","2","1","0","0","0","0","0","2","0","2","","","","N","","","","","","","","","",""
"2007076277","","1","0","0","0","0","0","0","0","0","4","0","","02","8","2007","7","40.445278","-79.856436","1515","11","0","0","0","0","0","1","0","0","2","0","0","0","","","0","","2","","40 26:43.000","4","0","79 51:23.168","0","0","0","0","2419","0","0","0","N","0","0","0","5","02419","0","","1.0","","1","N","N","","0","","0","0","0","","3","N","","2","0","0","0","0","0","0","2","1","2","","","","N","","","","","","","","","",""
"2007076283","","0","0","0","0","0","0","0","0","0","7","0","","02","8","2007","1","40.439722","-80.077547","0728","11","1","0","0","0","0","0","0","0","","0","0","0","","","1","","0","","40 26:23.000","","0","80 04:39.168","8","0","0","0","2421","0","0","0","N","0","0","0","2","02421","0","","5.0","","1","N","N","","0","","0","0","1","","0","","","1","1","0","0","0","1","0","2","0","1","","","","N","","","","","","","","","",""
"2007076287","","2","0","0","0","0","0","0","0","0","0","0","","02","8","2007","6","40.3639","-79.8247","1424","11","0","0","0","0","0","0","1","0","2","0","0","0","","","0","","0","","40 21:50.040","2","0","79 49:28.920","0","0","0","0","2111","0","0","0","N","0","0","0","5","02111","0","","1.0","","1","N","N","","1","","0","0","0","","0","N","","3","0","2","0","0","0","0","2","0","3","","","","N","","","","","","","","","",""
"2007076295","","2","0","0","0","0","0","0","0","0","1","0","","02","8","2007","1","40.596667","-79.982893","1009","11","0","0","0","0","0","1","0","0","","0","0","0","","","0","","2","","40 35:48.000","","0","79 58:58.415","0","0","0","0","2207","0","0","0","N","0","0","0","6","02207","0","","1.0","","1","N","N","","0","","0","0","1","","3","","","3","0","0","0","0","0","0","1","0","3","","","","N","","","","","","","","","",""
"2007076296","","0","0","0","0","0","0","0","0","0","4","0","","02","8","2007","1","","","1206","11","0","0","0","0","0","2","0","0","1","0","1","0","","","3","","1","","","3","0","","4","0","0","0","2448","0","0","0","N","0","0","0","4","02448","3","","1.0","","1","N","N","","0","","0","0","1","","0","N","","2","3","4","0","0","0","0","1","0","2","","","","N","","","","","","","","","",""
"2007076300","","1","0","0","0","0","0","0","0","0","7","0","","02","8","2007","6","40.3693","-79.8428","1654","11","0","0","0","0","0","0","1","0","2","0","0","0","","","1","","2","","40 22:09.480","1","0","79 50:34.080","8","0","0","0","2303","0","0","0","N","0","0","0","1","02303","0","","2.0","","1","N","N","","0","","0","0","0","","0","N","","1","1","1","0","0","1","0","2","0","1","","","","N","","","","","","","","","",""
"2007076312","","1","0","0","0","0","0","0","0","0","7","0","","02","8","2007","1","40.474811","-80.071405","1300","11","0","0","0","0","0","0","0","0","1","0","0","0","","","1","","0","","40 28:29.320","6","0","80 04:17.059","8","0","0","0","2122","0","0","0","N","0","0","0","5","02122","0","","2.0","","9","N","N","","0","","0","0","0","","0","N","","1","1","4","0","0","1","0","2","0","1","","","","N","","","","","","","","","",""
"2007076313","","0","0","0","0","0","0","0","0","0","7","0","","02","7","2007","7","40.476061","-80.051719","1912","11","0","0","0","0","0","0","0","0","1","0","0","0","","","1","","0","","40 28:33.819","6","3","80 03:06.187","2","0","1","1","2122","0","0","0","N","0","0","0","1","02122","0","","2.0","","1","N","N","","0","","0","1","0","","0","N","","1","1","0","0","0","0","0","2","0","1","","","","N","","","","","","","","","",""
"2007076314","","2","0","0","0","0","0","0","0","0","4","0","","02","8","2007","7","40.309014","-80.030318","1005","11","0","0","0","0","0","0","0","0","","0","0","0","","","0","","2","","40 18:32.450","","0","80 01:49.144","0","0","0","0","2407","0","0","0","N","0","0","0","2","02407","0","","1.0","","1","N","N","","0","","0","0","0","","3","","","2","0","0","0","0","0","0","2","0","2","","","","N","","","","","","","","","",""
"2007076315","","1","0","0","0","0","0","0","0","0","7","0","","02","7","2007","3","40.3375","-80.013393","1836","11","0","0","1","0","0","0","0","0","","0","0","0","","","1","","0","","40 20:15.000","","0","80 00:48.216","3","0","0","0","2407","0","0","0","N","0","0","0","3","02407","0","","2.0","","1","N","N","","0","","1","0","0","","0","","","1","1","0","0","0","0","0","2","0","1","","","","N","","","","","","","","","",""
"2007076322","","1","0","0","0","0","0","0","0","0","1","0","","02","8","2007","7","40.328333","-79.944874","0931","11","0","0","0","0","0","1","1","0","1","0","0","0","","","0","","2","","40 19:42.000","1","7","79 56:41.548","0","0","0","0","2454","0","0","0","N","0","0","0","2","02454","0","","1.0","","1","N","N","","1","","0","0","0","","2","N","","2","0","0","0","0","0","0","2","0","2","","","","N","","","","","","","","","",""
"2007076325","","1","0","0","0","0","0","0","0","0","7","0","","02","8","2007","1","40.382778","-79.857411","1653","11","0","0","0","0","0","0","0","0","2","0","0","0","","","0","","2","","40 22:58.000","1","3","79 51:26.679","0","0","0","0","2303","0","0","0","N","0","0","0","1","02303","0","","2.0","","9","N","N","","0","","0","0","0","","0","N","","1","0","0","0","0","0","0","2","0","1","","","","N","","","","","","","","","",""
"2007076333","","2","0","0","0","0","0","0","0","0","7","0","","02","8","2007","1","40.38","-79.809036","1905","11","0","0","1","0","0","0","0","0","","0","0","0","","","0","","2","","40 22:48.000","","7","79 48:32.529","0","0","0","0","2424","0","0","0","Y","0","0","0","1","02424","0","","4.0","","9","N","N","","1","","0","0","0","","2","","","3","0","0","0","0","0","0","2","0","3","","","","N","","","","","","","","","",""
"2007076336","","0","0","0","0","0","0","0","0","0","1","0","","02","8","2007","7","40.275111","-79.881024","2025","11","0","0","0","0","0","0","0","0","","0","0","0","","","1","","0","","40 16:30.400","","0","79 52:51.685","3","0","0","1","2428","0","0","0","N","0","0","0","1","02428","0","","1.0","","1","N","N","","0","","1","0","1","","0","","","2","1","0","0","0","0","0","2","0","2","","","","N","","","","","","","","","",""
"2007076339","","0","0","0","0","0","0","0","0","0","7","0","","02","8","2007","1","40.442067","-79.742456","0459","11","0","0","0","0","1","0","0","0","","0","0","0","","","0","","0","","40 26:31.440","","1","79 44:32.840","0","0","0","0","2446","0","0","0","N","0","0","0","1","02446","0","","2.0","","1","N","N","","0","","0","0","1","","0","","","1","0","0","0","0","0","0","2","0","1","","","","N","","","","","","","","","",""