"CRN","ARRIVAL_TM","AUTOMOBILE_COUNT","BELTED_DEATH_COUNT","BELTED_SUSP_SERIOUS_INJ_COUNT","BICYCLE_COUNT","BICYCLE_DEATH_COUNT","BICYCLE_SUSP_SERIOUS_INJ_COUNT","BUS_COUNT","CHLDPAS_DEATH_COUNT","CHLDPAS_SUSP_SERIOUS_INJ_COUNT","COLLISION_TYPE","COMM_VEH_COUNT","CONS_ZONE_SPD_LIM","COUNTY","CRASH_MONTH","CRASH_YEAR","DAY_OF_WEEK","DEC_LATITUDE","DEC_LONGITUDE","DISPATCH_TM","DISTRICT","DRIVER_COUNT_16YR","DRIVER_COUNT_17YR","DRIVER_COUNT_18YR","DRIVER_COUNT_19YR","DRIVER_COUNT_20YR","DRIVER_COUNT_50_64YR","DRIVER_COUNT_65_74YR","DRIVER_COUNT_75PLUS","EST_HRS_CLOSED","FATAL_COUNT","HEAVY_TRUCK_COUNT","HORSE_BUGGY_COUNT","HOUR_OF_DAY","ILLUMINATION","INJURY_COUNT","INTERSECTION_RELATED","INTERSECT_TYPE","LANE_CLOSED","LATITUDE","LN_CLOSE_DIR","LOCATION_TYPE","LONGITUDE","MAX_SEVERITY_LEVEL","MCYCLE_DEATH_COUNT","MCYCLE_SUSP_SERIOUS_INJ_COUNT","MOTORCYCLE_COUNT","MUNICIPALITY","NONMOTR_COUNT","NONMOTR_DEATH_COUNT","NONMOTR_SUSP_SERIOUS_INJ_COUNT","NTFY_HIWY_MAINT","PED_COUNT","PED_DEATH_COUNT","PED_SUSP_SERIOUS_INJ_COUNT","PERSON_COUNT","POLICE_AGCY","POSSIBLE_INJ_COUNT","RDWY_SURF_TYPE_CD","RELATION_TO_ROAD","ROADWAY_CLEARED","ROAD_CONDITION","SCH_BUS_IND","SCH_ZONE_IND","SECONDARY_CRASH","SMALL_TRUCK_COUNT","SPEC_JURIS_CD","SUSP_MINOR_INJ_COUNT","SUSP_SERIOUS_INJ_COUNT","SUV_COUNT","TCD_FUNC_CD","TCD_TYPE","TFC_DETOUR_IND","TIME_OF_DAY","TOTAL_UNITS","TOT_INJ_COUNT","UNBELTED_OCC_COUNT","UNB_DEATH_COUNT","UNB_SUSP_SERIOUS_INJ_COUNT","UNK_INJ_DEG_COUNT","UNK_INJ_PER_COUNT","URBAN_RURAL","VAN_COUNT","VEHICLE_COUNT","WEATHER1","WEATHER2","WORKERS_PRES","WORK_ZONE_IND","WORK_ZONE_LOC","WORK_ZONE_TYPE","WZ_CLOSE_DETOUR","WZ_FLAGGER","WZ_LAW_OFFCR_IND","WZ_LN_CLOSURE","WZ_MOVING","WZ_OTHER","WZ_SHLDER_MDN","WZ_WORKERS_INJ_KILLED"
"2007076341","","1","0","0","0","0","0","0","0","0","4","0","","02","8","2007","1","40.46","-79.842653","2334","11","0","1","0","0","0","0","0","0","","0","0","0","","","0","","5","","40 27:36.000","","0","79 50:33.549","0","0","0","0","2113","0","0","0","N","0","0","0","2","02113","0","","1.0","","9","N","N","","0","","0","0","1","","2","","","2","0","0","0","0","0","0","2","0","2","","","","N","","","","","","","","","",""
"2007076343","","1","0","0","0","0","0","0","0","0","1","0","","02","8","2007","1","40.557359","-79.978939","0002","11","0","0","1","0","0","0","0","0","","0","0","0","","","0","","0","","40 33:26.494","","0","79 58:44.181","0","0","0","0","2207","0","0","0","N","0","0","0","5","02207","0","","1.0","","1","N","N","","0","","0","0","0","","0","","","2","0","0","0","0","0","0","2","1","2","","","","N","","","","","","","","","",""
"2007076350","","1","0","0","0","0","0","0","0","0","7","0","","02","8","2007","2","40.4597","-79.8427","0155","11","0","0","0","0","0","0","0","0","3","0","0","0","","","0","","0","","40 27:34.920","5","0","79 50:33.720","0","0","0","0","2113","0","0","0","N","0","0","0","1","02113","0","","4.0","","9","N","N","","0","","0","0","0","","0","Y","","1","0","0","0","0","0","0","2","0","1","","","","N","","","","","","","","","",""
"2007076355","","1","0","0","0","0","0","0","0","0","4","0","","02","8","2007","1","40.331045","-79.986903","1355","11","0","0","0","0","0","2","0","0","","0","0","0","","","0","","2","","40 19:51.762","","0","79 59:12.849","0","0","0","0","2219","0","0","0","N","0","0","0","10","02219","0","","1.0","","9","N","N","","0","","0","0","3","","2","","","4","0","0","0","0","0","0","2","0","4","","","","N","","","","","","","","","",""
"2007076439","","1","0","0","0","0","0","0","0","0","7","0","","02","7","2007","7","40.443192","-79.953512","1935","11","0","0","0","0","0","0","0","1","","0","0","0","","","0","","1","","40 26:35.490","","0","79 57:12.644","0","0","0","0","2301","0","0","0","N","0","0","0","4","02301","0","","5.0","","1","N","N","","0","","0","0","0","","2","","","1","0","0","0","0","0","0","2","0","1","","","","N","","","","","","","","","",""
"2007076440","","0","0","0","0","0","0","0","0","0","1","0","","02","7","2007","6","40.413694","-79.922611","0652","11","0","0","0","0","0","0","0","0","","0","0","0","","","0","","0","","40 24:49.300","","0","79 55:21.400","0","0","0","0","2301","0","0","0","N","0","0","0","2","02301","0","","1.0","","1","N","N","","0","","0","0","1","","2","","","2","0","0","0","0","0","0","2","1","2","","","","N","","","","","","","","","",""
"2007076441","","1","0","0","0","0","0","0","0","0","4","0","","02","7","2007","5","40.448031","-79.894553","1445","11","0","0","0","0","0","0","0","1","","0","0","0","","","1","","1","","40 26:52.911","","0","79 53:40.390","4","0","0","0","2301","0","0","0","N","0","0","0","5","02301","1","","1.0","","1","N","N","","0","","0","0","0","","2","","","2","1","0","0","0","0","0","2","1","2","","","","N","","","","","","","","","",""
"2007076442","","0","0","0","0","0","0","0","0","0","4","1","","02","7","2007","6","40.462661","-79.967202","1339","11","0","0","0","0","0","0","0","0","","0","1","0","","","1","","1","","40 27:45.580","","0","79 58:01.926","8","0","0","0","2301","0","0","0","N","0","0","0","2","02301","0","","1.0","","1","N","N","","0","","0","0","0","","2","","","2","1","0","0","0","1","0","2","1","2","","","","N","","","","","","","","","",""
"2007076443","","1","0","0","0","0","0","0","0","0","4","0","","02","7","2007","6","40.445556","-79.998135","0300","11","0","0","0","0","0","0","0","0","","0","0","0","","","1","","3","","40 26:44.000","","0","79 59:53.287","8","0","0","0","2301","0","0","0","N","0","0","0","2","02301","0","","1.0","","1","N","N","","1","","0","0","0","","2","","","2","1","0","0","0","1","1","2","0","2","","","","N","","","","","","","","","",""
"2007076448","","1","0","0","0","0","0","0","0","0","4","0","","02","7","2007","7","40.453652","-79.979515","0256","11","0","0","0","0","0","0","0","0","1","0","0","0","","","1","","1","","40 27:13.147","5","0","79 58:46.254","4","0","0","0","2301","0","0","0","N","0","0","0","4","02301","1","","1.0","","1","N","N","","0","","0","0","1","","0","N","","2","1","0","0","0","0","0","2","0","2","","","","N","","","","","","","","","",""
"2007076449","","1","0","0","0","0","0","0","0","0","5","0","","02","7","2007","5","40.4566","-79.9901","1027","11","0","0","0","0","0","0","0","0","","0","0","0","","","1","","0","","40 27:23.760","","0","79 59:24.360","4","0","0","0","2301","0","0","0","N","0","0","0","2","02301","1","","1.0","","9","N","N","","0","","0","0","1","","0","","","2","1","0","0","0","0","0","2","0","2","","","","N","","","","","","","","","",""
"2007076570","","2","0","0","0","0","0","0","0","0","7","0","","02","6","2007","6","40.445561","-80.0655","0032","11","0","0","0","1","0","0","0","0","","0","0","0","","","0","","3","","40 26:44.019","","0","80 03:55.800","9","0","0","0","2439","0","0","0","N","0","0","0","2","02439","0","","4.0","","1","N","N","","0","","0","0","0","","3","","","2","0","0","0","0","0","2","2","0","2","","","","N","","","","","","","","","",""
"2007076602","","1","0","0","0","0","0","0","0","0","1","0","","02","8","2007","2","40.526389","-79.963469","0745","11","1","0","0","0","0","0","0","0","1","0","0","0","","","0","","10","","40 31:35.000","1","0","79 57:48.489","0","0","0","0","2118","0","0","0","N","0","0","0","4","02118","0","","1.0","","9","N","N","","1","","0","0","0","","0","N","","2","0","0","0","0","0","0","2","0","2","","","","N","","","","","","","","","",""
"2007076603","","2","0","0","0","0","0","0","0","0","4","0","","02","7","2007","6","40.45187","-80.205769","1442","11","0","0","0","0","1","1","0","0","2","0","0","0","","","0","","2","","40 27:06.732","1","0","80 12:20.768","0","0","0","0","2214","0","0","0","N","0","0","0","2","02214","0","","1.0","","1","N","N","","0","","0","0","0","","3","N","","2","0","0","0","0","0","0","2","0","2","","","","N","","","","","","","","","",""
"2007076604","","0","0","0","0","0","0","0","0","0","1","0","","02","7","2007","1","40.4529","-80.1724","1131","11","0","0","0","0","0","0","0","0","","0","0","0","","","0","","2","","40 27:10.440","","2","80 10:20.640","0","0","0","0","2214","0","0","0","N","0","0","0","3","02214","0","","1.0","","1","N","N","","1","","0","0","1","","0","","","2","0","0","0","0","0","0","2","0","2","","","","N","","","","","","","","","",""
"2007076819","","0","0","0","0","0","0","0","0","0","4","0","","02","8","2007","5","40.617222","-79.734016","1718","11","0","0","0","1","0","0","0","0","4","1","0","0","","","2","","0","","40 37:02.000","7","7","79 44:02.456","1","1","0","1","2106","0","0","0","N","0","0","0","3","02501","0","2","1.0","","1","N","N","","0","0","0","0","1","","0","Y","","2","2","0","0","0","2","0","2","0","2","","","","N","","","","","","","","","",""
"2007076843","","3","0","0","0","0","0","0","0","0","1","0","","02","5","2007","3","","","1645","11","0","0","0","0","1","1","0","0","","0","0","0","","","0","","7","","40 29:18.60","","2","80 00:33.48","0","0","0","0","2301","0","0","0","N","0","0","0","4","68B03","0","","1.0","","1","N","N","","0","","0","0","0","","0","","","3","0","0","0","0","0","0","2","0","3","","","","N","","","","","","","","","",""
"2007076917","","1","0","0","0","0","0","0","0","0","1","0","45","02","6","2007","1","40.5665","-79.7991","2107","11","0","0","0","1","0","0","0","0","","0","0","0","","","1","","6","","40 33:59.400","","2","79 47:56.760","4","0","0","0","2121","0","0","0","N","0","0","0","5","68D02","1","","2.0","","1","N","N","","0","","0","0","1","","3","","","2","1","0","0","0","0","0","2","0","2","","","N","Y","4","1","","Y","N","Y","Y","","Y",""
"2007076920","","1","0","0","0","0","0","0","0","0","4","0","","02","8","2007","4","40.305556","-79.892226","1625","11","0","0","0","0","0","1","0","0","","0","0","0","","","1","","1","","40 18:20.000","","0","79 53:32.012","4","0","0","0","2302","0","0","0","N","0","0","0","3","02302","1","","1.0","","1","N","N","","1","","0","0","0","","0","","","2","1","0","0","0","0","0","2","0","2","","","","N","","","","","","","","","",""
"2007076963","","1","0","0","0","0","0","0","0","0","4","0","","02","7","2007","4","40.439167","-80.211776","1102","11","0","0","0","0","0","1","0","0","1","0","0","0","","","0","","1","","40 26:21.000","4","0","80 12:42.394","0","0","0","0","2214","0","0","0","N","0","0","0","2","02214","0","","1.0","","9","N","N","","1","","0","0","0","","2","N","","2","0","0","0","0","0","0","2","0","2","","","","N","","","","","","","","","",""
"2007077049","","0","0","0","0","0","0","0","0","0","0","1","","02","6","2007","3","","","0712","11","0","0","0","0","0","0","0","0","4","0","1","0","","","1","","7","","40 26:52.80","1","2","80 09:59.40","4","0","0","0","2115","0","0","0","N","0","0","0","1","68B03","1","","2.0","","9","N","N","","0","","0","0","0","","4","Y","","1","1","0","0","0","0","0","2","0","1","","","","N","","","","","","","","","",""
"2007077092","","1","0","0","0","0","0","0","0","0","1","0","","02","6","2007","2","","","0743","11","0","0","0","0","0","0","0","0","","0","0","0","","","0","","0","","40 25:55.92","","0","80 08:22.56","0","0","0","0","2115","0","0","0","N","0","0","0","8","68B03","0","","1.0","","1","N","N","","0","","0","0","1","","0","","","3","0","0","0","0","0","0","2","1","3","","","","N","","","","","","","","","",""
"2007077093","","1","0","0","0","0","0","0","0","0","5","1","","02","6","2007","4","40.4475","-80.165","1210","11","0","0","0","0","0","0","0","0","","0","1","0","","","0","","6","","40 26:51.000","","2","80 09:54.000","0","0","0","0","2115","0","0","0","N","0","0","0","2","68B03","0","","1.0","","1","N","N","","0","","0","0","0","","4","","","2","0","0","0","0","0","0","2","0","2","","","","N","","","","","","","","","",""
"2007077105","","2","0","0","0","0","0","0","0","0","5","0","","02","7","2007","2","40.438556","-79.985056","1508","11","0","0","0","0","0","1","0","1","","0","0","0","","","0","","1","","40 26:18.800","","0","79 59:06.200","0","0","0","0","2301","0","0","0","N","0","0","0","2","02301","0","","1.0","","1","N","N","","0","","0","0","0","","2","","","2","0","0","0","0","0","0","2","0","2","","","","N","","","","","","","","","",""
"2007077106","","1","0","0","0","0","0","0","0","0","4","0","","02","7","2007","6","40.438333","-80.001993","0001","11","0","0","0","0","0","0","0","0","1","0","0","0","","","1","","1","","40 26:18.000","7","0","80 00:07.175","8","0","0","0","2301","0","0","0","N","0","0","0","2","02301","0","","1.0","","1","N","N","","0","","0","0","1","","2","N","","2","1","0","0","0","1","0","2","0","2","","","","N","","","","","","","","","",""
"2007077113","","0","0","0","1","0","0","0","0","0","8","0","","02","7","2007","5","40.465466","-79.946427","2150","11","0","0","0","0","0","0","0","0","","0","0","0","","","1","","1","","40 27:55.677","","0","79 56:47.137","3","0","0","0","2301","1","0","0","N","0","0","0","2","02301","0","","1.0","","1","N","N","","0","","1","0","1","","2","","","2","1","1","0","0","0","0","2","0","1","","","","N","","","","","","","","","",""
"2007077114","","1","0","0","0","0","0","0","0","0","7","0","","02","7","2007","7","40.464712","-79.957865","0256","11","0","0","0","0","0","0","0","0","2","0","0","0","","","0","","1","","40 27:52.963","1","0","79 57:28.314","9","0","0","0","2301","0","0","0","","0","0","0","1","02301","0","","4.0","","1","N","N","","0","","0","0","0","","0","N","","1","0","0","0","0","0","1","2","0","1","","","","N","","","","","","","","","",""
"2007077115","","2","0","0","0","0","0","0","0","0","4","0","","02","7","2007","7","40.438761","-79.997342","1154","11","0","0","0","0","0","0","1","0","","0","0","0","","","0","","1","","40 26:19.539","","0","79 59:50.431","0","0","0","0","2301","0","0","0","N","0","0","0","3","02301","0","","1.0","","1","N","N","","0","","0","0","0","","2","","","2","0","0","0","0","0","0","2","0","2","","","","N","","","","","","","","","",""
"2007077116","","0","0","0","0","0","0","0","0","0","7","0","","02","7","2007","6","40.408443","-80.017811","1723","11","0","0","0","0","0","0","0","0","","0","0","0","","","0","","2","","40 24:30.395","","0","80 01:04.118","0","0","0","0","2301","0","0","0","N","0","0","0","1","02301","0","","2.0","","9","N","N","","0","","0","0","1","","2","","","1","0","0","0","0","0","0","2","0","1","","","","N","","","","","","","","","",""
"2007077117","","1","0","0","0","0","0","0","0","0","1","0","","02","7","2007","2","40.383889","-79.99544","1704","11","0","0","0","0","0","1","0","0","9","0","0","0","","","0","","2","","40 23:02.000","1","0","79 59:43.585","0","0","0","0","2301","0","0","0","N","0","0","0","3","02301","0","","1.0","","1","N","N","","1","","0","0","0","","0","N","","2","0","1","0","0","0","0","2","0","2","","","","N","","","","","","","","","",""
"2007077118","","1","0","0","0","0","0","0","0","0","1","0","","02","7","2007","5","40.434729","-79.995455","1533","11","0","0","0","0","1","0","0","0","9","0","0","0","","","2","","6","","40 26:05.026","4","2","79 59:43.638","8","0","0","0","2301","0","0","0","N","0","0","0","3","02301","0","","1.0","","1","N","N","","0","","0","0","1","","2","N","","2","2","0","0","0","2","0","2","0","2","","","","N","","","","","","","","","",""
"2007077119","","1","0","0","0","0","0","0","0","0","4","0","","02","7","2007","6","40.416944","-80.014587","1524","11","0","0","0","0","0","2","0","0","","0","0","0","","","0","","1","","40 25:01.000","","0","80 00:52.513","0","0","0","0","2301","0","0","0","N","0","0","0","2","02301","0","","1.0","","1","N","N","","0","","0","0","1","","2","","","2","0","0","0","0","0","0","2","0","2","","","","N","","","","","","","","","",""
"2007077120","","1","0","0","0","0","0","0","0","0","4","0","","02","7","2007","5","40.421299","-79.995818","1526","11","0","0","0","0","0","0","0","0","","0","0","0","","","0","","1","","40 25:16.676","","0","79 59:44.944","0","0","0","0","2301","0","0","0","N","0","0","0","2","02301","0","","1.0","","1","N","N","","0","","0","0","1","","3","","","2","0","0","0","0","0","0","2","0","2","","","","N","","","","","","","","","",""
"2007077121","","1","0","0","0","0","0","0","0","0","5","1","","02","7","2007","2","40.418385","-80.029868","9999","11","0","0","0","0","0","0","0","0","","0","1","0","","","1","","3","","40 25:06.185","","0","80 01:47.523","4","0","0","0","2301","0","0","0","N","0","0","0","2","02301","1","","1.0","","1","N","N","","0","","0","0","0","","0","","","2","1","0","0","0","0","0","2","0","2","","","","N","","","","","","","","","",""
"2007077177","","2","0","0","0","0","0","0","0","0","4","0","","02","7","2007","6","40.441366","-80.003939","1402","11","0","0","0","0","0","0","1","0","2","0","0","0","","","0","","1","","40 26:28.917","1","0","80 00:14.180","0","0","0","0","2301","0","0","0","N","0","0","0","5","02301","0","","1.0","","1","N","N","","0","","0","0","0","","2","N","","2","0","0","0","0","0","0","2","0","2","","","","N","","","","","","","","","",""
"2007077178","","2","0","0","0","0","0","0","0","0","4","0","","02","7","2007","7","40.453889","-79.912399","1020","11","0","0","0","1","0","0","1","0","","0","0","0","","","0","","1","","40 27:14.000","","0","79 54:44.638","0","0","0","0","2301","0","0","0","N","0","0","0","3","02301","0","","1.0","","1","N","N","","0","","0","0","0","","2","","","2","0","0","0","0","0","0","2","0","2","","","","N","","","","","","","","","",""
"2007077192","","0","0","0","0","0","0","0","0","0","0","0","","02","8","2007","2","","","1152","11","0","0","0","0","0","0","0","0","1","0","1","0","","","0","","2","","","1","0","","0","0","0","0","2466","0","0","0","N","0","0","0","1","02466","0","","1.0","","9","N","N","","0","","0","0","0","","0","N","","1","0","0","0","0","0","0","1","0","1","","","","N","","","","","","","","","",""
"2007077197","","0","0","0","0","0","0","0","0","0","7","0","","02","7","2007","7","40.298333","-79.920641","0455","11","0","0","0","0","1","0","0","0","1","0","0","0","","","0","","0","","40 17:54.000","1","0","79 55:14.307","0","0","0","0","2440","0","0","0","N","0","0","0","1","02440","0","","5.0","","1","N","N","","0","","0","0","1","","0","N","","1","0","0","0","0","0","0","2","0","1","","","","N","","","","","","","","","",""
"2007077198","","0","0","0","0","0","0","0","0","0","0","0","","02","8","2007","5","40.6593","-79.8672","1836","11","0","0","0","0","0","0","0","0","1","0","0","0","","","1","","0","","40 39:33.480","3","0","79 52:01.920","3","0","0","1","2220","0","0","0","N","0","0","0","1","02220","0","","4.0","","1","N","N","","0","","1","0","0","","0","N","","1","1","0","0","0","0","0","1","0","1","","","","N","","","","","","","","","",""
"2007077202","","2","0","0","0","0","0","0","0","0","4","0","","02","8","2007","4","40.54884","-79.783945","1925","11","0","0","0","0","0","0","0","1","2","0","0","0","","","1","","2","","40 32:55.824","2","0","79 47:02.202","3","0","0","0","2121","0","0","0","N","0","0","0","2","02121","0","","1.0","","1","N","N","","0","","1","0","0","","3","Y","","2","1","1","0","0","0","0","2","0","2","","","","N","","","","","","","","","",""
"2007077203","","3","0","0","0","0","0","0","0","0","1","0","","02","8","2007","4","40.6347","-79.9397","1638","11","0","1","0","0","0","0","0","0","","0","0","0","","","1","","1","","40 38:04.920","","0","79 56:22.920","8","0","0","0","2217","0","0","0","N","0","0","0","7","02505","0","","1.0","","1","N","N","","0","","0","0","0","","2","","","3","1","0","0","0","1","0","2","0","3","","","","N","","","","","","","","","",""
"2007077208","","2","0","0","0","0","0","0","0","0","6","0","","02","8","2007","6","40.505833","-80.223171","1229","11","0","0","0","1","0","1","0","0","","0","0","0","","","0","","0","","40 30:21.000","","0","80 13:23.416","0","0","0","0","2213","0","0","0","N","0","0","0","4","02213","0","","1.0","","1","N","N","","0","","0","0","0","","0","","","3","0","0","0","0","0","0","2","1","3","","","","N","","","","","","","","","",""
"2007077209","","0","0","0","0","0","0","0","0","0","7","0","","02","8","2007","6","40.321389","-80.057969","0029","11","0","0","1","0","0","0","0","0","","0","0","0","","","1","","0","","40 19:17.000","","0","80 03:28.688","8","0","0","0","2407","0","0","0","N","0","0","0","1","02407","0","","5.0","","1","N","N","","0","","0","0","1","","0","","","1","1","0","0","0","1","0","2","0","1","","","","N","","","","","","","","","",""
"2007077210","","0","0","0","0","0","0","0","0","0","1","0","","02","8","2007","2","40.395278","-80.033429","1451","11","0","0","0","0","0","1","0","0","","0","0","0","","","1","","0","","40 23:43.000","","0","80 02:00.345","4","0","0","0","2422","0","0","0","N","0","0","0","2","02422","1","","1.0","","1","N","N","","2","","0","0","0","","0","","","2","1","1","0","0","0","0","2","0","2","","","","N","","","","","","","","","",""
"2007077211","","2","0","0","0","0","0","0","0","0","1","0","","02","7","2007","3","40.4611","-79.9828","1620","11","0","0","0","0","0","0","0","0","","0","0","0","","","1","","0","","40 27:39.960","","0","79 58:58.080","4","0","0","0","2430","0","0","0","N","0","0","0","2","02430","1","","1.0","","1","N","N","","0","","0","0","0","","0","","","2","1","1","0","0","0","0","2","0","2","","","","N","","","","","","","","","",""
"2007077261","","1","0","0","0","0","0","0","0","0","4","0","","02","6","2007","6","40.415833","-79.847876","1049","11","0","0","0","0","0","0","0","0","","0","0","0","","","1","","1","","40 24:57.000","","0","79 50:52.353","4","0","0","0","2431","0","0","0","N","0","0","0","3","02431","1","","1.0","","1","N","N","","0","","0","0","1","","2","","","2","1","0","0","0","0","0","2","0","2","","","","N","","","","","","","","","",""
"2007077262","","0","0","0","0","0","0","0","0","0","7","0","","02","7","2007","7","40.426389","-79.862351","1721","11","0","0","0","0","0","0","0","0","","0","0","0","","","0","","0","","40 25:35.000","","0","79 51:44.464","0","0","0","0","2431","0","0","0","N","0","0","0","1","02431","0","","3.0","","1","N","N","","0","","0","0","1","","0","","","1","0","0","0","0","0","0","2","0","1","","","","N","","","","","","","","","",""
"2007077268","","1","0","0","0","0","0","0","0","0","99","0","","02","6","2007","6","40.6335","-79.9884","0817","11","0","0","0","0","0","0","0","0","","0","0","0","","","0","","0","","40 38:00.600","","0","79 59:18.240","0","0","0","0","2217","0","0","0","N","0","0","0","1","68T02","0","","1.0","","1","N","N","","0","","0","0","0","","0","","","1","0","0","0","0","0","0","1","0","1","","","","N","","","","","","","","","",""
"2007077362","","2","0","0","0","0","0","0","0","0","1","0","","02","6","2007","6","","","0911","11","0","0","0","0","0","0","0","0","","0","0","0","","","0","","6","","40 24:44.28","","2","80 04:40.44","0","0","0","0","2117","0","0","0","N","0","0","0","3","68B03","0","","1.0","","1","N","N","","0","","0","0","0","","4","","","2","0","0","0","0","0","0","2","0","2","","","","N","","","","","","","","","",""
"2007077369","","1","0","0","1","0","0","0","0","0","8","0","","02","7","2007","5","40.450952","-79.900096","1914","11","0","0","0","0","0","0","0","0","1","0","0","0","","","1","","1","","40 27:03.427","4","0","79 54:00.345","4","0","0","0","2301","1","0","0","N","0","0","0","2","02301","1","","1.0","","1","N","N","","0","","0","0","0","","2","N","","2","1","0","0","0","0","0","2","0","1","","","","N","","","","","","","","","",""
"2007077372","","1","0","0","0","0","0","0","0","0","8","0","","02","7","2007","4","40.438322","-79.97947","1543","11","0","0","0","0","0","0","0","0","","0","0","0","","","1","","2","","40 26:17.959","","0","79 58:46.092","4","0","0","0","2301","1","0","0","N","1","0","0","2","02301","1","","1.0","","9","","N","","0","","0","0","0","","3","","","2","1","0","0","0","0","0","2","0","1","","","","N","","","","","","","","","",""
"2007077378","","2","0","0","0","0","0","0","0","0","4","0","","02","8","2007","2","40.328333","-79.944992","2003","11","0","0","0","0","0","0","0","1","1","0","0","0","","","2","","2","","40 19:42.000","2","0","79 56:41.972","4","0","0","0","2454","0","0","0","N","0","0","0","2","02454","2","","1.0","","1","N","N","","0","","0","0","0","","2","N","","2","2","0","0","0","0","0","2","0","2","","","","N","","","","","","","","","",""
"2007077386","","1","0","0","0","0","0","0","0","0","7","0","","02","7","2007","7","40.495669","-80.026659","0237","11","0","0","0","0","0","1","0","0","1","0","0","0","","","0","","0","","40 29:44.408","5","0","80 01:35.972","0","0","0","0","2301","0","0","0","N","0","0","0","1","02301","0","","5.0","","1","N","N","","0","","0","0","0","","0","N","","1","0","0","0","0","0","0","2","0","1","","","","N","","","","","","","","","",""
"2007077387","","1","0","0","0","0","0","0","0","0","4","0","","02","7","2007","4","40.458889","-79.931813","0033","11","0","0","0","0","1","0","1","0","","0","0","0","","","0","","1","","40 27:32.000","","0","79 55:54.528","0","0","0","0","2301","0","0","0","N","0","0","0","2","02301","0","","1.0","","9","N","N","","0","","0","0","1","","1","","","2","0","0","0","0","0","0","2","0","2","","","","N","","","","","","","","","",""
"2007077388","","1","0","0","0","0","0","0","0","0","8","0","","02","7","2007","3","40.458489","-79.929837","1327","11","0","0","0","0","0","0","0","0","","0","0","0","","","1","","0","","40 27:30.560","","1","79 55:47.413","8","0","0","0","2301","1","0","0","N","1","0","0","2","02301","0","","4.0","","1","N","N","","0","","0","0","0","","0","","","2","1","0","0","0","1","0","2","0","1","","","","N","","","","","","","","","",""
"2007077389","","2","0","0","0","0","0","0","0","0","4","0","","02","7","2007","4","40.441826","-79.919885","1409","11","0","0","0","0","0","0","0","1","1","0","0","0","","","1","","1","","40 26:30.573","1","0","79 55:11.586","3","0","0","0","2301","0","0","0","N","0","0","0","2","02301","0","","1.0","","1","N","N","","0","","1","0","0","","2","N","","2","1","0","0","0","0","0","2","0","2","","","","N","","","","","","","","","",""
"2007077390","","1","0","0","0","0","0","0","0","0","4","0","","02","7","2007","1","40.42698","-79.940062","0339","11","0","0","0","0","0","0","0","0","","0","0","0","","","0","","0","","40 25:37.128","","0","79 56:24.223","0","0","0","0","2301","0","0","0","N","0","0","0","1","02301","0","","6.0","","1","N","N","","1","","0","0","0","","0","","","2","0","0","0","0","0","0","2","0","2","","","","N","","","","","","","","","",""
"2007077473","","1","0","0","0","0","0","0","0","0","4","0","","02","7","2007","4","40.435331","-79.995552","0933","11","0","0","0","0","0","1","0","0","","0","0","0","","","0","","1","","40 26:07.191","","0","79 59:43.987","0","0","0","0","2301","0","0","0","N","0","0","0","3","02301","0","","1.0","","1","N","N","","0","","0","0","1","","0","","","2","0","0","0","0","0","0","2","0","2","","","","N","","","","","","","","","",""
"2007077474","","1","0","0","0","0","0","0","0","0","1","0","","02","6","2007","5","","","1804","11","0","0","0","0","0","1","1","0","","0","0","0","","","0","","0","","40 25:24.24","","0","80 06:21.96","0","0","0","0","2102","0","0","0","N","0","0","0","2","68B03","0","","1.0","","9","N","N","","0","","0","0","0","","0","","","2","0","0","0","0","0","0","2","1","2","","","","N","","","","","","","","","",""
"2007077475","","1","0","0","0","0","0","0","0","0","0","0","","02","6","2007","6","","","0855","11","0","0","0","0","0","0","0","0","1","0","0","0","","","1","","0","","40 24:54.72","2","0","80 03:39.96","4","0","0","0","2435","0","0","0","N","0","0","0","1","68B03","1","","1.0","","1","N","N","","0","","0","0","0","","0","N","","1","1","0","0","0","0","0","2","0","1","","","","N","","","","","","","","","",""
"2007077476","","1","0","0","0","0","0","0","0","0","1","0","","02","6","2007","4","","","1354","11","0","0","0","0","0","0","0","0","","0","0","0","","","0","","0","","40 25:38.64","","0","80 01:50.52","0","0","0","0","2301","0","0","0","N","0","0","0","10","68B03","0","","1.0","","1","","N","","1","","0","0","2","","0","","","4","0","0","0","0","0","0","2","0","4","","","","N","","","","","","","","","",""
"2007077517","","3","0","0","0","0","0","0","0","0","1","0","","02","6","2007","4","","","1700","11","0","0","0","0","0","0","0","0","","0","0","0","","","1","","0","","40 26:03.12","","4","79 52:07.68","4","0","0","0","2301","0","0","0","N","0","0","0","3","68B03","1","","1.0","","1","N","N","","0","","0","0","0","","0","","","3","1","0","0","0","0","0","2","0","3","","","","N","","","","","","","","","",""
"2007077556","","1","0","0","0","0","0","0","0","0","1","0","","02","7","2007","3","40.450473","-79.905274","0125","11","0","0","0","0","0","0","0","0","1","0","0","0","","","1","","0","","40 27:01.703","2","0","79 54:18.985","4","0","0","0","2301","0","0","0","N","0","0","0","2","02301","1","","1.0","","1","N","N","","1","","0","0","0","","0","N","","2","1","0","0","0","0","0","2","0","2","","","","N","","","","","","","","","",""