"CRN","ARRIVAL_TM","AUTOMOBILE_COUNT","BELTED_DEATH_COUNT","BELTED_SUSP_SERIOUS_INJ_COUNT","BICYCLE_COUNT","BICYCLE_DEATH_COUNT","BICYCLE_SUSP_SERIOUS_INJ_COUNT","BUS_COUNT","CHLDPAS_DEATH_COUNT","CHLDPAS_SUSP_SERIOUS_INJ_COUNT","COLLISION_TYPE","COMM_VEH_COUNT","CONS_ZONE_SPD_LIM","COUNTY","CRASH_MONTH","CRASH_YEAR","DAY_OF_WEEK","DEC_LATITUDE","DEC_LONGITUDE","DISPATCH_TM","DISTRICT","DRIVER_COUNT_16YR","DRIVER_COUNT_17YR","DRIVER_COUNT_18YR","DRIVER_COUNT_19YR","DRIVER_COUNT_20YR","DRIVER_COUNT_50_64YR","DRIVER_COUNT_65_74YR","DRIVER_COUNT_75PLUS","EST_HRS_CLOSED","FATAL_COUNT","HEAVY_TRUCK_COUNT","HORSE_BUGGY_COUNT","HOUR_OF_DAY","ILLUMINATION","INJURY_COUNT","INTERSECTION_RELATED","INTERSECT_TYPE","LANE_CLOSED","LATITUDE","LN_CLOSE_DIR","LOCATION_TYPE","LONGITUDE","MAX_SEVERITY_LEVEL","MCYCLE_DEATH_COUNT","MCYCLE_SUSP_SERIOUS_INJ_COUNT","MOTORCYCLE_COUNT","MUNICIPALITY","NONMOTR_COUNT","NONMOTR_DEATH_COUNT","NONMOTR_SUSP_SERIOUS_INJ_COUNT","NTFY_HIWY_MAINT","PED_COUNT","PED_DEATH_COUNT","PED_SUSP_SERIOUS_INJ_COUNT","PERSON_COUNT","POLICE_AGCY","POSSIBLE_INJ_COUNT","RDWY_SURF_TYPE_CD","RELATION_TO_ROAD","ROADWAY_CLEARED","ROAD_CONDITION","SCH_BUS_IND","SCH_ZONE_IND","SECONDARY_CRASH","SMALL_TRUCK_COUNT","SPEC_JURIS_CD","SUSP_MINOR_INJ_COUNT","SUSP_SERIOUS_INJ_COUNT","SUV_COUNT","TCD_FUNC_CD","TCD_TYPE","TFC_DETOUR_IND","TIME_OF_DAY","TOTAL_UNITS","TOT_INJ_COUNT","UNBELTED_OCC_COUNT","UNB_DEATH_COUNT","UNB_SUSP_SERIOUS_INJ_COUNT","UNK_INJ_DEG_COUNT","UNK_INJ_PER_COUNT","URBAN_RURAL","VAN_COUNT","VEHICLE_COUNT","WEATHER1","WEATHER2","WORKERS_PRES","WORK_ZONE_IND","WORK_ZONE_LOC","WORK_ZONE_TYPE","WZ_CLOSE_DETOUR","WZ_FLAGGER","WZ_LAW_OFFCR_IND","WZ_LN_CLOSURE","WZ_MOVING","WZ_OTHER","WZ_SHLDER_MDN","WZ_WORKERS_INJ_KILLED"
"2007078041","","1","0","0","0","0","0","0","0","0","1","0","","02","7","2007","7","40.458331","-79.906145","1327","11","0","0","0","0","0","1","0","0","1","0","0","0","","","0","","2","","40 27:29.991","4","0","79 54:22.122","0","0","0","0","2301","0","0","0","N","0","0","0","4","02301","0","","1.0","","1","N","N","","0","","0","0","1","","0","Y","","3","0","1","0","0","0","0","2","1","3","","","","N","","","","","","","","","",""
"2007078042","","1","0","0","0","0","0","0","0","0","4","0","","02","7","2007","7","40.46339","-79.917517","2122","11","0","0","0","0","0","0","1","0","1","0","0","0","","","0","","1","","40 27:48.204","3","0","79 55:03.061","0","0","0","0","2301","0","0","0","","0","0","0","3","02301","0","","1.0","","1","N","N","","0","","0","0","1","","2","N","","2","0","0","0","0","0","0","2","0","2","","","","N","","","","","","","","","",""
"2007078043","","1","0","0","0","0","0","0","0","0","8","0","","02","7","2007","1","40.474206","-79.928324","2325","11","0","0","0","0","0","0","0","0","","0","0","0","","","1","","1","","40 28:27.141","","0","79 55:41.966","4","0","0","0","2301","1","0","0","N","1","0","0","2","02301","1","","1.0","","1","N","N","","0","","0","0","0","","0","","","2","1","0","0","0","0","0","2","0","1","","","","N","","","","","","","","","",""
"2007078044","","1","0","0","0","0","0","0","0","0","2","0","","02","7","2007","2","40.468805","-79.917819","1722","11","0","0","0","0","0","0","1","0","","0","0","0","","","0","","1","","40 28:07.698","","0","79 55:04.148","0","0","0","0","2301","0","0","0","N","0","0","0","1","02301","0","","1.0","","1","N","N","","0","","0","0","1","","0","","","2","0","0","0","0","0","0","2","0","2","","","","N","","","","","","","","","",""
"2007078055","","0","0","0","1","0","0","0","0","0","8","0","","02","7","2007","6","40.429943","-80.008227","1223","11","0","0","0","0","0","1","0","0","","0","0","0","","","1","","0","","40 25:47.794","","0","80 00:29.617","4","0","0","0","2301","1","0","0","N","0","0","0","2","02301","1","","5.0","","1","N","N","","0","","0","0","1","","0","","","2","1","0","0","0","0","0","2","0","1","","","","N","","","","","","","","","",""
"2007078056","","1","0","0","0","0","0","0","0","0","7","0","","02","7","2007","4","40.479132","-80.042852","0758","11","0","0","0","0","0","0","0","0","","0","0","0","","","0","","0","","40 28:44.876","","0","80 02:34.268","0","0","0","0","2301","0","0","0","N","0","0","0","1","02301","0","","4.0","","9","N","N","","0","","0","0","0","","0","","","1","0","0","0","0","0","0","2","0","1","","","","N","","","","","","","","","",""
"2007078058","","1","0","0","0","0","0","0","0","0","7","0","","02","7","2007","6","40.435139","-79.947083","1702","11","0","0","0","0","0","0","0","0","","0","0","0","","","1","","7","","40 26:06.500","","0","79 56:49.500","3","0","0","0","2301","0","0","0","N","0","0","0","1","02301","0","","4.0","","9","N","N","","0","","1","0","0","","0","","","1","1","0","0","0","0","0","2","0","1","","","","N","","","","","","","","","",""
"2007078059","","3","0","0","0","0","0","0","0","0","5","0","","02","7","2007","3","40.456955","-79.935019","1630","11","0","0","0","0","0","0","1","0","1","0","0","0","","","0","","0","","40 27:25.038","4","0","79 56:06.068","0","0","0","0","2301","0","0","0","N","0","0","0","1","02301","0","","1.0","","1","N","N","","1","","0","0","0","","0","N","","4","0","0","0","0","0","0","2","0","4","","","","N","","","","","","","","","",""
"2007078060","","1","0","0","0","0","0","0","0","0","7","0","","02","7","2007","1","40.4509","-79.9771","0756","11","0","0","0","0","0","1","0","0","1","0","0","0","","","1","","0","","40 27:03.240","3","0","79 58:37.560","8","0","0","0","2301","0","0","0","N","0","0","0","1","02301","0","","4.0","","9","N","N","","0","","0","0","0","","0","N","","1","1","0","0","0","1","0","2","0","1","","","","N","","","","","","","","","",""
"2007078061","","1","0","0","0","0","0","0","0","0","1","0","","02","7","2007","4","40.4334","-79.9963","1504","11","0","0","0","0","0","0","0","0","","0","0","0","","","1","","0","","40 26:00.240","","4","79 59:46.680","8","0","0","0","2301","0","0","0","N","0","0","0","4","02301","0","","1.0","","1","N","N","","1","","0","0","0","","2","","","2","1","0","0","0","1","0","2","0","2","","","","N","","","","","","","","","",""
"2007078062","","2","0","0","0","0","0","0","0","0","1","0","","02","7","2007","4","40.399722","-80.044299","0940","11","0","0","0","0","0","0","0","0","","0","0","0","","","1","","1","","40 23:59.000","","0","80 02:39.478","8","0","0","0","2301","0","0","0","N","0","0","0","2","02301","0","","1.0","","1","N","N","","0","","0","0","0","","2","","","2","1","0","0","0","1","0","2","0","2","","","","N","","","","","","","","","",""
"2007078063","","0","0","0","0","0","0","0","0","0","4","0","","02","7","2007","4","40.398327","-80.026313","1704","11","0","0","0","0","0","0","0","0","","0","0","0","","","0","","1","","40 23:53.978","","0","80 01:34.725","0","0","0","0","2301","0","0","0","N","0","0","0","2","02301","0","","1.0","","1","N","N","","0","","0","0","2","","2","","","2","0","0","0","0","0","0","2","0","2","","","","N","","","","","","","","","",""
"2007078064","","1","0","0","0","0","0","0","0","0","7","0","","02","7","2007","6","40.423556","-79.973833","2316","11","0","0","0","0","0","1","0","0","","0","0","0","","","1","","0","","40 25:24.800","","0","79 58:25.800","8","0","0","0","2301","0","0","0","N","0","0","0","4","02301","0","","5.0","","1","N","N","","0","","0","0","0","","0","","","1","1","0","0","0","1","0","2","0","1","","","","N","","","","","","","","","",""
"2007078076","","0","0","0","0","0","0","0","0","0","7","0","","02","7","2007","5","40.416694","-79.973028","1100","11","0","0","0","0","0","0","0","0","","0","0","0","","","1","","0","","40 25:00.100","","0","79 58:22.900","4","0","0","0","2301","0","0","0","N","0","0","0","1","02301","1","","2.0","","1","N","N","","0","","0","0","0","","0","","","1","1","1","0","0","0","0","2","1","1","","","","N","","","","","","","","","",""
"2007078077","","1","0","0","0","0","0","0","0","0","1","0","","02","7","2007","5","40.396195","-80.023707","1408","11","0","0","0","0","0","0","0","1","","0","0","0","","","1","","1","","40 23:46.302","","0","80 01:25.345","8","0","0","0","2301","0","0","0","N","0","0","0","3","02301","0","","1.0","","1","N","N","","0","","0","0","1","","2","","","2","1","3","0","0","1","0","2","0","2","","","","N","","","","","","","","","",""
"2007078078","","0","0","0","0","0","0","0","0","0","1","0","","02","7","2007","5","40.425","-80.0311","1624","11","0","0","0","0","0","1","0","0","","0","0","0","","","1","","7","","40 25:30.000","","2","80 01:51.960","4","0","0","0","2301","0","0","0","N","0","0","0","3","02301","1","","1.0","","1","N","N","","1","","0","0","1","","0","","","2","1","0","0","0","0","0","2","0","2","","","","N","","","","","","","","","",""
"2007078079","","1","0","0","0","0","0","0","0","0","8","0","","02","7","2007","5","40.440743","-79.995968","0850","11","0","0","0","0","0","0","0","0","","0","0","0","","","1","","1","","40 26:26.674","","0","79 59:45.484","8","0","0","0","2301","1","0","0","N","1","0","0","2","02301","0","","1.0","","1","N","N","","0","","0","0","0","","2","","","2","1","0","0","0","1","1","2","0","1","","","","N","","","","","","","","","",""
"2007078080","","1","0","0","0","0","0","0","0","0","7","1","","02","7","2007","6","40.4355","-79.9837","0745","11","0","0","0","0","0","0","0","0","","0","1","0","","","0","","0","","40 26:07.800","","0","79 59:01.320","0","0","0","0","2301","0","0","0","N","0","0","0","2","02301","0","","3.0","","1","N","N","","0","","0","0","0","","0","","","2","0","0","0","0","0","0","2","0","2","","","","N","","","","","","","","","",""
"2007078081","","1","0","0","0","0","0","0","0","0","4","0","","02","7","2007","7","","","0100","11","0","0","0","0","0","0","0","0","1","0","0","0","","","1","","0","","","4","0","","3","0","0","0","2301","0","0","0","N","0","0","0","2","02301","0","","1.0","","1","N","N","","1","","1","0","0","","0","Y","","2","1","0","0","0","0","0","1","0","2","","","","N","","","","","","","","","",""
"2007078089","","1","0","0","0","0","0","0","0","0","5","0","","02","8","2007","2","40.387318","-79.799345","1535","11","0","0","0","0","0","0","0","1","","0","0","0","","","0","","10","","40 23:14.344","","0","79 47:57.642","0","0","0","0","2424","0","0","0","N","0","0","0","3","02424","0","","1.0","","1","N","N","","1","","0","0","0","","0","","","2","0","0","0","0","0","0","2","0","2","","","","N","","","","","","","","","",""
"2007078098","","1","0","0","0","0","0","0","0","0","7","0","","02","8","2007","3","40.3187","-79.8992","2015","11","0","0","0","0","0","0","0","0","","0","0","0","","","0","","0","","40 19:07.320","","0","79 53:57.120","0","0","0","0","2303","0","0","0","N","0","0","0","1","02303","0","","3.0","","1","N","N","","0","","0","0","0","","0","","","2","0","1","0","0","0","0","2","0","1","","","","N","","","","","","","","","",""
"2007078103","","1","0","0","0","0","0","0","0","0","7","0","","02","8","2007","1","40.479978","-79.726911","","11","0","0","0","0","0","0","0","0","","0","0","0","","","0","","0","","40 28:47.921","","0","79 43:36.880","0","0","0","0","2466","0","0","0","N","0","0","0","1","02466","0","","2.0","","9","N","N","","0","","0","0","0","","0","","","1","0","0","0","0","0","0","2","0","1","","","","N","","","","","","","","","",""
"2007078110","","0","0","0","0","0","0","0","0","0","4","0","","02","8","2007","3","40.374722","-80.115186","1500","11","0","0","0","0","0","0","1","0","1","0","0","0","","","2","","1","","40 22:29.000","5","0","80 06:54.668","4","0","0","0","2102","0","0","0","N","0","0","0","5","02102","1","","1.0","","1","N","N","","0","","0","0","1","","2","Y","","2","2","1","0","0","1","0","2","1","2","","","","N","","","","","","","","","",""
"2007078111","","0","0","0","0","0","0","0","0","0","8","0","","02","8","2007","4","40.400917","-79.905806","1758","11","0","0","0","0","1","0","0","0","","0","0","0","","","1","","0","","40 24:03.300","","0","79 54:20.900","3","0","0","0","2438","1","0","0","","1","0","0","2","02438","0","","1.0","","1","","","","0","","1","0","1","","0","","","2","1","1","0","0","0","0","2","0","1","","","","N","","","","","","","","","",""
"2007078117","","0","0","0","0","0","0","0","0","0","7","0","","02","7","2007","2","40.537778","-79.962397","0034","11","0","0","0","0","0","0","0","0","1","0","0","0","","","1","","0","","40 32:16.000","2","0","79 57:44.629","2","0","1","1","2118","0","0","0","N","0","0","0","1","02118","0","","3.0","","1","N","N","","0","","0","1","0","","0","N","","1","1","0","0","0","0","0","2","0","1","","","","N","","","","","","","","","",""
"2007078120","","1","0","0","0","0","0","0","0","0","4","0","","02","7","2007","3","40.43","-79.808612","1707","11","0","1","0","0","0","0","0","0","","0","0","0","","","0","","1","","40 25:48.000","","0","79 48:31.003","0","0","0","0","2124","0","0","0","N","0","0","0","3","02124","0","","1.0","","1","N","N","","0","","0","0","1","","2","","","2","0","0","0","0","0","0","2","0","2","","","","N","","","","","","","","","",""
"2007078121","","0","0","0","0","0","0","0","0","0","0","0","","02","7","2007","3","40.355556","-80.028126","1926","11","0","0","0","0","0","1","0","0","1","0","0","0","","","1","","0","","40 21:20.000","2","0","80 01:41.254","4","0","0","1","2407","0","0","0","N","0","0","0","1","02407","1","","1.0","","1","N","N","","0","","0","0","0","","0","N","","1","1","0","0","0","0","0","2","0","1","","","","N","","","","","","","","","",""
"2007078150","","2","0","0","0","0","0","0","0","0","1","0","","02","8","2007","3","40.3965","-80.0661","1658","11","0","0","0","0","0","1","1","0","1","0","0","0","","","1","","0","","40 23:47.400","2","0","80 03:57.960","4","0","0","0","2117","0","0","0","N","0","0","0","3","02117","1","","1.0","","9","N","N","","0","","0","0","1","","2","N","","3","1","0","0","0","0","0","2","0","3","","","","N","","","","","","","","","",""
"2007078192","","2","0","0","0","0","0","0","0","0","4","0","","02","7","2007","7","40.457857","-80.001919","1137","11","0","0","0","0","0","0","1","0","","0","0","0","","","0","","0","","40 27:28.285","","0","80 00:06.908","0","0","0","0","2301","0","0","0","N","0","0","0","2","02301","0","","1.0","","1","N","N","","0","","0","0","0","","0","","","2","0","0","0","0","0","0","2","0","2","","","","N","","","","","","","","","",""
"2007078204","","1","0","0","0","0","0","0","0","0","1","0","","02","7","2007","2","40.574167","-80.037129","1733","11","0","0","0","0","0","1","0","0","3","0","0","0","","","1","","0","","40 34:27.000","5","0","80 02:13.663","8","0","0","1","2108","0","0","0","N","0","0","0","3","02108","0","","1.0","","1","N","N","","0","","0","0","0","","0","N","","2","1","0","0","0","1","0","2","0","2","","","","N","","","","","","","","","",""
"2007078205","","1","0","0","0","0","0","0","0","0","7","0","","02","7","2007","4","40.592778","-80.059127","0135","11","0","1","0","0","0","0","0","0","1","0","0","0","","","1","","0","","40 35:34.000","3","0","80 03:32.858","4","0","0","0","2108","0","0","0","N","0","0","0","1","02108","1","","2.0","","1","N","N","","0","","0","0","0","","0","N","","1","1","0","0","0","0","0","2","0","1","","","","N","","","","","","","","","",""
"2007078235","","1","0","0","0","0","0","0","0","0","1","0","45","02","6","2007","7","40.571944","-80.117508","1733","11","0","0","0","0","0","0","0","0","2","0","0","0","","","1","","0","","40 34:19.000","2","0","80 07:03.028","8","0","0","1","2215","0","0","0","N","0","0","0","2","68B03","0","","1.0","","1","N","N","","0","","0","0","0","","0","N","","2","1","0","0","0","1","0","2","0","2","","","N","Y","4","1","","","N","Y","","","",""
"2007078243","","1","0","0","0","0","0","0","0","0","2","0","","02","7","2007","4","40.45289","-79.920715","1515","11","0","0","0","0","0","0","0","0","","0","0","0","","","2","","1","","40 27:10.404","","0","79 55:14.574","8","0","0","0","2301","0","0","0","N","0","0","0","2","02301","0","","1.0","","1","N","N","","0","","0","0","0","","2","","","2","2","0","0","0","2","0","2","1","2","","","","N","","","","","","","","","",""
"2007078244","","1","0","0","0","0","0","0","0","0","7","0","","02","7","2007","6","40.410556","-80.005876","2251","11","0","0","0","0","1","0","0","0","","0","0","0","","","1","","2","","40 24:38.000","","0","80 00:21.154","3","0","0","0","2301","0","0","0","N","0","0","0","2","02301","0","","3.0","","98","N","N","","0","","1","0","0","","2","","","1","1","0","0","0","0","0","2","0","1","","","","N","","","","","","","","","",""
"2007078245","","1","0","0","1","0","1","0","0","0","8","0","","02","7","2007","5","40.449468","-79.975646","1752","11","0","0","0","0","0","0","0","0","1","0","0","0","","","1","","0","","40 26:58.084","6","0","79 58:32.325","2","0","0","0","2301","1","0","1","N","0","0","0","2","02301","0","","1.0","","1","N","N","","0","","0","1","0","","0","N","","2","1","0","0","0","0","1","2","0","1","","","","N","","","","","","","","","",""
"2007078246","","1","0","0","0","0","0","0","0","0","7","0","","02","8","2007","3","40.366995","-80.081187","1713","11","0","0","1","0","0","0","0","0","1","0","0","0","","","2","","1","","40 22:01.182","6","0","80 04:52.273","4","0","0","0","2117","0","0","0","N","0","0","0","3","02117","1","","5.0","","1","N","N","","0","","0","0","0","","0","N","","1","2","3","0","0","1","0","2","0","1","","","","N","","","","","","","","","",""
"2007078252","","0","0","0","0","0","0","0","0","0","1","0","","02","8","2007","3","40.594444","-79.947758","2024","11","0","0","1","0","0","1","0","0","","0","0","0","","","2","","3","","40 35:40.000","","0","79 56:51.927","8","0","0","0","2207","0","0","0","N","0","0","0","3","02207","0","","1.0","","1","N","N","","0","","0","0","2","","3","","","2","2","1","0","0","2","0","2","0","2","","","","N","","","","","","","","","",""
"2007078264","","1","0","0","0","0","0","0","0","0","7","0","","02","8","2007","2","40.425556","-80.041623","0330","11","0","0","0","0","0","0","0","0","","0","0","0","","","0","","0","","40 25:32.000","","0","80 02:29.842","0","0","0","0","2435","0","0","0","N","0","0","0","1","02435","0","","9.0","","1","N","N","","0","","0","0","0","","0","","","1","0","0","0","0","0","0","2","0","1","","","","N","","","","","","","","","",""
"2007078271","","1","0","0","0","0","0","0","0","0","1","0","","02","8","2007","5","40.324791","-80.065498","1356","11","0","0","0","0","0","1","0","0","1","0","0","0","","","0","","1","","40 19:29.249","3","0","80 03:55.793","0","0","0","0","2123","0","0","0","N","0","0","0","2","02123","0","","1.0","","1","N","N","","1","","0","0","0","","0","N","","2","0","0","0","0","0","0","2","0","2","","","","N","","","","","","","","","",""
"2007078279","","1","0","0","0","0","0","0","0","0","6","0","","02","8","2007","3","40.594722","-79.977856","1340","11","0","0","0","0","0","0","0","0","1","0","0","0","","","1","","0","","40 35:41.000","3","0","79 58:40.280","4","0","0","0","2207","0","0","0","N","0","0","0","2","02207","1","","1.0","","9","N","N","","1","","0","0","0","","0","N","","2","1","0","0","0","0","0","2","0","2","","","","N","","","","","","","","","",""
"2007078299","","2","0","0","0","0","0","0","0","0","1","0","","02","8","2007","4","40.410278","-80.084214","1216","11","0","1","0","0","0","0","1","0","2","0","0","0","","","1","","1","","40 24:37.000","4","0","80 05:03.171","4","0","0","0","2415","0","0","0","N","0","0","0","3","02415","1","","1.0","","1","N","N","","0","","0","0","0","","0","N","","2","1","0","0","0","0","0","2","0","2","","","","N","","","","","","","","","",""
"2007078303","","1","0","0","0","0","0","0","0","0","4","0","","02","8","2007","4","40.4018","-80.0677","1000","11","0","0","0","0","0","1","0","0","5","0","0","0","","","0","","1","","40 24:06.480","3","0","80 04:03.720","0","0","0","0","2415","0","0","0","N","0","0","0","3","02415","0","","1.0","","1","N","N","","1","","0","0","0","","3","Y","","2","0","2","0","0","0","0","2","0","2","","","","N","","","","","","","","","",""
"2007078306","","1","0","0","0","0","0","0","0","0","1","0","","02","8","2007","4","40.608611","-79.968305","1200","11","0","0","0","0","0","0","0","0","1","0","0","0","","","0","","3","","40 36:31.000","3","0","79 58:05.899","0","0","0","0","2207","0","0","0","N","0","0","0","3","02207","0","","1.0","","1","N","N","","0","","0","0","1","","3","N","","2","0","0","0","0","0","0","2","0","2","","","","N","","","","","","","","","",""
"2007078319","","0","0","0","0","0","0","0","0","0","1","0","","02","8","2007","4","40.475","-79.767981","1618","11","0","0","0","0","0","0","0","0","2","0","0","0","","","2","","2","","40 28:30.000","6","0","79 46:04.732","8","0","0","0","2466","0","0","0","N","0","0","0","5","02466","0","","1.0","","1","N","N","","0","","0","0","1","","3","N","","2","2","1","0","0","2","0","2","1","2","","","","N","","","","","","","","","",""
"2007078322","","2","0","0","0","0","0","0","0","0","4","0","","02","8","2007","4","40.438611","-79.765357","1708","11","0","0","0","0","0","2","0","0","1","0","0","0","","","0","","0","","40 26:19.000","3","7","79 45:55.285","0","0","0","0","2446","0","0","0","N","0","0","0","2","02446","0","","1.0","","1","N","N","","0","","0","0","0","","0","N","","2","0","0","0","0","0","0","2","0","2","","","","N","","","","","","","","","",""
"2007078329","","1","0","0","0","0","0","0","0","0","7","0","","02","8","2007","1","40.26801","-79.886711","2009","11","0","0","0","0","0","0","0","0","","0","0","0","","","0","","10","","40 16:04.835","","0","79 53:12.161","0","0","0","0","2428","0","0","0","N","0","0","0","1","02428","0","","5.0","","9","N","N","","0","","0","0","0","","0","","","1","0","0","0","0","0","0","2","0","1","","","","N","","","","","","","","","",""
"2007078334","","1","0","0","0","0","0","0","0","0","7","0","","02","8","2007","7","40.370111","-79.977639","2321","11","0","0","0","0","0","0","0","1","","0","0","0","","","1","","0","","40 22:12.400","","7","79 58:39.500","4","0","0","0","2413","0","0","0","N","0","0","0","1","02413","1","","5.0","","1","N","N","","0","","0","0","0","","0","","","1","1","0","0","0","0","0","2","0","1","","","","N","","","","","","","","","",""
"2007078336","","1","0","0","0","0","0","0","0","0","7","0","","02","8","2007","1","40.2433","-79.8715","2205","11","0","0","0","0","0","1","0","0","1","0","0","0","","","0","","0","","40 14:35.880","1","0","79 52:17.400","0","0","0","0","2204","0","0","0","N","0","0","0","2","02204","0","","3.0","","9","N","N","","0","","0","0","0","","0","N","","1","0","0","0","0","0","0","1","0","1","","","","N","","","","","","","","","",""
"2007078341","","2","0","0","0","0","0","0","0","0","1","0","","02","8","2007","3","40.427222","-79.721384","1004","11","0","0","0","0","0","1","0","0","","0","0","0","","","1","","1","","40 25:38.000","","0","79 43:16.984","4","0","0","0","2446","0","0","0","N","0","0","0","3","02446","1","","1.0","","1","N","N","","0","","0","0","0","","2","","","2","1","0","0","0","0","0","2","0","2","","","","N","","","","","","","","","",""
"2007078343","","1","0","0","0","0","0","0","0","0","1","0","","02","8","2007","4","40.438611","-79.766694","1212","11","0","1","0","0","0","0","0","0","1","0","0","0","","","0","","0","","40 26:19.000","4","0","79 46:00.100","0","0","0","0","2446","0","0","0","N","0","0","0","11","02446","0","","1.0","","1","N","N","","1","","0","0","2","","0","N","","4","0","0","0","0","0","0","2","0","4","","","","N","","","","","","","","","",""
"2007078346","","0","0","0","0","0","0","0","0","0","0","0","","02","8","2007","4","40.586944","-79.828963","0604","11","0","0","0","0","0","0","0","0","","0","0","0","","","1","","0","","40 35:13.000","","0","79 49:44.265","3","0","0","1","2209","0","0","0","N","0","0","0","2","02209","0","","1.0","","9","N","N","","1","","1","0","0","","0","","","2","1","0","0","0","0","0","2","0","2","","","","N","","","","","","","","","",""
"2007078347","","4","0","0","0","0","0","0","0","0","1","0","","02","8","2007","4","40.539416","-80.201029","0833","11","0","0","0","0","0","2","0","0","","0","0","0","","","1","","0","","40 32:21.899","","0","80 12:03.704","4","0","0","0","2213","0","0","0","N","0","0","0","5","02213","1","","1.0","","1","N","N","","0","","0","0","0","","2","","","4","1","0","0","0","0","0","2","0","4","","","","N","","","","","","","","","",""
"2007078386","","2","0","0","0","0","0","0","0","0","1","0","","02","7","2007","1","40.3308","-80.0222","","11","0","0","1","0","0","1","0","0","","0","0","0","","","1","","0","","40 19:50.880","","0","80 01:19.920","4","0","0","0","2407","0","0","0","N","0","0","0","2","02501","1","","1.0","","1","N","N","","0","","0","0","0","","0","","","2","1","0","0","0","0","0","2","0","2","","","","N","","","","","","","","","",""
"2007078388","","0","0","0","0","0","0","0","0","0","7","0","","02","4","2007","1","40.375","-79.898561","0449","11","0","0","0","0","0","0","0","0","1","0","0","0","","","1","","0","","40 22:30.000","6","0","79 53:54.820","4","0","0","0","2473","0","0","0","N","0","0","0","1","02473","1","","2.0","","1","N","N","","1","","0","0","0","","0","Y","","1","1","0","0","0","0","0","2","0","1","","","","N","","","","","","","","","",""
"2007078389","","0","0","0","0","0","0","0","0","0","7","0","","02","5","2007","3","40.332013","-79.920161","1344","11","0","0","0","0","0","0","0","0","2","0","0","0","","","0","","0","","40 19:55.247","3","0","79 55:12.579","0","0","0","0","2473","0","0","0","N","0","0","0","1","02473","0","","4.0","","1","N","N","","0","","0","0","1","","0","N","","1","0","1","0","0","0","0","2","0","1","","","","N","","","","","","","","","",""
"2007078390","","0","0","0","0","0","0","0","0","0","7","0","","02","5","2007","4","40.365556","-79.859337","0711","11","0","0","1","0","0","0","0","0","","0","0","0","","","0","","1","","40 21:56.000","","0","79 51:33.614","0","0","0","0","2473","0","0","0","N","0","0","0","1","02473","0","","4.0","","1","N","N","","0","","0","0","1","","3","","","1","0","0","0","0","0","0","2","0","1","","","","N","","","","","","","","","",""
"2007078391","","2","0","0","0","0","0","0","0","0","1","0","","02","5","2007","6","40.352552","-79.905852","1803","11","0","0","0","0","1","1","0","0","1","0","0","0","","","0","","0","","40 21:09.187","3","0","79 54:21.067","0","0","0","0","2473","0","0","0","N","0","0","0","2","02473","0","","1.0","","1","N","N","","0","","0","0","0","","0","Y","","2","0","0","0","0","0","0","2","0","2","","","","N","","","","","","","","","",""
"2007078392","","2","0","0","0","0","0","0","0","0","4","0","","02","5","2007","3","40.348889","-79.927036","1614","11","0","0","0","0","0","1","1","0","1","0","0","0","","","0","","0","","40 20:56.000","1","0","79 55:37.331","0","0","0","0","2473","0","0","0","N","0","0","0","2","02473","0","","1.0","","1","N","N","","0","","0","0","0","","0","Y","","2","0","0","0","0","0","0","2","0","2","","","","N","","","","","","","","","",""
"2007078393","","0","0","0","0","0","0","0","0","0","4","0","","02","4","2007","1","40.36571","-79.864003","1628","11","0","0","0","0","0","0","0","0","","0","1","0","","","0","","1","","40 21:56.556","","0","79 51:50.410","0","0","0","0","2473","0","0","0","N","0","0","0","3","02473","0","","1.0","","1","N","N","","1","","0","0","0","","3","","","2","0","0","0","0","0","0","2","0","2","","","","N","","","","","","","","","",""
"2007078394","","2","0","0","0","0","0","0","0","0","1","0","","02","5","2007","6","40.3857","-79.8643","2127","11","0","0","0","0","0","1","0","0","1","0","0","0","","","1","","0","","40 23:08.520","2","0","79 51:51.480","8","0","0","0","2473","0","0","0","N","0","0","0","3","02473","0","","1.0","","1","N","N","","0","","0","0","0","","0","N","","2","1","0","0","0","1","0","2","0","2","","","","N","","","","","","","","","",""
"2007078395","","0","0","0","0","0","0","0","0","0","0","0","","02","5","2007","3","40.347434","-79.950514","1703","11","0","0","0","0","0","0","0","0","","0","0","0","","","1","","2","","40 20:50.762","","0","79 57:01.850","4","0","0","1","2473","0","0","0","N","0","0","0","1","02473","1","","1.0","","1","N","N","","0","","0","0","0","","0","","","2","1","0","0","0","0","0","2","0","1","","","","N","","","","","","","","","",""
"2007078396","","0","0","0","0","0","0","0","0","0","0","0","","02","4","2007","7","40.33043","-79.917332","2126","11","0","0","0","0","0","0","0","0","3","0","0","0","","","1","","0","","40 19:49.547","6","0","79 55:02.394","8","0","0","0","2473","0","0","0","N","0","0","0","1","02473","0","","1.0","","1","N","N","","0","","0","0","1","","0","Y","","1","1","0","0","0","1","0","2","0","1","","","","N","","","","","","","","","",""