"CRN","ARRIVAL_TM","AUTOMOBILE_COUNT","BELTED_DEATH_COUNT","BELTED_SUSP_SERIOUS_INJ_COUNT","BICYCLE_COUNT","BICYCLE_DEATH_COUNT","BICYCLE_SUSP_SERIOUS_INJ_COUNT","BUS_COUNT","CHLDPAS_DEATH_COUNT","CHLDPAS_SUSP_SERIOUS_INJ_COUNT","COLLISION_TYPE","COMM_VEH_COUNT","CONS_ZONE_SPD_LIM","COUNTY","CRASH_MONTH","CRASH_YEAR","DAY_OF_WEEK","DEC_LATITUDE","DEC_LONGITUDE","DISPATCH_TM","DISTRICT","DRIVER_COUNT_16YR","DRIVER_COUNT_17YR","DRIVER_COUNT_18YR","DRIVER_COUNT_19YR","DRIVER_COUNT_20YR","DRIVER_COUNT_50_64YR","DRIVER_COUNT_65_74YR","DRIVER_COUNT_75PLUS","EST_HRS_CLOSED","FATAL_COUNT","HEAVY_TRUCK_COUNT","HORSE_BUGGY_COUNT","HOUR_OF_DAY","ILLUMINATION","INJURY_COUNT","INTERSECTION_RELATED","INTERSECT_TYPE","LANE_CLOSED","LATITUDE","LN_CLOSE_DIR","LOCATION_TYPE","LONGITUDE","MAX_SEVERITY_LEVEL","MCYCLE_DEATH_COUNT","MCYCLE_SUSP_SERIOUS_INJ_COUNT","MOTORCYCLE_COUNT","MUNICIPALITY","NONMOTR_COUNT","NONMOTR_DEATH_COUNT","NONMOTR_SUSP_SERIOUS_INJ_COUNT","NTFY_HIWY_MAINT","PED_COUNT","PED_DEATH_COUNT","PED_SUSP_SERIOUS_INJ_COUNT","PERSON_COUNT","POLICE_AGCY","POSSIBLE_INJ_COUNT","RDWY_SURF_TYPE_CD","RELATION_TO_ROAD","ROADWAY_CLEARED","ROAD_CONDITION","SCH_BUS_IND","SCH_ZONE_IND","SECONDARY_CRASH","SMALL_TRUCK_COUNT","SPEC_JURIS_CD","SUSP_MINOR_INJ_COUNT","SUSP_SERIOUS_INJ_COUNT","SUV_COUNT","TCD_FUNC_CD","TCD_TYPE","TFC_DETOUR_IND","TIME_OF_DAY","TOTAL_UNITS","TOT_INJ_COUNT","UNBELTED_OCC_COUNT","UNB_DEATH_COUNT","UNB_SUSP_SERIOUS_INJ_COUNT","UNK_INJ_DEG_COUNT","UNK_INJ_PER_COUNT","URBAN_RURAL","VAN_COUNT","VEHICLE_COUNT","WEATHER1","WEATHER2","WORKERS_PRES","WORK_ZONE_IND","WORK_ZONE_LOC","WORK_ZONE_TYPE","WZ_CLOSE_DETOUR","WZ_FLAGGER","WZ_LAW_OFFCR_IND","WZ_LN_CLOSURE","WZ_MOVING","WZ_OTHER","WZ_SHLDER_MDN","WZ_WORKERS_INJ_KILLED"
"2007078397","","1","0","0","0","0","0","0","0","0","1","0","","02","4","2007","4","40.348","-79.9496","2050","11","0","0","0","0","0","1","0","0","","0","0","0","","","1","","0","","40 20:52.800","","7","79 56:58.560","4","0","0","0","2473","0","0","0","N","0","0","0","5","02473","1","","1.0","","1","N","N","","0","","0","0","0","","2","","","2","1","0","0","0","0","0","2","1","2","","","","N","","","","","","","","","",""
"2007078398","","2","0","0","0","0","0","0","0","0","1","0","","02","4","2007","4","40.3516","-79.921","1416","11","0","0","1","0","0","0","0","0","1","0","0","0","","","0","","0","","40 21:05.760","3","0","79 55:15.600","0","0","0","0","2473","0","0","0","N","0","0","0","2","02473","0","","1.0","","1","N","N","","0","","0","0","0","","0","Y","","2","0","0","0","0","0","0","2","0","2","","","","N","","","","","","","","","",""
"2007078399","","0","0","0","0","0","0","0","0","0","7","0","","02","4","2007","3","40.360556","-79.868566","1411","11","0","0","0","0","0","0","0","0","3","0","0","0","","","1","","0","","40 21:38.000","6","0","79 52:06.837","8","0","0","0","2473","0","0","0","N","0","0","0","1","02473","0","","4.0","","1","N","N","","0","","0","0","1","","0","Y","","1","1","0","0","0","1","0","2","0","1","","","","N","","","","","","","","","",""
"2007078400","","1","0","0","0","0","0","0","0","0","4","0","","02","5","2007","3","40.34487","-79.961188","1626","11","0","0","0","1","0","0","0","1","1","0","0","0","","","1","","1","","40 20:41.533","6","0","79 57:40.278","8","0","0","0","2473","0","0","0","N","0","0","0","2","02473","0","","1.0","","1","N","N","","1","","0","0","0","","3","N","","2","1","1","0","0","1","0","2","0","2","","","","N","","","","","","","","","",""
"2007078401","","2","0","0","0","0","0","0","0","0","1","0","","02","4","2007","3","40.347758","-79.951848","1747","11","0","0","0","0","0","1","0","0","","0","0","0","","","1","","1","","40 20:51.930","","0","79 57:06.652","4","0","0","0","2473","0","0","0","N","0","0","0","3","02473","1","","1.0","","1","N","N","","0","","0","0","0","","2","","","2","1","0","0","0","0","0","2","0","2","","","","N","","","","","","","","","",""
"2007078402","","1","0","0","0","0","0","0","0","0","1","0","","02","4","2007","5","40.354226","-79.913755","1100","11","0","0","0","0","0","0","1","0","1","0","0","0","","","0","","0","","40 21:15.215","4","0","79 54:49.517","0","0","0","0","2473","0","0","0","N","0","0","0","2","02473","0","","1.0","","1","N","N","","0","","0","0","1","","2","N","","2","0","0","0","0","0","0","2","0","2","","","","N","","","","","","","","","",""
"2007078403","","2","0","0","0","0","0","0","0","0","1","0","","02","5","2007","1","40.364222","-79.842506","2011","11","0","0","0","0","0","1","0","0","1","0","0","0","","","3","","0","","40 21:51.198","4","0","79 50:33.021","3","0","0","0","2473","0","0","0","N","0","0","0","5","02473","2","","1.0","","1","N","N","","0","","1","0","0","","0","N","","2","3","0","0","0","0","0","2","0","2","","","","N","","","","","","","","","",""
"2007078404","","3","0","0","0","0","0","0","0","0","1","0","","02","7","2007","2","40.440642","-79.897596","1609","11","0","0","0","0","0","1","0","0","","0","0","0","","","1","","0","","40 26:26.311","","0","79 53:51.345","8","0","0","0","2301","0","0","0","N","0","0","0","3","02301","0","","1.0","","1","N","N","","0","","0","0","0","","2","","","3","1","0","0","0","1","0","2","0","3","","","","N","","","","","","","","","",""
"2007078405","","1","0","0","0","0","0","0","0","0","1","0","","02","7","2007","1","40.446476","-79.951885","2107","11","0","0","0","0","0","1","0","0","1","0","0","0","","","1","","1","","40 26:47.313","4","0","79 57:06.786","8","0","0","0","2301","0","0","0","N","0","0","0","4","02301","0","","1.0","","1","N","N","","1","","0","0","0","","2","N","","2","1","1","0","0","1","0","2","0","2","","","","N","","","","","","","","","",""
"2007078425","","3","0","0","0","0","0","0","0","0","1","0","","02","5","2007","4","40.343889","-79.938607","1824","11","0","0","0","1","0","0","0","0","1","0","0","0","","","0","","0","","40 20:38.000","2","0","79 56:18.985","0","0","0","0","2473","0","0","0","N","0","0","0","3","02473","0","","1.0","","1","N","N","","0","","0","0","0","","0","Y","","3","0","0","0","0","0","0","2","0","3","","","","N","","","","","","","","","",""
"2007078426","","1","0","0","0","0","0","0","0","0","1","0","","02","5","2007","6","40.350278","-79.926999","1227","11","0","0","0","0","0","2","0","0","1","0","0","0","","","0","","2","","40 21:01.000","1","7","79 55:37.197","0","0","0","0","2473","0","0","0","N","0","0","0","2","02473","0","","1.0","","1","N","N","","0","","0","0","1","","2","Y","","2","0","1","0","0","0","0","2","0","2","","","","N","","","","","","","","","",""
"2007078427","","1","0","0","0","0","0","0","0","0","1","0","","02","5","2007","2","40.353611","-79.957338","1900","11","0","0","0","0","0","1","0","0","","0","0","0","","","0","","0","","40 21:13.000","","0","79 57:26.416","0","0","0","0","2473","0","0","0","N","0","0","0","2","02473","0","","1.0","","1","N","N","","1","","0","0","0","","0","","","2","0","0","0","0","0","0","2","0","2","","","","N","","","","","","","","","",""
"2007078428","","1","0","0","0","0","0","0","0","0","1","0","","02","4","2007","1","40.353333","-79.956172","2013","11","0","0","0","0","0","0","0","0","","0","0","0","","","0","","0","","40 21:12.000","","0","79 57:22.218","0","0","0","0","2473","0","0","0","N","0","0","0","2","02473","0","","1.0","","9","N","N","","0","","0","0","1","","0","","","2","0","0","0","0","0","0","2","0","2","","","","N","","","","","","","","","",""
"2007078430","","1","0","0","0","0","0","0","0","0","1","0","","02","5","2007","4","40.354722","-79.956277","0836","11","0","0","0","0","0","1","0","0","","0","0","0","","","1","","3","","40 21:17.000","","0","79 57:22.598","3","0","0","1","2473","0","0","0","N","0","0","0","2","02473","0","","1.0","","1","N","N","","0","","1","0","0","","3","","","2","1","0","0","0","0","0","2","0","2","","","","N","","","","","","","","","",""
"2007078431","","0","0","0","0","0","0","0","0","0","7","0","","02","4","2007","6","40.3661","-79.8916","0006","11","0","0","0","0","0","0","0","0","1","0","0","0","","","1","","0","","40 21:57.960","6","0","79 53:29.760","8","0","0","0","2473","0","0","0","N","0","0","0","1","02473","0","","4.0","","1","N","N","","0","","0","0","1","","0","Y","","1","1","0","0","0","1","0","2","0","1","","","","N","","","","","","","","","",""
"2007078432","","2","0","0","0","0","0","0","0","0","99","0","","02","5","2007","5","40.371674","-79.873114","1124","11","0","0","0","0","0","1","0","1","1","0","0","0","","","1","","0","","40 22:18.026","5","0","79 52:23.210","4","0","0","0","2473","0","0","0","N","0","0","0","3","02473","1","","1.0","","1","N","N","","0","","0","0","0","","0","Y","","2","1","0","0","0","0","0","2","0","2","","","","N","","","","","","","","","",""
"2007078433","","0","0","0","0","0","0","0","0","0","1","0","","02","5","2007","3","40.35","-79.926997","1945","11","0","0","0","0","0","1","0","0","","0","0","0","","","1","","2","","40 21:00.000","","7","79 55:37.189","3","0","0","1","2473","0","0","0","N","0","0","0","2","02473","0","","1.0","","1","N","N","","0","","1","0","1","","2","","","2","1","1","0","0","0","0","2","0","2","","","","N","","","","","","","","","",""
"2007078434","","1","0","0","0","0","0","0","0","0","4","0","","02","5","2007","5","40.331667","-79.93323","1558","11","0","0","1","0","0","1","0","0","","0","0","0","","","0","","2","","40 19:54.000","","0","79 55:59.628","0","0","0","0","2473","0","0","0","N","0","0","0","2","02473","0","","1.0","","1","N","N","","0","","0","0","1","","2","","","2","0","0","0","0","0","0","2","0","2","","","","N","","","","","","","","","",""
"2007078435","","1","0","0","0","0","0","0","0","0","4","0","","02","4","2007","6","40.385","-79.862741","1119","11","0","0","0","0","0","0","0","0","2","0","0","0","","","4","","1","","40 23:06.000","2","0","79 51:45.866","3","0","0","0","2473","0","0","0","N","0","0","0","4","02473","1","","1.0","","1","N","N","","0","","3","0","1","","2","N","","2","4","2","0","0","0","0","2","0","2","","","","N","","","","","","","","","",""
"2007078437","","2","0","0","0","0","0","0","0","0","1","0","","02","5","2007","6","40.358889","-79.908297","1326","11","0","0","0","0","1","0","1","0","","0","0","0","","","2","","2","","40 21:32.000","","0","79 54:29.870","4","0","0","0","2473","0","0","0","N","0","0","0","2","02473","2","","1.0","","1","N","N","","0","","0","0","0","","0","","","2","2","0","0","0","0","0","2","0","2","","","","N","","","","","","","","","",""
"2007078454","","1","0","0","0","0","0","0","0","0","2","0","","02","7","2007","5","40.420178","-79.927346","0848","11","0","0","0","0","0","1","0","0","2","0","0","0","","","2","","0","","40 25:12.640","3","0","79 55:38.445","4","0","0","0","2301","0","0","0","N","0","0","0","5","02301","1","","1.0","","1","N","N","","1","","0","0","1","","0","Y","","3","2","0","0","0","1","0","2","0","3","","","","N","","","","","","","","","",""
"2007078455","","1","0","0","0","0","0","0","0","0","4","0","","02","6","2007","6","40.461897","-79.937608","2325","11","0","0","0","0","0","0","0","0","1","0","0","0","","","0","","1","","40 27:42.829","4","0","79 56:15.388","0","0","0","0","2301","0","0","0","N","0","0","0","2","02301","0","","1.0","","1","N","N","","0","","0","0","1","","1","N","","2","0","0","0","0","0","0","2","0","2","","","","N","","","","","","","","","",""
"2007078457","","1","0","0","0","0","0","0","0","0","4","0","","02","7","2007","4","40.453894","-79.93434","2120","11","0","0","0","0","0","0","0","0","","0","0","0","","","1","","2","","40 27:14.018","","0","79 56:03.624","8","0","0","0","2301","0","0","0","N","0","0","0","3","02301","0","","1.0","","1","N","N","","0","","0","0","1","","3","","","2","1","0","0","0","1","1","2","0","2","","","","N","","","","","","","","","",""
"2007078458","","0","0","0","0","0","0","0","0","0","8","0","","02","7","2007","4","40.448652","-80.002304","0925","11","0","0","0","0","0","0","0","0","","0","0","0","","","1","","1","","40 26:55.147","","0","80 00:08.294","8","0","0","0","2301","1","0","0","N","1","0","0","2","02301","0","","1.0","","1","N","N","","1","","0","0","0","","2","","","2","1","0","0","0","1","0","2","0","1","","","","N","","","","","","","","","",""
"2007078459","","1","0","0","0","0","0","0","0","0","4","1","","02","7","2007","2","40.453367","-79.979186","0017","11","0","0","0","0","0","0","0","0","","0","1","0","","","3","","1","","40 27:12.121","","0","79 58:45.069","2","0","0","0","2301","0","0","0","N","0","0","0","3","02301","2","","1.0","","1","N","N","","0","","0","1","0","","2","","","2","3","0","0","0","0","0","2","0","2","","","","N","","","","","","","","","",""
"2007078460","","1","0","0","0","0","0","0","0","0","6","0","","02","7","2007","7","40.454391","-79.896438","0725","11","0","0","0","0","0","0","1","0","","0","0","0","","","0","","0","","40 27:15.806","","0","79 53:47.175","0","0","0","0","2301","0","0","0","N","0","0","0","3","02301","0","","1.0","","1","N","N","","1","","0","0","0","","0","","","2","0","0","0","0","0","0","2","0","2","","","","N","","","","","","","","","",""
"2007078467","","2","0","0","0","0","0","0","0","0","4","0","","02","7","2007","7","40.439213","-79.956673","0851","11","0","0","1","0","0","0","0","0","","0","0","0","","","0","","1","","40 26:21.166","","0","79 57:24.022","0","0","0","0","2301","0","0","0","N","0","0","0","2","02301","0","","1.0","","1","N","N","","0","","0","0","0","","3","","","2","0","0","0","0","0","0","2","0","2","","","","N","","","","","","","","","",""
"2007078509","","1","0","0","0","0","0","0","0","0","1","1","","02","7","2007","2","40.426056","-79.891667","0915","11","0","0","0","0","0","0","0","0","","0","1","0","","","0","","0","","40 25:33.800","","0","79 53:30.000","9","0","0","0","2463","0","0","0","N","0","0","0","2","02463","0","","1.0","","1","N","N","","0","","0","0","0","","0","","","2","0","0","0","0","0","1","2","0","2","","","","N","","","","","","","","","",""
"2007078510","","1","0","0","0","0","0","0","0","0","7","0","","02","7","2007","6","40.423245","-79.891252","0306","11","0","0","0","0","0","0","0","0","1","0","0","0","","","1","","0","","40 25:23.682","1","0","79 53:28.507","8","0","0","0","2463","0","0","0","N","0","0","0","1","02463","0","","5.0","","1","N","N","","0","","0","0","0","","0","N","","1","1","0","0","0","1","0","2","0","1","","","","N","","","","","","","","","",""
"2007078511","","1","0","0","0","0","0","0","0","0","1","0","","02","7","2007","6","40.424263","-79.887661","1138","11","0","0","0","0","0","1","0","0","","0","0","0","","","1","","2","","40 25:27.346","","0","79 53:15.579","4","0","0","0","2463","0","0","0","N","0","0","0","5","02463","1","","1.0","","1","N","N","","1","","0","0","1","","0","","","3","1","0","0","0","0","0","2","0","3","","","","N","","","","","","","","","",""
"2007078596","","2","0","0","0","0","0","0","0","0","4","0","","02","7","2007","6","40.454","-79.9124","1450","11","0","0","0","0","0","0","0","0","","0","0","0","","","0","","1","","40 27:14.400","","0","79 54:44.640","0","0","0","0","2301","0","0","0","N","0","0","0","4","02301","0","","1.0","","1","N","N","","0","","0","0","0","","2","","","2","0","0","0","0","0","0","2","0","2","","","","N","","","","","","","","","",""
"2007078598","","0","0","0","0","0","0","0","0","0","8","0","","02","7","2007","7","40.464176","-79.929336","1506","11","0","0","0","0","0","0","0","0","","0","0","0","","","1","","0","","40 27:51.033","","0","79 55:45.609","4","0","0","1","2301","1","0","0","N","1","0","0","2","02301","1","","1.0","","1","N","N","","0","","0","0","0","","0","","","2","1","0","0","0","0","0","2","0","1","","","","N","","","","","","","","","",""
"2007078602","","2","0","0","0","0","0","0","0","0","2","0","","02","7","2007","7","40.459722","-79.907165","2200","11","0","0","0","0","0","0","0","1","","0","0","0","","","1","","2","","40 27:35.000","","0","79 54:25.794","3","0","0","0","2301","0","0","0","N","0","0","0","2","02301","0","","1.0","","1","N","N","","0","","1","0","0","","3","","","2","1","0","0","0","0","0","2","0","2","","","","N","","","","","","","","","",""
"2007078603","","1","0","0","0","0","0","0","0","0","1","0","","02","7","2007","5","40.468818","-79.908667","0506","11","0","0","0","0","0","1","0","0","","0","0","0","","","3","","0","","40 28:07.746","","0","79 54:31.200","8","0","0","0","2301","0","0","0","N","0","0","0","3","02301","0","","1.0","","9","N","N","","1","","0","0","0","","0","","","2","3","0","0","0","3","0","2","0","2","","","","N","","","","","","","","","",""
"2007078604","","1","0","0","0","0","0","0","0","0","7","0","","02","7","2007","1","40.457979","-79.942191","0344","11","0","0","0","0","0","0","0","0","1","0","0","0","","","0","","2","","40 27:28.724","5","0","79 56:31.887","9","0","0","0","2301","0","0","0","N","0","0","0","1","02301","0","","5.0","","1","N","N","","0","","0","0","0","","3","N","","1","0","0","0","0","0","1","2","0","1","","","","N","","","","","","","","","",""
"2007078605","","1","0","0","0","0","0","0","0","0","6","0","","02","7","2007","5","40.429048","-79.973434","1919","11","0","0","0","0","0","0","0","0","","0","0","0","","","0","","0","","40 25:44.572","","0","79 58:24.364","0","0","0","0","2301","0","0","0","N","0","0","0","2","02301","0","","1.0","","9","N","N","","1","","0","0","0","","0","","","2","0","0","0","0","0","0","2","0","2","","","","N","","","","","","","","","",""
"2007078606","","1","0","0","0","0","0","0","0","0","7","0","","02","7","2007","2","40.437583","-79.96527","0607","11","0","0","0","0","0","0","0","0","","0","0","0","","","0","","2","","40 26:15.298","","0","79 57:54.972","0","0","0","0","2301","0","0","0","N","0","0","0","0","02301","0","","4.0","","1","N","N","","0","","0","0","0","","0","","","1","0","0","0","0","0","0","2","0","1","","","","N","","","","","","","","","",""
"2007078607","","0","0","0","0","0","0","0","0","0","4","1","","02","7","2007","4","40.386641","-79.932101","0109","11","0","0","0","0","0","1","0","0","","0","1","0","","","1","","2","","40 23:11.908","","0","79 55:55.565","8","0","0","0","2301","0","0","0","N","0","0","0","3","02301","0","","7.0","","1","N","N","","0","","0","0","1","","4","","","2","1","0","0","0","1","0","2","0","2","","","","N","","","","","","","","","",""
"2007078608","","1","0","0","0","0","0","0","0","0","4","0","","02","7","2007","5","40.435","-79.956406","0709","11","0","0","0","0","0","0","0","0","","0","0","0","","","1","","1","","40 26:06.000","","0","79 57:23.061","8","0","0","0","2301","0","0","0","N","0","0","0","2","02301","0","","1.0","","1","N","N","","1","","0","0","0","","2","","","2","1","0","0","0","1","0","2","0","2","","","","N","","","","","","","","","",""
"2007078609","","1","0","0","0","0","0","0","0","0","7","0","","02","7","2007","4","40.417214","-79.995585","0059","11","0","0","0","0","0","0","0","0","","0","0","0","","","0","","0","","40 25:01.970","","0","79 59:44.106","9","0","0","0","2301","0","0","0","N","0","0","0","1","02301","0","","5.0","","1","N","N","","0","","0","0","0","","0","","","1","0","0","0","0","0","1","2","0","1","","","","N","","","","","","","","","",""
"2007078610","","2","0","0","0","0","0","0","0","0","1","0","","02","7","2007","4","40.478333","-80.042636","1719","11","0","0","0","0","1","1","0","0","2","0","0","0","","","0","","0","","40 28:42.000","1","0","80 02:33.491","0","0","0","0","2301","0","0","0","N","0","0","0","2","02301","0","","1.0","","1","N","N","","0","","0","0","0","","0","Y","","2","0","0","0","0","0","0","2","0","2","","","","N","","","","","","","","","",""
"2007078615","","0","0","0","0","0","0","0","0","0","5","0","","02","7","2007","3","40.462466","-79.959391","2110","11","0","0","0","0","0","0","0","0","","0","0","0","","","0","","2","","40 27:44.877","","0","79 57:33.807","0","0","0","0","2301","0","0","0","N","0","0","0","5","02301","0","","1.0","","1","N","N","","0","","0","0","1","","0","","","2","0","0","0","0","0","0","2","1","2","","","","N","","","","","","","","","",""
"2007078616","","0","0","0","0","0","0","0","0","0","8","0","","02","7","2007","3","40.457237","-79.934066","1127","11","0","0","0","0","0","0","0","0","","0","0","0","","","1","","1","","40 27:26.053","","0","79 56:02.637","8","0","0","0","2301","1","0","0","N","1","0","0","3","02301","0","","1.0","","1","N","N","","0","","0","0","1","","2","","","2","1","0","0","0","1","0","2","0","1","","","","N","","","","","","","","","",""
"2007078645","","1","0","0","0","0","0","0","0","0","1","0","","02","8","2007","4","40.47466","-80.095869","2119","11","0","0","0","0","0","1","0","0","","0","0","0","","","0","","0","","40 28:28.775","","0","80 05:45.129","0","0","0","0","2126","0","0","0","N","0","0","0","2","02126","0","","1.0","","1","N","N","","1","","0","0","0","","0","","","2","0","0","0","0","0","0","2","0","2","","","","N","","","","","","","","","",""
"2007078652","","0","0","0","0","0","0","0","0","0","7","0","","02","8","2007","4","40.59424","-79.870421","1758","11","1","0","0","0","0","0","0","0","1","0","0","0","","","0","","0","","40 35:39.265","4","0","79 52:13.516","0","0","0","0","2209","0","0","0","N","0","0","0","2","02209","0","","2.0","","3","N","N","","1","","0","0","0","","0","N","","1","0","0","0","0","0","0","1","0","1","","","","N","","","","","","","","","",""
"2007078653","","1","0","0","0","0","0","0","0","0","8","0","","02","8","2007","2","40.322904","-80.034525","1907","11","0","0","0","0","0","0","0","0","","0","0","0","","","1","","0","","40 19:22.454","","0","80 02:04.290","3","0","0","0","2407","1","0","0","N","1","0","0","2","02407","0","","1.0","","1","N","N","","0","","1","0","0","","0","","","2","1","1","0","0","0","0","2","0","1","","","","N","","","","","","","","","",""
"2007078654","","2","0","0","0","0","0","0","0","0","1","1","","02","8","2007","3","40.311086","-80.03299","0742","11","0","0","0","0","0","0","0","0","1","0","1","0","","","1","","2","","40 18:39.909","5","0","80 01:58.763","4","0","0","0","2407","0","0","0","N","0","0","0","4","02407","1","","1.0","","1","N","N","","0","","0","0","0","","2","Y","","3","1","0","0","0","0","0","2","0","3","","","","N","","","","","","","","","",""
"2007078678","","0","0","0","0","0","0","0","0","0","1","0","","02","5","2007","2","40.3624","-79.932","2111","11","0","0","0","0","0","1","0","0","","0","0","0","","","1","","1","","40 21:44.640","","0","79 55:55.200","8","0","0","0","2473","0","0","0","N","0","0","0","2","02473","0","","1.0","","1","N","N","","2","","0","0","0","","2","","","2","1","0","0","0","1","0","2","0","2","","","","N","","","","","","","","","",""
"2007078679","","1","0","0","0","0","0","0","0","0","4","0","","02","5","2007","2","40.36649","-79.928358","1445","11","0","0","0","0","0","0","0","0","","0","0","0","","","1","","0","","40 21:59.365","","0","79 55:42.090","3","0","0","1","2473","0","0","0","N","0","0","0","2","02473","0","","1.0","","1","N","N","","0","","1","0","0","","0","","","2","1","0","0","0","0","0","2","0","2","","","","N","","","","","","","","","",""
"2007078699","","2","0","0","0","0","0","0","0","0","4","0","","02","7","2007","5","40.460997","-79.933311","1722","11","0","0","0","0","0","0","0","0","","0","0","0","","","0","","1","","40 27:39.589","","0","79 55:59.919","0","0","0","0","2301","0","0","0","N","0","0","0","5","02301","0","","1.0","","1","N","N","","0","","0","0","0","","3","","","2","0","0","0","0","0","0","2","0","2","","","","N","","","","","","","","","",""
"2007078707","","1","0","0","0","0","0","0","0","0","1","0","","02","8","2007","5","40.649","-80.0967","1801","11","0","0","0","0","0","0","0","0","","0","0","0","","","1","","1","","40 38:56.400","","0","80 05:48.120","8","0","0","1","2212","0","0","0","N","0","0","0","2","02505","0","","1.0","","1","N","N","","0","","0","0","0","","1","","","2","1","0","0","0","1","0","2","0","2","","","","N","","","","","","","","","",""
"2007078709","","1","0","0","0","0","0","0","0","0","99","0","","02","8","2007","5","40.613889","-79.947248","2027","11","0","0","1","0","0","0","0","0","","0","0","0","","","0","","0","","40 36:50.000","","0","79 56:50.091","0","0","0","0","2207","0","0","0","N","0","0","0","6","02207","0","","1.0","","9","N","N","","0","","0","0","1","","0","","","2","0","0","0","0","0","0","2","0","2","","","","N","","","","","","","","","",""
"2007078710","","1","0","0","0","0","0","0","0","0","7","0","","02","8","2007","5","40.490278","-79.782417","2107","11","0","0","0","0","0","0","0","0","","0","0","0","","","1","","0","","40 29:25.000","","0","79 46:56.700","4","0","0","0","2466","0","0","0","N","0","0","0","1","02466","1","","2.0","","9","N","N","","0","","0","0","0","","0","","","1","1","1","0","0","0","0","2","0","1","","","","N","","","","","","","","","",""
"2007078712","","1","0","0","0","0","0","0","0","0","4","1","","02","7","2007","2","40.449472","-80.002558","1441","11","0","0","0","0","0","1","0","0","","0","1","0","","","1","","1","","40 26:58.099","","0","80 00:09.210","8","0","0","0","2301","0","0","0","N","0","0","0","2","02301","0","","1.0","","1","N","N","","0","","0","0","0","","2","","","2","1","2","0","0","1","0","2","0","2","","","","N","","","","","","","","","",""
"2007078713","","2","0","0","0","0","0","0","0","0","4","0","","02","4","2007","5","40.347643","-79.947298","1508","11","0","0","0","0","0","0","0","1","","0","0","0","","","0","","1","","40 20:51.514","","0","79 56:50.272","0","0","0","0","2473","0","0","0","N","0","0","0","2","02473","0","","1.0","","1","N","N","","0","","0","0","0","","3","","","2","0","0","0","0","0","0","2","0","2","","","","N","","","","","","","","","",""
"2007078714","","0","0","0","0","0","0","0","0","0","4","0","","02","5","2007","6","40.347641","-79.951881","0648","11","0","0","0","0","0","1","0","0","","0","0","0","","","0","","1","","40 20:51.507","","0","79 57:06.772","0","0","0","0","2473","0","0","0","N","0","0","0","2","02473","0","","1.0","","1","N","N","","0","","0","0","1","","2","","","2","0","0","0","0","0","0","2","1","2","","","","N","","","","","","","","","",""
"2007078715","","2","0","0","0","0","0","0","0","0","1","0","","02","5","2007","5","40.348333","-79.944808","1256","11","0","0","0","0","0","1","0","1","","0","0","0","","","2","","3","","40 20:54.000","","0","79 56:41.310","8","0","0","0","2473","0","0","0","N","0","0","0","2","02473","0","","1.0","","1","N","N","","0","","0","0","0","","4","","","2","2","0","0","0","2","0","2","0","2","","","","N","","","","","","","","","",""
"2007078716","","1","0","0","0","0","0","0","0","0","0","0","","02","7","2007","5","40.455774","-79.965886","1705","11","0","0","0","0","0","0","0","0","1","0","0","0","","","0","","5","","40 27:20.787","6","0","79 57:57.190","0","0","0","0","2301","0","0","0","N","0","0","0","1","02301","0","","1.0","","1","N","N","","0","","0","0","0","","0","N","","1","0","1","0","0","0","0","2","0","1","","","","N","","","","","","","","","",""
"2007078722","","2","0","0","0","0","0","0","0","0","4","0","","02","7","2007","6","40.449167","-79.901303","1444","11","0","1","0","0","0","0","1","0","2","0","0","0","","","1","","1","","40 26:57.000","3","0","79 54:04.692","4","0","0","0","2301","0","0","0","N","0","0","0","5","02301","1","","1.0","","1","N","N","","0","","0","0","0","","2","N","","2","1","0","0","0","0","0","2","0","2","","","","N","","","","","","","","","",""
"2007078739","","0","0","0","0","0","0","0","0","0","0","1","","02","6","2007","6","40.4355","-79.7488","1255","11","0","0","0","0","0","1","0","0","2","0","1","0","","","1","","0","","40 26:07.800","4","2","79 44:55.680","3","0","0","0","2446","0","0","0","N","0","0","0","1","68T02","0","","1.0","","1","N","N","","0","","1","0","0","","0","N","","1","1","0","0","0","0","0","2","0","1","","","","N","","","","","","","","","",""
"2007078740","","1","0","0","0","0","0","0","0","0","5","0","","02","6","2007","7","40.503333","-79.756581","1349","11","0","0","0","0","0","1","0","0","","0","0","0","","","1","","0","","40 30:12.000","","0","79 45:23.690","4","0","0","0","2466","0","0","0","N","0","0","0","5","68T02","1","","1.0","","1","N","N","","1","","0","0","0","","0","","","2","1","0","0","0","0","0","2","0","2","","","","N","","","","","","","","","",""
"2007078768","","2","0","0","0","0","0","0","0","0","1","0","","02","5","2007","4","40.354444","-79.913745","1651","11","0","0","0","0","0","0","1","0","","0","0","0","","","4","","3","","40 21:16.000","","0","79 54:49.482","4","0","0","0","2473","0","0","0","N","0","0","0","5","02473","4","","1.0","","1","N","N","","0","","0","0","0","","2","","","3","4","0","0","0","0","0","2","1","3","","","","N","","","","","","","","","",""
"2007078772","","1","0","0","0","0","0","0","0","0","7","1","","02","6","2007","6","40.4573","-79.7574","1835","11","0","0","0","0","0","1","0","0","","0","1","0","","","0","","0","","40 27:26.280","","0","79 45:26.640","0","0","0","0","2446","0","0","0","N","0","0","0","3","68T02","0","","1.0","","1","N","N","","1","","0","0","0","","0","","","3","0","0","0","0","0","0","2","0","3","","","","N","","","","","","","","","",""