"CRN","ARRIVAL_TM","AUTOMOBILE_COUNT","BELTED_DEATH_COUNT","BELTED_SUSP_SERIOUS_INJ_COUNT","BICYCLE_COUNT","BICYCLE_DEATH_COUNT","BICYCLE_SUSP_SERIOUS_INJ_COUNT","BUS_COUNT","CHLDPAS_DEATH_COUNT","CHLDPAS_SUSP_SERIOUS_INJ_COUNT","COLLISION_TYPE","COMM_VEH_COUNT","CONS_ZONE_SPD_LIM","COUNTY","CRASH_MONTH","CRASH_YEAR","DAY_OF_WEEK","DEC_LATITUDE","DEC_LONGITUDE","DISPATCH_TM","DISTRICT","DRIVER_COUNT_16YR","DRIVER_COUNT_17YR","DRIVER_COUNT_18YR","DRIVER_COUNT_19YR","DRIVER_COUNT_20YR","DRIVER_COUNT_50_64YR","DRIVER_COUNT_65_74YR","DRIVER_COUNT_75PLUS","EST_HRS_CLOSED","FATAL_COUNT","HEAVY_TRUCK_COUNT","HORSE_BUGGY_COUNT","HOUR_OF_DAY","ILLUMINATION","INJURY_COUNT","INTERSECTION_RELATED","INTERSECT_TYPE","LANE_CLOSED","LATITUDE","LN_CLOSE_DIR","LOCATION_TYPE","LONGITUDE","MAX_SEVERITY_LEVEL","MCYCLE_DEATH_COUNT","MCYCLE_SUSP_SERIOUS_INJ_COUNT","MOTORCYCLE_COUNT","MUNICIPALITY","NONMOTR_COUNT","NONMOTR_DEATH_COUNT","NONMOTR_SUSP_SERIOUS_INJ_COUNT","NTFY_HIWY_MAINT","PED_COUNT","PED_DEATH_COUNT","PED_SUSP_SERIOUS_INJ_COUNT","PERSON_COUNT","POLICE_AGCY","POSSIBLE_INJ_COUNT","RDWY_SURF_TYPE_CD","RELATION_TO_ROAD","ROADWAY_CLEARED","ROAD_CONDITION","SCH_BUS_IND","SCH_ZONE_IND","SECONDARY_CRASH","SMALL_TRUCK_COUNT","SPEC_JURIS_CD","SUSP_MINOR_INJ_COUNT","SUSP_SERIOUS_INJ_COUNT","SUV_COUNT","TCD_FUNC_CD","TCD_TYPE","TFC_DETOUR_IND","TIME_OF_DAY","TOTAL_UNITS","TOT_INJ_COUNT","UNBELTED_OCC_COUNT","UNB_DEATH_COUNT","UNB_SUSP_SERIOUS_INJ_COUNT","UNK_INJ_DEG_COUNT","UNK_INJ_PER_COUNT","URBAN_RURAL","VAN_COUNT","VEHICLE_COUNT","WEATHER1","WEATHER2","WORKERS_PRES","WORK_ZONE_IND","WORK_ZONE_LOC","WORK_ZONE_TYPE","WZ_CLOSE_DETOUR","WZ_FLAGGER","WZ_LAW_OFFCR_IND","WZ_LN_CLOSURE","WZ_MOVING","WZ_OTHER","WZ_SHLDER_MDN","WZ_WORKERS_INJ_KILLED"
"2007079767","","1","0","0","0","0","0","0","0","0","1","0","","02","8","2007","4","40.328","-79.9447","1244","11","0","0","0","0","0","0","0","0","","0","0","0","","","0","","0","","40 19:40.800","","0","79 56:40.920","0","0","0","0","2454","0","0","0","N","0","0","0","2","02454","0","","1.0","","1","N","N","","0","","0","0","1","","0","","","2","0","0","0","0","0","0","2","0","2","","","","N","","","","","","","","","",""
"2007079775","","0","0","0","0","0","0","0","0","0","1","0","","02","8","2007","2","40.441803","-79.750472","1604","11","0","0","0","0","0","1","0","0","1","0","0","0","","","0","","0","","40 26:30.490","4","0","79 45:01.699","0","0","0","0","2446","0","0","0","N","0","0","0","5","02446","0","","1.0","","1","","","","1","","0","0","1","","3","Y","","2","0","0","0","0","0","0","2","0","2","","","","N","","","","","","","","","",""
"2007079778","","1","0","0","0","0","0","0","0","0","3","0","","02","8","2007","6","40.4975","-80.012792","2209","11","0","0","1","0","0","0","0","0","1","0","0","0","","","0","","6","","40 29:51.000","1","0","80 00:46.052","0","0","0","0","2116","0","0","0","N","0","0","0","2","02116","0","","1.0","","1","N","N","","0","","0","0","1","","3","Y","","2","0","0","0","0","0","0","2","0","2","","","","N","","","","","","","","","",""
"2007079781","","1","0","0","0","0","0","0","0","0","6","0","","02","8","2007","3","40.448889","-79.712557","2153","11","0","0","0","0","0","0","1","0","2","0","0","0","","","0","","0","","40 26:56.000","5","0","79 42:45.206","0","0","0","0","2466","0","0","0","N","0","0","0","6","02466","0","","1.0","","1","N","N","","1","","0","0","0","","0","N","","2","0","1","0","0","0","0","2","0","2","","","","N","","","","","","","","","",""
"2007079783","","1","0","0","0","0","0","0","0","0","7","0","","02","8","2007","7","40.297778","-80.026023","1655","11","1","0","0","0","0","0","0","0","","0","0","0","","","0","","0","","40 17:52.000","","0","80 01:33.681","0","0","0","0","2407","0","0","0","N","0","0","0","3","02407","0","","5.0","","1","N","N","","0","","0","0","0","","0","","","1","0","0","0","0","0","0","2","0","1","","","","N","","","","","","","","","",""
"2007079820","","1","0","0","0","0","0","0","0","0","4","0","","02","8","2007","4","40.475121","-80.095941","1727","11","0","0","0","0","0","1","0","0","1","0","0","0","","","2","","0","","40 28:30.437","3","0","80 05:45.388","4","0","0","0","2126","0","0","0","N","0","0","0","2","02126","2","","1.0","","1","N","N","","1","","0","0","0","","0","Y","","2","2","0","0","0","0","0","2","0","2","","","","N","","","","","","","","","",""
"2007079821","","2","0","0","0","0","0","0","0","0","4","0","","02","8","2007","2","40.639716","-79.953888","1855","11","0","0","0","2","0","0","0","0","1","0","0","0","","","0","","1","","40 38:22.977","2","0","79 57:13.996","0","0","0","0","2217","0","0","0","N","0","0","0","3","02505","0","","1.0","","1","N","N","","0","","0","0","0","","3","N","","2","0","0","0","0","0","0","2","0","2","","","","N","","","","","","","","","",""
"2007079840","","2","0","0","0","0","0","0","0","0","5","0","","02","8","2007","4","40.378335","-79.975457","2337","11","0","0","0","0","0","0","0","0","1","0","0","0","","","0","","0","","40 22:42.005","5","0","79 58:31.646","0","0","0","0","2413","0","0","0","N","0","0","0","1","02413","0","","6.0","","1","N","N","","0","","0","0","0","","0","Y","","3","0","0","0","0","0","0","2","1","3","","","","N","","","","","","","","","",""
"2007079843","","1","0","0","0","0","0","0","0","0","7","0","","02","8","2007","7","40.528179","-79.998418","0703","11","0","1","0","0","0","0","0","0","","0","0","0","","","1","","0","","40 31:41.446","","0","79 59:54.305","4","0","0","0","2116","0","0","0","N","0","0","0","1","02116","1","","5.0","","1","N","N","","0","","0","0","0","","0","","","1","1","0","0","0","0","0","2","0","1","","","","N","","","","","","","","","",""
"2007079844","","1","0","0","0","0","0","0","0","0","4","0","","02","8","2007","1","40.641944","-79.938472","1300","11","0","0","1","0","0","0","0","0","2","0","0","0","","","1","","1","","40 38:31.000","2","0","79 56:18.498","4","0","0","0","2217","0","0","0","N","0","0","0","2","02505","1","","1.0","","1","N","N","","1","","0","0","0","","2","N","","2","1","0","0","0","0","0","2","0","2","","","","N","","","","","","","","","",""
"2007079857","","1","0","0","0","0","0","0","0","0","4","0","","02","8","2007","5","40.409424","-80.081716","0715","11","0","0","0","0","0","0","0","0","","0","0","0","","","0","","1","","40 24:33.927","","0","80 04:54.178","0","0","0","0","2415","0","0","0","N","0","0","0","2","02415","0","","1.0","","1","N","N","","0","","0","0","1","","2","","","2","0","0","0","0","0","0","2","0","2","","","","N","","","","","","","","","",""
"2007079860","","0","0","0","0","0","0","0","0","0","1","1","","02","8","2007","4","40.358196","-80.066685","1535","11","0","0","0","0","0","0","0","0","2","0","0","0","","","1","","0","","40 21:29.505","4","0","80 04:00.065","3","0","0","0","2123","0","0","0","N","0","0","0","2","02123","0","","1.0","","1","N","N","","1","","1","0","1","","0","Y","","2","1","0","0","0","0","0","2","0","2","","","","N","","","","","","","","","",""
"2007079863","","1","0","0","0","0","0","0","0","0","99","0","","02","8","2007","4","40.3958","-80.0464","2019","11","0","0","0","1","0","0","0","0","","0","0","0","","","0","","0","","40 23:44.880","","0","80 02:47.040","0","0","0","0","2123","0","0","0","N","0","0","0","2","02123","0","","1.0","","1","N","N","","0","","0","0","0","","0","","","1","0","0","0","0","0","0","2","0","1","","","","N","","","","","","","","","",""
"2007079865","","0","0","0","0","0","0","0","0","0","1","0","","02","8","2007","4","40.491944","-80.329723","1755","11","0","0","0","0","0","2","0","0","","0","0","0","","","4","","1","","40 29:31.000","","0","80 19:47.004","8","0","0","0","2203","0","0","0","N","0","0","0","5","02203","0","","1.0","","9","N","N","","1","","0","0","0","","0","","","2","4","0","0","0","4","0","1","1","2","","","","N","","","","","","","","","",""
"2007079868","","0","0","0","0","0","0","1","0","0","5","1","","02","8","2007","5","","","1530","11","0","0","0","0","0","1","0","0","","0","0","0","","","0","","0","","40 29:23.64","","0","80 00:34.56","0","0","0","0","2301","0","0","0","N","0","0","0","2","02503","0","","9.0","","1","N","N","","0","","0","0","1","","0","","","2","0","0","0","0","0","0","2","0","2","","","","N","","","","","","","","","",""
"2007079875","","1","0","0","0","0","0","0","0","0","4","0","","02","8","2007","5","40.494722","-79.749958","1702","11","0","0","0","0","1","0","0","0","","0","0","0","","","0","","2","","40 29:41.000","","0","79 44:59.850","0","0","0","0","2466","0","0","0","N","0","0","0","4","02466","0","","1.0","","1","N","N","","1","","0","0","0","","3","","","2","0","0","0","0","0","0","2","0","2","","","","N","","","","","","","","","",""
"2007079901","","2","0","0","0","0","0","0","0","0","2","0","","02","8","2007","5","40.445556","-79.71383","1651","11","0","0","0","0","0","1","0","0","","0","0","0","","","0","","1","","40 26:44.000","","0","79 42:49.787","0","0","0","0","2466","0","0","0","N","0","0","0","3","02466","0","","1.0","","1","N","N","","0","","0","0","0","","2","","","2","0","0","0","0","0","0","2","0","2","","","","N","","","","","","","","","",""
"2007079902","","1","0","0","0","0","0","1","0","0","2","1","","02","8","2007","5","40.438163","-79.975903","1733","11","0","0","0","0","0","0","0","0","1","0","0","0","","","1","","2","","40 26:17.386","6","0","79 58:33.250","4","0","0","0","2301","0","0","0","N","0","0","0","2","02503","1","","1.0","","1","N","N","","0","","0","0","0","","3","N","","2","1","0","0","0","0","0","2","0","2","","","","N","","","","","","","","","",""
"2007079950","","0","0","0","0","0","0","0","0","0","1","1","","02","6","2007","5","40.651111","-80.093982","1256","11","0","0","0","0","0","1","0","0","2","0","1","0","","","1","","0","","40 39:04.000","1","0","80 05:38.336","4","0","0","0","2212","0","0","0","N","0","0","0","2","68B03","1","","1.0","","1","N","N","","1","","0","0","0","","0","N","","2","1","0","0","0","0","0","2","0","2","","","","N","","","","","","","","","",""
"2007079958","","1","0","0","0","0","0","0","0","0","7","0","","02","8","2007","5","40.3987","-79.7681","0213","11","0","0","0","1","0","0","0","0","","0","0","0","","","0","","0","","40 23:55.320","","0","79 46:05.160","0","0","0","0","2446","0","0","0","N","0","0","0","1","02446","0","","2.0","","1","N","N","","0","","0","0","0","","0","","","1","0","0","0","0","0","0","2","0","1","","","","N","","","","","","","","","",""
"2007080239","","1","0","0","0","0","0","0","0","0","8","0","","02","7","2007","6","40.434722","-80.008812","2343","11","0","0","0","0","0","2","0","0","","1","0","0","","","0","","0","","40 26:05.000","","0","80 00:31.724","1","0","0","0","2301","1","1","0","","1","1","0","6","02301","0","2","1.0","","1","N","N","","0","0","0","0","1","","0","","","4","0","0","0","0","0","1","2","0","3","","","","N","","","","","","","","","",""
"2007080375","","1","0","0","0","0","0","0","0","0","1","0","","02","7","2007","7","40.6237","-80.0964","1025","11","0","0","0","0","0","0","0","0","","0","0","0","","","0","","0","","40 37:25.320","","0","80 05:47.040","0","0","0","0","2481","0","0","0","N","0","0","0","3","68B03","0","","1.0","","1","N","N","","0","","0","0","1","","0","","","2","0","0","0","0","0","0","2","0","2","","","","N","","","","","","","","","",""
"2007080377","","1","0","0","0","0","0","0","0","0","1","0","","02","7","2007","2","","","1513","11","0","0","0","0","0","1","0","0","","0","1","0","","","0","","0","","40 26:03.84","","0","79 59:23.28","0","0","0","0","2301","0","0","0","N","0","0","0","3","68B03","0","","1.0","","1","N","N","","1","","0","0","0","","0","","","3","0","1","0","0","0","0","2","0","3","","","","N","","","","","","","","","",""
"2007080454","","2","0","0","0","0","0","0","0","0","1","0","","02","6","2007","5","","","1519","11","0","0","0","1","0","0","0","0","","0","0","0","","","0","","0","","40 25:09.84","","0","80 03:08.28","0","0","0","0","2435","0","0","0","N","0","0","0","4","68B03","0","","1.0","","1","N","N","","1","","0","0","0","","0","","","3","0","0","0","0","0","0","2","0","3","","","","N","","","","","","","","","",""
"2007080455","","1","0","0","0","0","0","0","0","0","7","0","","02","6","2007","5","","","0215","11","0","0","0","0","0","0","0","0","","0","0","0","","","0","","0","","40 25:36.12","","0","79 55:01.56","0","0","0","0","2301","0","0","0","N","0","0","0","1","68B03","0","","4.0","","9","N","N","","0","","0","0","0","","0","","","1","0","0","0","0","0","0","2","0","1","","","","N","","","","","","","","","",""
"2007080456","","1","0","0","0","0","0","0","0","0","7","0","","02","7","2007","2","40.436944","-80.209589","2046","11","0","0","0","0","0","0","0","0","","0","0","0","","","1","","7","","40 26:13.000","","2","80 12:34.520","4","0","0","0","2214","0","0","0","N","0","0","0","1","68B03","1","","7.0","","1","N","N","","0","","0","0","0","","0","","","1","1","0","0","0","0","0","2","0","1","","","","N","","","","","","","","","",""
"2007080471","","2","0","0","0","0","0","0","0","0","1","0","","02","6","2007","5","","","1439","11","0","0","0","0","0","0","0","0","1","0","0","0","","","1","","6","","40 28:29.28","1","2","80 00:22.68","8","0","0","0","2301","0","0","0","N","0","0","0","2","68B03","0","","1.0","","1","N","N","","0","","0","0","0","","0","N","","2","1","0","0","0","1","0","2","0","2","","","","N","","","","","","","","","",""
"2007080472","","0","0","0","0","0","0","0","0","0","5","0","","02","7","2007","7","","","2254","11","0","0","0","0","0","1","0","0","","0","0","0","","","1","","0","","40 30:35.64","","0","80 16:47.28","3","0","0","1","2203","0","0","0","N","0","0","0","2","68B03","0","","1.0","","1","N","N","","0","","1","0","1","","0","","","2","1","0","0","0","0","0","2","0","2","","","","N","","","","","","","","","",""
"2007080509","","1","0","0","0","0","0","0","0","0","1","0","","02","8","2007","2","40.434274","-79.750746","1110","11","0","0","0","0","0","0","1","0","","0","0","0","","","3","","2","","40 26:03.386","","0","79 45:02.686","4","0","0","0","2446","0","0","0","N","0","0","0","4","02446","3","","1.0","","1","N","N","","1","","0","0","0","","2","","","2","3","0","0","0","0","0","2","0","2","","","","N","","","","","","","","","",""
"2007080541","","1","0","0","0","0","0","0","0","0","1","0","","02","8","2007","6","40.290556","-79.913459","1413","11","0","0","0","0","0","2","0","0","","0","0","0","","","1","","2","","40 17:26.000","","0","79 54:48.451","4","0","0","0","2440","0","0","0","N","0","0","0","2","02440","1","","1.0","","1","N","N","","0","","0","0","1","","3","","","2","1","0","0","0","0","0","2","0","2","","","","N","","","","","","","","","",""
"2007080543","","1","0","0","0","0","0","0","0","0","7","0","","02","8","2007","6","40.393246","-79.811069","1728","11","0","0","0","0","0","0","0","0","","0","0","0","","","1","","0","","40 23:35.684","","0","79 48:39.848","2","0","0","0","2479","0","0","0","N","0","0","0","1","02111","0","","2.0","","1","N","N","","0","","0","1","0","","0","","","1","1","1","0","1","0","0","2","0","1","","","","N","","","","","","","","","",""
"2007080549","","0","0","0","0","0","0","0","0","0","0","0","","02","8","2007","7","40.2759","-79.8917","0020","11","0","0","0","0","0","0","0","0","","0","0","0","","","1","","0","","40 16:33.240","","1","79 53:30.120","4","0","0","1","2440","0","0","0","N","0","0","0","1","02440","1","","1.0","","1","N","N","","0","","0","0","0","","0","","","1","1","0","0","0","0","0","2","0","1","","","","N","","","","","","","","","",""
"2007080554","","2","0","0","0","0","0","0","0","0","1","0","","02","8","2007","1","40.647554","-79.789151","1554","11","0","1","0","0","0","0","0","0","9","0","0","0","","","1","","0","","40 38:51.194","2","0","79 47:20.945","4","0","0","0","2202","0","0","0","N","0","0","0","3","02202","1","","7.0","","9","N","N","","0","","0","0","0","","0","N","","2","1","0","0","0","0","0","1","0","2","","","","N","","","","","","","","","",""
"2007080567","","2","0","0","0","0","0","0","0","0","1","0","","02","8","2007","4","40.545833","-79.962233","0801","11","0","0","0","0","0","1","0","0","1","0","0","0","","","2","","0","","40 32:45.000","2","0","79 57:44.039","4","0","0","0","2118","0","0","0","N","0","0","0","6","02118","2","","1.0","","1","N","N","","0","","0","0","0","","0","N","","2","2","0","0","0","0","0","2","0","2","","","","N","","","","","","","","","",""
"2007080568","","1","0","0","0","0","0","1","0","0","4","1","","02","8","2007","7","40.437845","-79.873884","0759","11","0","0","0","0","0","0","0","0","","0","0","0","","","1","","1","","40 26:16.243","","0","79 52:25.984","4","0","0","0","2478","0","0","0","N","0","0","0","2","02503","1","","1.0","","1","N","N","","0","","0","0","0","","1","","","2","1","1","0","0","0","0","2","0","2","","","","N","","","","","","","","","",""
"2007080569","","1","0","0","0","0","0","0","0","0","4","0","","02","8","2007","4","40.541667","-80.012946","0919","11","0","0","0","0","0","0","0","1","2","0","0","0","","","0","","0","","40 32:30.000","2","0","80 00:46.607","0","0","0","0","2116","0","0","0","N","0","0","0","2","02116","0","","1.0","","1","N","N","","1","","0","0","0","","0","N","","2","0","0","0","0","0","0","2","0","2","","","","N","","","","","","","","","",""
"2007080573","","1","0","0","0","0","0","0","0","0","1","0","","02","8","2007","6","40.431439","-79.794398","1303","11","0","0","0","0","0","0","0","0","","0","0","0","","","2","","0","","40 25:53.182","","0","79 47:39.833","4","0","0","0","2446","0","0","0","N","0","0","0","2","02446","2","","1.0","","1","N","N","","1","","0","0","0","","4","","","2","2","0","0","0","0","0","2","0","2","","","","N","","","","","","","","","",""
"2007080579","","0","0","0","0","0","0","0","0","0","0","0","","02","8","2007","7","40.411914","-80.093956","1110","11","0","0","0","0","0","0","0","0","","0","0","0","","","0","","0","","40 24:42.892","","0","80 05:38.243","0","0","0","0","2415","0","0","0","N","0","0","0","3","02415","0","","1.0","","1","N","N","","1","","0","0","1","","0","","","2","0","0","0","0","0","0","2","0","2","","","","N","","","","","","","","","",""
"2007080587","","2","0","0","0","0","0","0","0","0","4","0","","02","8","2007","5","40.384444","-79.824351","1919","11","0","0","0","0","0","0","0","0","1","0","0","0","","","0","","1","","40 23:04.000","4","0","79 49:27.665","0","0","0","0","2111","0","0","0","N","0","0","0","5","02111","0","","1.0","","1","N","N","","0","","0","0","0","","2","N","","2","0","0","0","0","0","0","2","0","2","","","","N","","","","","","","","","",""
"2007080601","","2","0","0","0","0","0","0","0","0","1","0","","02","8","2007","7","40.4971","-79.9337","0019","11","0","0","0","1","0","0","1","0","","0","0","0","","","2","","0","","40 29:49.560","","0","79 56:01.320","4","0","0","0","2430","0","0","0","N","0","0","0","3","02430","2","","1.0","","1","N","N","","0","","0","0","0","","0","","","2","2","0","0","0","0","0","2","0","2","","","","N","","","","","","","","","",""
"2007080602","","0","0","0","0","0","0","0","0","0","7","0","","02","8","2007","7","40.4512","-79.7154","2341","11","0","1","0","0","0","0","0","0","1","0","0","0","","","1","","0","","40 27:04.320","5","0","79 42:55.440","4","0","0","0","2466","0","0","0","N","0","0","0","2","02466","1","","5.0","","1","N","N","","0","","0","0","0","","0","N","","1","1","0","0","0","0","0","2","1","1","","","","N","","","","","","","","","",""
"2007080603","","1","0","0","0","0","0","0","0","0","7","0","","02","8","2007","1","40.395435","-79.894633","0036","11","0","0","0","0","0","0","0","0","2","0","0","0","","","0","","0","","40 23:43.567","5","0","79 53:40.677","9","0","0","0","2448","0","0","0","N","0","0","0","1","02448","0","","5.0","","1","N","N","","0","","0","0","0","","0","Y","","1","0","0","0","0","0","1","2","0","1","","","","N","","","","","","","","","",""
"2007080610","","0","0","0","0","0","0","0","0","0","7","0","","02","8","2007","1","40.275215","-79.888274","0555","11","0","0","0","0","0","0","0","0","3","0","1","0","","","0","","0","","40 16:30.773","2","0","79 53:17.786","0","0","0","0","2440","0","0","0","Y","0","0","0","1","02440","0","","2.0","","1","N","N","","0","","0","0","0","","0","N","","1","0","0","0","0","0","0","2","0","1","","","","N","","","","","","","","","",""
"2007080612","","2","0","0","0","0","0","0","0","0","4","0","","02","8","2007","7","40.328407","-79.947129","1334","11","0","0","0","0","0","1","0","0","","0","0","0","","","1","","0","","40 19:42.265","","0","79 56:49.664","4","0","0","0","2454","0","0","0","N","0","0","0","6","02454","1","","1.0","","1","N","N","","0","","0","0","0","","0","","","2","1","0","0","0","0","0","2","0","2","","","","N","","","","","","","","","",""
"2007080623","","0","0","0","0","0","0","0","0","0","0","0","","02","8","2007","5","40.389167","-79.774391","1323","11","0","0","0","0","0","0","0","0","1","0","0","0","","","1","","0","","40 23:21.000","5","0","79 46:27.807","8","0","0","1","2111","0","0","0","N","0","0","0","1","02111","0","","1.0","","1","N","N","","0","","0","0","0","","0","N","","1","1","0","0","0","1","0","2","0","1","","","","N","","","","","","","","","",""
"2007080627","","3","0","0","0","0","0","0","0","0","4","0","","02","8","2007","1","40.521667","-80.043671","1247","11","0","0","0","0","1","0","0","0","2","0","0","0","","","2","","2","","40 31:18.000","7","0","80 02:37.214","4","0","0","0","2474","0","0","0","N","0","0","0","3","02474","2","","1.0","","9","N","N","","0","","0","0","0","","3","Y","","3","2","0","0","0","0","0","2","0","3","","","","N","","","","","","","","","",""
"2007080634","","2","0","0","0","0","0","0","0","0","4","0","","02","8","2007","6","40.51387","-79.951564","0927","11","0","0","0","0","0","0","0","1","1","0","0","0","","","1","","0","","40 30:49.933","2","0","79 57:05.630","3","0","0","0","2118","0","0","0","N","0","0","0","2","02118","0","","1.0","","1","N","N","","0","","1","0","0","","2","N","","2","1","1","0","0","0","0","2","0","2","","","","N","","","","","","","","","",""
"2007080635","","1","0","0","0","0","0","0","0","0","99","0","","02","8","2007","6","40.655","-80.087029","0700","11","0","0","0","0","0","0","0","0","","0","0","0","","","0","","2","","40 39:18.000","","2","80 05:13.305","0","0","0","0","2212","0","0","0","N","0","0","0","1","02505","0","","1.0","","1","N","N","","0","","0","0","0","","0","","","1","0","0","0","0","0","0","2","0","1","","","","N","","","","","","","","","",""
"2007080637","","1","0","0","0","0","0","0","0","0","1","0","","02","8","2007","5","40.398057","-80.088275","2020","11","0","0","0","0","0","0","0","0","","0","0","0","","","0","","0","","40 23:53.006","","0","80 05:17.790","9","0","0","0","2117","0","0","0","N","0","0","0","2","02117","0","","1.0","","9","N","N","","1","","0","0","0","","0","","","3","0","0","0","0","0","2","2","0","2","","","","N","","","","","","","","","",""
"2007080647","","3","0","0","0","0","0","0","0","0","1","0","","02","8","2007","3","40.631111","-79.988047","2044","11","0","0","0","0","0","0","0","0","","0","0","0","","","1","","2","","40 37:52.000","","0","79 59:16.968","4","0","0","0","2217","0","0","0","N","0","0","0","3","02505","1","","1.0","","1","N","N","","0","","0","0","0","","3","","","3","1","0","0","0","0","0","1","0","3","","","","N","","","","","","","","","",""
"2007080654","","1","0","0","0","0","0","0","0","0","6","0","","02","8","2007","1","40.366667","-79.84223","1748","11","0","0","0","0","0","0","0","0","","0","0","0","","","0","","2","","40 22:00.000","","0","79 50:32.029","0","0","0","0","2303","0","0","0","N","0","0","0","3","02303","0","","1.0","","9","N","N","","0","","0","0","0","","2","","","2","0","0","0","0","0","0","2","1","2","","","","N","","","","","","","","","",""
"2007080655","","1","0","0","0","0","0","0","0","0","7","0","","02","8","2007","1","40.4268","-80.056","1940","11","0","0","0","0","0","0","0","0","1","0","0","0","","","0","","0","","40 25:36.480","3","0","80 03:21.600","0","0","0","0","2435","0","0","0","N","0","0","0","2","02435","0","","4.0","","9","N","N","","0","","0","0","0","","0","Y","","2","0","0","0","0","0","0","2","0","1","","","","N","","","","","","","","","",""
"2007080657","","2","0","0","0","0","0","0","0","0","6","0","","02","8","2007","1","40.519079","-80.025657","1851","11","0","0","0","0","0","0","0","0","1","0","0","0","","","0","","0","","40 31:08.685","4","0","80 01:32.365","0","0","0","0","2116","0","0","0","N","0","0","0","5","02116","0","","1.0","","9","N","N","","0","","0","0","0","","0","Y","","2","0","0","0","0","0","0","2","0","2","","","","N","","","","","","","","","",""
"2007080659","","3","0","0","0","0","0","0","0","0","2","0","","02","8","2007","1","40.368341","-80.084136","1627","11","0","0","0","0","0","1","0","0","2","0","0","0","","","3","","1","","40 22:06.027","3","0","80 05:02.889","8","0","0","0","2117","0","0","0","N","0","0","0","10","02117","0","","1.0","","9","N","N","","0","","0","0","1","","2","Y","","4","3","0","0","0","3","0","2","0","4","","","","N","","","","","","","","","",""
"2007080670","","1","0","0","0","0","0","0","0","0","7","0","","02","8","2007","1","40.4098","-79.728219","2254","11","0","0","0","0","0","0","0","0","1","0","0","0","","","1","","0","","40 24:35.280","5","0","79 43:41.587","8","0","0","0","2446","0","0","0","N","0","0","0","1","02446","0","","5.0","","9","N","N","","0","","0","0","0","","0","N","","1","1","1","0","0","1","0","2","0","1","","","","N","","","","","","","","","",""
"2007080673","","3","0","0","0","0","0","0","0","0","1","0","","02","8","2007","7","40.219722","-79.84605","1346","11","0","0","1","0","0","2","0","0","","0","0","0","","","0","","0","","40 13:11.000","","0","79 50:45.779","0","0","0","0","2204","0","0","0","N","0","0","0","3","02204","0","","1.0","","1","N","N","","0","","0","0","0","","0","","","3","0","1","0","0","0","0","2","0","3","","","","N","","","","","","","","","",""
"2007080674","","2","0","0","0","0","0","0","0","0","1","0","","02","8","2007","5","40.523611","-80.035033","0834","11","0","0","0","0","0","1","0","1","","0","0","0","","","0","","2","","40 31:25.000","","0","80 02:06.118","0","0","0","0","2474","0","0","0","N","0","0","0","3","02474","0","","1.0","","1","N","N","","1","","0","0","0","","0","","","3","0","1","0","0","0","0","2","0","3","","","","N","","","","","","","","","",""
"2007080688","","1","0","0","0","0","0","0","0","0","1","0","","02","8","2007","2","40.308889","-79.936817","0750","11","0","0","0","0","0","0","0","0","1","0","0","0","","","1","","0","","40 18:32.000","1","0","79 56:12.541","4","0","0","0","2440","0","0","0","N","0","0","0","2","02440","1","","1.0","","9","N","N","","1","","0","0","0","","0","N","","2","1","1","0","0","0","0","2","0","2","","","","N","","","","","","","","","",""
"2007080689","","2","0","0","0","0","0","0","0","0","1","0","","02","8","2007","1","40.593889","-79.97034","1139","11","0","0","0","0","0","2","0","0","","0","0","0","","","2","","1","","40 35:38.000","","0","79 58:13.224","8","0","0","0","2207","0","0","0","N","0","0","0","4","02207","0","","1.0","","9","N","N","","0","","0","0","0","","2","","","2","2","0","0","0","2","0","2","0","2","","","","N","","","","","","","","","",""
"2007080691","","1","0","0","0","0","0","0","0","0","1","0","","02","8","2007","2","40.403","-79.8816","0925","11","0","0","0","0","0","1","0","0","","0","0","0","","","0","","7","","40 24:10.800","","1","79 52:53.760","0","0","0","0","2475","0","0","0","N","0","0","0","3","02475","0","","1.0","","9","N","N","","0","","0","0","1","","4","","","2","0","2","0","0","0","0","2","0","2","","","","N","","","","","","","","","",""
"2007080698","","1","0","0","0","0","0","0","0","0","8","0","","02","8","2007","2","40.406111","-79.912107","0506","11","0","0","0","0","0","1","0","0","3","0","0","0","","","1","","1","","40 24:22.000","7","8","79 54:43.586","2","0","0","0","2438","1","0","1","N","1","0","1","2","02501","0","","1.0","","9","N","N","","0","","0","1","0","","2","Y","","2","1","0","0","0","0","0","2","0","1","","","","N","","","","","","","","","",""
"2007080716","","1","0","0","0","0","0","0","0","0","1","0","","02","8","2007","2","40.369722","-79.784407","1521","11","0","0","0","1","0","1","0","0","","0","0","0","","","0","","2","","40 22:11.000","","0","79 47:03.864","0","0","0","0","2111","0","0","0","N","0","0","0","3","02111","0","","1.0","","9","N","N","","0","","0","0","0","","0","","","2","0","0","0","0","0","0","2","1","2","","","","N","","","","","","","","","",""
"2007080724","","1","0","0","0","0","0","0","0","0","4","0","","02","8","2007","2","40.613056","-79.956171","1550","11","0","0","0","0","0","1","0","0","","0","0","0","","","0","","1","","40 36:47.000","","0","79 57:22.215","0","0","0","0","2207","0","0","0","N","0","0","0","2","02207","0","","1.0","","9","N","N","","1","","0","0","0","","0","","","2","0","0","0","0","0","0","2","0","2","","","","N","","","","","","","","","",""