"CRN","ARRIVAL_TM","AUTOMOBILE_COUNT","BELTED_DEATH_COUNT","BELTED_SUSP_SERIOUS_INJ_COUNT","BICYCLE_COUNT","BICYCLE_DEATH_COUNT","BICYCLE_SUSP_SERIOUS_INJ_COUNT","BUS_COUNT","CHLDPAS_DEATH_COUNT","CHLDPAS_SUSP_SERIOUS_INJ_COUNT","COLLISION_TYPE","COMM_VEH_COUNT","CONS_ZONE_SPD_LIM","COUNTY","CRASH_MONTH","CRASH_YEAR","DAY_OF_WEEK","DEC_LATITUDE","DEC_LONGITUDE","DISPATCH_TM","DISTRICT","DRIVER_COUNT_16YR","DRIVER_COUNT_17YR","DRIVER_COUNT_18YR","DRIVER_COUNT_19YR","DRIVER_COUNT_20YR","DRIVER_COUNT_50_64YR","DRIVER_COUNT_65_74YR","DRIVER_COUNT_75PLUS","EST_HRS_CLOSED","FATAL_COUNT","HEAVY_TRUCK_COUNT","HORSE_BUGGY_COUNT","HOUR_OF_DAY","ILLUMINATION","INJURY_COUNT","INTERSECTION_RELATED","INTERSECT_TYPE","LANE_CLOSED","LATITUDE","LN_CLOSE_DIR","LOCATION_TYPE","LONGITUDE","MAX_SEVERITY_LEVEL","MCYCLE_DEATH_COUNT","MCYCLE_SUSP_SERIOUS_INJ_COUNT","MOTORCYCLE_COUNT","MUNICIPALITY","NONMOTR_COUNT","NONMOTR_DEATH_COUNT","NONMOTR_SUSP_SERIOUS_INJ_COUNT","NTFY_HIWY_MAINT","PED_COUNT","PED_DEATH_COUNT","PED_SUSP_SERIOUS_INJ_COUNT","PERSON_COUNT","POLICE_AGCY","POSSIBLE_INJ_COUNT","RDWY_SURF_TYPE_CD","RELATION_TO_ROAD","ROADWAY_CLEARED","ROAD_CONDITION","SCH_BUS_IND","SCH_ZONE_IND","SECONDARY_CRASH","SMALL_TRUCK_COUNT","SPEC_JURIS_CD","SUSP_MINOR_INJ_COUNT","SUSP_SERIOUS_INJ_COUNT","SUV_COUNT","TCD_FUNC_CD","TCD_TYPE","TFC_DETOUR_IND","TIME_OF_DAY","TOTAL_UNITS","TOT_INJ_COUNT","UNBELTED_OCC_COUNT","UNB_DEATH_COUNT","UNB_SUSP_SERIOUS_INJ_COUNT","UNK_INJ_DEG_COUNT","UNK_INJ_PER_COUNT","URBAN_RURAL","VAN_COUNT","VEHICLE_COUNT","WEATHER1","WEATHER2","WORKERS_PRES","WORK_ZONE_IND","WORK_ZONE_LOC","WORK_ZONE_TYPE","WZ_CLOSE_DETOUR","WZ_FLAGGER","WZ_LAW_OFFCR_IND","WZ_LN_CLOSURE","WZ_MOVING","WZ_OTHER","WZ_SHLDER_MDN","WZ_WORKERS_INJ_KILLED"
"2007084225","","1","0","0","0","0","0","0","0","0","4","0","","02","8","2007","1","40.427861","-79.980668","2359","11","0","0","0","0","0","0","0","0","","0","0","0","","","0","","1","","40 25:40.299","","0","79 58:50.404","0","0","0","0","2301","0","0","0","N","0","0","0","3","02301","0","","1.0","","9","N","N","","1","","0","0","0","3","1","","","2","0","0","0","0","0","0","2","0","2","","","","N","","","","","","","","","",""
"2007084226","","0","0","0","0","0","0","0","0","0","4","1","","02","8","2007","5","40.410833","-80.00602","1803","11","0","0","0","0","0","1","0","0","3","0","1","0","","","2","","2","","40 24:39.000","5","0","80 00:21.671","3","0","0","0","2301","0","0","0","N","0","0","0","3","02301","0","","1.0","","1","N","N","","0","","2","0","1","3","2","N","","2","2","0","0","0","0","0","2","0","2","","","","N","","","","","","","","","",""
"2007084227","","1","0","0","0","0","0","0","0","0","1","0","","02","8","2007","6","40.405082","-80.015172","0721","11","0","0","0","0","0","0","0","0","","0","0","0","","","0","","0","","40 24:18.295","","0","80 00:54.619","0","0","0","0","2301","0","0","0","N","0","0","0","3","02301","0","","1.0","","1","N","N","","1","","0","0","0","0","0","","","2","0","2","0","0","0","0","2","0","2","","","","N","","","","","","","","","",""
"2007084228","","3","0","0","0","0","0","0","0","0","1","0","","02","7","2007","3","40.4546","-79.9941","1727","11","0","0","0","0","0","1","0","0","","0","0","0","","","0","","0","","40 27:16.560","","0","79 59:38.760","0","0","0","0","2301","0","0","0","N","0","0","0","3","02301","0","","1.0","","1","N","N","","0","","0","0","0","0","0","","","3","0","0","0","0","0","0","2","0","3","","","","N","","","","","","","","","",""
"2007084229","","3","0","0","0","0","0","0","0","0","1","0","","02","8","2007","4","40.483309","-80.041034","0039","11","0","0","0","0","0","0","0","0","","0","0","0","","","0","","2","","40 28:59.912","","0","80 02:27.722","0","0","0","0","2301","0","0","0","N","0","0","0","1","02301","0","","1.0","","1","N","N","","0","","0","0","0","3","3","","","4","0","0","0","0","0","0","2","0","3","","","","N","","","","","","","","","",""
"2007084230","","2","0","0","0","0","0","0","0","0","4","0","","02","8","2007","5","40.463454","-80.010963","1705","11","0","0","0","1","0","0","0","0","","0","0","0","","","0","","2","","40 27:48.434","","0","80 00:39.466","0","0","0","0","2301","0","0","0","","0","0","0","2","02301","0","","1.0","","1","","","","0","","0","0","0","0","0","","","2","0","0","0","0","0","0","2","0","2","","","","N","","","","","","","","","",""
"2007084231","","2","0","0","0","0","0","0","0","0","4","0","","02","8","2007","6","40.453729","-79.993335","1559","11","0","0","0","0","0","0","0","0","","0","0","0","","","0","","1","","40 27:13.424","","0","79 59:36.006","0","0","0","0","2301","0","0","0","N","0","0","0","2","02301","0","","1.0","","1","N","N","","0","","0","0","0","0","0","","","2","0","0","0","0","0","0","2","0","2","","","","N","","","","","","","","","",""
"2007084232","","2","0","0","0","0","0","0","0","0","1","0","","02","8","2007","6","40.4684","-79.9768","1533","11","0","1","0","0","0","0","0","0","1","0","0","0","","","0","","0","","40 28:06.240","1","0","79 58:36.480","0","0","0","0","2301","0","0","0","N","0","0","0","4","02301","0","","1.0","","1","N","N","","0","","0","0","0","0","0","N","","2","0","0","0","0","0","0","2","0","2","","","","N","","","","","","","","","",""
"2007084233","","1","0","0","0","0","0","0","0","0","4","0","","02","8","2007","1","","","2216","11","0","0","0","0","0","0","0","1","","0","0","0","","","0","","1","","","","0","","9","0","0","0","2301","0","0","0","N","0","0","0","3","02301","0","","1.0","","1","N","N","","0","","0","0","0","3","3","","","2","0","0","0","0","0","1","1","0","2","","","","N","","","","","","","","","",""
"2007084234","","2","0","0","0","0","0","0","0","0","1","0","","02","8","2007","2","40.4558","-79.9923","0545","11","0","0","0","0","0","1","0","0","","0","0","0","","","0","","6","","40 27:20.880","","2","79 59:32.280","0","0","0","0","2301","0","0","0","N","0","0","0","4","02301","0","","1.0","","9","N","N","","0","","0","0","0","3","4","","","3","0","0","0","0","0","0","2","1","3","","","","N","","","","","","","","","",""
"2007084235","","0","0","0","0","0","0","0","0","0","0","0","","02","7","2007","2","40.428611","-79.983393","0204","11","0","0","0","0","0","0","0","0","","0","0","0","","","0","","1","","40 25:43.000","","0","79 59:00.216","0","0","0","1","2301","0","0","0","N","0","0","0","1","02301","0","","1.0","","1","N","N","","0","","0","0","0","3","1","","","1","0","0","0","0","0","0","2","0","1","","","","N","","","","","","","","","",""
"2007084236","","2","0","0","0","0","0","0","0","0","4","0","","02","8","2007","5","40.427861","-79.980668","0200","11","0","0","0","0","0","0","0","0","","0","0","0","","","0","","1","","40 25:40.299","","0","79 58:50.404","0","0","0","0","2301","0","0","0","N","0","0","0","1","02301","0","","1.0","","1","N","N","","1","","0","0","0","3","1","","","3","0","0","0","0","0","0","2","0","3","","","","N","","","","","","","","","",""
"2007084237","","1","0","0","0","0","0","0","0","0","1","0","","02","8","2007","4","40.442913","-80.058719","1317","11","0","0","0","0","0","1","0","0","","0","0","0","","","1","","0","","40 26:34.486","","0","80 03:31.388","8","0","0","0","2301","0","0","0","N","0","0","0","2","02301","0","","1.0","","1","N","N","","1","","0","0","0","0","0","","","2","1","0","0","0","1","1","2","0","2","","","","N","","","","","","","","","",""
"2007084238","","1","0","0","0","0","0","0","0","0","7","0","","02","8","2007","5","","","0908","11","0","0","0","0","0","1","0","0","","0","0","0","","","1","","1","","","","0","","4","0","0","0","2301","0","0","0","N","0","0","0","1","02301","1","","4.0","","1","N","N","","0","","0","0","0","3","2","","","1","1","0","0","0","0","0","1","0","1","","","","N","","","","","","","","","",""
"2007084239","","0","0","0","0","0","0","0","0","0","6","0","","02","8","2007","5","40.423716","-79.977565","1148","11","0","0","0","0","0","2","0","0","","0","0","0","","","0","","0","","40 25:25.377","","0","79 58:39.234","0","0","0","0","2301","0","0","0","N","0","0","0","3","02301","0","","1.0","","1","N","N","","1","","0","0","1","0","0","","","3","0","0","0","0","0","0","2","1","3","","","","N","","","","","","","","","",""
"2007084240","","3","0","0","0","0","0","0","0","0","2","0","","02","8","2007","5","40.38682","-79.981283","2036","11","0","1","1","0","0","0","0","0","2","0","0","0","","","0","","2","","40 23:12.552","3","0","79 58:52.618","0","0","0","0","2301","0","0","0","N","0","0","0","3","02301","0","","1.0","","1","N","N","","0","","0","0","0","3","3","Y","","3","0","0","0","0","0","0","2","0","3","","","","N","","","","","","","","","",""
"2007084241","","1","0","0","0","0","0","0","0","0","7","0","","02","8","2007","7","40.424868","-79.979902","1738","11","0","0","0","0","0","0","0","0","1","0","0","0","","","0","","0","","40 25:29.523","1","0","79 58:47.646","0","0","0","0","2301","0","0","0","N","0","0","0","1","02301","0","","4.0","","1","N","N","","0","","0","0","0","0","0","Y","","1","0","0","0","0","0","0","2","0","1","","","","N","","","","","","","","","",""
"2007084242","","1","0","0","0","0","0","0","0","0","1","0","","02","8","2007","2","40.402918","-80.020588","1418","11","1","0","0","0","0","0","0","0","","0","0","0","","","1","","2","","40 24:10.503","","0","80 01:14.117","8","0","0","0","2301","0","0","0","N","0","0","0","3","02301","0","","1.0","","1","N","N","","2","","0","0","1","0","0","","","4","1","0","0","0","1","0","2","0","4","","","","N","","","","","","","","","",""
"2007084243","","1","0","0","0","0","0","0","0","0","7","0","","02","8","2007","3","40.442466","-80.083889","1940","11","0","1","0","0","0","0","0","0","","0","0","0","","","1","","1","","40 26:32.877","","0","80 05:01.999","8","0","0","0","2301","0","0","0","N","0","0","0","1","02301","0","","4.0","","1","N","N","","0","","0","0","0","0","0","","","1","1","0","0","0","1","0","2","0","1","","","","N","","","","","","","","","",""
"2007084346","","2","0","0","0","0","0","0","0","0","2","0","","02","8","2007","5","40.455716","-79.902231","1630","11","0","0","0","0","0","1","0","0","","0","0","0","","","0","","1","","40 27:20.577","","0","79 54:08.031","9","0","0","0","2301","0","0","0","N","0","0","0","3","02301","0","","1.0","","9","N","N","","0","","0","0","0","3","2","","","2","0","1","0","0","0","1","2","0","2","","","","N","","","","","","","","","",""
"2007084347","","0","0","0","0","0","0","0","0","0","4","0","","02","8","2007","5","40.380833","-79.99499","1341","11","0","0","0","0","0","1","0","0","","0","0","0","","","1","","0","","40 22:51.000","","0","79 59:41.964","4","0","0","1","2301","0","0","0","","0","0","0","2","02301","1","","1.0","","1","N","N","","0","","0","0","0","0","0","","","2","1","0","0","0","0","0","2","1","2","","","","N","","","","","","","","","",""
"2007084348","","1","0","0","0","0","0","0","0","0","7","0","","02","8","2007","1","40.394227","-80.026406","1453","11","0","0","0","0","0","0","0","1","4","0","0","0","","","0","","0","","40 23:39.217","5","0","80 01:35.061","0","0","0","0","2301","0","0","0","N","0","0","0","1","02301","0","","4.0","","9","N","N","","0","","0","0","0","0","0","Y","","1","0","0","0","0","0","0","2","0","1","","","","N","","","","","","","","","",""
"2007084349","","3","0","0","0","0","0","0","0","0","1","0","","02","7","2007","2","40.436366","-79.955749","1359","11","0","0","0","1","0","1","0","0","","0","0","0","","","2","","0","","40 26:10.917","","0","79 57:20.696","4","0","0","0","2301","0","0","0","N","0","0","0","4","02301","2","","1.0","","1","N","N","","0","","0","0","0","0","0","","","3","2","0","0","0","0","0","2","0","3","","","","N","","","","","","","","","",""
"2007084350","","1","0","0","0","0","0","0","0","0","1","0","","02","8","2007","7","40.428611","-79.980545","0310","11","0","0","0","0","1","0","0","0","","0","0","0","","","0","","1","","40 25:43.000","","0","79 58:49.963","0","0","0","0","2301","0","0","0","N","0","0","0","4","02301","0","","1.0","","1","N","N","","0","","0","0","0","3","2","","","2","0","0","0","0","0","0","2","1","2","","","","N","","","","","","","","","",""
"2007084351","","1","0","0","0","0","0","0","0","0","7","0","","02","8","2007","7","40.457505","-79.917383","2358","11","0","0","0","0","0","0","0","0","","0","0","0","","","0","","2","","40 27:27.018","","7","79 55:02.577","0","0","0","0","2301","0","0","0","N","0","0","0","1","02301","0","","4.0","","1","N","N","","0","","0","0","0","0","0","","","1","0","0","0","0","0","0","2","0","1","","","","N","","","","","","","","","",""
"2007084352","","0","0","0","0","0","0","0","0","0","1","0","","02","8","2007","2","40.478849","-80.030918","2212","11","0","0","0","0","0","0","0","0","2","0","0","0","","","0","","0","","40 28:43.856","5","0","80 01:51.304","0","0","0","0","2301","0","0","0","N","0","0","0","1","02301","0","","6.0","","1","N","N","","0","","0","0","2","0","0","N","","2","0","0","0","0","0","0","2","0","2","","","","N","","","","","","","","","",""
"2007084353","","1","0","0","0","0","0","0","0","0","7","0","","02","8","2007","2","40.424009","-79.978245","2310","11","0","0","0","0","0","1","0","0","1","0","0","0","","","1","","0","","40 25:26.432","4","0","79 58:41.682","4","0","0","0","2301","0","0","0","N","0","0","0","1","02301","1","","5.0","","1","N","N","","0","","0","0","0","0","0","N","","1","1","1","0","0","0","0","2","0","1","","","","N","","","","","","","","","",""
"2007084354","","0","0","0","0","0","0","0","0","0","4","0","","02","7","2007","3","40.437428","-79.979527","1210","11","0","0","0","0","0","0","0","0","","0","0","0","","","0","","2","","40 26:14.740","","0","79 58:46.297","0","0","0","0","2301","0","0","0","N","0","0","0","2","02301","0","","1.0","","1","N","N","","1","","0","0","0","3","3","","","2","0","0","0","0","0","0","2","1","2","","","","N","","","","","","","","","",""
"2007084355","","1","0","0","0","0","0","0","0","0","7","0","","02","8","2007","1","40.442445","-79.999834","0150","11","0","0","0","0","0","0","0","0","2","0","0","0","","","1","","0","","40 26:32.802","5","0","79 59:59.402","8","0","0","0","2301","0","0","0","N","0","0","0","1","02301","0","","4.0","","1","N","N","","0","","0","0","0","0","0","Y","","1","1","1","0","0","1","0","2","0","1","","","","N","","","","","","","","","",""
"2007084356","","1","0","0","0","0","0","0","0","0","7","0","","02","7","2007","6","40.4557","-79.9658","0431","11","0","0","0","0","0","0","0","0","","0","0","0","","","0","","0","","40 27:20.520","","0","79 57:56.880","9","0","0","0","2301","0","0","0","N","0","0","0","1","02301","0","","2.0","","1","N","N","","0","","0","0","0","0","0","","","1","0","0","0","0","0","1","2","0","1","","","","N","","","","","","","","","",""
"2007084357","","1","0","0","0","0","0","0","0","0","4","0","","02","7","2007","7","40.449725","-79.986084","0239","11","0","0","0","0","0","1","0","0","2","0","0","0","","","1","","1","","40 26:59.010","4","0","79 59:09.902","3","0","0","1","2301","0","0","0","N","0","0","0","2","02301","0","","1.0","","1","N","N","","0","","1","0","0","3","3","Y","","2","1","0","0","0","0","1","2","0","2","","","","N","","","","","","","","","",""
"2007084358","","0","0","0","0","0","0","0","0","0","8","0","","02","8","2007","5","40.464673","-79.923313","1024","11","0","0","0","0","0","0","0","0","","0","0","0","","","4","","2","","40 27:52.822","","0","79 55:23.926","8","0","0","0","2301","4","0","0","N","4","0","0","5","02301","0","","1.0","","1","N","N","","0","","0","0","1","3","3","","","5","4","0","0","0","4","1","2","0","1","","","","N","","","","","","","","","",""
"2007084359","","1","0","0","0","0","0","0","0","0","0","0","","02","8","2007","7","40.462558","-79.950726","1147","11","0","0","0","0","0","0","0","0","1","0","0","0","","","0","","0","","40 27:45.208","1","0","79 57:02.613","0","0","0","0","2301","0","0","0","N","0","0","0","1","02301","0","","1.0","","1","N","N","","0","","0","0","0","3","2","Y","","1","0","1","0","0","0","0","2","0","1","","","","N","","","","","","","","","",""
"2007084360","","2","0","0","0","0","0","0","0","0","1","0","","02","8","2007","6","40.463333","-79.906022","0729","11","0","0","0","0","0","1","0","0","1","0","0","0","","","1","","0","","40 27:48.000","5","0","79 54:21.679","8","0","0","0","2301","0","0","0","","0","0","0","4","02301","0","","1.0","","1","N","N","","0","","0","0","1","0","0","N","","3","1","0","0","0","1","0","2","0","3","","","","N","","","","","","","","","",""
"2007084394","","1","0","0","0","0","0","0","0","0","4","0","","02","8","2007","2","40.280965","-79.903869","1433","11","0","0","0","0","0","0","0","0","1","0","0","0","","","1","","2","","40 16:51.475","7","0","79 54:13.929","8","0","0","0","2440","0","0","0","N","0","0","0","2","02440","0","","1.0","","1","N","N","","1","","0","0","0","0","0","Y","","2","1","0","0","0","1","0","2","0","2","","","","N","","","","","","","","","",""
"2007084395","","0","0","0","0","0","0","0","0","0","7","0","","02","8","2007","1","40.554139","-79.819989","1845","11","0","0","0","0","0","0","0","0","1","0","0","0","","","0","","0","","40 33:14.899","6","0","79 49:11.961","0","0","0","0","2466","0","0","0","N","0","0","0","2","02466","0","","5.0","","1","N","N","","1","","0","0","0","0","0","N","","1","0","0","0","0","0","0","2","0","1","","","","N","","","","","","","","","",""
"2007084404","","0","0","0","0","0","0","0","0","0","7","0","","02","8","2007","1","40.568611","-79.887943","0435","11","0","0","0","0","0","0","0","0","","0","0","0","","","1","","0","","40 34:07.000","","0","79 53:16.594","4","0","0","0","2209","0","0","0","N","0","0","0","1","02209","1","","4.0","","1","N","N","","0","","0","0","0","0","0","","","1","1","1","0","0","0","0","2","1","1","","","","N","","","","","","","","","",""
"2007084405","","1","0","0","0","0","0","0","0","0","4","0","","02","8","2007","7","40.456944","-80.176339","2049","11","1","0","0","0","0","0","1","0","","0","0","0","","","1","","1","","40 27:25.000","","0","80 10:34.819","4","0","0","0","2213","0","0","0","N","0","0","0","3","02213","1","","1.0","","9","N","N","","0","","0","0","1","3","2","","","2","1","0","0","0","0","0","2","0","2","","","","N","","","","","","","","","",""
"2007084406","","1","0","0","0","0","0","0","0","0","1","0","","02","8","2007","3","40.542647","-80.205207","0922","11","0","0","0","0","0","0","0","0","2","0","0","0","","","2","","1","","40 32:33.530","2","0","80 12:18.744","4","0","0","0","2213","0","0","0","N","0","0","0","4","02213","2","","1.0","","9","N","N","","1","","0","0","0","3","2","N","","2","2","0","0","0","0","0","2","0","2","","","","N","","","","","","","","","",""
"2007084407","","3","0","0","0","0","0","0","0","0","1","0","","02","8","2007","2","40.509444","-80.211891","1532","11","0","0","0","0","1","1","0","0","1","0","0","0","","","0","","2","","40 30:34.000","1","0","80 12:42.809","0","0","0","0","2213","0","0","0","N","0","0","0","6","02213","0","","1.0","","9","N","N","","0","","0","0","0","0","0","N","","3","0","1","0","0","0","0","2","0","3","","","","N","","","","","","","","","",""
"2007084578","","1","0","0","0","0","0","0","0","0","7","0","","02","8","2007","1","40.541298","-79.778771","2144","11","0","0","0","1","0","0","0","0","2","0","0","0","","","0","","0","","40 32:28.674","7","0","79 46:43.574","0","0","0","0","2462","0","0","0","N","0","0","0","1","02462","0","","5.0","","98","N","N","","0","","0","0","0","0","0","Y","","1","0","0","0","0","0","0","2","0","1","","","","N","","","","","","","","","",""
"2007084583","","2","0","0","0","0","0","0","0","0","1","0","","02","6","2007","7","40.342222","-80.118222","1715","11","0","0","0","0","0","0","2","0","","0","0","0","","","2","","0","","40 20:32.000","","0","80 07:05.598","8","0","0","0","2119","0","0","0","N","0","0","0","3","02119","0","","1.0","","1","N","N","","0","","0","0","1","1","2","","","3","2","0","0","0","2","0","2","0","3","","","","N","","","","","","","","","",""
"2007084651","","1","0","0","0","0","0","0","0","0","7","0","","02","8","2007","6","40.442867","-79.787706","0206","11","0","0","0","0","1","0","0","0","","0","0","0","","","0","","0","","40 26:34.320","","0","79 47:15.740","0","0","0","0","2446","0","0","0","Y","0","0","0","2","02446","0","","5.0","","1","N","N","","0","","0","0","0","0","0","","","1","0","0","0","0","0","0","2","0","1","","","","N","","","","","","","","","",""
"2007084660","","1","0","0","0","0","0","0","0","0","8","0","","02","8","2007","2","40.504235","-79.843174","1132","11","0","0","0","0","0","0","0","1","","1","0","0","","","0","","0","","40 30:15.246","","0","79 50:35.426","1","0","0","0","2468","1","1","0","N","1","1","0","2","02501","0","2","1.0","","1","N","N","","0","0","0","0","0","0","0","","","2","0","0","0","0","0","0","2","0","1","","","","N","","","","","","","","","",""
"2007084675","","1","0","0","0","0","0","0","0","0","4","0","","02","8","2007","4","40.6369","-79.9389","1317","11","0","0","0","0","0","1","0","1","","0","0","0","","","0","","0","","40 38:12.840","","7","79 56:20.040","0","0","0","0","2217","0","0","0","N","0","0","0","3","02505","0","","1.0","","1","N","N","","0","","0","0","1","3","2","","","2","0","0","0","0","0","0","2","0","2","","","","N","","","","","","","","","",""
"2007084677","","2","0","0","0","0","0","0","0","0","4","0","","02","8","2007","3","40.440896","-79.856332","1145","11","0","0","0","0","0","0","1","1","","0","0","0","","","0","","1","","40 26:27.227","","0","79 51:22.795","0","0","0","0","2419","0","0","0","N","0","0","0","2","02419","0","","1.0","","1","N","N","","0","","0","0","0","3","2","","","2","0","0","0","0","0","0","2","0","2","","","","N","","","","","","","","","",""
"2007084688","","2","0","0","0","0","0","0","0","0","1","0","","02","8","2007","1","40.530278","-80.003919","2044","11","0","1","0","0","0","0","0","0","","0","0","0","","","1","","0","","40 31:49.000","","0","80 00:14.110","4","0","0","0","2116","0","0","0","N","0","0","0","3","02116","1","","1.0","","9","N","N","","0","","0","0","0","0","0","","","2","1","0","0","0","0","0","2","0","2","","","","N","","","","","","","","","",""
"2007084691","","1","0","0","0","0","0","0","0","0","1","0","","02","8","2007","3","40.449156","-79.762252","1719","11","0","0","0","0","0","0","1","0","","0","0","0","","","2","","3","","40 26:56.961","","0","79 45:44.107","4","0","0","1","2446","0","0","0","N","0","0","0","3","02446","2","","1.0","","1","N","N","","0","","0","0","0","3","3","","","2","2","0","0","0","0","0","2","0","2","","","","N","","","","","","","","","",""
"2007084692","","0","0","0","0","0","0","0","0","0","1","0","","02","8","2007","4","40.458056","-80.174057","1709","11","0","0","0","0","0","0","0","0","","0","0","0","","","0","","0","","40 27:29.000","","0","80 10:26.604","0","0","0","0","2213","0","0","0","N","0","0","0","5","02213","0","","1.0","","1","N","N","","0","","0","0","0","3","2","","","2","0","0","0","0","0","0","2","2","2","","","","N","","","","","","","","","",""
"2007084693","","1","0","0","0","0","0","0","0","0","7","0","","02","8","2007","7","40.523291","-80.19427","0255","11","0","0","1","0","0","0","0","0","","0","0","0","","","0","","0","","40 31:23.849","","0","80 11:39.372","9","0","0","0","2213","0","0","0","N","0","0","0","1","02213","0","","4.0","","1","N","N","","0","","0","0","0","0","0","","","1","0","0","0","0","0","1","2","0","1","","","","N","","","","","","","","","",""
"2007084733","","1","0","0","0","0","0","0","0","0","7","0","","02","8","2007","7","40.48022","-80.035694","0312","11","0","0","0","0","0","0","0","0","","0","0","0","","","0","","0","","40 28:48.792","","0","80 02:08.497","9","0","0","0","2301","0","0","0","N","0","0","0","1","02301","0","","5.0","","1","N","N","","0","","0","0","0","0","0","","","1","0","0","0","0","0","1","2","0","1","","","","N","","","","","","","","","",""
"2007084735","","3","0","0","0","0","0","0","0","0","1","1","","02","8","2007","3","40.364763","-80.019916","1554","11","0","0","0","0","0","2","1","0","1","0","1","0","","","3","","0","","40 21:53.146","2","0","80 01:11.698","8","0","0","0","2416","0","0","0","N","0","0","0","5","02503","0","","1.0","","1","N","N","","0","","0","0","0","0","0","N","","4","3","0","0","0","3","0","2","0","4","","","","N","","","","","","","","","",""
"2007084750","","1","0","0","0","0","0","0","0","0","7","0","","02","8","2007","3","40.464659","-79.742024","0745","11","0","0","1","0","0","0","0","0","","0","0","0","","","1","","0","","40 27:52.773","","0","79 44:31.285","4","0","0","0","2466","0","0","0","N","0","0","0","1","02466","1","","4.0","","1","N","N","","0","","0","0","0","0","0","","","1","1","0","0","0","0","0","2","0","1","","","","N","","","","","","","","","",""
"2007084756","","0","0","0","0","0","0","0","0","0","1","0","","02","8","2007","4","","","9999","11","0","0","0","0","0","1","0","0","","0","0","0","","","1","","0","","","","7","","8","0","0","0","2126","0","0","0","N","0","0","0","2","02126","0","","1.0","","1","N","N","","0","","0","0","1","3","2","","","2","1","0","0","0","1","1","1","1","2","","","","N","","","","","","","","","",""
"2007084759","","1","0","0","0","0","0","0","0","0","1","0","","02","8","2007","3","40.367778","-79.779834","1239","11","0","0","0","0","0","2","0","1","","0","0","0","","","1","","1","","40 22:04.000","","0","79 46:47.401","8","0","0","0","2111","0","0","0","N","0","0","0","4","02111","0","","1.0","","1","N","N","","0","","0","0","1","3","2","","","3","1","0","0","0","1","0","2","0","3","","","","N","","","","","","","","","",""
"2007084763","","1","0","0","0","0","0","0","0","0","8","0","","02","8","2007","3","40.408889","-79.903181","1911","11","0","0","0","0","0","1","0","0","1","0","0","0","","","1","","0","","40 24:32.000","3","0","79 54:11.452","4","0","0","0","2448","1","0","0","N","1","0","0","2","02448","1","","1.0","","9","N","N","","0","","0","0","0","0","0","Y","","2","1","0","0","0","0","0","2","0","1","","","","N","","","","","","","","","",""
"2007084768","","1","0","0","0","0","0","0","0","0","1","0","","02","8","2007","4","40.475278","-79.765804","0815","11","0","0","0","0","0","0","1","0","","0","0","0","","","0","","0","","40 28:31.000","","0","79 45:56.895","0","0","0","0","2466","0","0","0","N","0","0","0","3","02466","0","","1.0","","1","N","N","","0","","0","0","0","0","0","","","2","0","0","0","0","0","0","2","1","2","","","","N","","","","","","","","","",""
"2007084770","","1","0","0","0","0","0","0","0","0","7","0","","02","8","2007","3","40.567598","-80.154667","1759","11","0","0","0","0","0","0","0","0","","0","0","0","","","1","","0","","40 34:03.354","","0","80 09:16.801","8","0","0","0","2459","0","0","0","N","0","0","0","1","02459","0","","2.0","","1","N","N","","0","","0","0","0","0","0","","","1","1","0","0","0","1","0","1","0","1","","","","N","","","","","","","","","",""
"2007084777","","1","0","0","0","0","0","0","0","0","7","0","","02","8","2007","2","40.288833","-80.006556","1234","11","0","0","0","0","0","0","0","0","","0","0","0","","","1","","0","","40 17:19.800","","1","80 00:23.600","8","0","0","0","2219","0","0","0","N","0","0","0","3","02219","0","","2.0","","1","N","N","","0","","0","0","0","0","0","","","1","1","2","0","0","1","1","2","0","1","","","","N","","","","","","","","","",""
"2007084781","","3","0","0","0","0","0","0","0","0","4","0","","02","8","2007","2","40.433611","-79.756491","1606","11","1","0","0","0","0","1","1","0","1","0","0","0","","","2","","0","","40 26:01.000","6","0","79 45:23.368","3","0","0","0","2446","0","0","0","N","0","0","0","5","02446","1","","1.0","","1","N","N","","0","","1","0","0","0","0","Y","","3","2","0","0","0","0","0","2","0","3","","","","N","","","","","","","","","",""
"2007084788","","2","0","0","0","0","0","0","0","0","1","0","","02","8","2007","4","40.4964","-80.0682","1536","11","0","0","0","0","0","0","0","0","","0","0","0","","","1","","0","","40 29:47.040","","0","80 04:05.520","4","0","0","0","2402","0","0","0","N","0","0","0","2","02402","1","","1.0","","1","N","N","","0","","0","0","0","0","0","","","2","1","0","0","0","0","0","2","0","2","","","","N","","","","","","","","","",""
"2007084791","","1","0","0","0","0","0","0","0","0","7","0","","02","8","2007","4","40.482778","-79.720109","1539","11","0","0","0","0","0","0","0","0","1","0","0","0","","","2","","0","","40 28:58.000","3","0","79 43:12.392","4","0","0","0","2466","0","0","0","N","0","0","0","3","02466","2","","5.0","","1","N","N","","0","","0","0","0","0","0","N","","1","2","3","0","0","0","0","2","0","1","","","","N","","","","","","","","","",""
"2007084793","","1","0","0","0","0","0","0","0","0","4","0","","02","8","2007","3","40.549444","-79.914118","1629","11","0","0","0","0","0","1","0","0","1","0","0","0","","","0","","2","","40 32:58.000","1","0","79 54:50.825","0","0","0","0","2209","0","0","0","N","0","0","0","2","02209","0","","1.0","","1","N","N","","1","","0","0","0","3","3","N","","2","0","0","0","0","0","0","2","0","2","","","","N","","","","","","","","","",""