"CRN","ARRIVAL_TM","AUTOMOBILE_COUNT","BELTED_DEATH_COUNT","BELTED_SUSP_SERIOUS_INJ_COUNT","BICYCLE_COUNT","BICYCLE_DEATH_COUNT","BICYCLE_SUSP_SERIOUS_INJ_COUNT","BUS_COUNT","CHLDPAS_DEATH_COUNT","CHLDPAS_SUSP_SERIOUS_INJ_COUNT","COLLISION_TYPE","COMM_VEH_COUNT","CONS_ZONE_SPD_LIM","COUNTY","CRASH_MONTH","CRASH_YEAR","DAY_OF_WEEK","DEC_LATITUDE","DEC_LONGITUDE","DISPATCH_TM","DISTRICT","DRIVER_COUNT_16YR","DRIVER_COUNT_17YR","DRIVER_COUNT_18YR","DRIVER_COUNT_19YR","DRIVER_COUNT_20YR","DRIVER_COUNT_50_64YR","DRIVER_COUNT_65_74YR","DRIVER_COUNT_75PLUS","EST_HRS_CLOSED","FATAL_COUNT","HEAVY_TRUCK_COUNT","HORSE_BUGGY_COUNT","HOUR_OF_DAY","ILLUMINATION","INJURY_COUNT","INTERSECTION_RELATED","INTERSECT_TYPE","LANE_CLOSED","LATITUDE","LN_CLOSE_DIR","LOCATION_TYPE","LONGITUDE","MAX_SEVERITY_LEVEL","MCYCLE_DEATH_COUNT","MCYCLE_SUSP_SERIOUS_INJ_COUNT","MOTORCYCLE_COUNT","MUNICIPALITY","NONMOTR_COUNT","NONMOTR_DEATH_COUNT","NONMOTR_SUSP_SERIOUS_INJ_COUNT","NTFY_HIWY_MAINT","PED_COUNT","PED_DEATH_COUNT","PED_SUSP_SERIOUS_INJ_COUNT","PERSON_COUNT","POLICE_AGCY","POSSIBLE_INJ_COUNT","RDWY_SURF_TYPE_CD","RELATION_TO_ROAD","ROADWAY_CLEARED","ROAD_CONDITION","SCH_BUS_IND","SCH_ZONE_IND","SECONDARY_CRASH","SMALL_TRUCK_COUNT","SPEC_JURIS_CD","SUSP_MINOR_INJ_COUNT","SUSP_SERIOUS_INJ_COUNT","SUV_COUNT","TCD_FUNC_CD","TCD_TYPE","TFC_DETOUR_IND","TIME_OF_DAY","TOTAL_UNITS","TOT_INJ_COUNT","UNBELTED_OCC_COUNT","UNB_DEATH_COUNT","UNB_SUSP_SERIOUS_INJ_COUNT","UNK_INJ_DEG_COUNT","UNK_INJ_PER_COUNT","URBAN_RURAL","VAN_COUNT","VEHICLE_COUNT","WEATHER1","WEATHER2","WORKERS_PRES","WORK_ZONE_IND","WORK_ZONE_LOC","WORK_ZONE_TYPE","WZ_CLOSE_DETOUR","WZ_FLAGGER","WZ_LAW_OFFCR_IND","WZ_LN_CLOSURE","WZ_MOVING","WZ_OTHER","WZ_SHLDER_MDN","WZ_WORKERS_INJ_KILLED"
"2007086503","","1","0","0","0","0","0","0","0","0","1","1","","02","8","2007","6","40.438333","-79.961395","0915","11","0","0","0","0","0","0","0","0","","0","1","0","","","0","","0","","40 26:18.000","","0","79 57:41.022","0","0","0","0","2301","0","0","0","N","0","0","0","4","02301","0","","1.0","","1","N","N","","0","","0","0","0","0","0","","","2","0","0","0","0","0","0","2","0","2","","","","N","","","","","","","","","",""
"2007086504","","2","0","0","0","0","0","0","0","0","1","0","","02","8","2007","6","40.439722","-79.959325","1732","11","0","0","0","0","0","0","1","0","","0","0","0","","","1","","1","","40 26:23.000","","0","79 57:33.571","8","0","0","0","2301","0","0","0","N","0","0","0","2","02301","0","","1.0","","9","N","N","","0","","0","0","0","3","2","","","2","1","0","0","0","1","0","2","0","2","","","","N","","","","","","","","","",""
"2007086509","","1","0","0","0","0","0","0","0","0","8","0","","02","8","2007","7","40.475094","-80.035118","0008","11","0","0","0","0","0","0","0","0","","0","0","0","","","1","","2","","40 28:30.338","","0","80 02:06.424","8","0","0","0","2301","1","0","0","N","1","0","0","3","02301","0","","1.0","","1","N","N","","0","","0","0","0","3","3","","","2","1","0","0","0","1","0","2","0","1","","","","N","","","","","","","","","",""
"2007086524","","2","0","0","0","0","0","0","0","0","5","0","","02","8","2007","6","40.461106","-79.927459","1416","11","0","0","0","0","0","1","0","0","","0","0","0","","","3","","2","","40 27:39.981","","7","79 55:38.852","8","0","0","0","2301","0","0","0","N","0","0","0","4","02301","0","","1.0","","1","N","N","","0","","0","0","0","3","3","","","2","3","0","0","0","3","0","2","0","2","","","","N","","","","","","","","","",""
"2007086593","","2","0","0","0","0","0","0","0","0","4","0","","02","8","2007","7","40.579601","-80.220776","1955","11","0","0","0","0","0","0","0","0","1","0","0","0","","","0","","2","","40 34:46.563","1","0","80 13:14.793","0","0","0","0","2441","0","0","0","N","0","0","0","2","02441","0","","1.0","","1","N","N","","0","","0","0","0","0","0","Y","","2","0","2","0","0","0","0","2","0","2","","","","N","","","","","","","","","",""
"2007086594","","2","0","0","0","0","0","0","0","0","4","0","","02","8","2007","6","40.355","-80.038964","1341","11","0","0","0","0","0","0","1","0","2","0","0","0","","","0","","1","","40 21:18.000","3","0","80 02:20.271","0","0","0","0","2109","0","0","0","N","0","0","0","2","02109","0","","1.0","","9","N","N","","0","","0","0","0","3","3","N","","2","0","1","0","0","0","0","2","0","2","","","","N","","","","","","","","","",""
"2007086600","","1","0","0","0","0","0","0","0","0","7","0","","02","9","2007","1","40.2811","-79.9836","0345","11","0","1","0","0","0","0","0","0","","0","0","0","","","0","","0","","40 16:51.960","","0","79 59:00.960","0","0","0","0","2219","0","0","0","N","0","0","0","1","02219","0","","5.0","","1","N","N","","0","","0","0","0","0","0","","","1","0","1","0","0","0","0","1","0","1","","","","N","","","","","","","","","",""
"2007086705","","1","0","0","0","0","0","0","0","0","7","0","","02","9","2007","7","40.445782","-80.258478","1249","11","0","0","0","0","0","0","0","0","3","0","0","0","","","1","","0","","40 26:44.814","6","0","80 15:30.521","2","0","0","0","2203","0","0","0","N","0","0","0","1","02203","0","","2.0","","1","N","N","","0","","0","1","0","0","0","Y","","1","1","0","0","0","0","0","2","0","1","","","","N","","","","","","","","","",""
"2007086708","","1","0","0","0","0","0","0","0","0","7","0","","02","7","2007","4","40.6138","-79.9612","1215","11","0","0","0","0","0","0","0","0","","0","0","0","","","0","","0","","40 36:49.680","","0","79 57:40.320","0","0","0","0","2207","0","0","0","N","0","0","0","1","68T02","0","","3.0","","1","N","N","","0","","0","0","0","0","0","","","1","0","0","0","0","0","0","2","0","1","","","","N","","","","","","","","","",""
"2007086713","","2","0","0","0","0","0","0","0","0","1","0","","02","6","2007","2","40.429444","-80.273183","1629","11","0","0","1","0","0","0","0","0","1","0","0","0","","","1","","0","","40 25:46.000","3","0","80 16:23.457","4","0","0","0","2115","0","0","0","N","0","0","0","5","68B03","1","","1.0","","1","N","N","","0","","0","0","2","0","0","N","","4","1","0","0","0","0","0","1","0","4","","","","N","","","","","","","","","",""
"2007086714","","1","0","0","0","0","0","0","0","0","7","0","","02","7","2007","7","","","0116","11","0","0","0","0","0","0","0","0","1","0","0","0","","","0","","0","","40 25:33.96","3","0","79 53:40.56","0","0","0","0","2301","0","0","0","N","0","0","0","1","68B03","0","","2.0","","1","N","N","","0","","0","0","0","0","0","N","","1","0","0","0","0","0","0","2","0","1","","","","N","","","","","","","","","",""
"2007086715","","1","0","0","0","0","0","0","0","0","7","0","","02","7","2007","2","","","0946","11","0","0","0","0","0","1","0","0","","0","0","0","","","0","","6","","40 25:42.96","","2","79 56:15.00","0","0","0","0","2301","0","0","0","N","0","0","0","1","68B03","0","","2.0","","1","N","N","","0","","0","0","0","0","0","","","1","0","0","0","0","0","0","2","0","1","","","","N","","","","","","","","","",""
"2007086716","","2","0","0","0","0","0","0","0","0","1","0","","02","7","2007","2","40.5183","-80.1316","1248","11","0","0","0","0","0","1","0","0","","0","0","0","","","1","","3","","40 31:05.880","","2","80 07:53.760","4","0","0","0","2434","0","0","0","N","0","0","0","2","68B03","1","","1.0","","1","N","N","","0","","0","0","0","0","0","","","2","1","0","0","0","0","0","2","0","2","","","","N","","","","","","","","","",""
"2007086717","","0","0","0","0","0","0","0","0","0","7","0","","02","7","2007","5","","","0627","11","0","0","0","0","0","0","0","0","","0","0","0","","","1","","0","","40 26:31.92","","0","79 49:21.00","2","0","1","1","2124","0","0","0","N","0","0","0","1","68B03","0","","2.0","","1","N","N","","0","","0","1","0","0","0","","","1","1","0","0","0","0","0","2","0","1","","","","N","","","","","","","","","",""
"2007086719","","3","0","0","0","0","0","0","0","0","1","0","","02","7","2007","7","","","1636","11","0","0","0","0","0","1","0","0","2","0","0","0","","","0","","0","","40 25:53.04","3","0","79 57:31.32","0","0","0","0","2301","0","0","0","N","0","0","0","6","68B03","0","","1.0","","1","N","N","","0","","0","0","1","0","0","N","","4","0","0","0","0","0","0","2","0","4","","","","N","","","","","","","","","",""
"2007086720","","1","0","0","0","0","0","0","0","0","0","0","","02","7","2007","1","","","1031","11","0","0","0","1","0","0","0","0","2","0","0","0","","","3","","0","","40 26:02.76","4","3","79 59:38.40","4","0","0","0","2301","0","0","0","N","0","0","0","4","68B03","3","","1.0","","1","N","N","","0","","0","0","1","0","0","N","","2","3","0","0","0","0","0","2","0","2","","","","N","","","","","","","","","",""
"2007086803","","1","0","0","0","0","0","0","0","0","7","0","","02","7","2007","3","40.664444","-80.091154","1339","11","0","0","0","0","0","0","0","0","","0","0","0","","","0","","0","","40 39:52.000","","0","80 05:28.154","0","0","0","0","2212","0","0","0","N","0","0","0","1","68B03","0","","3.0","","1","N","N","","0","","0","0","0","0","0","","","2","0","0","0","0","0","0","2","0","1","","","","N","","","","","","","","","",""
"2007086828","","2","0","0","0","0","0","0","0","0","4","0","","02","8","2007","6","40.453981","-80.014537","1842","11","0","0","0","0","0","0","0","0","1","0","0","0","","","1","","1","","40 27:14.331","5","0","80 00:52.333","8","0","0","0","2301","0","0","0","N","0","0","0","5","02301","0","","1.0","","1","","N","","0","","0","0","0","3","2","N","","2","1","3","0","0","1","0","2","0","2","","","","N","","","","","","","","","",""
"2007086829","","2","0","0","0","0","0","0","0","0","4","0","","02","8","2007","5","40.446389","-79.893602","1822","11","0","0","0","0","1","0","0","0","","0","0","0","","","0","","2","","40 26:47.000","","0","79 53:36.968","0","0","0","0","2301","0","0","0","N","0","0","0","5","02301","0","","1.0","","1","N","N","","0","","0","0","0","0","0","","","2","0","0","0","0","0","0","2","0","2","","","","N","","","","","","","","","",""
"2007086830","","1","0","0","0","0","0","0","0","0","1","0","","02","8","2007","3","40.474167","-79.908209","1525","11","0","0","0","0","0","1","0","0","","0","0","0","","","1","","1","","40 28:27.000","","0","79 54:29.551","4","0","0","0","2301","0","0","0","N","0","0","0","3","02301","1","","1.0","","1","N","N","","0","","0","0","0","3","2","","","2","1","0","0","0","0","0","2","1","2","","","","N","","","","","","","","","",""
"2007086836","","2","0","0","0","0","0","0","0","0","1","0","","02","8","2007","2","40.381602","-80.058943","1138","11","0","0","0","0","0","0","1","0","2","0","0","0","","","3","","2","","40 22:53.767","6","0","80 03:32.194","3","0","0","0","2109","0","0","0","N","0","0","0","3","02109","2","","1.0","","1","N","N","","0","","1","0","0","0","0","N","","2","3","0","0","0","0","0","2","0","2","","","","N","","","","","","","","","",""
"2007086837","","3","0","0","0","0","0","0","0","0","4","0","","02","8","2007","2","40.388494","-80.050254","1545","11","0","0","0","0","0","0","0","0","1","0","0","0","","","0","","1","","40 23:18.578","3","0","80 03:00.914","0","0","0","0","2109","0","0","0","N","0","0","0","5","02109","0","","1.0","","1","N","N","","0","","0","0","0","3","2","N","","3","0","0","0","0","0","0","2","0","3","","","","N","","","","","","","","","",""
"2007086842","","1","0","0","0","0","0","0","0","0","8","0","","02","8","2007","5","40.456944","-79.898866","1451","11","0","0","0","0","0","0","0","0","1","0","0","0","","","1","","1","","40 27:25.000","4","0","79 53:55.917","4","0","0","0","2301","1","0","0","N","1","0","0","2","02301","1","","1.0","","9","N","N","","0","","0","0","0","3","2","N","","2","1","0","0","0","0","0","2","0","1","","","","N","","","","","","","","","",""
"2007086843","","2","0","0","0","0","0","0","0","0","4","0","","02","8","2007","2","40.459556","-79.904671","9999","11","0","0","0","0","0","0","0","0","","0","0","0","","","0","","0","","40 27:34.401","","0","79 54:16.815","9","0","0","0","2301","0","0","0","","0","0","0","2","02301","0","","4.0","","1","N","N","","0","","0","0","0","0","0","","","2","0","2","0","0","0","2","2","0","2","","","","N","","","","","","","","","",""
"2007086844","","1","0","0","0","0","0","0","0","0","1","0","","02","8","2007","2","40.467447","-79.908696","0925","11","0","0","0","0","0","0","1","0","2","0","0","0","","","0","","0","","40 28:02.809","1","0","79 54:31.304","0","0","0","0","2301","0","0","0","N","0","0","0","2","02301","0","","1.0","","9","N","N","","1","","0","0","0","0","0","N","","2","0","0","0","0","0","0","2","0","2","","","","N","","","","","","","","","",""
"2007086845","","2","0","0","0","0","0","0","0","0","4","0","","02","8","2007","4","40.449444","-80.025099","1018","11","0","0","0","0","0","1","0","0","","0","0","0","","","0","","1","","40 26:58.000","","2","80 01:30.357","0","0","0","0","2301","0","0","0","","0","0","0","3","02301","0","","1.0","","1","N","N","","0","","0","0","0","3","2","","","2","0","0","0","0","0","0","2","0","2","","","","N","","","","","","","","","",""
"2007086849","","0","0","0","0","0","0","0","0","0","5","0","","02","8","2007","5","40.383","-79.9959","1035","11","0","0","0","0","0","0","0","0","","0","0","0","","","1","","0","","40 22:58.800","","0","79 59:45.240","4","0","0","1","2301","0","0","0","N","0","0","0","2","02301","1","","1.0","","1","N","N","","1","","0","0","0","0","0","","","2","1","0","0","0","0","0","2","0","2","","","","N","","","","","","","","","",""
"2007086850","","1","0","0","0","0","0","0","0","0","7","0","","02","8","2007","6","40.39581","-79.999997","2053","11","0","0","0","0","0","1","0","0","9","0","0","0","","","0","","1","","40 23:44.916","3","1","79 59:59.989","0","0","0","0","2301","0","0","0","N","0","0","0","1","02301","0","","5.0","","1","N","N","","0","","0","0","0","0","0","N","","1","0","0","0","0","0","0","2","0","1","","","","N","","","","","","","","","",""
"2007086851","","1","0","0","0","0","0","0","0","0","7","0","","02","8","2007","4","40.436653","-80.039159","0951","11","0","0","0","0","0","0","0","0","3","0","0","0","","","1","","0","","40 26:11.952","4","0","80 02:20.973","8","0","0","0","2301","0","0","0","N","0","0","0","1","02301","0","","5.0","","9","N","N","","0","","0","0","0","0","0","Y","","1","1","1","0","0","1","0","2","0","1","","","","N","","","","","","","","","",""
"2007086852","","2","0","0","0","0","0","0","0","0","4","0","","02","8","2007","6","40.427737","-79.98749","0845","11","0","0","1","0","0","0","0","0","","0","0","0","","","0","","1","","40 25:39.853","","0","79 59:14.964","0","0","0","0","2301","0","0","0","N","0","0","0","3","02301","0","","4.0","","1","N","N","","0","","0","0","0","3","3","","","2","0","1","0","0","0","0","2","0","2","","","","N","","","","","","","","","",""
"2007086853","","2","0","0","0","0","0","0","0","0","4","0","","02","8","2007","6","40.398056","-80.026313","1100","11","0","0","0","0","0","1","1","0","","0","0","0","","","0","","1","","40 23:53.000","","0","80 01:34.726","0","0","0","0","2301","0","0","0","N","0","0","0","3","02301","0","","1.0","","1","N","N","","0","","0","0","0","3","2","","","2","0","0","0","0","0","0","2","0","2","","","","N","","","","","","","","","",""
"2007086854","","1","0","0","0","0","0","0","0","0","8","0","","02","8","2007","6","40.431589","-80.006684","1735","11","0","0","0","0","1","0","0","0","","0","0","0","","","1","","2","","40 25:53.720","","0","80 00:24.062","4","0","0","0","2301","1","0","0","","1","0","0","3","02301","1","","1.0","","1","N","N","","0","","0","0","0","3","8","","","2","1","0","0","0","0","0","2","0","1","","","","N","","","","","","","","","",""
"2007086855","","1","0","0","0","0","0","0","0","0","7","0","","02","8","2007","6","40.429386","-80.00716","1917","11","0","0","0","0","0","0","0","1","","0","0","0","","","0","","0","","40 25:45.789","","0","80 00:25.775","0","0","0","0","2301","0","0","0","N","0","0","0","1","02301","0","","5.0","","1","N","N","","0","","0","0","0","0","0","","","1","0","0","0","0","0","0","2","0","1","","","","N","","","","","","","","","",""
"2007086856","","1","0","0","0","0","0","0","0","0","7","0","","02","8","2007","7","40.395666","-79.99712","0353","11","0","0","0","0","0","0","0","0","","0","0","0","","","0","","2","","40 23:44.397","","0","79 59:49.632","0","0","0","0","2301","0","0","0","N","0","0","0","1","02301","0","","2.0","","1","N","N","","0","","0","0","0","0","0","","","1","0","0","0","0","0","0","2","0","1","","","","N","","","","","","","","","",""
"2007086858","","1","0","0","0","0","0","0","0","0","7","0","","02","8","2007","5","40.3856","-79.9948","1518","11","0","0","1","0","0","0","0","0","","0","0","0","","","0","","0","","40 23:08.160","","0","79 59:41.280","0","0","0","0","2301","0","0","0","N","0","0","0","1","02301","0","","4.0","","1","N","N","","1","","0","0","0","0","0","","","2","0","0","0","0","0","0","2","0","2","","","","N","","","","","","","","","",""
"2007086872","","2","0","0","0","0","0","0","0","0","4","0","","02","8","2007","1","40.40868","-80.023548","1707","11","0","0","0","0","0","1","1","0","1","0","0","0","","","2","","0","","40 24:31.248","6","0","80 01:24.772","8","0","0","0","2301","0","0","0","N","0","0","0","4","02301","0","","1.0","","1","N","N","","0","","0","0","0","0","0","Y","","2","2","0","0","0","2","0","2","0","2","","","","N","","","","","","","","","",""
"2007086873","","1","0","0","0","0","0","0","0","0","4","0","","02","8","2007","4","40.465165","-79.957999","1115","11","0","0","0","0","0","1","0","0","","0","0","0","","","0","","1","","40 27:54.594","","0","79 57:28.796","0","0","0","0","2301","0","0","0","N","0","0","0","2","02301","0","","1.0","","1","N","N","","1","","0","0","0","3","2","","","2","0","0","0","0","0","0","2","0","2","","","","N","","","","","","","","","",""
"2007086874","","3","0","0","0","0","0","0","0","0","2","0","","02","8","2007","1","40.545164","-79.78569","1728","11","0","0","0","0","0","0","0","0","","0","0","0","","","1","","0","","40 32:42.590","","0","79 47:08.484","8","0","0","0","2462","0","0","0","N","0","0","0","1","02462","0","","6.0","","1","N","N","","0","","0","0","0","0","0","","","3","1","0","0","0","1","0","2","0","3","","","","N","","","","","","","","","",""
"2007086878","","1","0","0","0","0","0","0","0","0","7","0","","02","8","2007","3","40.510099","-80.029679","0316","11","0","0","0","0","0","0","0","0","","0","0","0","","","0","","2","","40 30:36.356","","0","80 01:46.846","0","0","0","0","2116","0","0","0","N","0","0","0","1","02116","0","","5.0","","1","N","N","","0","","0","0","0","3","3","","","1","0","0","0","0","0","0","2","0","1","","","","N","","","","","","","","","",""
"2007086883","","1","0","0","1","0","0","0","0","0","8","0","","02","8","2007","1","40.27","-79.8901","1320","11","0","0","0","0","0","0","0","1","","0","0","0","","","1","","2","","40 16:12.000","","0","79 53:24.360","4","0","0","0","2428","1","0","0","N","0","0","0","2","02428","1","","1.0","","1","N","N","","0","","0","0","0","3","8","","","2","1","0","0","0","0","0","2","0","1","","","","N","","","","","","","","","",""
"2007086884","","1","0","0","0","0","0","0","0","0","7","0","","02","9","2007","3","40.665278","-79.747687","1045","11","0","1","0","0","0","0","0","0","","0","0","0","","","0","","0","","40 39:55.000","","0","79 44:51.672","0","0","0","0","2202","0","0","0","N","0","0","0","2","02202","0","","4.0","","1","N","N","","0","","0","0","0","0","0","","","1","0","0","0","0","0","0","1","0","1","","","","N","","","","","","","","","",""
"2007086907","","0","0","0","0","0","0","0","0","0","1","0","","02","9","2007","4","40.540556","-79.816135","0940","11","0","0","1","0","0","1","0","0","","0","0","0","","","1","","2","","40 32:26.000","","0","79 48:58.085","8","0","0","0","2208","0","0","0","N","0","0","0","2","02208","0","","1.0","","1","N","N","","2","","0","0","0","3","2","","","2","1","0","0","0","1","0","2","0","2","","","","N","","","","","","","","","",""
"2007086909","","1","0","0","0","0","0","0","0","0","4","0","","02","9","2007","4","40.6425","-80.067666","1222","11","0","0","0","0","1","0","0","0","","0","0","0","","","0","","10","","40 38:33.000","","7","80 04:03.596","0","0","0","0","2216","0","0","0","N","0","0","0","2","02505","0","","1.0","","1","N","N","","0","","0","0","1","0","0","","","2","0","0","0","0","0","0","2","0","2","","","","N","","","","","","","","","",""
"2007086918","","1","0","0","0","0","0","0","0","0","6","0","","02","8","2007","3","40.541944","-80.012975","1453","11","1","0","0","0","0","0","0","0","1","0","0","0","","","0","","2","","40 32:31.000","1","7","80 00:46.709","0","0","0","0","2116","0","0","0","N","0","0","0","3","02116","0","","1.0","","1","N","N","","0","","0","0","1","3","2","N","","2","0","0","0","0","0","0","2","0","2","","","","N","","","","","","","","","",""
"2007086923","","1","0","0","0","0","0","0","0","0","7","0","","02","8","2007","2","40.5275","-80.019734","1523","11","0","0","0","0","0","0","0","0","1","0","0","0","","","0","","0","","40 31:39.000","6","0","80 01:11.042","0","0","0","0","2116","0","0","0","N","0","0","0","1","02116","0","","5.0","","9","N","N","","0","","0","0","0","0","0","Y","","1","0","0","0","0","0","0","2","0","1","","","","N","","","","","","","","","",""
"2007086925","","1","0","0","0","0","0","0","0","0","4","0","","02","8","2007","6","40.5022","-80.2221","0850","11","0","0","0","0","0","0","1","0","","0","0","0","","","3","","0","","40 30:07.920","","0","80 13:19.560","3","0","0","0","2213","0","0","0","N","0","0","0","3","02213","2","","1.0","","1","N","N","","0","","1","0","1","0","0","","","2","3","0","0","0","0","0","2","0","2","","","","N","","","","","","","","","",""
"2007086928","","2","0","0","0","0","0","0","0","0","1","0","","02","8","2007","2","40.353519","-80.027149","1708","11","0","0","0","0","0","1","0","1","","0","0","0","","","1","","2","","40 21:12.669","","0","80 01:37.736","4","0","0","0","2407","0","0","0","N","0","0","0","6","02407","1","","1.0","","1","N","N","","0","","0","0","2","3","2","","","4","1","1","0","0","0","0","2","0","4","","","","N","","","","","","","","","",""
"2007086930","","2","0","0","0","0","0","0","0","0","1","0","","02","9","2007","4","40.673414","-80.098213","1700","11","0","0","0","0","0","1","0","0","","0","0","0","","","0","","0","","40 40:24.292","","0","80 05:53.565","0","0","0","0","2212","0","0","0","N","0","0","0","2","02505","0","","1.0","","1","N","N","","0","","0","0","0","0","0","","","2","0","0","0","0","0","0","2","0","2","","","","N","","","","","","","","","",""
"2007086998","","2","0","0","0","0","0","0","0","0","2","0","","02","8","2007","6","40.4752","-79.9708","1730","11","0","0","0","0","0","0","1","0","1","0","0","0","","","0","","0","","40 28:30.720","4","0","79 58:14.880","9","0","0","0","2301","0","0","0","N","0","0","0","2","02301","0","","1.0","","1","N","N","","0","","0","0","0","0","0","Y","","2","0","0","0","0","0","1","2","0","2","","","","N","","","","","","","","","",""
"2007087052","","1","0","0","0","0","0","0","0","0","7","0","","02","8","2007","7","40.513333","-80.153754","0248","11","0","0","0","0","0","0","0","0","2","0","0","0","","","0","","2","","40 30:48.000","4","0","80 09:13.513","0","0","0","0","2420","0","0","0","N","0","0","0","1","02420","0","","5.0","","1","N","N","","0","","0","0","0","3","2","N","","1","0","0","0","0","0","0","2","0","1","","05","","N","","","","","","","","","",""
"2007087063","","1","0","0","0","0","0","0","0","0","7","0","","02","9","2007","4","40.2125","-79.8414","1645","11","0","0","0","0","0","0","0","0","1","0","0","0","","","0","","0","","40 12:45.000","1","0","79 50:29.040","0","0","0","0","2440","0","0","0","N","0","0","0","1","02440","0","","4.0","","1","N","N","","0","","0","0","0","0","0","N","","1","0","0","0","0","0","0","1","0","1","","","","N","","","","","","","","","",""
"2007087065","","1","0","0","0","0","0","0","0","0","7","0","","02","7","2007","6","40.4355","-79.7488","0730","11","0","0","0","0","0","0","0","0","1","0","0","0","","","0","","0","","40 26:07.800","4","2","79 44:55.680","0","0","0","0","2446","0","0","0","N","0","0","0","1","68T09","0","","7.0","","1","N","N","","0","","0","0","0","0","0","N","","1","0","0","0","0","0","0","2","0","1","","","","N","","","","","","","","","",""
"2007087069","","1","0","0","0","0","0","0","0","0","1","1","","02","7","2007","3","40.4418","-79.7623","1421","11","0","0","0","0","0","0","0","0","","0","0","0","","","1","","0","","40 26:30.480","","2","79 45:44.280","4","0","0","0","2446","0","0","0","N","0","0","0","5","68B03","1","","1.0","","1","N","N","","1","","0","0","0","0","0","","","2","1","0","0","0","0","0","2","0","2","","","","N","","","","","","","","","",""
"2007087108","","2","0","0","0","0","0","0","0","0","4","0","","02","9","2007","4","40.372222","-79.828129","1610","11","0","0","0","0","0","0","0","0","1","0","0","0","","","2","","0","","40 22:20.000","6","0","79 49:41.266","8","0","0","0","2111","0","0","0","N","0","0","0","4","02111","0","","1.0","","1","N","N","","0","","0","0","0","0","0","N","","2","2","3","0","0","2","0","2","0","2","","","","N","","","","","","","","","",""
"2007087116","","1","0","0","0","0","0","0","0","0","1","0","","02","9","2007","4","40.379444","-79.776921","1852","11","0","0","0","0","0","1","0","0","","0","0","0","","","1","","0","","40 22:46.000","","0","79 46:36.916","4","0","0","0","2111","0","0","0","N","0","0","0","2","02111","1","","1.0","","1","N","N","","0","","0","0","0","0","0","","","2","1","0","0","0","0","0","2","1","2","","","","N","","","","","","","","","",""
"2007087184","","1","0","0","0","0","0","0","0","0","7","0","","02","8","2007","7","40.4151","-80.0116","0203","11","0","0","0","0","0","0","0","0","","0","0","0","","","0","","0","","40 24:54.360","","7","80 00:41.760","9","0","0","0","2301","0","0","0","N","0","0","0","1","02301","0","","4.0","","1","N","N","","0","","0","0","0","0","0","","","1","0","0","0","0","0","1","2","0","1","","","","N","","","","","","","","","",""
"2007087189","","2","0","0","0","0","0","0","0","0","2","0","","02","8","2007","3","40.545556","-80.194073","1620","11","0","0","0","0","0","0","1","0","2","0","0","0","","","3","","1","","40 32:44.000","2","0","80 11:38.662","3","0","0","0","2427","0","0","0","N","0","0","0","3","02427","2","","1.0","","1","N","N","","0","","1","0","0","3","2","N","","2","3","0","0","0","0","0","2","0","2","","","","N","","","","","","","","","",""
"2007087194","","1","0","0","0","0","0","0","0","0","0","0","","02","9","2007","5","40.394694","-79.895056","0129","11","0","0","0","0","0","0","0","0","2","0","0","0","","","1","","0","","40 23:40.900","6","0","79 53:42.200","4","0","0","0","2448","0","0","0","N","0","0","0","1","02448","1","","1.0","","1","N","N","","0","","0","0","0","0","0","Y","","1","1","1","0","0","0","0","2","0","1","","","","N","","","","","","","","","",""
"2007087227","","0","0","0","0","0","0","1","0","0","5","1","","02","9","2007","4","40.453889","-79.912399","1452","11","0","0","0","0","0","0","0","0","1","0","0","0","","","0","","1","","40 27:14.000","2","0","79 54:44.638","0","0","0","0","2301","0","0","0","N","0","0","0","6","02503","0","","1.0","","1","Y","N","","0","","0","0","0","3","2","N","","2","0","5","0","0","0","0","2","1","2","","","","N","","","","","","","","","",""
"2007087360","","1","0","0","0","0","0","0","0","0","8","0","","02","9","2007","4","40.342745","-80.059593","0713","11","0","0","0","0","0","0","0","1","","0","0","0","","","1","","2","","40 20:33.882","","0","80 03:34.534","8","0","0","0","2123","1","0","0","N","1","0","0","2","02123","0","","1.0","","1","N","N","","0","","0","0","0","0","0","","","2","1","0","0","0","1","0","2","0","1","","","","N","","","","","","","","","",""
"2007087378","","0","0","0","0","0","0","0","0","0","7","1","45","02","8","2007","6","40.556944","-79.807347","0607","11","0","0","0","0","0","1","0","0","3","0","1","0","","","0","","0","","40 33:25.000","2","0","79 48:26.449","0","0","0","0","2121","0","0","0","N","0","0","0","3","68D02","0","","2.0","","1","N","N","","1","","0","0","0","0","0","N","","2","0","0","0","0","0","0","2","0","2","","","Y","Y","4","1","","","N","Y","","","Y",""
"2007087452","","1","0","0","0","0","0","0","0","0","4","0","","02","8","2007","3","40.5626","-79.7739","1300","11","0","0","0","0","0","1","0","0","2","0","0","0","","","2","","0","","40 33:45.360","2","0","79 46:26.040","3","0","0","0","2121","0","0","0","N","0","0","0","2","02121","1","","1.0","","1","N","N","","1","","1","0","0","0","0","Y","","2","2","0","0","0","0","0","1","0","2","","","","N","","","","","","","","","",""