"CRN","ARRIVAL_TM","AUTOMOBILE_COUNT","BELTED_DEATH_COUNT","BELTED_SUSP_SERIOUS_INJ_COUNT","BICYCLE_COUNT","BICYCLE_DEATH_COUNT","BICYCLE_SUSP_SERIOUS_INJ_COUNT","BUS_COUNT","CHLDPAS_DEATH_COUNT","CHLDPAS_SUSP_SERIOUS_INJ_COUNT","COLLISION_TYPE","COMM_VEH_COUNT","CONS_ZONE_SPD_LIM","COUNTY","CRASH_MONTH","CRASH_YEAR","DAY_OF_WEEK","DEC_LATITUDE","DEC_LONGITUDE","DISPATCH_TM","DISTRICT","DRIVER_COUNT_16YR","DRIVER_COUNT_17YR","DRIVER_COUNT_18YR","DRIVER_COUNT_19YR","DRIVER_COUNT_20YR","DRIVER_COUNT_50_64YR","DRIVER_COUNT_65_74YR","DRIVER_COUNT_75PLUS","EST_HRS_CLOSED","FATAL_COUNT","HEAVY_TRUCK_COUNT","HORSE_BUGGY_COUNT","HOUR_OF_DAY","ILLUMINATION","INJURY_COUNT","INTERSECTION_RELATED","INTERSECT_TYPE","LANE_CLOSED","LATITUDE","LN_CLOSE_DIR","LOCATION_TYPE","LONGITUDE","MAX_SEVERITY_LEVEL","MCYCLE_DEATH_COUNT","MCYCLE_SUSP_SERIOUS_INJ_COUNT","MOTORCYCLE_COUNT","MUNICIPALITY","NONMOTR_COUNT","NONMOTR_DEATH_COUNT","NONMOTR_SUSP_SERIOUS_INJ_COUNT","NTFY_HIWY_MAINT","PED_COUNT","PED_DEATH_COUNT","PED_SUSP_SERIOUS_INJ_COUNT","PERSON_COUNT","POLICE_AGCY","POSSIBLE_INJ_COUNT","RDWY_SURF_TYPE_CD","RELATION_TO_ROAD","ROADWAY_CLEARED","ROAD_CONDITION","SCH_BUS_IND","SCH_ZONE_IND","SECONDARY_CRASH","SMALL_TRUCK_COUNT","SPEC_JURIS_CD","SUSP_MINOR_INJ_COUNT","SUSP_SERIOUS_INJ_COUNT","SUV_COUNT","TCD_FUNC_CD","TCD_TYPE","TFC_DETOUR_IND","TIME_OF_DAY","TOTAL_UNITS","TOT_INJ_COUNT","UNBELTED_OCC_COUNT","UNB_DEATH_COUNT","UNB_SUSP_SERIOUS_INJ_COUNT","UNK_INJ_DEG_COUNT","UNK_INJ_PER_COUNT","URBAN_RURAL","VAN_COUNT","VEHICLE_COUNT","WEATHER1","WEATHER2","WORKERS_PRES","WORK_ZONE_IND","WORK_ZONE_LOC","WORK_ZONE_TYPE","WZ_CLOSE_DETOUR","WZ_FLAGGER","WZ_LAW_OFFCR_IND","WZ_LN_CLOSURE","WZ_MOVING","WZ_OTHER","WZ_SHLDER_MDN","WZ_WORKERS_INJ_KILLED"
"2007087469","","2","0","0","0","0","0","0","0","0","1","0","","02","8","2007","2","40.365833","-79.949444","1322","11","0","0","0","0","0","0","0","0","","0","0","0","","","1","","2","","40 21:57.000","","0","79 56:57.999","3","0","0","0","2403","0","0","0","N","0","0","0","3","02403","0","","1.0","","1","N","N","","0","","1","0","0","0","0","","","2","1","0","0","0","0","1","2","0","2","","","","N","","","","","","","","","",""
"2007087472","","2","0","0","0","0","0","0","0","0","1","0","","02","9","2007","7","40.506667","-80.006915","1616","11","0","0","0","0","0","0","0","1","1","0","0","0","","","1","","1","","40 30:24.000","1","0","80 00:24.894","3","0","0","0","2116","0","0","0","N","0","0","0","5","02116","0","","1.0","","1","N","N","","0","","1","0","0","3","2","N","","2","1","0","0","0","0","0","2","0","2","","","","N","","","","","","","","","",""
"2007087475","","1","0","0","0","0","0","0","0","0","7","0","","02","9","2007","5","40.439291","-80.061874","1533","11","0","0","0","0","0","0","0","1","","0","0","0","","","1","","2","","40 26:21.447","","0","80 03:42.746","4","0","0","0","2421","0","0","0","N","0","0","0","1","02421","1","","5.0","","1","N","N","","0","","0","0","0","0","0","","","1","1","0","0","0","0","0","2","0","1","","","","N","","","","","","","","","",""
"2007087477","","2","0","0","0","0","0","0","0","0","4","0","","02","9","2007","5","40.391567","-79.894063","1705","11","0","1","0","0","0","0","1","0","1","0","0","0","","","0","","2","","40 23:29.641","1","0","79 53:38.626","9","0","0","0","2448","0","0","0","N","0","0","0","5","02448","0","","1.0","","1","N","N","","1","","0","0","0","0","0","N","","3","0","0","0","0","0","1","2","0","3","","","","N","","","","","","","","","",""
"2007087502","","1","0","0","0","0","0","0","0","0","7","0","","02","8","2007","7","40.6133","-79.9705","1600","11","0","0","0","0","0","1","0","0","","0","0","0","","","0","","0","","40 36:47.880","","0","79 58:13.800","0","0","0","0","2207","0","0","0","N","0","0","0","2","68T02","0","","3.0","","1","N","N","","0","","0","0","0","0","0","","","1","0","0","0","0","0","0","2","0","1","","","","N","","","","","","","","","",""
"2007087542","","1","0","0","0","0","0","0","0","0","7","0","","02","8","2007","6","40.425276","-80.049995","1330","11","0","0","0","0","0","0","0","0","","0","0","0","","","0","","0","","40 25:30.994","","0","80 02:59.981","0","0","0","0","2421","0","0","0","N","0","0","0","1","02421","0","","5.0","","1","N","N","","0","","0","0","0","0","0","","","1","0","0","0","0","0","0","2","0","1","","","","N","","","","","","","","","",""
"2007087548","","0","0","0","0","0","0","0","0","0","7","0","","02","9","2007","5","40.389303","-80.135297","1613","11","0","0","0","0","0","0","0","0","1","0","0","0","","","0","","0","","40 23:21.492","6","0","80 08:07.070","0","0","0","0","2102","0","0","0","N","0","0","0","1","02102","0","","2.0","","1","N","N","","0","","0","0","1","0","0","N","","1","0","0","0","0","0","0","2","0","1","","","","N","","","","","","","","","",""
"2007087551","","1","0","0","1","0","0","0","0","0","8","0","","02","9","2007","5","40.658333","-80.008614","1751","11","0","0","0","0","0","0","0","0","","0","0","0","","","1","","2","","40 39:30.000","","0","80 00:31.009","3","0","0","0","2216","1","0","0","N","0","0","0","2","02505","0","","1.0","","1","N","N","","0","","1","0","0","3","3","","","2","1","0","0","0","0","0","2","0","1","","","","N","","","","","","","","","",""
"2007087554","","0","0","0","0","0","0","0","0","0","7","0","","02","8","2007","1","40.437838","-79.964029","0340","11","0","0","1","0","0","0","0","0","9","0","0","0","","","1","","1","","40 26:16.216","4","0","79 57:50.504","4","0","0","0","2301","0","0","0","N","0","0","0","1","02301","1","","2.0","","1","N","N","","0","","0","0","1","3","2","N","","1","1","1","0","0","0","0","2","0","1","","","","N","","","","","","","","","",""
"2007087555","","1","0","0","0","0","0","0","0","0","4","0","","02","8","2007","4","40.447062","-79.947299","0555","11","0","0","0","0","0","1","0","0","","0","0","0","","","0","","1","","40 26:49.423","","0","79 56:50.276","0","0","0","0","2301","0","0","0","N","0","0","0","3","02301","0","","1.0","","9","N","N","","2","","0","0","0","3","2","","","3","0","0","0","0","0","0","2","0","3","","","","N","","","","","","","","","",""
"2007087556","","0","0","0","0","0","0","0","0","0","7","0","","02","8","2007","5","40.373889","-79.920166","0951","11","0","0","0","0","0","0","0","0","1","0","0","0","","","1","","0","","40 22:26.000","2","0","79 55:12.599","8","0","0","0","2301","0","0","0","N","0","0","0","1","02301","0","","5.0","","1","N","N","","0","","0","0","0","0","0","N","","1","1","1","0","0","1","0","2","1","1","","","","N","","","","","","","","","",""
"2007087557","","0","0","0","0","0","0","0","0","0","1","0","","02","8","2007","4","40.453437","-79.937154","0600","11","0","0","0","0","0","2","0","0","","0","0","0","","","0","","0","","40 27:12.373","","0","79 56:13.754","0","0","0","0","2301","0","0","0","N","0","0","0","2","02301","0","","1.0","","9","N","N","","1","","0","0","1","0","0","","","2","0","0","0","0","0","0","2","0","2","","","","N","","","","","","","","","",""
"2007087558","","2","0","0","0","0","0","0","0","0","4","0","","02","8","2007","5","40.453889","-79.912399","2047","11","0","0","0","0","0","0","1","0","","0","0","0","","","2","","1","","40 27:14.000","","0","79 54:44.638","3","0","0","0","2301","0","0","0","N","0","0","0","3","02301","0","","1.0","","1","N","N","","0","","2","0","0","3","2","","","2","2","0","0","0","0","0","2","0","2","","","","N","","","","","","","","","",""
"2007087559","","1","0","0","0","0","0","0","0","0","4","0","","02","8","2007","4","40.432873","-79.936537","1359","11","0","0","0","0","0","2","0","0","2","0","0","0","","","1","","1","","40 25:58.342","1","0","79 56:11.533","4","0","0","0","2301","0","0","0","N","0","0","0","3","02301","1","","1.0","","1","N","N","","0","","0","0","0","3","2","Y","","2","1","0","0","0","0","0","2","1","2","","","","N","","","","","","","","","",""
"2007087560","","1","0","0","0","0","0","0","0","0","8","0","","02","8","2007","4","40.396652","-79.987677","2148","11","0","0","0","0","0","0","0","0","","0","0","0","","","1","","0","","40 23:47.947","","0","79 59:15.637","3","0","0","0","2301","1","0","0","N","1","0","0","2","02301","0","","1.0","","1","N","N","","0","","1","0","0","0","0","","","2","1","0","0","0","0","0","2","0","1","","","","N","","","","","","","","","",""
"2007087588","","2","0","0","0","0","0","0","0","0","4","0","","02","9","2007","1","40.492778","-80.290545","1356","11","0","0","0","0","0","0","0","1","2","0","0","0","","","1","","2","","40 29:34.000","2","0","80 17:25.963","3","0","0","0","2203","0","0","0","N","0","0","0","3","02203","0","","1.0","","1","N","N","","0","","1","0","0","3","3","N","","2","1","0","0","0","0","0","2","0","2","","","","N","","","","","","","","","",""
"2007087610","","2","0","0","0","0","0","0","0","0","7","0","","02","8","2007","1","40.444749","-80.061389","0610","11","0","0","0","0","0","0","0","0","","0","0","0","","","0","","0","","40 26:41.096","","0","80 03:41.000","9","0","0","0","2439","0","0","0","N","0","0","0","1","02439","0","","5.0","","1","N","N","","0","","0","0","0","0","0","","","2","0","0","0","0","0","1","2","0","2","","","","N","","","","","","","","","",""
"2007087665","","2","0","0","0","0","0","0","0","0","1","0","","02","7","2007","6","40.5228","-79.8178","1420","11","0","0","0","0","0","1","1","0","","0","0","0","","","0","","0","","40 31:22.080","","0","79 49:04.080","0","0","0","0","2466","0","0","0","N","0","0","0","4","68T02","0","","1.0","","1","N","N","","0","","0","0","0","0","0","","","2","0","0","0","0","0","0","2","0","2","","","","N","","","","","","","","","",""
"2007087666","","0","0","0","0","0","0","0","0","0","7","1","","02","7","2007","2","40.5217","-79.8143","0555","11","0","0","0","0","0","0","0","0","","0","1","0","","","0","","0","","40 31:18.120","","7","79 48:51.480","9","0","0","0","2466","0","0","0","N","0","0","0","1","68T02","0","","4.0","","1","N","N","","0","","0","0","0","0","0","","","1","0","0","0","0","0","1","2","0","1","","","","N","","","","","","","","","",""
"2007087668","","1","0","0","0","0","0","0","0","0","5","1","","02","7","2007","5","40.4721","-79.7654","0735","11","0","0","0","0","0","0","1","0","","0","1","0","","","0","","0","","40 28:19.560","","0","79 45:55.440","9","0","0","0","2466","0","0","0","N","0","0","0","2","68T02","0","","1.0","","9","N","N","","0","","0","0","0","0","0","","","2","0","0","0","0","0","1","2","0","2","","","","N","","","","","","","","","",""
"2007087669","","0","0","0","0","0","0","0","0","0","0","0","","02","7","2007","5","40.6133","-79.9705","0930","11","0","0","0","0","0","1","0","0","3","0","0","0","","","0","","0","","40 36:47.880","4","0","79 58:13.800","0","0","0","0","2207","0","0","0","N","0","0","0","3","68T02","0","","1.0","","1","N","N","","1","","0","0","0","0","0","N","","1","0","0","0","0","0","0","2","0","1","","","","N","","","","","","","","","",""
"2007087731","","1","0","0","0","0","0","0","0","0","7","0","","02","7","2007","1","40.4922","-79.8954","2320","11","0","0","0","0","0","0","0","0","2","0","0","0","","","0","","7","","40 29:31.920","1","2","79 53:43.440","0","0","0","0","2112","0","0","0","","0","0","0","2","68D02","0","","2.0","","1","N","N","","0","","0","0","0","0","0","N","","1","0","0","0","0","0","0","2","0","1","","","","N","","","","","","","","","",""
"2007087737","","2","0","0","0","0","0","0","0","0","1","0","","02","8","2007","7","40.653889","-79.724707","1134","11","0","0","0","0","0","0","0","0","","0","0","0","","","1","","0","","40 39:14.000","","0","79 43:28.944","4","0","0","0","2106","0","0","0","N","0","0","0","3","68D02","1","","1.0","","1","N","N","","0","","0","0","0","0","0","","","2","1","0","0","0","0","0","2","0","2","","","","N","","","","","","","","","",""
"2007087772","","1","0","0","0","0","0","0","0","0","7","0","","02","9","2007","5","40.511364","-79.954137","0630","11","0","0","0","1","0","0","0","0","1","0","0","0","","","1","","0","","40 30:40.910","3","0","79 57:14.893","3","0","0","0","2118","0","0","0","N","0","0","0","1","02118","0","","5.0","","1","N","N","","0","","1","0","0","0","0","N","","1","1","0","0","0","0","0","2","0","1","","","","N","","","","","","","","","",""
"2007087900","","1","0","0","0","0","0","0","0","0","1","0","","02","8","2007","5","40.424955","-79.97662","2000","11","0","0","0","0","0","0","0","0","2","0","0","0","","","0","","1","","40 25:29.838","1","0","79 58:35.832","0","0","0","0","2301","0","0","0","N","0","0","0","2","02301","0","","1.0","","1","N","N","","1","","0","0","0","3","3","N","","2","0","0","0","0","0","0","2","0","2","","","","N","","","","","","","","","",""
"2007087905","","1","0","0","0","0","0","0","0","0","1","0","","02","7","2007","2","40.586667","-80.041629","0127","11","0","1","0","0","1","0","0","0","2","0","0","0","","","1","","1","","40 35:12.000","2","0","80 02:29.866","8","0","0","1","2108","0","0","0","N","0","0","0","2","02108","0","","1.0","","1","N","N","","0","","0","0","0","2","2","Y","","2","1","0","0","0","1","0","2","0","2","","","","N","","","","","","","","","",""
"2007087926","","1","0","0","0","0","0","0","0","0","8","0","99","02","8","2007","4","40.519509","-80.169607","0735","11","0","0","0","0","0","0","0","0","","0","0","0","","","1","","2","","40 31:10.232","","0","80 10:10.585","8","0","0","0","2420","1","0","0","N","1","0","0","2","02420","0","","1.0","","1","N","N","","0","","0","0","0","3","3","","","2","1","0","0","0","1","0","2","0","1","","","U","Y","8","8","","","Y","","","","",""
"2007088115","","1","0","0","0","0","0","0","0","0","8","0","","02","8","2007","4","40.414291","-79.987878","1700","11","0","0","0","0","0","0","0","0","","0","0","0","","","1","","0","","40 24:51.447","","0","79 59:16.360","4","0","0","0","2447","1","0","0","N","1","0","0","2","02447","1","","1.0","","1","N","N","","0","","0","0","0","0","0","","","2","1","0","0","0","0","0","2","0","1","","","","N","","","","","","","","","",""
"2007088119","","0","0","0","0","0","0","0","0","0","4","0","","02","8","2007","5","40.556944","-80.058408","1850","11","0","0","1","0","0","0","0","0","2","0","0","0","","","2","","1","","40 33:25.000","1","0","80 03:30.269","8","0","0","0","2108","0","0","0","N","0","0","0","2","02108","0","","1.0","","1","N","N","","0","","0","0","2","3","3","N","","2","2","0","0","0","2","0","2","0","2","","","","N","","","","","","","","","",""
"2007088120","","2","0","0","0","0","0","0","0","0","4","0","","02","8","2007","3","40.556944","-80.039236","1342","11","0","0","0","0","0","0","1","0","","0","0","0","","","1","","0","","40 33:25.000","","0","80 02:21.250","4","0","0","0","2108","0","0","0","N","0","0","0","2","02108","1","","1.0","","9","N","N","","0","","0","0","0","0","0","","","2","1","0","0","0","0","0","2","0","2","","","","N","","","","","","","","","",""
"2007088121","","1","0","0","0","0","0","0","0","0","4","0","","02","8","2007","1","40.571944","-80.023504","1021","11","0","0","0","0","0","1","0","0","1","0","0","0","","","3","","1","","40 34:19.000","6","0","80 01:24.616","3","0","0","0","2108","0","0","0","N","0","0","0","4","02108","2","","1.0","","1","N","N","","1","","1","0","0","3","2","Y","","2","3","0","0","0","0","0","2","0","2","","","","N","","","","","","","","","",""
"2007088306","","2","0","0","0","0","0","0","0","0","4","0","","02","8","2007","7","40.516111","-80.161216","1830","11","0","0","0","0","0","0","0","0","","0","0","0","","","0","","1","","40 30:58.000","","0","80 09:40.378","0","0","0","0","2420","0","0","0","N","0","0","0","2","02420","0","","1.0","","1","N","N","","0","","0","0","0","3","2","","","2","0","0","0","0","0","0","2","0","2","","","","N","","","","","","","","","",""
"2007088307","","1","0","0","0","0","0","0","0","0","1","0","","02","8","2007","6","40.519722","-80.170324","0737","11","0","0","0","0","0","0","0","0","1","0","0","0","","","1","","2","","40 31:11.000","4","0","80 10:13.166","8","0","0","0","2420","0","0","0","N","0","0","0","2","02420","0","","1.0","","1","N","N","","0","","0","0","1","3","2","N","","2","1","0","0","0","1","0","2","0","2","","","","N","","","","","","","","","",""
"2007088359","","1","0","0","0","0","0","0","0","0","7","0","","02","9","2007","6","40.372778","-79.792457","0446","11","0","0","0","0","0","0","0","0","","0","0","0","","","0","","0","","40 22:22.000","","0","79 47:32.846","0","0","0","0","2111","0","0","0","N","0","0","0","0","02111","0","","5.0","","1","N","N","","0","","0","0","0","0","0","","","1","0","0","0","0","0","0","2","0","1","","","","N","","","","","","","","","",""
"2007088384","","0","0","0","0","0","0","0","0","0","7","0","","02","8","2007","1","40.4394","-79.7512","1424","11","0","0","0","0","0","1","0","0","1","0","0","0","","","2","","0","","40 26:21.840","4","0","79 45:04.320","8","0","0","0","2446","0","0","0","N","0","0","0","4","68T02","0","","2.0","","9","N","N","","0","","0","0","1","0","0","N","","1","2","2","0","0","2","0","2","0","1","","","","N","","","","","","","","","",""
"2007088447","","1","0","0","0","0","0","0","0","0","1","0","","02","7","2007","2","40.5897","-79.7751","1115","11","0","0","0","0","0","1","1","0","","0","0","0","","","1","","6","","40 35:22.920","","2","79 46:30.360","4","0","0","0","2104","0","0","0","N","0","0","0","3","68D02","1","","7.0","","1","N","N","","1","","0","0","0","3","3","","","2","1","0","0","0","0","0","2","0","2","","","","N","","","","","","","","","",""
"2007088451","","1","0","0","0","0","0","0","0","0","7","0","","02","8","2007","1","40.463056","-79.840052","1319","11","0","0","0","0","0","0","0","0","","0","0","0","","","0","","2","","40 27:47.000","","0","79 50:24.188","0","0","0","0","2113","0","0","0","N","0","0","0","1","02113","0","","4.0","","1","N","N","","0","","0","0","0","0","0","","","1","0","0","0","0","0","0","2","0","1","","","","N","","","","","","","","","",""
"2007088452","","2","0","0","0","0","0","0","0","0","1","0","","02","8","2007","4","40.456667","-79.793261","1540","11","0","0","0","0","1","0","0","1","2","0","0","0","","","0","","0","","40 27:24.000","1","0","79 47:35.740","0","0","0","0","2113","0","0","0","N","0","0","0","3","02113","0","","1.0","","1","N","N","","0","","0","0","0","0","0","N","","2","0","0","0","0","0","0","2","0","2","","","","N","","","","","","","","","",""
"2007088462","","1","0","0","0","0","0","0","0","0","6","0","","02","8","2007","2","40.4751","-79.7691","0034","11","0","0","0","0","0","0","0","0","","0","0","0","","","0","","0","","40 28:30.360","","0","79 46:08.760","0","0","0","0","2113","0","0","0","N","0","0","0","4","02113","0","","1.0","","9","N","N","","1","","0","0","0","0","0","","","2","0","0","0","0","0","0","2","0","2","","","","N","","","","","","","","","",""
"2007088463","","0","0","0","0","0","0","0","0","0","0","0","","02","8","2007","7","40.448333","-79.801611","0219","11","0","0","0","0","0","0","0","0","","0","0","0","","","1","","1","","40 26:54.000","","0","79 48:05.798","3","0","0","1","2113","0","0","0","N","0","0","0","1","02113","0","","1.0","","1","N","N","","0","","1","0","0","3","3","","","1","1","0","0","0","0","0","2","0","1","","","","N","","","","","","","","","",""
"2007088464","","1","0","0","0","0","0","0","0","0","7","0","","02","8","2007","6","40.4686","-79.847","2210","11","0","0","0","0","0","0","0","0","","0","0","0","","","0","","0","","40 28:06.960","","0","79 50:49.200","9","0","0","0","2113","0","0","0","N","0","0","0","1","02113","0","","1.0","","1","N","N","","0","","0","0","0","0","0","","","1","0","0","0","0","0","1","2","0","1","","","","N","","","","","","","","","",""
"2007088656","","1","0","0","0","0","0","0","0","0","2","0","","02","8","2007","3","40.453987","-79.997852","1520","11","0","0","0","0","1","0","0","0","1","0","0","0","","","1","","1","","40 27:14.353","3","0","79 59:52.267","8","0","0","0","2301","0","0","0","N","0","0","0","2","02301","0","","1.0","","9","N","N","","0","","0","0","1","3","2","N","","2","1","0","0","0","1","0","2","0","2","","","","N","","","","","","","","","",""
"2007088657","","1","0","0","0","0","0","0","0","0","1","0","","02","8","2007","3","40.4518","-80.0283","1842","11","0","0","0","0","0","0","0","0","","0","0","0","","","1","","0","","40 27:06.480","","2","80 01:41.880","8","0","0","0","2301","0","0","0","N","0","0","0","2","02301","0","","1.0","","1","N","N","","0","","0","0","0","0","0","","","2","1","0","0","0","1","1","2","1","2","","","","N","","","","","","","","","",""
"2007088658","","2","0","0","0","0","0","0","0","0","4","0","","02","8","2007","5","40.468172","-80.021131","1950","11","0","0","0","0","0","0","0","0","1","0","0","0","","","0","","0","","40 28:05.418","3","0","80 01:16.071","0","0","0","0","2301","0","0","0","N","0","0","0","2","02301","0","","6.0","","1","N","N","","1","","0","0","0","0","0","N","","3","0","0","0","0","0","0","2","0","3","","","","N","","","","","","","","","",""
"2007088659","","2","0","0","0","0","0","0","0","0","4","0","","02","8","2007","5","40.448316","-80.010457","0651","11","0","0","0","0","0","1","1","0","","0","0","0","","","1","","1","","40 26:53.937","","0","80 00:37.645","8","0","0","0","2301","0","0","0","N","0","0","0","2","02301","0","","1.0","","1","N","N","","0","","0","0","0","3","2","","","2","1","0","0","0","1","0","2","0","2","","","","N","","","","","","","","","",""
"2007088699","","2","0","0","0","0","0","0","0","0","4","0","","02","8","2007","6","40.3875","-80.090909","2247","11","0","0","0","0","1","1","0","0","","0","0","0","","","0","","2","","40 23:15.000","","0","80 05:27.271","0","0","0","0","2437","0","0","0","N","0","0","0","3","02437","0","","1.0","","1","N","N","","0","","0","0","0","3","2","","","2","0","0","0","0","0","0","2","0","2","","","","N","","","","","","","","","",""
"2007088700","","2","0","0","0","0","0","0","0","0","4","0","","02","8","2007","2","40.3693","-80.0493","2116","11","0","0","0","0","0","0","0","0","","0","0","0","","","0","","0","","40 22:09.480","","0","80 02:57.480","0","0","0","0","2109","0","0","0","N","0","0","0","3","02109","0","","1.0","","9","N","N","","0","","0","0","0","0","0","","","2","0","0","0","0","0","0","2","0","2","","","","N","","","","","","","","","",""
"2007088702","","2","0","0","0","0","0","0","0","0","4","0","","02","8","2007","4","40.384691","-80.05456","1133","11","0","0","0","0","0","0","0","1","","0","0","0","","","0","","2","","40 23:04.887","","0","80 03:16.416","0","0","0","0","2109","0","0","0","N","0","0","0","2","02109","0","","1.0","","1","N","N","","0","","0","0","0","3","3","","","2","0","0","0","0","0","0","2","0","2","","","","N","","","","","","","","","",""
"2007088703","","1","0","0","0","0","0","0","0","0","8","0","","02","8","2007","4","40.381944","-80.044101","2142","11","0","0","0","0","0","0","0","0","2","0","0","0","","","1","","0","","40 22:55.000","2","0","80 02:38.763","8","0","0","0","2109","1","0","0","N","1","0","0","2","02109","0","","1.0","","1","N","N","","0","","0","0","0","0","0","Y","","2","1","0","0","0","1","0","2","0","1","","","","N","","","","","","","","","",""
"2007088704","","2","0","0","0","0","0","0","0","0","4","0","","02","8","2007","5","40.3557","-80.0515","1325","11","0","0","0","0","1","0","1","0","2","0","0","0","","","1","","0","","40 21:20.520","4","7","80 03:05.400","4","0","0","0","2109","0","0","0","N","0","0","0","2","02109","1","","1.0","","1","N","N","","0","","0","0","0","3","2","N","","2","1","0","0","0","0","0","2","0","2","","","","N","","","","","","","","","",""
"2007088705","","2","0","0","0","0","0","0","0","0","4","0","","02","8","2007","3","40.3771","-80.0466","0942","11","0","0","0","0","1","0","0","1","","0","0","0","","","0","","0","","40 22:37.560","","0","80 02:47.760","0","0","0","0","2109","0","0","0","N","0","0","0","2","02109","0","","1.0","","1","N","N","","0","","0","0","0","0","0","","","2","0","0","0","0","0","0","2","0","2","","","","N","","","","","","","","","",""
"2007088710","","2","0","0","0","0","0","0","0","0","4","0","","02","9","2007","3","40.514083","-80.004609","1414","11","0","0","0","0","0","0","1","0","","0","0","0","","","0","","0","","40 30:50.699","","0","80 00:16.594","0","0","0","0","2116","0","0","0","N","0","0","0","2","02116","0","","1.0","","1","N","N","","0","","0","0","0","0","0","","","2","0","0","0","0","0","0","2","0","2","","","","N","","","","","","","","","",""
"2007088713","","0","0","0","0","0","0","1","0","0","4","1","","02","9","2007","6","40.437995","-79.991979","0750","11","0","0","0","0","0","1","0","0","","0","0","0","","","2","","2","","40 26:16.782","","0","79 59:31.124","4","0","0","0","2301","0","0","0","N","0","0","0","3","02503","2","","2.0","","1","N","N","","0","","0","0","0","3","2","","","2","2","0","0","0","0","0","2","1","2","","","","N","","","","","","","","","",""
"2007088718","","2","0","0","0","0","0","0","0","0","4","0","","02","9","2007","7","40.426944","-80.055408","0927","11","0","1","0","0","0","1","0","0","2","0","0","0","","","1","","0","","40 25:37.000","3","0","80 03:19.467","4","0","0","0","2435","0","0","0","N","0","0","0","4","02435","1","","1.0","","1","N","N","","0","","0","0","0","0","0","N","","2","1","1","0","0","0","0","2","0","2","","","","N","","","","","","","","","",""
"2007088721","","1","0","0","0","0","0","0","0","0","1","0","","02","9","2007","2","40.550832","-80.010363","1141","11","0","0","0","0","0","1","0","0","1","0","0","0","","","2","","2","","40 33:02.995","3","0","80 00:37.306","4","0","0","0","2116","0","0","0","N","0","0","0","3","02116","2","","1.0","","1","N","N","","0","","0","0","1","0","0","Y","","2","2","0","0","0","0","0","2","0","2","","","","N","","","","","","","","","",""
"2007088739","","1","0","0","0","0","0","0","0","0","7","0","","02","9","2007","5","40.475","-79.770976","1546","11","0","0","0","0","0","0","0","0","1","0","0","0","","","1","","0","","40 28:30.000","3","0","79 46:15.514","4","0","0","0","2466","0","0","0","N","0","0","0","2","02466","1","","5.0","","1","N","N","","0","","0","0","0","0","0","N","","1","1","0","0","0","0","0","2","0","1","","","","N","","","","","","","","","",""
"2007088744","","1","0","0","0","0","0","0","0","0","1","0","","02","9","2007","5","40.4381","-79.8302","1540","11","0","0","0","0","0","0","0","1","","0","0","0","","","1","","0","","40 26:17.160","","0","79 49:48.720","4","0","0","0","2419","0","0","0","N","0","0","0","2","02419","1","","1.0","","1","N","N","","0","","0","0","0","0","0","","","2","1","0","0","0","0","0","2","1","2","","","","N","","","","","","","","","",""
"2007088745","","2","0","0","0","0","0","0","0","0","2","0","","02","9","2007","6","40.431588","-79.779258","1723","11","0","0","0","0","0","0","0","0","","0","0","0","","","0","","2","","40 25:53.716","","0","79 46:45.328","0","0","0","0","2446","0","0","0","N","0","0","0","2","02446","0","","1.0","","1","N","N","","0","","0","0","0","0","0","","","2","0","0","0","0","0","0","2","0","2","","","","N","","","","","","","","","",""
"2007088746","","1","0","0","0","0","0","0","0","0","8","0","","02","8","2007","6","40.296922","-80.04176","1807","11","0","0","0","0","0","0","0","1","","0","0","0","","","1","","2","","40 17:48.920","","0","80 02:30.335","4","0","0","0","2407","1","0","0","N","1","0","0","2","02407","1","","1.0","","1","N","N","","0","","0","0","0","3","3","","","2","1","0","0","0","0","0","2","0","1","","","","N","","","","","","","","","",""
"2007088808","","3","0","0","0","0","0","0","0","0","1","0","","02","8","2007","4","40.483081","-79.950793","0604","11","0","0","0","0","0","0","0","0","1","0","0","0","","","1","","0","","40 28:59.090","4","0","79 57:02.856","4","0","0","0","2301","0","0","0","N","0","0","0","1","02301","1","","6.0","","9","N","N","","0","","0","0","1","0","0","N","","4","1","0","0","0","0","0","2","0","4","","","","N","","","","","","","","","",""
"2007088835","","1","0","0","0","0","0","0","0","0","7","1","","02","7","2007","5","40.4355","-79.7488","1749","11","0","0","0","1","0","0","0","0","1","0","0","0","","","1","","0","","40 26:07.800","4","2","79 44:55.680","4","0","0","0","2446","0","0","0","N","0","0","0","3","68T09","1","","4.0","","1","N","N","","1","","0","0","0","0","0","N","","2","1","1","0","0","0","0","2","0","2","","","","N","","","","","","","","","",""
"2007088867","","1","0","0","0","0","0","0","0","0","4","0","","02","8","2007","1","40.446944","-79.895168","1605","11","0","0","0","0","0","0","0","1","","0","0","0","","","1","","1","","40 26:49.000","","0","79 53:42.604","8","0","0","0","2301","0","0","0","N","0","0","0","4","02301","0","","1.0","","1","N","N","","0","","0","0","0","3","2","","","2","1","0","0","0","1","0","2","1","2","","","","N","","","","","","","","","",""
"2007088868","","2","0","0","0","0","0","0","0","0","6","0","","02","8","2007","1","40.452759","-79.936741","0849","11","0","0","1","0","0","0","0","0","","0","0","0","","","0","","2","","40 27:09.932","","0","79 56:12.267","0","0","0","0","2301","0","0","0","N","0","0","0","2","02301","0","","1.0","","1","N","N","","0","","0","0","0","0","0","","","2","0","0","0","0","0","0","2","0","2","","","","N","","","","","","","","","",""