"CRN","ARRIVAL_TM","AUTOMOBILE_COUNT","BELTED_DEATH_COUNT","BELTED_SUSP_SERIOUS_INJ_COUNT","BICYCLE_COUNT","BICYCLE_DEATH_COUNT","BICYCLE_SUSP_SERIOUS_INJ_COUNT","BUS_COUNT","CHLDPAS_DEATH_COUNT","CHLDPAS_SUSP_SERIOUS_INJ_COUNT","COLLISION_TYPE","COMM_VEH_COUNT","CONS_ZONE_SPD_LIM","COUNTY","CRASH_MONTH","CRASH_YEAR","DAY_OF_WEEK","DEC_LATITUDE","DEC_LONGITUDE","DISPATCH_TM","DISTRICT","DRIVER_COUNT_16YR","DRIVER_COUNT_17YR","DRIVER_COUNT_18YR","DRIVER_COUNT_19YR","DRIVER_COUNT_20YR","DRIVER_COUNT_50_64YR","DRIVER_COUNT_65_74YR","DRIVER_COUNT_75PLUS","EST_HRS_CLOSED","FATAL_COUNT","HEAVY_TRUCK_COUNT","HORSE_BUGGY_COUNT","HOUR_OF_DAY","ILLUMINATION","INJURY_COUNT","INTERSECTION_RELATED","INTERSECT_TYPE","LANE_CLOSED","LATITUDE","LN_CLOSE_DIR","LOCATION_TYPE","LONGITUDE","MAX_SEVERITY_LEVEL","MCYCLE_DEATH_COUNT","MCYCLE_SUSP_SERIOUS_INJ_COUNT","MOTORCYCLE_COUNT","MUNICIPALITY","NONMOTR_COUNT","NONMOTR_DEATH_COUNT","NONMOTR_SUSP_SERIOUS_INJ_COUNT","NTFY_HIWY_MAINT","PED_COUNT","PED_DEATH_COUNT","PED_SUSP_SERIOUS_INJ_COUNT","PERSON_COUNT","POLICE_AGCY","POSSIBLE_INJ_COUNT","RDWY_SURF_TYPE_CD","RELATION_TO_ROAD","ROADWAY_CLEARED","ROAD_CONDITION","SCH_BUS_IND","SCH_ZONE_IND","SECONDARY_CRASH","SMALL_TRUCK_COUNT","SPEC_JURIS_CD","SUSP_MINOR_INJ_COUNT","SUSP_SERIOUS_INJ_COUNT","SUV_COUNT","TCD_FUNC_CD","TCD_TYPE","TFC_DETOUR_IND","TIME_OF_DAY","TOTAL_UNITS","TOT_INJ_COUNT","UNBELTED_OCC_COUNT","UNB_DEATH_COUNT","UNB_SUSP_SERIOUS_INJ_COUNT","UNK_INJ_DEG_COUNT","UNK_INJ_PER_COUNT","URBAN_RURAL","VAN_COUNT","VEHICLE_COUNT","WEATHER1","WEATHER2","WORKERS_PRES","WORK_ZONE_IND","WORK_ZONE_LOC","WORK_ZONE_TYPE","WZ_CLOSE_DETOUR","WZ_FLAGGER","WZ_LAW_OFFCR_IND","WZ_LN_CLOSURE","WZ_MOVING","WZ_OTHER","WZ_SHLDER_MDN","WZ_WORKERS_INJ_KILLED"
"2007089829","","2","0","0","0","0","0","0","0","0","4","0","","02","9","2007","3","40.615833","-80.055338","1903","11","0","0","0","0","0","1","0","1","","0","0","0","","","0","","1","","40 36:57.000","","0","80 03:19.218","0","0","0","0","2216","0","0","0","N","0","0","0","2","02505","0","","1.0","","1","N","N","","0","","0","0","0","3","2","","","2","0","0","0","0","0","0","2","0","2","","","","N","","","","","","","","","",""
"2007089832","","1","0","0","0","0","0","0","0","0","7","0","","02","8","2007","2","40.538014","-79.966717","2123","11","0","1","0","0","0","0","0","0","3","0","0","0","","","1","","0","","40 32:16.849","3","0","79 58:00.181","3","0","0","0","2118","0","0","0","N","0","0","0","1","02118","0","","5.0","","1","N","N","","0","","1","0","0","0","0","Y","","1","1","1","0","0","0","0","2","0","1","","","","N","","","","","","","","","",""
"2007089835","","1","0","0","0","0","0","0","0","0","7","0","","02","9","2007","1","40.559444","-79.820096","1338","11","0","0","0","0","0","1","0","0","1","0","0","0","","","3","","0","","40 33:34.000","6","0","79 49:12.347","3","0","0","0","2208","0","0","0","Y","0","0","0","3","02208","2","","4.0","","9","N","N","","0","","1","0","1","0","0","N","","2","3","0","0","0","0","0","2","0","2","","","","N","","","","","","","","","",""
"2007089837","","1","0","0","0","0","0","0","0","0","5","0","","02","9","2007","3","40.292222","-79.915726","2257","11","0","0","0","0","0","0","0","0","","0","0","0","","","0","","1","","40 17:32.000","","0","79 54:56.615","0","0","0","0","2440","0","0","0","N","0","0","0","3","02440","0","","1.0","","1","N","N","","0","","0","0","1","3","2","","","2","0","0","0","0","0","0","2","0","2","","","","N","","","","","","","","","",""
"2007089842","","1","0","0","0","0","0","0","0","0","4","0","","02","9","2007","2","40.5425","-79.816224","0901","11","0","0","0","0","0","0","1","0","","0","0","0","","","0","","1","","40 32:33.000","","0","79 48:58.405","0","0","0","0","2208","0","0","0","N","0","0","0","2","02208","0","","1.0","","1","N","N","","0","","0","0","0","3","3","","","2","0","0","0","0","0","0","2","1","2","","","","N","","","","","","","","","",""
"2007089853","","2","0","0","0","0","0","0","0","0","4","0","","02","9","2007","4","40.5293","-79.9521","0821","11","0","0","0","0","0","1","0","1","2","0","0","0","","","2","","0","","40 31:45.480","5","0","79 57:07.560","8","0","0","0","2118","0","0","0","N","0","0","0","2","02118","0","","1.0","","1","N","N","","0","","0","0","0","0","0","N","","2","2","1","0","0","2","0","2","0","2","","","","N","","","","","","","","","",""
"2007089865","","0","0","0","0","0","0","0","0","0","4","1","","02","9","2007","4","40.3425","-79.964655","0859","11","0","0","0","0","0","1","0","1","","0","1","0","","","0","","1","","40 20:33.000","","0","79 57:52.757","0","0","0","0","2454","0","0","0","N","0","0","0","3","02454","0","","1.0","","1","N","N","","1","","0","0","0","3","3","","","2","0","0","0","0","0","0","2","0","2","","","","N","","","","","","","","","",""
"2007089866","","3","0","0","0","0","0","0","0","0","5","0","","02","9","2007","3","40.542222","-80.013448","1825","11","0","0","0","0","0","1","0","1","1","0","0","0","","","2","","0","","40 32:32.000","2","0","80 00:48.414","4","0","0","0","2116","0","0","0","N","0","0","0","6","02116","2","","1.0","","1","N","N","","0","","0","0","1","0","0","N","","4","2","0","0","0","0","0","2","0","4","","","","N","","","","","","","","","",""
"2007089868","","1","0","0","0","0","0","0","0","0","1","0","","02","9","2007","4","40.615833","-80.05525","1122","11","0","0","0","0","0","0","0","1","","0","0","0","","","0","","1","","40 36:57.000","","0","80 03:18.899","0","0","0","0","2216","0","0","0","N","0","0","0","2","02505","0","","1.0","","1","N","N","","0","","0","0","1","3","2","","","2","0","0","0","0","0","0","2","0","2","","","","N","","","","","","","","","",""
"2007089874","","1","0","0","0","0","0","0","0","0","6","0","","02","9","2007","4","40.651917","-80.059743","1357","11","0","0","0","0","0","0","0","1","1","0","0","0","","","0","","0","","40 39:06.902","4","0","80 03:35.075","0","0","0","0","2216","0","0","0","N","0","0","0","4","02505","0","","5.0","","1","N","N","","0","","0","0","1","0","0","N","","2","0","0","0","0","0","0","2","0","2","","","","N","","","","","","","","","",""
"2007089877","","1","0","0","0","0","0","0","0","0","1","0","","02","8","2007","4","40.513333","-79.999931","1640","11","0","0","0","0","0","0","0","0","1","0","0","0","","","1","","0","","40 30:48.000","2","0","79 59:59.751","4","0","0","0","2116","0","0","0","N","0","0","0","3","02116","1","","1.0","","1","N","N","","0","","0","0","0","0","0","N","","2","1","1","0","0","0","0","2","1","2","","","","N","","","","","","","","","",""
"2007089880","","1","0","0","0","0","0","0","0","0","2","0","","02","9","2007","3","40.3398","-79.8761","0827","11","0","0","0","0","0","1","0","0","3","0","0","0","","","40","","0","","40 20:23.280","6","0","79 52:33.960","3","0","0","0","2455","0","0","0","N","0","0","0","41","02455","38","","1.0","","1","Y","N","","0","","2","0","0","3","3","Y","","2","40","0","0","0","0","0","2","0","2","","","","N","","","","","","","","","",""
"2007089883","","2","0","0","0","0","0","0","0","0","4","0","","02","9","2007","7","40.498056","-80.020204","2218","11","0","0","0","0","1","1","0","0","","0","0","0","","","1","","1","","40 29:53.000","","0","80 01:12.736","3","0","0","0","2116","0","0","0","N","0","0","0","2","02116","0","","1.0","","1","N","N","","0","","1","0","0","3","2","","","2","1","0","0","0","0","0","2","0","2","","","","N","","","","","","","","","",""
"2007089884","","1","0","0","0","0","0","0","0","0","7","0","","02","9","2007","3","40.5204","-80.0189","1055","11","0","0","0","0","0","0","1","0","1","0","0","0","","","1","","0","","40 31:13.440","2","0","80 01:08.040","8","0","0","0","2116","0","0","0","N","0","0","0","1","02116","0","","4.0","","9","N","N","","0","","0","0","0","0","0","N","","1","1","0","0","0","1","0","2","0","1","","","","N","","","","","","","","","",""
"2007089885","","2","0","1","0","0","0","0","0","0","7","0","","02","9","2007","2","40.323649","-79.961986","1958","11","0","0","0","0","0","0","0","0","3","0","0","0","","","1","","2","","40 19:25.136","6","0","79 57:43.149","2","0","0","0","2454","0","0","0","N","0","0","0","1","02454","0","","4.0","","1","N","N","","0","","0","1","0","3","3","Y","","2","1","0","0","0","0","0","2","0","2","","","","N","","","","","","","","","",""
"2007089951","","1","0","0","0","0","0","0","0","0","4","0","","02","9","2007","4","40.519432","-80.026926","1945","11","0","0","0","0","0","0","0","0","","0","0","0","","","2","","0","","40 31:09.955","","7","80 01:36.933","4","0","0","0","2474","0","0","0","N","0","0","0","2","02474","1","","6.0","","1","N","N","","0","","0","0","0","0","0","","","2","2","0","0","0","1","0","2","1","2","","","","N","","","","","","","","","",""
"2007089956","","0","0","0","0","0","0","0","0","0","7","0","","02","9","2007","4","40.575556","-79.975077","1900","11","0","0","0","0","0","0","0","0","","0","0","0","","","0","","0","","40 34:32.000","","0","79 58:30.277","0","0","0","1","2207","0","0","0","N","0","0","0","1","02207","0","","2.0","","1","N","N","","0","","0","0","0","0","0","","","1","0","0","0","0","0","0","2","0","1","","","","N","","","","","","","","","",""
"2007089957","","2","0","0","0","0","0","0","0","0","5","0","","02","8","2007","4","40.441567","-79.93657","2206","11","0","0","0","0","0","0","0","0","","0","0","0","","","0","","0","","40 26:29.641","","0","79 56:11.652","0","0","0","0","2301","0","0","0","N","0","0","0","1","02301","0","","1.0","","1","N","N","","0","","0","0","0","0","0","","","2","0","0","0","0","0","0","2","0","2","","","","N","","","","","","","","","",""
"2007089958","","2","0","0","0","0","0","0","0","0","4","0","","02","8","2007","6","40.448031","-79.894553","0712","11","0","0","0","0","0","1","0","0","","0","0","0","","","1","","1","","40 26:52.911","","0","79 53:40.390","8","0","0","0","2301","0","0","0","N","0","0","0","2","02301","0","","1.0","","1","N","N","","0","","0","0","0","3","2","","","2","1","0","0","0","1","1","2","0","2","","","","N","","","","","","","","","",""
"2007089959","","1","0","0","0","0","0","0","0","0","4","0","","02","8","2007","7","40.43975","-79.896481","1225","11","0","0","0","0","0","2","0","0","","0","0","0","","","0","","1","","40 26:23.100","","0","79 53:47.331","0","0","0","0","2301","0","0","0","N","0","0","0","2","02301","0","","1.0","","1","N","N","","0","","0","0","0","3","3","","","2","0","0","0","0","0","0","2","1","2","","","","N","","","","","","","","","",""
"2007089960","","2","0","0","0","0","0","0","0","0","2","0","","02","8","2007","7","","","1430","11","0","0","0","1","0","0","0","0","1","0","0","0","","","0","","1","","","2","0","","0","0","0","0","2301","0","0","0","N","0","0","0","3","02301","0","","1.0","","1","N","N","","0","","0","0","0","3","2","N","","2","0","0","0","0","0","0","1","0","2","","","","N","","","","","","","","","",""
"2007089961","","1","0","0","1","0","0","0","0","0","8","0","","02","8","2007","1","40.420519","-79.945465","1723","11","0","0","0","0","0","0","0","0","1","0","0","0","","","1","","1","","40 25:13.868","4","0","79 56:43.674","4","0","0","0","2301","1","0","0","N","0","0","0","3","02301","1","","1.0","","1","N","N","","0","","0","0","0","0","0","N","","2","1","0","0","0","0","0","2","0","1","","","","N","","","","","","","","","",""
"2007089992","","1","0","0","0","0","0","0","0","0","7","0","55","02","7","2007","3","40.578333","-79.785247","0615","11","0","0","0","0","0","0","0","0","","0","0","0","","","0","","0","","40 34:42.000","","0","79 47:06.888","0","0","0","0","2104","0","0","0","N","0","0","0","1","68D02","0","","3.0","","1","N","N","","0","","0","0","0","0","0","","","1","0","0","0","0","0","0","2","0","1","","","N","Y","1","1","","","N","","","","",""
"2007089994","","0","0","0","0","0","0","0","0","0","1","0","","02","8","2007","5","40.494167","-79.909142","1438","11","0","0","0","0","0","0","0","0","","0","0","0","","","1","","0","","40 29:39.000","","0","79 54:32.910","8","0","0","0","2112","0","0","0","N","0","0","0","2","02112","0","","1.0","","9","N","N","","1","","0","0","0","0","0","","","2","1","0","0","0","1","0","2","1","2","","","","N","","","","","","","","","",""
"2007089995","","0","0","0","0","0","0","0","0","0","0","0","","02","8","2007","3","40.4909","-79.8676","1148","11","0","0","0","0","0","1","0","0","","0","0","0","","","1","","0","","40 29:27.240","","0","79 52:03.360","8","0","0","1","2112","0","0","0","N","0","0","0","1","02112","0","","1.0","","1","N","N","","0","","0","0","0","0","0","","","1","1","0","0","0","1","0","2","0","1","","","","N","","","","","","","","","",""
"2007089996","","2","0","0","0","0","0","0","0","0","4","0","","02","8","2007","6","40.499193","-79.853241","1521","11","0","0","0","0","0","1","0","0","","0","0","0","","","1","","0","","40 29:57.093","","0","79 51:11.669","8","0","0","0","2112","0","0","0","N","0","0","0","3","02112","0","","1.0","","1","N","N","","0","","0","0","0","0","0","","","2","1","0","0","0","1","0","2","0","2","","","","N","","","","","","","","","",""
"2007089997","","0","0","0","0","0","0","0","0","0","1","0","","02","8","2007","2","40.4944","-79.9318","1335","11","0","0","0","0","0","1","0","0","","0","0","0","","","0","","2","","40 29:39.840","","0","79 55:54.480","0","0","0","0","2112","0","0","0","N","0","0","0","3","02112","0","","1.0","","1","N","N","","0","","0","0","2","3","3","","","2","0","0","0","0","0","0","2","0","2","","","","N","","","","","","","","","",""
"2007089998","","0","0","0","0","0","0","0","0","0","0","0","","02","8","2007","2","40.5089","-79.9165","0435","11","0","0","0","0","0","0","0","0","","0","0","0","","","0","","0","","40 30:32.040","","0","79 54:59.400","0","0","0","0","2112","0","0","0","N","0","0","0","1","02112","0","","5.0","","1","N","N","","0","","0","0","1","0","0","","","1","0","0","0","0","0","0","2","0","1","","","","N","","","","","","","","","",""
"2007090046","","0","0","0","0","0","0","0","0","0","7","0","","02","8","2007","4","40.325","-80.138","0035","11","0","0","0","0","0","0","0","0","","0","0","0","","","0","","0","","40 19:30.000","","0","80 08:16.800","9","0","0","0","2119","0","0","0","N","0","0","0","1","02119","0","","5.0","","1","N","N","","0","","0","0","1","0","0","","","1","0","0","0","0","0","1","2","0","1","","","","N","","","","","","","","","",""
"2007090052","","0","0","0","1","0","0","0","0","0","8","0","","02","8","2007","5","40.44985","-80.004727","1713","11","0","0","0","0","0","1","0","0","","0","0","0","","","1","","0","","40 26:59.461","","0","80 00:17.016","8","0","0","0","2301","1","0","0","N","0","0","0","2","02301","0","","1.0","","1","N","N","","0","","0","0","1","0","0","","","2","1","0","0","0","1","0","2","0","1","","","","N","","","","","","","","","",""
"2007090053","","1","0","0","0","0","0","0","0","0","7","0","","02","8","2007","6","40.46075","-79.984647","0205","11","0","0","0","0","0","0","0","0","","0","0","0","","","0","","0","","40 27:38.700","","0","79 59:04.730","9","0","0","0","2301","0","0","0","N","0","0","0","1","02301","0","","5.0","","1","N","N","","0","","0","0","0","0","0","","","1","0","0","0","0","0","1","2","0","1","","","","N","","","","","","","","","",""
"2007090054","","0","0","0","0","0","0","0","0","0","7","0","","02","8","2007","1","40.457847","-80.015919","0434","11","0","0","0","0","0","0","0","0","","0","0","0","","","1","","2","","40 27:28.249","","0","80 00:57.308","3","0","0","0","2301","0","0","0","N","0","0","0","2","02301","0","","5.0","","1","N","N","","0","","1","0","1","0","0","","","1","1","2","0","0","0","0","2","0","1","","","","N","","","","","","","","","",""
"2007090055","","1","0","0","0","0","0","0","0","0","1","0","","02","8","2007","4","40.464722","-79.979655","0441","11","0","0","0","0","0","2","0","0","1","0","0","0","","","1","","1","","40 27:53.000","4","0","79 58:46.758","4","0","0","0","2301","0","0","0","N","0","0","0","2","02301","1","","1.0","","1","N","N","","1","","0","0","0","3","2","N","","2","1","0","0","0","0","0","2","0","2","","","","N","","","","","","","","","",""
"2007090057","","1","0","0","0","0","0","0","0","0","7","0","","02","8","2007","1","40.347045","-79.889561","1825","11","0","0","0","0","0","0","1","0","1","0","0","0","","","0","","0","","40 20:49.361","2","0","79 53:22.418","0","0","0","0","2304","0","0","0","N","0","0","0","1","02304","0","","3.0","","9","N","N","","0","","0","0","0","0","0","N","","1","0","0","0","0","0","0","2","0","1","","","","N","","","","","","","","","",""
"2007090076","","2","0","0","0","0","0","0","0","0","1","0","","02","8","2007","1","40.326022","-79.889561","1837","11","0","0","0","0","0","0","1","0","1","0","0","0","","","3","","1","","40 19:33.679","4","0","79 53:22.419","4","0","0","0","2433","0","0","0","N","0","0","0","5","02433","1","","1.0","","1","N","N","","0","","0","0","0","3","3","N","","2","3","2","0","0","2","0","2","0","2","","","","N","","","","","","","","","",""
"2007090077","","2","0","0","0","0","0","0","0","0","4","0","","02","8","2007","5","40.4368","-79.9943","1635","11","0","0","0","0","0","0","0","0","2","0","0","0","","","0","","0","","40 26:12.480","1","0","79 59:39.480","0","0","0","0","2109","0","0","0","N","0","0","0","2","02109","0","","1.0","","1","N","N","","0","","0","0","0","0","0","N","","3","0","0","0","0","0","0","2","1","3","","","","N","","","","","","","","","",""
"2007090149","","1","0","0","0","0","0","0","0","0","7","0","","02","8","2007","3","40.446111","-80.244519","1936","11","0","0","0","0","0","0","0","0","","0","0","0","","","1","","0","","40 26:46.000","","0","80 14:40.267","4","0","0","0","2214","0","0","0","N","0","0","0","1","02214","1","","5.0","","1","N","N","","0","","0","0","0","0","0","","","1","1","0","0","0","0","0","2","0","1","","","","N","","","","","","","","","",""
"2007090150","","1","0","0","0","0","0","0","0","0","4","0","","02","8","2007","3","40.424722","-80.191782","1644","11","0","0","0","0","0","1","0","0","","0","0","0","","","1","","2","","40 25:29.000","","0","80 11:30.414","4","0","0","0","2214","0","0","0","N","0","0","0","2","02214","1","","1.0","","1","N","N","","1","","0","0","0","0","0","","","2","1","1","0","0","0","0","1","0","2","","","","N","","","","","","","","","",""
"2007090151","","1","0","0","0","0","0","0","0","0","7","0","","02","8","2007","2","40.453781","-80.214517","0420","11","0","0","0","0","1","0","0","0","","0","0","0","","","1","","0","","40 27:13.610","","0","80 12:52.260","4","0","0","0","2214","0","0","0","N","0","0","0","1","02214","1","","4.0","","1","N","N","","0","","0","0","0","0","0","","","1","1","0","0","0","0","0","2","0","1","","","","N","","","","","","","","","",""
"2007090204","","1","0","0","0","0","0","0","0","0","1","0","","02","8","2007","4","40.341111","-80.12041","1107","11","0","0","0","0","0","1","0","0","1","0","0","0","","","1","","0","","40 20:28.000","2","0","80 07:13.476","3","0","0","0","2119","0","0","0","N","0","0","0","3","02119","0","","1.0","","1","N","N","","1","","1","0","0","0","0","N","","3","1","0","0","0","0","0","2","0","3","","","","N","","","","","","","","","",""
"2007090205","","1","0","0","0","0","0","0","0","0","1","0","","02","8","2007","4","40.371091","-80.175712","0900","11","0","0","0","0","0","1","0","0","","0","0","0","","","2","","0","","40 22:15.927","","0","80 10:32.563","4","0","0","0","2119","0","0","0","N","0","0","0","3","02119","2","","1.0","","1","N","N","","1","","0","0","0","0","0","","","2","2","1","0","0","0","0","2","0","2","","","","N","","","","","","","","","",""
"2007090206","","1","0","0","0","0","0","0","0","0","2","0","","02","8","2007","2","40.341115","-80.145002","1315","11","0","0","1","0","0","0","0","0","","0","0","0","","","7","","0","","40 20:28.015","","0","80 08:42.007","2","0","0","0","2119","0","0","0","N","0","0","0","7","02119","0","","1.0","","9","N","N","","1","","0","1","0","0","0","","","2","7","2","0","1","6","0","2","0","2","","","","N","","","","","","","","","",""
"2007090207","","1","0","0","0","0","0","0","0","0","1","0","","02","8","2007","3","40.355737","-80.134956","0012","11","0","0","0","0","0","1","0","0","","0","0","0","","","1","","0","","40 21:20.653","","0","80 08:05.841","4","0","0","0","2119","0","0","0","N","0","0","0","1","02119","1","","1.0","","1","N","N","","1","","0","0","1","0","0","","","3","1","0","0","0","0","0","2","0","3","","","","N","","","","","","","","","",""
"2007090208","","1","0","0","0","0","0","0","0","0","4","0","","02","8","2007","7","40.355556","-80.131584","1045","11","0","1","0","0","0","0","0","0","","0","0","0","","","1","","2","","40 21:20.000","","0","80 07:53.703","4","0","0","0","2119","0","0","0","N","0","0","0","2","02119","1","","1.0","","1","N","N","","1","","0","0","0","3","3","","","2","1","0","0","0","0","0","2","0","2","","","","N","","","","","","","","","",""
"2007090209","","1","0","0","0","0","0","0","0","0","0","0","","02","8","2007","1","40.341115","-80.145002","1757","11","0","0","1","0","0","0","0","0","1","0","0","0","","","0","","0","","40 20:28.015","6","0","80 08:42.007","0","0","0","0","2119","0","0","0","N","0","0","0","1","02119","0","","4.0","","9","N","N","","0","","0","0","0","0","0","N","","1","0","0","0","0","0","0","2","0","1","","","","N","","","","","","","","","",""
"2007090210","","1","0","0","0","0","0","0","0","0","4","0","","02","8","2007","7","40.61","-80.05337","1551","11","0","0","0","1","0","1","0","0","1","0","0","0","","","0","","0","","40 36:36.000","4","0","80 03:12.132","0","0","0","0","2108","0","0","0","N","0","0","0","3","02108","0","","1.0","","1","N","N","","0","","0","0","1","0","0","Y","","2","0","0","0","0","0","0","2","0","2","","","","N","","","","","","","","","",""
"2007090213","","1","0","0","0","0","0","0","0","0","7","0","","02","9","2007","7","40.361389","-80.046716","2320","11","0","1","0","0","0","0","0","0","2","0","0","0","","","1","","0","","40 21:41.000","1","0","80 02:48.179","8","0","0","0","2109","0","0","0","N","0","0","0","1","02109","0","","4.0","","1","N","N","","0","","0","0","0","0","0","N","","1","1","0","0","0","1","0","2","0","1","","","","N","","","","","","","","","",""
"2007090215","","0","0","0","0","0","0","0","0","0","0","0","","02","8","2007","7","40.449722","-80.209175","1922","11","0","0","1","0","0","0","0","0","","0","0","0","","","1","","0","","40 26:59.000","","0","80 12:33.030","4","0","0","1","2214","0","0","0","N","0","0","0","2","02214","1","","1.0","","1","N","N","","1","","0","0","0","0","0","","","2","1","0","0","0","0","0","2","0","2","","","","N","","","","","","","","","",""
"2007090216","","2","0","0","0","0","0","0","0","0","1","0","","02","8","2007","6","40.426667","-80.20212","1723","11","0","0","0","0","0","0","0","0","","0","0","0","","","0","","0","","40 25:36.000","","0","80 12:07.633","0","0","0","0","2214","0","0","0","N","0","0","0","2","02214","0","","1.0","","1","N","N","","0","","0","0","0","0","0","","","2","0","0","0","0","0","0","1","0","2","","","","N","","","","","","","","","",""
"2007090217","","1","0","0","0","0","0","0","0","0","4","0","","02","8","2007","4","40.447726","-80.178568","2005","11","0","0","1","0","0","0","0","0","","0","0","0","","","0","","1","","40 26:51.813","","0","80 10:42.844","0","0","0","0","2214","0","0","0","N","0","0","0","6","02214","0","","1.0","","1","N","N","","0","","0","0","1","3","3","","","2","0","1","0","0","0","0","2","0","2","","","","N","","","","","","","","","",""
"2007090218","","1","0","0","0","0","0","0","0","0","4","0","","02","8","2007","5","40.4529","-80.1724","1511","11","0","0","0","0","0","0","0","0","1","0","0","0","","","1","","1","","40 27:10.440","3","0","80 10:20.640","3","0","0","0","2214","0","0","0","N","0","0","0","4","02214","0","","1.0","","9","N","N","","0","","1","0","2","3","2","Y","","3","1","0","0","0","0","0","2","0","3","","","","N","","","","","","","","","",""
"2007090219","","1","0","0","0","0","0","0","0","0","7","0","","02","8","2007","1","40.451667","-80.192522","1213","11","0","0","0","0","0","0","0","0","","0","0","0","","","1","","0","","40 27:06.000","","0","80 11:33.080","4","0","0","0","2214","0","0","0","N","0","0","0","2","02214","1","","4.0","","9","N","N","","0","","0","0","0","0","0","","","1","1","0","0","0","0","0","2","0","1","","","","N","","","","","","","","","",""
"2007090244","","1","0","0","0","0","0","0","0","0","7","0","","02","5","2007","1","40.496944","-79.936526","0153","11","0","0","0","0","0","0","0","0","","0","0","0","","","1","","0","","40 29:49.000","","0","79 56:11.494","2","0","0","0","2112","0","0","0","N","0","0","0","1","68D02","0","","4.0","","1","N","N","","0","","0","1","0","","0","","","1","1","1","0","1","0","0","2","0","1","","","","N","","","","","","","","","",""
"2007090245","","1","0","0","0","0","0","0","0","0","1","0","45","02","7","2007","5","40.5691","-79.7964","1738","11","0","0","0","0","0","0","0","0","","0","0","0","","","1","","6","","40 34:08.760","","2","79 47:47.040","4","0","0","0","2206","0","0","0","N","0","0","0","2","68D02","1","","1.0","","1","N","N","","0","","0","0","0","","3","","","2","1","0","0","0","0","0","2","1","2","","","N","Y","4","1","","","N","Y","","","Y",""
"2007090299","","1","0","0","0","0","0","0","0","0","7","0","","02","6","2007","4","","","2101","11","0","0","0","0","0","0","0","0","1","0","0","0","","","1","","0","","40 26:31.56","3","0","79 49:31.08","8","0","0","0","2113","0","0","0","N","0","0","0","2","68B03","0","","3.0","","1","N","N","","0","","0","0","0","","0","N","","1","1","1","0","0","1","0","2","0","1","","","","N","","","","","","","","","",""
"2007090300","","0","0","0","0","0","0","0","0","0","7","0","45","02","7","2007","7","40.540482","-80.122563","1225","11","0","0","0","0","0","1","0","0","3","1","0","0","","","0","","0","","40 32:25.736","2","0","80 07:21.227","1","1","0","1","2125","0","0","0","N","0","0","0","1","68B03","0","2","2.0","","1","N","N","","0","0","0","0","0","","0","Y","","2","0","0","0","0","0","0","2","0","1","","","Y","Y","4","1","Y","","N","Y","","","",""
"2007090301","","1","0","0","0","0","0","0","0","0","7","0","45","02","7","2007","7","40.554167","-80.116719","0041","11","0","0","0","0","0","0","0","0","3","0","0","0","","","0","","0","","40 33:15.000","1","0","80 07:00.188","0","0","0","0","2481","0","0","0","Y","0","0","0","1","68B03","0","","2.0","","1","N","N","","0","","0","0","0","","0","N","","1","0","0","0","0","0","0","1","0","1","","","N","Y","4","1","","","N","Y","","","",""
"2007090302","","0","0","0","0","0","0","0","0","0","7","1","50","02","7","2007","5","","","0733","11","0","0","0","0","0","0","0","0","3","0","1","0","","","1","","0","","40 26:18.60","3","0","80 09:07.56","4","0","0","0","2115","0","0","0","N","0","0","0","1","68B03","1","","2.0","","1","N","N","","0","","0","0","0","","0","N","","1","1","0","0","0","0","0","2","0","1","","","N","Y","4","1","","","N","","Y","","Y",""
"2007090303","","1","0","0","0","0","0","0","0","0","7","0","","02","6","2007","1","","","0338","11","0","0","0","0","1","0","0","0","","0","0","0","","","0","","0","","40 30:14.40","","0","80 01:39.72","0","0","0","0","2116","0","0","0","N","0","0","0","2","68B03","0","","2.0","","1","N","N","","0","","0","0","0","","0","","","1","0","0","0","0","0","0","2","0","1","","","","N","","","","","","","","","",""
"2007090304","","0","0","0","0","0","0","0","0","0","0","0","","02","6","2007","6","40.357222","-80.11849","0221","11","0","0","0","0","0","0","0","0","","0","0","0","","","0","","0","","40 21:26.000","","0","80 07:06.563","0","0","0","1","2119","0","0","0","N","0","0","0","1","68B03","0","","2.0","","1","N","N","","0","","0","0","0","","0","","","1","0","0","0","0","0","0","2","0","1","","","","N","","","","","","","","","",""
"2007090305","","2","0","0","0","0","0","0","0","0","1","0","","02","7","2007","4","40.656111","-80.092292","0122","11","0","0","0","0","0","1","0","0","","0","0","0","","","2","","0","","40 39:22.000","","0","80 05:32.251","3","0","0","0","2212","0","0","0","N","0","0","0","3","68B03","1","","1.0","","1","N","N","","0","","1","0","0","","0","","","2","2","1","0","0","0","0","2","0","2","","","","N","","","","","","","","","",""
"2007090306","","0","0","0","0","0","0","0","0","0","7","0","","02","7","2007","6","40.450278","-80.110772","1619","11","0","0","0","0","0","0","0","0","","0","0","0","","","1","","0","","40 27:01.000","","0","80 06:38.779","3","0","0","1","2115","0","0","0","N","0","0","0","1","68B03","0","","1.0","","1","N","N","","0","","1","0","0","","0","","","1","1","0","0","0","0","0","2","0","1","","","","N","","","","","","","","","",""