"CRN","ARRIVAL_TM","AUTOMOBILE_COUNT","BELTED_DEATH_COUNT","BELTED_SUSP_SERIOUS_INJ_COUNT","BICYCLE_COUNT","BICYCLE_DEATH_COUNT","BICYCLE_SUSP_SERIOUS_INJ_COUNT","BUS_COUNT","CHLDPAS_DEATH_COUNT","CHLDPAS_SUSP_SERIOUS_INJ_COUNT","COLLISION_TYPE","COMM_VEH_COUNT","CONS_ZONE_SPD_LIM","COUNTY","CRASH_MONTH","CRASH_YEAR","DAY_OF_WEEK","DEC_LATITUDE","DEC_LONGITUDE","DISPATCH_TM","DISTRICT","DRIVER_COUNT_16YR","DRIVER_COUNT_17YR","DRIVER_COUNT_18YR","DRIVER_COUNT_19YR","DRIVER_COUNT_20YR","DRIVER_COUNT_50_64YR","DRIVER_COUNT_65_74YR","DRIVER_COUNT_75PLUS","EST_HRS_CLOSED","FATAL_COUNT","HEAVY_TRUCK_COUNT","HORSE_BUGGY_COUNT","HOUR_OF_DAY","ILLUMINATION","INJURY_COUNT","INTERSECTION_RELATED","INTERSECT_TYPE","LANE_CLOSED","LATITUDE","LN_CLOSE_DIR","LOCATION_TYPE","LONGITUDE","MAX_SEVERITY_LEVEL","MCYCLE_DEATH_COUNT","MCYCLE_SUSP_SERIOUS_INJ_COUNT","MOTORCYCLE_COUNT","MUNICIPALITY","NONMOTR_COUNT","NONMOTR_DEATH_COUNT","NONMOTR_SUSP_SERIOUS_INJ_COUNT","NTFY_HIWY_MAINT","PED_COUNT","PED_DEATH_COUNT","PED_SUSP_SERIOUS_INJ_COUNT","PERSON_COUNT","POLICE_AGCY","POSSIBLE_INJ_COUNT","RDWY_SURF_TYPE_CD","RELATION_TO_ROAD","ROADWAY_CLEARED","ROAD_CONDITION","SCH_BUS_IND","SCH_ZONE_IND","SECONDARY_CRASH","SMALL_TRUCK_COUNT","SPEC_JURIS_CD","SUSP_MINOR_INJ_COUNT","SUSP_SERIOUS_INJ_COUNT","SUV_COUNT","TCD_FUNC_CD","TCD_TYPE","TFC_DETOUR_IND","TIME_OF_DAY","TOTAL_UNITS","TOT_INJ_COUNT","UNBELTED_OCC_COUNT","UNB_DEATH_COUNT","UNB_SUSP_SERIOUS_INJ_COUNT","UNK_INJ_DEG_COUNT","UNK_INJ_PER_COUNT","URBAN_RURAL","VAN_COUNT","VEHICLE_COUNT","WEATHER1","WEATHER2","WORKERS_PRES","WORK_ZONE_IND","WORK_ZONE_LOC","WORK_ZONE_TYPE","WZ_CLOSE_DETOUR","WZ_FLAGGER","WZ_LAW_OFFCR_IND","WZ_LN_CLOSURE","WZ_MOVING","WZ_OTHER","WZ_SHLDER_MDN","WZ_WORKERS_INJ_KILLED"
"2007090710","","1","0","0","0","0","0","0","0","0","7","0","","02","9","2007","5","40.508046","-79.880114","1551","11","0","0","0","0","0","0","0","1","","0","0","0","","","1","","0","","40 30:28.966","","0","79 52:48.411","3","0","0","0","2432","0","0","0","N","0","0","0","1","02432","0","","5.0","","1","N","N","","0","","1","0","0","","0","","","1","1","0","0","0","0","0","2","0","1","","","","N","","","","","","","","","",""
"2007090713","","2","0","0","0","0","0","0","0","0","4","0","","02","9","2007","5","40.491389","-80.061254","1653","11","0","0","0","0","0","0","0","0","","0","0","0","","","0","","1","","40 29:29.000","","0","80 03:40.515","0","0","0","0","2404","0","0","0","N","0","0","0","2","02404","0","","1.0","","1","N","N","","0","","0","0","0","","2","","","2","0","0","0","0","0","0","2","0","2","","","","N","","","","","","","","","",""
"2007090726","","1","0","0","0","0","0","0","0","0","5","0","","02","8","2007","3","40.434407","-79.984869","0715","11","0","0","0","0","0","0","0","0","1","0","0","0","","","2","","0","","40 26:03.864","6","0","79 59:05.528","4","0","0","0","2301","0","0","0","N","0","0","0","2","02301","2","","1.0","","1","N","N","","0","","0","0","1","","0","N","","2","2","0","0","0","0","0","2","0","2","","","","N","","","","","","","","","",""
"2007090727","","1","0","0","0","0","0","0","0","0","4","0","","02","8","2007","3","40.438023","-79.913084","0953","11","0","0","0","0","0","0","1","0","2","0","0","0","","","1","","1","","40 26:16.882","3","0","79 54:47.102","4","0","0","0","2301","0","0","0","N","0","0","0","4","02301","1","","1.0","","1","N","N","","0","","0","0","0","","2","N","","2","1","0","0","0","0","0","2","1","2","","","","N","","","","","","","","","",""
"2007090728","","2","0","0","0","0","0","0","0","0","4","0","","02","8","2007","4","40.449819","-79.929656","0027","11","0","0","0","0","0","0","0","0","","0","0","0","","","2","","1","","40 26:59.348","","0","79 55:46.761","4","0","0","0","2301","0","0","0","N","0","0","0","3","02301","2","","1.0","","1","N","N","","0","","0","0","0","","2","","","2","2","0","0","0","0","0","2","0","2","","","","N","","","","","","","","","",""
"2007090729","","3","0","0","0","0","0","0","0","0","1","0","","02","8","2007","3","40.393056","-79.934835","1456","11","0","0","0","0","0","2","0","0","","0","0","0","","","2","","6","","40 23:35.000","","2","79 56:05.405","8","0","0","0","2301","0","0","0","N","0","0","0","3","02301","0","","1.0","","9","N","N","","0","","0","0","0","","4","","","3","2","0","0","0","2","0","2","0","3","","","","N","","","","","","","","","",""
"2007090730","","1","0","0","0","0","0","0","0","0","7","0","","02","8","2007","7","40.442099","-79.956211","0154","11","0","0","0","0","0","1","0","0","1","0","0","0","","","0","","0","","40 26:31.557","1","0","79 57:22.361","0","0","0","0","2301","0","0","0","N","0","0","0","1","02301","0","","4.0","","1","N","N","","0","","0","0","0","","0","N","","1","0","0","0","0","0","0","2","0","1","","","","N","","","","","","","","","",""
"2007090734","","2","0","0","0","0","0","0","0","0","4","0","","02","8","2007","7","40.437543","-79.998089","0924","11","0","0","0","0","0","0","0","0","","0","0","0","","","1","","1","","40 26:15.154","","0","79 59:53.120","4","0","0","0","2301","0","0","0","N","0","0","0","4","02301","1","","1.0","","1","N","N","","0","","0","0","0","","2","","","2","1","0","0","0","0","0","2","0","2","","","","N","","","","","","","","","",""
"2007090735","","2","0","0","0","0","0","0","0","0","1","0","","02","8","2007","3","40.444078","-79.927445","0930","11","0","0","1","0","0","1","0","0","","0","0","0","","","1","","0","","40 26:38.681","","0","79 55:38.803","4","0","0","0","2301","0","0","0","N","0","0","0","2","02301","1","","1.0","","1","N","N","","0","","0","0","0","","0","","","2","1","0","0","0","0","0","2","0","2","","","","N","","","","","","","","","",""
"2007090759","","2","0","0","0","0","0","0","0","0","4","0","","02","8","2007","4","40.349722","-79.86473","1447","11","0","0","0","0","0","0","0","1","1","0","0","0","","","0","","1","","40 20:59.000","1","0","79 51:53.028","0","0","0","0","2304","0","0","0","N","0","0","0","2","02304","0","","1.0","","1","N","N","","0","","0","0","0","","3","N","","2","0","0","0","0","0","0","2","0","2","","","","N","","","","","","","","","",""
"2007090814","","2","0","0","0","0","0","0","0","0","1","0","45","02","6","2007","4","40.49","-80.009283","0350","11","0","0","0","0","0","0","0","0","9","0","0","0","","","1","","0","","40 29:24.000","1","2","80 00:33.420","4","0","0","0","2301","0","0","0","N","0","0","0","2","68B03","1","","1.0","","1","N","N","","0","","0","0","0","","0","N","","2","1","0","0","0","0","0","2","0","2","","","Y","Y","4","2","","Y","Y","Y","Y","","",""
"2007090824","","2","0","0","0","0","0","0","0","0","4","0","","02","8","2007","3","40.456863","-79.921121","0950","11","0","0","0","0","0","1","0","0","","0","0","0","","","1","","0","","40 27:24.706","","0","79 55:16.035","4","0","0","0","2301","0","0","0","N","0","0","0","2","02301","1","","6.0","","1","N","N","","0","","0","0","0","","0","","","2","1","0","0","0","0","0","2","0","2","","","","N","","","","","","","","","",""
"2007090825","","1","0","0","0","0","0","0","0","0","4","0","","02","8","2007","6","40.448382","-79.934303","2048","11","0","0","0","1","1","0","0","0","","0","0","0","","","2","","0","","40 26:54.175","","0","79 56:03.490","4","0","0","0","2301","0","0","0","N","0","0","0","6","02301","1","","1.0","","1","N","N","","0","","0","0","1","","0","","","2","2","0","0","0","1","0","2","0","2","","","","N","","","","","","","","","",""
"2007090826","","2","0","0","0","0","0","0","0","0","4","0","","02","8","2007","5","40.355191","-79.835211","2313","11","0","0","0","0","0","0","0","0","2","0","0","0","","","2","","2","","40 21:18.687","3","0","79 50:06.758","8","0","0","0","2304","0","0","0","N","0","0","0","2","02304","0","","1.0","","1","N","N","","0","","0","0","0","","2","Y","","2","2","0","0","0","2","0","2","0","2","","","","N","","","","","","","","","",""
"2007090827","","1","0","0","0","0","0","0","0","0","1","0","","02","8","2007","4","40.344167","-79.890541","0847","11","0","0","0","1","0","0","0","0","","0","0","0","","","0","","0","","40 20:39.000","","7","79 53:25.949","0","0","0","0","2423","0","0","0","N","0","0","0","5","02304","0","","1.0","","1","N","N","","0","","0","0","1","","0","","","2","0","0","0","0","0","0","2","0","2","","","","N","","","","","","","","","",""
"2007090828","","1","0","0","0","0","0","0","0","0","4","0","","02","8","2007","6","40.35256","-79.839619","0835","11","0","0","0","0","0","0","0","0","2","0","0","0","","","0","","0","","40 21:09.216","4","0","79 50:22.630","0","0","0","0","2304","0","0","0","N","0","0","0","3","02304","0","","5.0","","1","N","N","","1","","0","0","0","","0","N","","2","0","0","0","0","0","0","2","0","2","","","","N","","","","","","","","","",""
"2007090829","","1","0","0","0","0","0","0","0","0","1","0","","02","8","2007","5","40.3541","-79.8422","2157","11","0","0","0","0","0","1","0","0","1","0","0","0","","","2","","6","","40 21:14.760","4","2","79 50:31.920","4","0","0","0","2304","0","0","0","N","0","0","0","3","02304","1","","7.0","","1","N","N","","1","","0","0","0","","4","N","","2","2","0","0","0","1","0","2","0","2","","","","N","","","","","","","","","",""
"2007090830","","1","0","0","0","0","0","0","0","0","4","0","","02","8","2007","6","40.343343","-79.829271","1855","11","0","0","0","0","0","0","1","0","","0","0","0","","","0","","2","","40 20:36.034","","0","79 49:45.375","0","0","0","0","2304","0","0","0","N","0","0","0","6","02304","0","","1.0","","1","N","N","","0","","0","0","0","","3","","","2","0","0","0","0","0","0","2","1","2","","","","N","","","","","","","","","",""
"2007090831","","2","0","0","0","0","0","0","0","0","6","0","","02","8","2007","2","40.337954","-79.84697","2211","11","0","0","0","0","0","0","0","0","","0","0","0","","","1","","0","","40 20:16.634","","0","79 50:49.092","8","0","0","0","2304","0","0","0","N","0","0","0","2","02304","0","","1.0","","9","N","N","","0","","0","0","1","","0","","","3","1","0","0","0","1","1","2","0","3","","","","N","","","","","","","","","",""
"2007090972","","3","0","0","0","0","0","0","0","0","1","0","","02","6","2007","5","","","0729","11","0","0","0","0","0","0","0","0","","0","0","0","","","1","","0","","40 26:43.08","","0","79 50:54.24","8","0","0","0","2419","0","0","0","N","0","0","0","4","68B03","0","","1.0","","1","N","N","","0","","0","0","0","","0","","","4","1","0","0","0","1","1","2","1","4","","","","N","","","","","","","","","",""
"2007090973","","1","0","0","0","0","0","0","0","0","1","0","","02","7","2007","5","","","1351","11","0","0","0","0","0","2","0","0","","0","0","0","","","1","","6","","40 26:41.28","","2","80 09:50.04","8","0","0","0","2115","0","0","0","N","0","0","0","2","68B03","0","","1.0","","1","N","N","","1","","0","0","0","","3","","","2","1","0","0","0","1","0","2","0","2","","","","N","","","","","","","","","",""
"2007090974","","2","0","0","0","0","0","0","0","0","1","0","","02","7","2007","2","","","1445","11","0","0","0","0","0","1","0","0","","0","0","0","","","1","","6","","40 24:42.48","","2","80 04:36.48","3","0","0","0","2415","0","0","0","N","0","0","0","2","68B03","0","","1.0","","1","N","N","","0","","1","0","0","","4","","","2","1","0","0","0","0","0","2","0","2","","","","N","","","","","","","","","",""
"2007090975","","2","0","0","0","0","0","0","0","0","6","0","","02","9","2007","1","40.660715","-79.983659","1938","11","0","0","0","1","0","0","1","0","3","0","0","0","","","0","","2","","40 39:38.575","4","0","79 59:01.172","0","0","0","0","2217","0","0","0","N","0","0","0","2","02505","0","","1.0","","9","N","N","","0","","0","0","0","","0","N","","2","0","0","0","0","0","0","1","0","2","","","","N","","","","","","","","","",""
"2007090976","","2","0","0","0","0","0","0","0","0","1","0","","02","7","2007","1","40.451667","-79.995839","0240","11","0","0","0","0","0","0","0","0","","0","0","0","","","0","","0","","40 27:06.000","","3","79 59:45.022","9","0","0","0","2301","0","0","0","N","0","0","0","6","68B03","0","","1.0","","1","N","N","","0","","0","0","0","","0","","","2","0","1","0","0","0","1","2","0","2","","","","N","","","","","","","","","",""
"2007090977","","1","0","0","0","0","0","0","0","0","5","0","","02","7","2007","1","","","1503","11","0","0","0","0","0","0","0","0","","0","0","0","","","1","","0","","40 34:05.16","","0","80 05:23.64","4","0","0","0","2481","0","0","0","N","0","0","0","4","68B03","1","","1.0","","1","N","N","","0","","0","0","1","","0","","","2","1","0","0","0","0","0","2","0","2","","","","N","","","","","","","","","",""
"2007090978","","2","0","0","0","0","0","0","0","0","1","0","","02","8","2007","6","40.490556","-80.126838","2111","11","0","0","0","0","0","0","0","0","","0","0","0","","","1","","0","","40 29:26.000","","0","80 07:36.615","4","0","0","0","2115","0","0","0","N","0","0","0","2","68B03","1","","1.0","","1","N","N","","0","","0","0","0","","0","","","2","1","0","0","0","0","1","2","0","2","","","","N","","","","","","","","","",""
"2007090979","","2","0","0","0","0","0","0","0","0","1","0","","02","7","2007","6","","","1605","11","0","0","0","0","0","0","0","0","","0","0","0","","","1","","0","","40 24:51.12","","0","80 04:57.00","4","0","0","0","2415","0","0","0","N","0","0","0","4","68B03","1","","1.0","","1","N","N","","0","","0","0","1","","0","","","3","1","0","0","0","0","1","2","0","3","","","","N","","","","","","","","","",""
"2007090980","","0","0","0","0","0","0","0","0","0","0","0","","02","5","2007","4","40.4286","-79.9336","2140","11","0","0","0","0","0","0","0","0","3","0","0","0","","","0","","0","","40 25:42.960","4","2","79 56:00.960","0","0","0","0","2301","0","0","0","N","0","0","0","1","68B03","0","","1.0","","1","N","N","","1","","0","0","0","","0","Y","","1","0","0","0","0","0","0","2","0","1","","","","N","","","","","","","","","",""
"2007090981","","2","0","0","0","0","0","0","0","0","1","0","","02","8","2007","6","","","1445","11","0","0","0","0","0","0","0","0","","0","0","0","","","0","","0","","40 25:33.24","","0","79 54:40.68","0","0","0","0","2301","0","0","0","N","0","0","0","5","68B03","0","","1.0","","1","N","N","","0","","0","0","2","","0","","","4","0","0","0","0","0","0","2","0","4","","","","N","","","","","","","","","",""
"2007090982","","1","0","0","0","0","0","0","0","0","1","0","","02","4","2007","4","","","0844","11","0","0","0","0","0","0","0","0","1","0","0","0","","","1","","0","","40 26:09.60","3","0","79 58:21.72","3","0","0","0","2301","0","0","0","N","0","0","0","5","68B03","0","","1.0","","1","N","N","","0","","1","0","1","","0","N","","3","1","1","0","0","0","0","2","1","3","","","","N","","","","","","","","","",""
"2007090983","","1","0","0","0","0","0","0","0","0","5","0","","02","5","2007","6","","","0719","11","0","0","0","0","0","1","0","0","","0","0","0","","","0","","0","","40 30:23.04","","0","80 02:00.96","0","0","0","0","2116","0","0","0","N","0","0","0","2","68B03","0","","1.0","","1","N","N","","0","","0","0","0","","0","","","2","0","0","0","0","0","0","2","1","2","","","","N","","","","","","","","","",""
"2007090984","","0","0","0","0","0","0","0","0","0","1","0","","02","5","2007","3","","","1810","11","0","0","0","0","0","0","0","0","","0","0","0","","","1","","0","","40 29:28.68","","0","80 00:35.64","4","0","0","0","2301","0","0","0","N","0","0","0","3","68B03","1","","1.0","","1","N","N","","0","","0","0","2","","0","","","2","1","0","0","0","0","0","2","0","2","","","","N","","","","","","","","","",""
"2007090985","","2","0","0","0","0","0","0","0","0","1","0","","02","6","2007","3","","","1653","11","0","0","0","1","0","1","0","0","","0","0","0","","","0","","0","","40 25:35.40","","0","79 54:59.04","0","0","0","0","2426","0","0","0","N","0","0","0","6","68B03","0","","1.0","","9","N","N","","0","","0","0","0","","0","","","3","0","0","0","0","0","0","2","1","3","","","","N","","","","","","","","","",""
"2007090986","","1","0","0","0","0","0","0","0","0","1","0","","02","8","2007","2","","","0650","11","0","0","0","0","0","1","0","0","","0","0","0","","","2","","6","","40 25:15.96","","2","80 02:42.72","3","0","0","0","2435","0","0","0","N","0","0","0","5","68B03","0","","1.0","","9","N","N","","0","","2","0","1","","3","","","2","2","0","0","0","0","0","2","0","2","","","","N","","","","","","","","","",""
"2007091007","","2","0","0","0","0","0","0","0","0","2","0","","02","8","2007","5","40.4648","-79.8467","2313","11","0","0","0","1","0","1","0","0","6","0","0","0","","","1","","0","","40 27:53.280","5","0","79 50:48.120","4","0","0","0","2113","0","0","0","N","0","0","0","6","02113","1","","1.0","","9","N","N","","0","","0","0","0","","0","Y","","2","1","0","0","0","0","0","2","0","2","","","","N","","","","","","","","","",""
"2007091008","","1","0","0","0","0","0","0","0","0","99","0","","02","8","2007","7","40.469444","-79.847279","0825","11","0","0","0","0","0","0","0","0","","0","0","0","","","0","","0","","40 28:10.000","","0","79 50:50.203","0","0","0","0","2113","0","0","0","N","0","0","0","1","02113","0","","1.0","","1","N","N","","0","","0","0","0","","8","","","1","0","0","0","0","0","0","2","0","1","","","","N","","","","","","","","","",""
"2007091013","","0","0","0","0","0","0","0","0","0","1","0","","02","8","2007","2","40.484638","-79.859161","1837","11","0","1","0","0","1","0","0","0","1","0","0","0","","","1","","0","","40 29:04.696","4","0","79 51:32.981","4","0","0","0","2113","0","0","0","N","0","0","0","2","02113","1","","1.0","","1","N","N","","0","","0","0","2","","0","N","","2","1","0","0","0","0","0","2","0","2","","","","N","","","","","","","","","",""
"2007091014","","2","0","0","0","0","0","0","0","0","1","0","","02","8","2007","2","40.475","-79.822111","1202","11","0","0","0","0","0","0","0","0","","0","0","0","","","0","","2","","40 28:30.000","","0","79 49:19.599","0","0","0","0","2113","0","0","0","N","0","0","0","5","02113","0","","1.0","","9","N","N","","0","","0","0","1","","0","","","3","0","0","0","0","0","0","2","0","3","","","","N","","","","","","","","","",""
"2007091015","","0","0","0","0","0","0","0","0","0","4","0","","02","8","2007","3","40.452778","-79.825843","0950","11","0","0","1","0","0","0","0","0","1","0","0","0","","","1","","0","","40 27:10.000","1","0","79 49:33.036","8","0","0","0","2113","0","0","0","N","0","0","0","3","02113","0","","1.0","","9","N","N","","2","","0","0","0","","0","Y","","2","1","1","0","0","1","1","2","0","2","","","","N","","","","","","","","","",""
"2007091016","","1","0","0","0","0","0","0","0","0","1","0","","02","8","2007","7","40.483889","-79.811666","1222","11","0","0","0","0","0","0","1","0","2","0","0","0","","","2","","0","","40 29:02.000","6","0","79 48:41.999","3","0","0","0","2113","0","0","0","N","0","0","0","4","02113","1","","1.0","","1","N","N","","0","","1","0","1","","0","Y","","2","2","0","0","0","0","0","2","0","2","","","","N","","","","","","","","","",""
"2007091017","","1","0","0","0","0","0","0","0","0","1","0","","02","8","2007","7","40.493857","-79.836199","1456","11","0","0","0","0","0","1","0","0","","0","0","0","","","1","","0","","40 29:37.885","","0","79 50:10.316","2","0","1","1","2113","0","0","0","N","0","0","0","1","02113","0","","1.0","","9","N","N","","0","","0","1","0","","0","","","2","1","0","0","0","0","0","2","0","2","","","","N","","","","","","","","","",""
"2007091018","","1","0","0","0","0","0","0","0","0","1","0","","02","8","2007","2","40.48","-79.8004","1603","11","0","0","0","0","0","1","0","0","","0","0","0","","","1","","0","","40 28:48.000","","0","79 48:01.440","4","0","0","0","2113","0","0","0","N","0","0","0","2","02113","1","","1.0","","1","N","N","","1","","0","0","0","","0","","","2","1","0","0","0","0","0","2","0","2","","","","N","","","","","","","","","",""
"2007091019","","0","0","0","0","0","0","0","0","0","1","0","","02","8","2007","5","40.445","-79.828207","0521","11","0","0","0","0","0","0","1","0","","0","0","0","","","1","","2","","40 26:42.000","","0","79 49:41.545","4","0","0","0","2113","0","0","0","N","0","0","0","3","02113","1","","1.0","","1","N","N","","1","","0","0","0","","0","","","2","1","0","0","0","0","0","2","1","2","","","","N","","","","","","","","","",""
"2007091038","","0","0","0","0","0","0","0","0","0","1","0","","02","7","2007","5","","","1013","11","0","0","0","0","0","1","0","0","","0","0","0","","","0","","0","","40 29:07.44","","0","80 00:31.32","0","0","0","0","2301","0","0","0","N","0","0","0","2","68B03","0","","1.0","","1","N","N","","0","","0","0","2","","0","","","2","0","0","0","0","0","0","2","0","2","","","","N","","","","","","","","","",""
"2007091039","","0","0","0","0","0","0","0","0","0","6","0","","02","6","2007","7","40.439722","-80.188223","1340","11","0","0","0","0","0","0","0","0","1","0","0","0","","","1","","0","","40 26:23.000","3","0","80 11:17.602","8","0","0","0","2214","0","0","0","N","0","0","0","4","68B03","0","","1.0","","1","N","N","","0","","0","0","2","","0","N","","2","1","0","0","0","1","0","2","0","2","","","","N","","","","","","","","","",""
"2007091040","","1","0","0","0","0","0","0","0","0","2","0","","02","6","2007","7","40.448889","-80.006984","1924","11","0","0","0","0","0","1","0","0","","0","0","0","","","1","","0","","40 26:56.000","","2","80 00:25.141","4","0","0","0","2301","0","0","0","N","0","0","0","4","68B03","1","","1.0","","1","N","N","","1","","0","0","0","","0","","","2","1","1","0","0","0","0","2","0","2","","","","N","","","","","","","","","",""
"2007091061","","0","0","0","0","0","0","0","0","0","5","0","","02","5","2007","2","","","1106","11","0","1","0","0","0","0","0","0","","0","0","0","","","0","","0","","40 26:09.60","","0","79 58:11.28","9","0","0","0","2301","0","0","0","N","0","0","0","3","68B03","0","","1.0","","1","N","N","","0","","0","0","0","","0","","","2","0","0","0","0","0","2","2","2","2","","","","N","","","","","","","","","",""
"2007091062","","1","0","0","0","0","0","0","0","0","7","0","","02","5","2007","1","40.425653","-79.910906","2012","11","0","0","0","0","0","0","0","0","2","0","0","0","","","1","","0","","40 25:32.350","4","0","79 54:39.263","4","0","0","0","2301","0","0","0","N","0","0","0","1","68B03","1","","4.0","","1","N","N","","0","","0","0","0","","8","N","","1","1","1","0","0","0","0","2","0","1","","","","N","","","","","","","","","",""
"2007091063","","2","0","0","0","0","0","0","0","0","4","0","","02","8","2007","3","40.448652","-80.002304","1650","11","0","0","0","0","0","1","0","0","1","0","0","0","","","1","","1","","40 26:55.147","1","0","80 00:08.294","3","0","0","0","2301","0","0","0","N","0","0","0","2","02301","0","","1.0","","1","N","N","","0","","1","0","0","","2","Y","","2","1","0","0","0","0","0","2","0","2","","","","N","","","","","","","","","",""
"2007091097","","0","0","0","0","0","0","0","0","0","1","0","","02","9","2007","5","40.501389","-80.074959","2235","11","0","0","0","0","0","1","0","0","2","0","0","0","","","0","","2","","40 30:05.000","1","0","80 04:29.852","0","0","0","0","2402","0","0","0","N","0","0","0","2","02402","0","","1.0","","1","N","N","","2","","0","0","0","","2","N","","2","0","2","0","0","0","0","2","0","2","","","","N","","","","","","","","","",""
"2007091118","","1","0","0","0","0","0","0","0","0","1","0","","02","8","2007","5","40.459783","-80.047482","1842","11","0","0","0","0","0","0","0","0","","0","0","0","","","0","","0","","40 27:35.217","","0","80 02:50.936","0","0","0","0","2301","0","0","0","N","0","0","0","2","02301","0","","1.0","","1","N","N","","0","","0","0","1","","0","","","2","0","0","0","0","0","0","2","0","2","","","","N","","","","","","","","","",""
"2007091119","","1","0","0","0","0","0","0","0","0","7","0","","02","8","2007","3","40.432576","-80.030035","0014","11","0","0","0","0","0","1","0","0","","0","0","0","","","0","","2","","40 25:57.273","","0","80 01:48.126","0","0","0","0","2301","0","0","0","N","0","0","0","1","02301","0","","5.0","","1","N","N","","0","","0","0","0","","3","","","1","0","0","0","0","0","0","2","0","1","","","","N","","","","","","","","","",""
"2007091120","","1","0","0","0","0","0","0","0","0","7","0","","02","8","2007","3","40.39464","-80.025485","0519","11","0","0","0","0","1","0","0","0","2","0","0","0","","","0","","0","","40 23:40.704","5","0","80 01:31.746","0","0","0","0","2301","0","0","0","N","0","0","0","1","02301","0","","4.0","","1","N","N","","0","","0","0","0","","0","Y","","1","0","0","0","0","0","0","2","0","1","","","","N","","","","","","","","","",""
"2007091121","","1","0","0","0","0","0","0","0","0","4","0","","02","8","2007","3","40.388183","-80.01091","1024","11","0","0","0","0","0","0","0","0","1","0","0","0","","","0","","1","","40 23:17.458","7","0","80 00:39.276","0","0","0","0","2301","0","0","0","N","0","0","0","4","02301","0","","1.0","","1","N","N","","0","","0","0","0","","3","Y","","2","0","0","0","0","0","0","2","1","2","","","","N","","","","","","","","","",""
"2007091122","","2","0","0","0","0","0","0","0","0","4","0","","02","8","2007","2","40.464444","-79.92637","1418","11","0","0","0","0","0","1","0","0","","0","0","0","","","0","","1","","40 27:52.000","","0","79 55:34.933","0","0","0","0","2301","0","0","0","N","0","0","0","2","02301","0","","1.0","","1","N","N","","0","","0","0","0","","0","","","2","0","0","0","0","0","0","2","0","2","","","","N","","","","","","","","","",""
"2007091123","","0","0","0","0","0","0","0","0","0","8","0","","02","8","2007","3","40.453297","-79.947387","1738","11","0","0","0","0","0","1","0","0","","0","0","0","","","1","","2","","40 27:11.869","","0","79 56:50.593","4","0","0","0","2301","1","0","0","N","1","0","0","2","02301","1","","1.0","","1","N","N","","0","","0","0","1","","2","","","2","1","0","0","0","0","0","2","0","1","","","","N","","","","","","","","","",""
"2007091125","","2","0","0","0","0","0","0","0","0","1","0","","02","8","2007","5","40.443712","-79.998446","1544","11","0","0","0","0","0","0","1","0","","0","0","0","","","0","","1","","40 26:37.363","","0","79 59:54.405","0","0","0","0","2301","0","0","0","N","0","0","0","4","02301","0","","1.0","","1","N","N","","0","","0","0","0","","2","","","2","0","0","0","0","0","0","2","0","2","","","","N","","","","","","","","","",""
"2007091139","","2","0","0","0","0","0","0","0","0","1","0","","02","8","2007","2","40.460936","-79.968217","1623","11","0","0","0","0","0","1","0","0","","0","0","0","","","1","","1","","40 27:39.369","","0","79 58:05.581","4","0","0","0","2301","0","0","0","N","0","0","0","6","02301","1","","1.0","","1","N","N","","0","","0","0","0","","3","","","2","1","0","0","0","0","2","2","0","2","","","","N","","","","","","","","","",""
"2007091140","","2","0","0","0","0","0","0","0","0","4","0","","02","8","2007","6","40.438761","-79.997342","1815","11","0","0","0","0","0","0","0","0","","0","0","0","","","0","","1","","40 26:19.539","","0","79 59:50.431","0","0","0","0","2301","0","0","0","","0","0","0","4","02301","0","","1.0","","1","N","N","","0","","0","0","0","","2","","","2","0","0","0","0","0","0","2","0","2","","","","N","","","","","","","","","",""
"2007091141","","1","0","0","0","0","0","0","0","0","1","0","","02","8","2007","2","40.464607","-79.94001","1619","11","0","0","0","0","0","0","0","0","","0","0","0","","","1","","1","","40 27:52.585","","0","79 56:24.036","4","0","0","0","2301","0","0","0","N","0","0","0","3","02301","1","","1.0","","1","N","N","","0","","0","0","0","","0","","","2","1","0","0","0","0","0","2","1","2","","","","N","","","","","","","","","",""
"2007091142","","1","0","0","0","0","0","0","0","0","4","0","","02","8","2007","3","40.461142","-79.870253","1954","11","0","0","0","0","0","1","0","0","","0","0","0","","","0","","1","","40 27:40.110","","0","79 52:12.912","0","0","0","0","2301","0","0","0","N","0","0","0","3","02301","0","","1.0","","1","N","N","","0","","0","0","1","","2","","","2","0","0","0","0","0","0","2","0","2","","","","N","","","","","","","","","",""
"2007091155","","0","0","0","0","0","0","0","0","0","7","0","","02","9","2007","2","40.519064","-79.805926","1101","11","0","0","0","0","0","0","1","0","3","0","0","0","","","1","","0","","40 31:08.632","5","0","79 48:21.335","4","0","0","0","2466","0","0","0","N","0","0","0","1","02466","1","","5.0","","1","N","N","","1","","0","0","0","","0","Y","","1","1","0","0","0","0","0","2","0","1","","","","N","","","","","","","","","",""
"2007091158","","1","0","0","0","0","0","0","0","0","7","0","","02","9","2007","6","40.495","-79.9396","0650","11","0","0","0","0","0","0","0","0","1","0","0","0","","","0","","7","","40 29:42.000","2","2","79 56:22.560","0","0","0","0","2430","0","0","0","N","0","0","0","1","02430","0","","3.0","","1","N","N","","0","","0","0","0","","0","Y","","1","0","0","0","0","0","0","2","0","1","","","","N","","","","","","","","","",""