"CRN","ARRIVAL_TM","AUTOMOBILE_COUNT","BELTED_DEATH_COUNT","BELTED_SUSP_SERIOUS_INJ_COUNT","BICYCLE_COUNT","BICYCLE_DEATH_COUNT","BICYCLE_SUSP_SERIOUS_INJ_COUNT","BUS_COUNT","CHLDPAS_DEATH_COUNT","CHLDPAS_SUSP_SERIOUS_INJ_COUNT","COLLISION_TYPE","COMM_VEH_COUNT","CONS_ZONE_SPD_LIM","COUNTY","CRASH_MONTH","CRASH_YEAR","DAY_OF_WEEK","DEC_LATITUDE","DEC_LONGITUDE","DISPATCH_TM","DISTRICT","DRIVER_COUNT_16YR","DRIVER_COUNT_17YR","DRIVER_COUNT_18YR","DRIVER_COUNT_19YR","DRIVER_COUNT_20YR","DRIVER_COUNT_50_64YR","DRIVER_COUNT_65_74YR","DRIVER_COUNT_75PLUS","EST_HRS_CLOSED","FATAL_COUNT","HEAVY_TRUCK_COUNT","HORSE_BUGGY_COUNT","HOUR_OF_DAY","ILLUMINATION","INJURY_COUNT","INTERSECTION_RELATED","INTERSECT_TYPE","LANE_CLOSED","LATITUDE","LN_CLOSE_DIR","LOCATION_TYPE","LONGITUDE","MAX_SEVERITY_LEVEL","MCYCLE_DEATH_COUNT","MCYCLE_SUSP_SERIOUS_INJ_COUNT","MOTORCYCLE_COUNT","MUNICIPALITY","NONMOTR_COUNT","NONMOTR_DEATH_COUNT","NONMOTR_SUSP_SERIOUS_INJ_COUNT","NTFY_HIWY_MAINT","PED_COUNT","PED_DEATH_COUNT","PED_SUSP_SERIOUS_INJ_COUNT","PERSON_COUNT","POLICE_AGCY","POSSIBLE_INJ_COUNT","RDWY_SURF_TYPE_CD","RELATION_TO_ROAD","ROADWAY_CLEARED","ROAD_CONDITION","SCH_BUS_IND","SCH_ZONE_IND","SECONDARY_CRASH","SMALL_TRUCK_COUNT","SPEC_JURIS_CD","SUSP_MINOR_INJ_COUNT","SUSP_SERIOUS_INJ_COUNT","SUV_COUNT","TCD_FUNC_CD","TCD_TYPE","TFC_DETOUR_IND","TIME_OF_DAY","TOTAL_UNITS","TOT_INJ_COUNT","UNBELTED_OCC_COUNT","UNB_DEATH_COUNT","UNB_SUSP_SERIOUS_INJ_COUNT","UNK_INJ_DEG_COUNT","UNK_INJ_PER_COUNT","URBAN_RURAL","VAN_COUNT","VEHICLE_COUNT","WEATHER1","WEATHER2","WORKERS_PRES","WORK_ZONE_IND","WORK_ZONE_LOC","WORK_ZONE_TYPE","WZ_CLOSE_DETOUR","WZ_FLAGGER","WZ_LAW_OFFCR_IND","WZ_LN_CLOSURE","WZ_MOVING","WZ_OTHER","WZ_SHLDER_MDN","WZ_WORKERS_INJ_KILLED"
"2007091759","","1","0","0","0","0","0","0","0","0","4","0","","02","9","2007","3","","","0707","11","0","0","0","0","0","1","0","0","1","0","0","0","","","0","","1","","","2","0","","0","0","0","0","2446","0","0","0","N","0","0","0","2","02446","0","","1.0","","1","N","N","","0","","0","0","1","","3","N","","2","0","0","0","0","0","0","1","0","2","","","","N","","","","","","","","","",""
"2007091762","","1","0","0","0","0","0","0","0","0","1","0","","02","9","2007","4","40.538056","-79.839551","0923","11","0","0","1","0","0","0","0","0","1","0","0","0","","","0","","1","","40 32:17.000","4","0","79 50:22.383","0","0","0","0","2208","0","0","0","N","0","0","0","2","02208","0","","1.0","","1","N","N","","0","","0","0","1","","2","N","","2","0","0","0","0","0","0","2","0","2","","","","N","","","","","","","","","",""
"2007091765","","1","0","0","0","0","0","0","0","0","2","0","","02","9","2007","4","40.531436","-79.941432","1307","11","0","0","0","0","0","1","0","0","2","0","0","0","","","0","","0","","40 31:53.169","6","0","79 56:29.155","0","0","0","0","2118","0","0","0","N","0","0","0","2","02118","0","","1.0","","1","N","N","","1","","0","0","0","","0","Y","","2","0","0","0","0","0","0","2","0","2","","","","N","","","","","","","","","",""
"2007091775","","2","0","0","0","0","0","0","0","0","1","0","","02","9","2007","5","40.6575","-79.960005","1650","11","1","0","0","0","0","0","0","0","","0","0","0","","","0","","0","","40 39:27.000","","0","79 57:36.017","0","0","0","0","2217","0","0","0","N","0","0","0","4","02505","0","","1.0","","1","N","N","","0","","0","0","0","","0","","","2","0","0","0","0","0","0","2","0","2","","","","N","","","","","","","","","",""
"2007091776","","1","0","0","0","0","0","0","0","0","8","0","","02","9","2007","3","40.365337","-80.108252","1304","11","0","0","0","0","0","0","1","0","","0","0","0","","","1","","0","","40 21:55.212","","7","80 06:29.708","8","0","0","0","2102","1","0","0","N","1","0","0","2","02102","0","","1.0","","1","N","N","","0","","0","0","0","","3","","","2","1","1","0","0","1","0","2","0","1","","","","N","","","","","","","","","",""
"2007091779","","1","0","0","0","0","0","0","0","0","7","0","","02","9","2007","5","40.619444","-80.08144","1718","11","0","0","0","0","0","1","0","0","","0","0","0","","","0","","0","","40 37:10.000","","0","80 04:53.183","0","0","0","0","2212","0","0","0","N","0","0","0","1","02505","0","","5.0","","1","N","N","","0","","0","0","0","","0","","","1","0","0","0","0","0","0","2","0","1","","","","N","","","","","","","","","",""
"2007091786","","1","0","0","0","0","0","0","0","0","1","0","","02","9","2007","3","40.5968","-79.8296","1510","11","0","0","0","0","0","1","0","0","","0","0","0","","","1","","0","","40 35:48.480","","0","79 49:46.560","4","0","0","1","2209","0","0","0","N","0","0","0","4","02209","1","","1.0","","1","N","N","","0","","0","0","1","","0","","","3","1","0","0","0","0","0","1","0","3","","","","N","","","","","","","","","",""
"2007091787","","0","0","0","0","0","0","0","0","0","7","1","","02","9","2007","4","40.603202","-80.073209","1415","11","0","0","0","0","0","1","0","0","","0","1","0","","","0","","0","","40 36:11.528","","0","80 04:23.553","0","0","0","0","2481","0","0","0","N","0","0","0","1","02481","0","","4.0","","1","N","N","","0","","0","0","0","","0","","","2","0","0","0","0","0","0","2","0","1","","","","N","","","","","","","","","",""
"2007091837","","0","0","0","0","0","0","0","0","0","1","0","","02","7","2007","2","","","1315","11","0","0","0","0","0","1","0","0","","0","0","0","","","0","","0","","40 25:15.24","","0","80 02:50.64","0","0","0","0","2435","0","0","0","N","0","0","0","3","68B03","0","","1.0","","1","N","N","","0","","0","0","3","","0","","","3","0","0","0","0","0","0","2","0","3","","","","N","","","","","","","","","",""
"2007091839","","1","0","0","0","0","0","0","0","0","1","0","","02","8","2007","5","40.427499","-79.751215","1704","11","0","0","0","0","0","1","0","0","","0","0","0","","","1","","2","","40 25:38.996","","0","79 45:04.374","4","0","0","0","2446","0","0","0","N","0","0","0","4","02446","1","","1.0","","1","N","N","","1","","0","0","0","","4","","","2","1","0","0","0","0","0","2","0","2","","","","N","","","","","","","","","",""
"2007091842","","0","0","0","0","0","0","0","0","0","1","0","","02","9","2007","4","40.6551","-79.9354","1558","11","0","0","0","0","0","1","0","0","2","0","0","0","","","1","","0","","40 39:18.360","7","0","79 56:07.440","8","0","0","0","2217","0","0","0","N","0","0","0","4","02505","0","","1.0","","1","N","N","","1","","0","0","0","","0","N","","2","1","0","0","0","1","0","2","1","2","","","","N","","","","","","","","","",""
"2007091854","","2","0","0","0","0","0","0","0","0","4","0","","02","9","2007","5","40.435645","-79.961311","1704","11","0","0","0","0","0","0","0","0","","0","0","0","","","0","","0","","40 26:08.322","","0","79 57:40.719","0","0","0","0","2301","0","0","0","N","0","0","0","3","02301","0","","1.0","","1","N","N","","0","","0","0","0","","0","","","2","0","0","0","0","0","0","2","0","2","","","","N","","","","","","","","","",""
"2007091855","","0","0","0","0","0","0","0","0","0","1","0","","02","9","2007","3","40.455833","-79.965357","1301","11","0","0","0","0","0","0","0","0","1","0","0","0","","","1","","0","","40 27:21.000","6","0","79 57:55.286","8","0","0","0","2301","0","0","0","N","0","0","0","2","02301","0","","1.0","","1","N","N","","1","","0","0","1","","0","N","","2","1","0","0","0","1","0","2","0","2","","","","N","","","","","","","","","",""
"2007091856","","1","0","0","0","0","0","0","0","0","7","0","","02","9","2007","5","40.451528","-79.960936","2113","11","0","0","0","0","0","0","0","0","","0","0","0","","","0","","1","","40 27:05.500","","0","79 57:39.369","0","0","0","0","2301","0","0","0","N","0","0","0","2","02301","0","","5.0","","1","N","N","","0","","0","0","0","","0","","","1","0","0","0","0","0","0","2","0","1","","","","N","","","","","","","","","",""
"2007091954","","0","0","0","0","0","0","0","0","0","6","0","","02","9","2007","4","40.438056","-79.830443","0330","11","0","0","0","0","0","0","0","0","2","0","0","0","","","0","","1","","40 26:17.000","1","0","79 49:49.594","0","0","0","0","2419","0","0","0","N","0","0","0","3","02419","0","","1.0","","1","N","N","","0","","0","0","1","","0","N","","2","0","0","0","0","0","0","2","1","2","","","","N","","","","","","","","","",""
"2007091973","","1","0","0","0","0","0","1","0","0","4","1","","02","8","2007","6","40.481537","-80.034893","1505","11","0","0","0","0","0","0","0","0","","0","0","0","","","0","","1","","40 28:53.533","","0","80 02:05.614","9","0","0","0","2301","0","0","0","N","0","0","0","4","02301","0","","1.0","","1","Y","N","","0","","0","0","0","","3","","","2","0","0","0","0","0","1","2","0","2","","","","N","","","","","","","","","",""
"2007092057","","1","0","0","0","0","0","0","0","0","4","0","","02","9","2007","4","40.5061","-79.9905","2240","11","0","0","0","0","0","1","0","0","","0","0","0","","","0","","2","","40 30:21.960","","0","79 59:25.800","0","0","0","0","2116","0","0","0","N","0","0","0","2","02116","0","","1.0","","1","N","N","","1","","0","0","0","","2","","","2","0","0","0","0","0","0","2","0","2","","","","N","","","","","","","","","",""
"2007092083","","1","0","0","0","0","0","0","0","0","4","0","","02","9","2007","3","40.438042","-79.994155","1020","11","0","0","0","0","0","0","0","0","1","0","0","0","","","1","","1","","40 26:16.952","4","0","79 59:38.958","4","0","0","0","2301","0","0","0","N","0","0","0","2","02301","1","","1.0","","1","N","N","","1","","0","0","0","","2","N","","2","1","0","0","0","0","0","2","0","2","","","","N","","","","","","","","","",""
"2007092084","","2","0","0","0","0","0","0","0","0","4","0","","02","9","2007","3","40.466111","-79.96468","1648","11","0","0","0","0","0","0","0","0","3","0","0","0","","","1","","1","","40 27:58.000","7","0","79 57:52.849","4","0","0","0","2301","0","0","0","N","0","0","0","2","02301","1","","1.0","","1","N","N","","0","","0","0","0","","2","Y","","2","1","1","0","0","0","0","2","0","2","","","","N","","","","","","","","","",""
"2007092087","","1","0","0","0","0","0","0","0","0","7","0","","02","9","2007","6","40.480014","-79.919629","0036","11","0","0","0","0","0","0","0","0","1","0","0","0","","","0","","0","","40 28:48.050","1","0","79 55:10.664","0","0","0","0","2301","0","0","0","N","0","0","0","1","02301","0","","2.0","","1","N","N","","0","","0","0","0","","0","N","","1","0","0","0","0","0","0","2","0","1","","","","N","","","","","","","","","",""
"2007092096","","1","0","0","0","0","0","0","0","0","1","0","","02","9","2007","5","40.451944","-79.712964","0720","11","0","0","0","0","0","0","0","0","","0","0","0","","","1","","0","","40 27:07.000","","0","79 42:46.672","4","0","0","0","2466","0","0","0","N","0","0","0","4","02466","1","","1.0","","1","N","N","","1","","0","0","0","","0","","","2","1","2","0","0","0","0","2","0","2","","","","N","","","","","","","","","",""
"2007092102","","2","0","0","0","0","0","0","0","0","1","0","","02","9","2007","4","40.478333","-79.754477","0729","11","0","0","0","1","0","1","0","0","","0","0","0","","","2","","0","","40 28:42.000","","0","79 45:16.118","4","0","0","0","2466","0","0","0","N","0","0","0","3","02466","2","","1.0","","1","N","N","","0","","0","0","1","","0","","","3","2","0","0","0","0","0","2","0","3","","","","N","","","","","","","","","",""
"2007092104","","1","0","0","0","0","0","0","0","0","4","0","","02","9","2007","5","40.339167","-79.961658","0848","11","0","0","0","0","0","0","1","0","","0","0","0","","","2","","0","","40 20:21.000","","0","79 57:41.968","8","0","0","0","2454","0","0","0","N","0","0","0","2","02454","0","","1.0","","1","N","N","","0","","0","0","1","","0","","","2","2","0","0","0","2","0","2","0","2","","","","N","","","","","","","","","",""
"2007092107","","2","0","0","0","0","0","0","0","0","1","0","","02","9","2007","5","40.4211","-80.0463","0730","11","0","0","0","0","0","0","0","0","","0","0","0","","","1","","0","","40 25:15.960","","0","80 02:46.680","8","0","0","0","2435","0","0","0","N","0","0","0","2","02435","0","","1.0","","1","N","N","","0","","0","0","0","","2","","","2","1","0","0","0","1","0","2","0","2","","","","N","","","","","","","","","",""
"2007092116","","0","0","0","0","0","0","0","0","0","7","0","","02","9","2007","2","40.5282","-79.8503","0844","11","0","0","0","0","0","0","0","0","","0","0","0","","","0","","0","","40 31:41.520","","7","79 51:01.080","0","0","0","0","2208","0","0","0","N","0","0","0","5","02208","0","","5.0","","1","N","N","","0","","0","0","1","","0","","","1","0","1","0","0","0","0","2","0","1","","","","N","","","","","","","","","",""
"2007092122","","1","0","0","0","0","0","0","0","0","7","0","","02","9","2007","6","40.54954","-80.028741","0304","11","0","0","0","0","0","0","0","0","","0","0","0","","","0","","0","","40 32:58.344","","0","80 01:43.467","9","0","0","0","2116","0","0","0","N","0","0","0","2","02116","0","","5.0","","1","N","N","","0","","0","0","0","","0","","","1","0","0","0","0","0","1","2","0","1","","","","N","","","","","","","","","",""
"2007092123","","2","0","0","0","0","0","0","0","0","4","0","","02","9","2007","7","40.536634","-80.004212","0012","11","0","0","0","0","0","0","0","0","1","0","0","0","","","0","","0","","40 32:11.882","1","0","80 00:15.163","0","0","0","0","2116","0","0","0","N","0","0","0","2","02116","0","","1.0","","1","N","N","","0","","0","0","0","","0","N","","2","0","0","0","0","0","0","2","0","2","","","","N","","","","","","","","","",""
"2007092127","","1","0","0","0","0","0","0","0","0","7","0","","02","9","2007","5","40.361728","-79.989696","1502","11","0","0","0","0","0","1","0","0","1","0","0","0","","","1","","0","","40 21:42.220","2","0","79 59:22.905","3","0","0","0","2476","0","0","0","N","0","0","0","1","02476","0","","5.0","","1","N","N","","0","","1","0","0","","0","N","","1","1","0","0","0","0","0","2","0","1","","","","N","","","","","","","","","",""
"2007092128","","1","0","0","0","0","0","0","0","0","1","0","","02","9","2007","5","40.379444","-79.812714","1531","11","0","0","0","0","0","0","1","0","1","0","0","0","","","0","","2","","40 22:46.000","1","0","79 48:45.772","0","0","0","0","2111","0","0","0","N","0","0","0","5","02111","0","","1.0","","1","N","N","","1","","0","0","0","","3","N","","2","0","0","0","0","0","0","2","0","2","","","","N","","","","","","","","","",""
"2007092129","","2","0","0","0","0","0","0","0","0","1","0","","02","9","2007","5","40.369722","-79.784402","1511","11","0","0","0","0","0","0","0","0","","0","0","0","","","1","","2","","40 22:11.000","","0","79 47:03.846","4","0","0","0","2111","0","0","0","N","0","0","0","4","02111","1","","1.0","","1","N","N","","0","","0","0","0","","0","","","2","1","0","0","0","0","0","2","0","2","","","","N","","","","","","","","","",""
"2007092133","","1","0","0","0","0","0","0","0","0","7","0","","02","9","2007","5","40.558404","-79.896819","1112","11","0","0","0","0","0","0","0","0","","0","0","0","","","1","","0","","40 33:30.256","","0","79 53:48.550","4","0","0","0","2209","0","0","0","N","0","0","0","1","02209","1","","5.0","","1","N","N","","0","","0","0","0","","0","","","1","1","0","0","0","0","0","2","0","1","","","","N","","","","","","","","","",""
"2007092171","","2","0","0","0","0","0","0","0","0","4","0","","02","8","2007","1","40.449027","-79.951897","1307","11","0","0","0","0","0","1","0","0","","0","0","0","","","0","","1","","40 26:56.497","","0","79 57:06.829","0","0","0","0","2301","0","0","0","N","0","0","0","2","02301","0","","1.0","","1","N","N","","0","","0","0","0","","0","","","2","0","0","0","0","0","0","2","0","2","","","","N","","","","","","","","","",""
"2007092203","","1","0","0","0","0","0","0","0","0","2","0","","02","9","2007","3","40.394215","-79.986434","0736","11","0","0","0","0","0","1","0","0","2","0","0","0","","","3","","2","","40 23:39.174","1","0","79 59:11.162","2","0","0","0","2301","0","0","0","N","0","0","0","5","02301","0","","1.0","","1","N","N","","1","","1","1","1","","3","N","","4","3","1","0","0","1","0","2","1","4","","","","N","","","","","","","","","",""
"2007092209","","2","0","0","0","0","0","0","0","0","1","0","","02","9","2007","5","40.4175","-80.04532","1040","11","0","0","0","1","0","1","0","0","1","0","0","0","","","0","","0","","40 25:03.000","2","0","80 02:43.152","0","0","0","0","2435","0","0","0","N","0","0","0","3","02435","0","","1.0","","1","N","N","","0","","0","0","0","","8","N","","3","0","0","0","0","0","0","2","1","3","","","","N","","","","","","","","","",""
"2007092212","","2","0","0","0","0","0","0","0","0","4","0","","02","9","2007","5","40.3253","-79.9441","1750","11","0","0","0","0","0","0","1","1","2","0","0","0","","","1","","0","","40 19:31.080","5","0","79 56:38.760","2","0","1","1","2454","0","0","0","N","0","0","0","3","02454","0","","1.0","","1","N","N","","0","","0","1","0","","0","Y","","3","1","0","0","0","0","0","2","0","3","","","","N","","","","","","","","","",""
"2007092217","","1","0","0","0","0","0","0","0","0","1","0","","02","8","2007","5","40.411667","-80.03095","1712","11","0","0","0","0","0","1","0","0","","0","0","0","","","0","","0","","40 24:42.000","","0","80 01:51.419","0","0","0","0","2301","0","0","0","N","0","0","0","2","03201","0","","1.0","","1","N","N","","0","","0","0","1","","0","","","2","0","0","0","0","0","0","2","0","2","","","","N","","","","","","","","","",""
"2007092218","","1","0","0","1","0","0","0","0","0","8","0","","02","9","2007","2","40.446293","-79.948898","1324","11","0","0","0","0","0","0","1","0","","0","0","0","","","1","","1","","40 26:46.654","","0","79 56:56.032","8","0","0","0","2301","1","0","0","N","0","0","0","2","02301","0","","1.0","","1","N","N","","0","","0","0","0","","0","","","2","1","0","0","0","1","0","2","0","1","","","","N","","","","","","","","","",""
"2007092219","","2","0","0","0","0","0","0","0","0","4","0","","02","8","2007","3","40.4384","-79.95775","2038","11","0","0","1","0","0","0","0","0","","0","0","0","","","0","","1","","40 26:18.240","","0","79 57:27.900","0","0","0","0","2301","0","0","0","N","0","0","0","5","02301","0","","1.0","","1","N","N","","0","","0","0","0","","3","","","2","0","0","0","0","0","0","2","0","2","","","","N","","","","","","","","","",""
"2007092220","","2","0","0","0","0","0","0","0","0","4","0","","02","8","2007","3","40.400526","-79.938524","1653","11","0","0","0","0","0","0","0","0","1","0","0","0","","","1","","0","","40 24:01.893","3","0","79 56:18.688","4","0","0","0","2301","0","0","0","N","0","0","0","1","02301","1","","1.0","","1","N","N","","0","","0","0","0","","0","Y","","2","1","0","0","0","0","0","2","0","2","","","","N","","","","","","","","","",""
"2007092221","","1","0","0","0","0","0","0","0","0","7","0","","02","9","2007","1","40.449622","-79.930533","1503","11","0","0","0","0","0","0","0","0","","0","0","0","","","0","","0","","40 26:58.639","","0","79 55:49.918","0","0","0","0","2301","0","0","0","N","0","0","0","2","02301","0","","5.0","","1","N","N","","0","","0","0","0","","2","","","1","0","0","0","0","0","0","2","0","1","","","","N","","","","","","","","","",""
"2007092222","","1","0","0","0","0","0","0","0","0","1","0","","02","9","2007","3","40.449444","-80.025099","1433","11","0","0","0","0","1","1","0","0","","0","0","0","","","1","","1","","40 26:58.000","","0","80 01:30.357","4","0","0","0","2301","0","0","0","N","0","0","0","2","02301","1","","1.0","","1","N","N","","1","","0","0","0","","2","","","2","1","0","0","0","0","0","2","0","2","","","","N","","","","","","","","","",""
"2007092255","","1","0","0","0","0","0","0","0","0","4","0","","02","8","2007","4","40.440466","-79.991536","1010","11","0","0","0","0","0","2","0","0","2","0","0","0","","","0","","5","","40 26:25.678","3","0","79 59:29.530","0","0","0","0","2301","0","0","0","N","0","0","0","2","02301","0","","1.0","","1","N","N","","0","","0","0","1","","2","N","","2","0","0","0","0","0","0","2","0","2","","","","N","","","","","","","","","",""
"2007092368","","3","0","0","0","0","0","0","0","0","1","0","","02","8","2007","5","40.478611","-80.04312","1409","11","0","0","0","0","1","0","0","0","","0","0","0","","","0","","10","","40 28:43.000","","0","80 02:35.232","0","0","0","0","2301","0","0","0","N","0","0","0","8","02301","0","","1.0","","1","N","N","","1","","0","0","1","","0","","","5","0","0","0","0","0","0","2","0","5","","","","N","","","","","","","","","",""
"2007092369","","1","0","0","0","0","0","0","0","0","7","0","","02","8","2007","6","40.44975","-80.023306","1826","11","0","0","1","0","0","0","0","0","","0","0","0","","","4","","0","","40 26:59.100","","0","80 01:23.900","8","0","0","0","2301","0","0","0","N","0","0","0","4","02301","0","","4.0","","1","N","N","","0","","0","0","0","","0","","","1","4","0","0","0","4","0","2","0","1","","","","N","","","","","","","","","",""
"2007092370","","0","0","0","0","0","0","0","0","0","4","0","","02","9","2007","7","40.4525","-79.996108","1913","11","0","0","0","0","0","1","0","0","1","0","0","0","","","1","","1","","40 27:09.000","1","2","79 59:45.989","3","0","0","0","2301","0","0","0","N","0","0","0","2","02301","0","","1.0","","1","N","N","","0","","1","0","1","","2","Y","","2","1","0","0","0","0","0","2","1","2","","","","N","","","","","","","","","",""
"2007092371","","1","0","0","0","0","0","0","0","0","4","1","","02","9","2007","4","40.525556","-79.840956","0545","11","0","0","0","0","0","0","0","0","","0","1","0","","","1","","1","","40 31:32.000","","0","79 50:27.441","3","0","0","0","2451","0","0","0","N","0","0","0","3","02451","0","","1.0","","1","N","N","","1","","1","0","0","","3","","","3","1","3","0","0","0","0","2","0","3","","","","N","","","","","","","","","",""
"2007092372","","1","0","0","0","0","0","0","0","0","7","0","","02","8","2007","5","40.478056","-80.012039","0654","11","0","0","0","0","0","1","0","0","","0","0","0","","","1","","2","","40 28:41.000","","0","80 00:43.340","2","0","0","0","2301","0","0","0","N","0","0","0","1","02301","0","","2.0","","1","N","N","","0","","0","1","0","","2","","","1","1","0","0","0","0","0","2","0","1","","","","N","","","","","","","","","",""
"2007092373","","1","0","0","0","0","0","0","0","0","4","0","","02","9","2007","1","40.454167","-79.996855","1540","11","0","0","1","0","0","0","1","0","","0","0","0","","","0","","1","","40 27:15.000","","0","79 59:48.677","0","0","0","0","2301","0","0","0","N","0","0","0","3","02301","0","","1.0","","1","N","N","","0","","0","0","0","","2","","","2","0","0","0","0","0","0","2","1","2","","","","N","","","","","","","","","",""
"2007092381","","4","0","0","0","0","0","0","0","0","1","0","","02","8","2007","5","40.5895","-80.0465","1439","11","0","4","0","0","0","0","0","0","2","0","0","0","","","0","","0","","40 35:22.200","2","0","80 02:47.400","0","0","0","0","2108","0","0","0","N","0","0","0","5","02108","0","","1.0","","9","N","N","","0","","0","0","0","","0","Y","","4","0","0","0","0","0","0","2","0","4","","","","N","","","","","","","","","",""
"2007092393","","2","0","0","0","0","0","0","0","0","5","0","","02","8","2007","1","40.518883","-80.164979","1252","11","0","0","0","0","0","0","0","1","9","0","0","0","","","1","","0","","40 31:07.977","3","0","80 09:53.923","8","0","0","0","2420","0","0","0","N","0","0","0","2","02420","0","","6.0","","1","N","N","","0","","0","0","0","","0","N","","2","1","0","0","0","1","0","2","0","2","","","","N","","","","","","","","","",""
"2007092441","","1","0","0","0","0","0","0","0","0","4","0","","02","8","2007","5","40.513322","-80.154878","1726","11","0","0","0","1","0","0","0","0","","0","0","0","","","0","","2","","40 30:47.959","","0","80 09:17.560","0","0","0","0","2420","0","0","0","N","0","0","0","5","02420","0","","1.0","","1","N","N","","1","","0","0","0","","3","","","2","0","4","0","0","0","0","2","0","2","","","","N","","","","","","","","","",""
"2007092468","","1","0","0","0","0","0","0","0","0","7","0","","02","9","2007","3","40.589556","-80.030583","0932","11","0","0","0","0","1","0","0","0","","0","0","0","","","1","","0","","40 35:22.400","","0","80 01:50.100","3","0","0","0","2108","0","0","0","N","0","0","0","1","02108","0","","4.0","","1","N","N","","0","","1","0","0","","0","","","1","1","0","0","0","0","0","2","0","1","","","","N","","","","","","","","","",""
"2007092469","","0","0","0","0","0","0","0","0","0","7","0","","02","9","2007","4","40.558333","-80.059098","0721","11","0","1","0","0","0","0","0","0","","0","0","0","","","1","","0","","40 33:30.000","","0","80 03:32.752","4","0","0","0","2108","0","0","0","N","0","0","0","1","02108","1","","4.0","","1","N","N","","0","","0","0","1","","0","","","1","1","0","0","0","0","0","2","0","1","","","","N","","","","","","","","","",""
"2007092470","","1","0","0","0","0","0","0","0","0","7","0","","02","8","2007","2","40.585556","-80.036054","1131","11","0","0","0","0","0","0","1","0","2","0","0","0","","","0","","1","","40 35:08.000","4","7","80 02:09.796","0","0","0","0","2108","0","0","0","N","0","0","0","1","02108","0","","4.0","","1","N","N","","0","","0","0","0","","0","N","","1","0","0","0","0","0","0","2","0","1","","","","N","","","","","","","","","",""
"2007092471","","1","0","0","0","0","0","0","0","0","4","1","","02","8","2007","2","40.586667","-80.045021","1124","11","0","0","0","0","0","0","0","1","4","0","1","0","","","2","","1","","40 35:12.000","7","0","80 02:42.075","8","0","0","0","2108","0","0","0","Y","0","0","0","2","02108","0","","1.0","","1","N","N","","0","","0","0","0","","2","Y","","2","2","0","0","0","2","0","2","0","2","","","","N","","","","","","","","","",""
"2007092472","","1","0","0","0","0","0","0","0","0","7","0","","02","9","2007","7","40.566","-80.0245","0152","11","0","0","0","0","0","0","0","0","2","0","0","0","","","2","","2","","40 33:57.600","6","0","80 01:28.200","8","0","0","0","2108","0","0","0","Y","0","0","0","2","02108","0","","4.0","","1","N","N","","0","","0","0","0","","0","N","","1","2","2","0","0","2","0","2","0","1","","","","N","","","","","","","","","",""
"2007092473","","1","0","0","0","0","0","0","0","0","4","0","","02","8","2007","6","40.563611","-79.990086","2300","11","0","0","1","0","0","0","0","0","3","0","0","0","","","1","","1","","40 33:49.000","7","0","79 59:24.311","8","0","0","0","2108","0","0","0","N","0","0","0","3","02108","0","","1.0","","1","N","N","","2","","0","0","0","","0","Y","","3","1","0","0","0","1","1","2","0","3","","","","N","","","","","","","","","",""
"2007092474","","1","0","0","0","0","0","0","0","0","7","0","","02","8","2007","1","","","2305","11","0","0","0","0","0","0","0","0","","0","0","0","","","1","","2","","40 34:32.2","","0","80 03:16.6","8","0","0","0","2108","0","0","0","N","0","0","0","1","02108","0","","2.0","","1","N","N","","0","","0","0","0","","0","","","1","1","0","0","0","1","0","2","0","1","","","","N","","","","","","","","","",""
"2007092634","","0","0","0","0","0","0","0","0","0","4","0","","02","8","2007","6","40.487222","-79.918347","0932","11","0","0","0","0","0","1","0","0","2","0","0","0","","","4","","0","","40 29:14.000","3","0","79 55:06.048","4","0","0","0","2301","0","0","0","N","0","0","0","5","02301","1","","1.0","","1","N","N","","0","","0","0","2","","0","N","","2","4","0","0","0","3","0","2","0","2","","","","N","","","","","","","","","",""
"2007092635","","0","0","0","0","0","0","0","0","0","7","0","","02","8","2007","6","40.465278","-79.965262","1254","11","0","0","0","0","0","0","0","0","","0","1","0","","","1","","2","","40 27:55.000","","0","79 57:54.942","8","0","0","0","2301","0","0","0","N","0","0","0","1","02301","0","","4.0","","1","N","N","","0","","0","0","0","","0","","","1","1","0","0","0","1","0","2","0","1","","","","N","","","","","","","","","",""
"2007092636","","0","0","0","0","0","0","0","0","0","8","0","","02","9","2007","3","40.456083","-80.049872","1515","11","0","0","0","0","0","1","0","0","","0","0","0","","","1","","0","","40 27:21.899","","0","80 02:59.540","4","0","0","0","2301","1","0","0","N","1","0","0","2","02301","1","","1.0","","1","N","N","","0","","0","0","0","","0","","","2","1","0","0","0","0","0","2","1","1","","","","N","","","","","","","","","",""
"2007092637","","2","0","0","0","0","0","0","0","0","4","0","","02","8","2007","4","40.4441","-80.0294","1301","11","0","0","0","1","0","0","0","0","1","0","0","0","","","0","","10","","40 26:38.760","5","0","80 01:45.840","0","0","0","0","2301","0","0","0","N","0","0","0","3","02301","0","","7.0","","1","N","N","","0","","0","0","0","","2","N","","2","0","0","0","0","0","0","2","0","2","","","","N","","","","","","","","","",""
"2007092638","","2","0","0","0","0","0","0","0","0","1","0","","02","8","2007","6","40.399444","-80.000308","0840","11","0","0","0","0","0","0","0","0","","0","0","0","","","0","","2","","40 23:58.000","","0","80 00:01.110","0","0","0","0","2301","0","0","0","N","0","0","0","2","02301","0","","1.0","","1","N","N","","0","","0","0","0","","0","","","2","0","0","0","0","0","0","2","0","2","","","","N","","","","","","","","","",""