"CRN","ARRIVAL_TM","AUTOMOBILE_COUNT","BELTED_DEATH_COUNT","BELTED_SUSP_SERIOUS_INJ_COUNT","BICYCLE_COUNT","BICYCLE_DEATH_COUNT","BICYCLE_SUSP_SERIOUS_INJ_COUNT","BUS_COUNT","CHLDPAS_DEATH_COUNT","CHLDPAS_SUSP_SERIOUS_INJ_COUNT","COLLISION_TYPE","COMM_VEH_COUNT","CONS_ZONE_SPD_LIM","COUNTY","CRASH_MONTH","CRASH_YEAR","DAY_OF_WEEK","DEC_LATITUDE","DEC_LONGITUDE","DISPATCH_TM","DISTRICT","DRIVER_COUNT_16YR","DRIVER_COUNT_17YR","DRIVER_COUNT_18YR","DRIVER_COUNT_19YR","DRIVER_COUNT_20YR","DRIVER_COUNT_50_64YR","DRIVER_COUNT_65_74YR","DRIVER_COUNT_75PLUS","EST_HRS_CLOSED","FATAL_COUNT","HEAVY_TRUCK_COUNT","HORSE_BUGGY_COUNT","HOUR_OF_DAY","ILLUMINATION","INJURY_COUNT","INTERSECTION_RELATED","INTERSECT_TYPE","LANE_CLOSED","LATITUDE","LN_CLOSE_DIR","LOCATION_TYPE","LONGITUDE","MAX_SEVERITY_LEVEL","MCYCLE_DEATH_COUNT","MCYCLE_SUSP_SERIOUS_INJ_COUNT","MOTORCYCLE_COUNT","MUNICIPALITY","NONMOTR_COUNT","NONMOTR_DEATH_COUNT","NONMOTR_SUSP_SERIOUS_INJ_COUNT","NTFY_HIWY_MAINT","PED_COUNT","PED_DEATH_COUNT","PED_SUSP_SERIOUS_INJ_COUNT","PERSON_COUNT","POLICE_AGCY","POSSIBLE_INJ_COUNT","RDWY_SURF_TYPE_CD","RELATION_TO_ROAD","ROADWAY_CLEARED","ROAD_CONDITION","SCH_BUS_IND","SCH_ZONE_IND","SECONDARY_CRASH","SMALL_TRUCK_COUNT","SPEC_JURIS_CD","SUSP_MINOR_INJ_COUNT","SUSP_SERIOUS_INJ_COUNT","SUV_COUNT","TCD_FUNC_CD","TCD_TYPE","TFC_DETOUR_IND","TIME_OF_DAY","TOTAL_UNITS","TOT_INJ_COUNT","UNBELTED_OCC_COUNT","UNB_DEATH_COUNT","UNB_SUSP_SERIOUS_INJ_COUNT","UNK_INJ_DEG_COUNT","UNK_INJ_PER_COUNT","URBAN_RURAL","VAN_COUNT","VEHICLE_COUNT","WEATHER1","WEATHER2","WORKERS_PRES","WORK_ZONE_IND","WORK_ZONE_LOC","WORK_ZONE_TYPE","WZ_CLOSE_DETOUR","WZ_FLAGGER","WZ_LAW_OFFCR_IND","WZ_LN_CLOSURE","WZ_MOVING","WZ_OTHER","WZ_SHLDER_MDN","WZ_WORKERS_INJ_KILLED"
"2007094675","","0","0","0","0","0","0","0","0","0","7","0","","02","7","2007","7","","","2300","11","0","0","0","0","0","0","0","0","1","0","0","0","","","0","","0","","40 25:35.40","3","0","79 54:59.04","0","0","0","0","2426","0","0","0","N","0","0","0","4","68B03","0","","3.0","","1","N","N","","0","","0","0","0","","0","N","","1","0","1","0","0","0","0","2","1","1","","","","N","","","","","","","","","",""
"2007094676","","1","0","0","0","0","0","0","0","0","7","0","","02","6","2007","7","","","0733","11","0","0","0","0","0","0","0","0","1","0","0","0","","","3","","0","","40 25:45.12","3","0","79 56:30.84","8","0","0","0","2301","0","0","0","N","0","0","0","3","68B03","0","","1.0","","1","N","N","","0","","0","0","0","","0","N","","1","3","0","0","0","3","0","2","0","1","","","","N","","","","","","","","","",""
"2007094677","","1","0","0","0","0","0","0","0","0","1","0","","02","8","2007","2","40.445","-80.1762","1716","11","0","0","0","0","0","1","0","0","1","0","0","0","","","1","","6","","40 26:42.000","4","2","80 10:34.320","4","0","0","0","2214","0","0","0","N","0","0","0","2","68B03","1","","1.0","","1","N","N","","0","","0","0","1","","4","N","","2","1","0","0","0","0","0","2","0","2","","","","N","","","","","","","","","",""
"2007094679","","1","0","0","0","0","0","0","0","0","7","0","","02","7","2007","6","","","1443","11","0","0","0","0","0","0","0","0","","0","0","0","","","0","","0","","40 25:14.88","","0","80 02:51.00","0","0","0","0","2301","0","0","0","N","0","0","0","1","68B03","0","","4.0","","1","N","N","","0","","0","0","0","","0","","","1","0","0","0","0","0","0","2","0","1","","","","N","","","","","","","","","",""
"2007094680","","1","0","0","0","0","0","0","0","0","0","0","","02","7","2007","4","","","1141","11","0","0","0","0","0","0","0","0","1","0","0","0","","","0","","0","","40 25:39.72","4","0","79 56:58.92","0","0","0","0","2301","0","0","0","N","0","0","0","3","68B03","0","","1.0","","1","N","N","","0","","0","0","1","","0","N","","2","0","0","0","0","0","0","2","0","2","","","","N","","","","","","","","","",""
"2007094681","","0","0","0","0","0","0","0","0","0","7","0","","02","8","2007","1","","","1414","11","0","0","0","0","0","2","0","0","","0","0","0","","","2","","0","","40 27:31.32","","3","79 59:55.68","4","0","0","0","2102","0","0","0","N","0","0","0","4","68B03","2","","4.0","","9","N","N","","0","","0","0","1","","0","","","2","2","0","0","0","0","0","2","1","2","","","","N","","","","","","","","","",""
"2007094682","","0","0","2","0","0","0","0","0","0","7","0","","02","8","2007","1","","","1431","11","0","0","0","0","0","0","0","0","2","0","0","0","","","2","","0","","40 27:07.92","2","0","80 10:22.80","2","0","0","0","2213","0","0","0","N","0","0","0","2","68B03","0","","4.0","","9","N","N","","0","","0","2","0","","0","N","","2","2","0","0","0","0","0","2","1","1","","","","N","","","","","","","","","",""
"2007094685","","1","0","0","0","0","0","0","0","0","1","0","","02","8","2007","2","","","1759","11","0","0","0","0","1","0","0","0","","0","0","0","","","0","","0","","40 26:09.24","","3","79 59:57.12","0","0","0","0","2301","0","0","0","N","0","0","0","2","68B03","0","","1.0","","1","N","N","","1","","0","0","0","","0","","","2","0","0","0","0","0","0","2","0","2","","","","N","","","","","","","","","",""
"2007094686","","1","0","0","0","0","0","0","0","0","7","0","45","02","8","2007","5","40.543611","-80.121778","2302","11","0","1","0","0","0","0","0","0","","0","0","0","","","0","","0","","40 32:37.000","","0","80 07:18.401","0","0","0","0","2215","0","0","0","N","0","0","0","2","68B03","0","","4.0","","1","N","N","","0","","0","0","0","","0","","","1","0","0","0","0","0","0","2","0","1","","","N","Y","3","1","","","N","Y","","","",""
"2007094687","","0","0","0","0","0","0","0","0","0","7","0","","02","8","2007","2","","","0526","11","0","0","0","0","0","1","0","0","","0","0","0","","","0","","0","","40 25:21.72","","0","80 06:07.56","0","0","0","0","2102","0","0","0","N","0","0","0","2","68B03","0","","4.0","","9","N","N","","0","","0","0","1","","0","","","1","0","0","0","0","0","0","2","0","1","","","","N","","","","","","","","","",""
"2007094695","","1","0","0","0","0","0","0","0","0","1","0","","02","8","2007","7","","","1130","11","0","0","0","0","1","0","0","0","","0","0","0","","","0","","0","","40 26:36.60","","0","79 51:18.36","0","0","0","0","2419","0","0","0","N","0","0","0","8","68B03","0","","1.0","","1","N","N","","0","","0","0","2","","0","","","3","0","0","0","0","0","0","2","0","3","","","","N","","","","","","","","","",""
"2007094723","","2","0","0","0","0","0","0","0","0","1","0","","02","7","2007","3","40.390417","-79.90075","0717","11","0","1","0","0","0","1","0","0","","0","0","0","","","2","","0","","40 23:25.500","","0","79 54:02.700","4","0","0","0","2448","0","0","0","N","0","0","0","2","02448","2","","1.0","","1","N","N","","0","","0","0","0","","0","","","2","2","0","0","0","0","0","2","0","2","","","","N","","","","","","","","","",""
"2007094744","","2","0","0","0","0","0","0","0","0","1","0","","02","8","2007","1","40.4959","-80.0126","2018","11","0","0","1","0","0","0","0","0","","0","0","0","","","0","","0","","40 29:45.240","","2","80 00:45.360","0","0","0","0","2301","0","0","0","N","0","0","0","2","68B03","0","","1.0","","9","N","N","","0","","0","0","0","","0","","","2","0","0","0","0","0","0","2","0","2","","","","N","","","","","","","","","",""
"2007094745","","0","0","0","0","0","0","0","0","0","7","0","","02","8","2007","2","","","0427","11","0","0","0","0","0","0","0","0","","0","0","0","","","0","","0","","40 27:29.88","","0","79 59:56.40","0","0","0","0","2301","0","0","0","N","0","0","0","1","68B03","0","","3.0","","9","N","N","","1","","0","0","0","","0","","","1","0","0","0","0","0","0","2","0","1","","","","N","","","","","","","","","",""
"2007094746","","4","0","0","0","0","0","0","0","0","1","0","35","02","7","2007","3","","","2049","11","0","0","0","0","0","0","0","0","","0","0","0","","","1","","0","","40 25:44.04","","0","79 56:01.68","4","0","0","0","2301","0","0","0","N","0","0","0","5","68B03","1","","1.0","","1","N","N","","0","","0","0","0","","0","","","4","1","0","0","0","0","0","2","0","4","","","N","Y","4","2","","","N","Y","","","",""
"2007094831","","1","0","0","0","0","0","0","0","0","5","0","","02","9","2007","7","40.5231","-80.0347","2248","11","0","1","0","0","0","0","0","0","1","0","0","0","","","0","","0","","40 31:23.160","2","0","80 02:04.920","0","0","0","0","2116","0","0","0","N","0","0","0","2","02116","0","","1.0","","1","N","N","","1","","0","0","0","","0","N","","2","0","0","0","0","0","0","2","0","2","","","","N","","","","","","","","","",""
"2007094836","","2","0","0","0","0","0","0","0","0","99","0","","02","9","2007","4","40.533611","-79.844814","1550","11","0","0","0","0","0","2","0","0","","0","0","0","","","0","","2","","40 32:01.000","","0","79 50:41.331","0","0","0","0","2208","0","0","0","N","0","0","0","2","02208","0","","1.0","","1","N","N","","0","","0","0","0","","2","","","2","0","0","0","0","0","0","2","0","2","","","","N","","","","","","","","","",""
"2007094878","","0","0","0","0","0","0","0","0","0","1","1","","02","8","2007","5","40.439167","-80.192042","0717","11","0","0","0","1","0","0","0","0","","0","1","0","","","3","","2","","40 26:21.000","","2","80 11:31.352","8","0","0","0","2214","0","0","0","N","0","0","0","6","02214","0","","1.0","","1","N","N","","0","","0","0","2","","0","","","3","3","0","0","0","3","0","2","0","3","","","","N","","","","","","","","","",""
"2007094879","","2","0","0","0","0","0","0","0","0","1","0","","02","8","2007","6","40.441667","-80.198065","1718","11","0","1","0","0","0","0","0","0","9","0","0","0","","","1","","0","","40 26:30.000","3","0","80 11:53.034","4","0","0","0","2214","0","0","0","N","0","0","0","2","02214","1","","1.0","","1","N","N","","0","","0","0","0","","0","N","","2","1","0","0","0","0","0","2","0","2","","","","N","","","","","","","","","",""
"2007094880","","1","0","0","0","0","0","0","0","0","7","0","","02","8","2007","6","40.449167","-80.209389","1457","11","1","0","0","0","0","0","0","0","9","0","0","0","","","0","","0","","40 26:57.000","2","0","80 12:33.800","0","0","0","0","2214","0","0","0","N","0","0","0","1","02214","0","","2.0","","1","N","N","","0","","0","0","0","","0","N","","1","0","0","0","0","0","0","2","0","1","","","","N","","","","","","","","","",""
"2007094898","","2","0","0","0","0","0","0","0","0","2","0","","02","9","2007","4","40.432778","-79.716036","1734","11","0","0","0","0","0","0","0","0","","0","0","0","","","0","","0","","40 25:58.000","","0","79 42:57.728","0","0","0","0","2446","0","0","0","N","0","0","0","3","02446","0","","1.0","","1","N","N","","0","","0","0","1","","0","","","3","0","0","0","0","0","0","2","0","3","","","","N","","","","","","","","","",""
"2007094927","","2","0","0","0","0","0","0","0","0","1","0","99","02","9","2007","4","40.48613","-79.771116","1507","11","0","1","0","0","0","1","1","0","1","0","0","0","","","1","","0","","40 29:10.067","3","0","79 46:16.018","8","0","0","0","2466","0","0","0","N","0","0","0","3","02466","0","","1.0","","1","N","N","","0","","0","0","1","","7","N","","3","1","0","0","0","1","0","2","0","3","","","Y","Y","3","3","","Y","N","","","","Y",""
"2007094934","","2","0","0","0","0","0","0","0","0","4","0","","02","9","2007","1","40.439032","-79.998133","0938","11","0","0","0","0","0","0","0","0","","0","0","0","","","0","","1","","40 26:20.515","","0","79 59:53.278","0","0","0","0","2301","0","0","0","N","0","0","0","2","02301","0","","1.0","","1","N","N","","0","","0","0","0","","2","","","2","0","1","0","0","0","0","2","0","2","","","","N","","","","","","","","","",""
"2007094936","","1","0","0","0","0","0","0","0","0","4","1","","02","7","2007","7","","","2241","11","0","0","1","0","0","0","0","0","2","0","1","0","","","0","","0","","","2","0","","0","0","0","0","2473","0","0","0","N","0","0","0","2","02473","0","","1.0","","1","N","N","","0","","0","0","0","","0","N","","2","0","0","0","0","0","0","1","0","2","","","","N","","","","","","","","","",""
"2007094937","","1","0","0","0","0","0","0","0","0","1","0","","02","7","2007","7","40.358611","-79.849522","1439","11","0","0","0","1","0","1","0","0","","0","0","0","","","0","","0","","40 21:31.000","","0","79 50:58.279","0","0","0","0","2473","0","0","0","N","0","0","0","2","02473","0","","1.0","","1","N","N","","0","","0","0","1","","0","","","2","0","0","0","0","0","0","2","0","2","","","","N","","","","","","","","","",""
"2007094938","","2","0","0","0","0","0","0","0","0","1","0","","02","6","2007","4","40.378889","-79.885773","1141","11","0","1","0","0","0","0","0","0","1","0","0","0","","","1","","0","","40 22:44.000","4","0","79 53:08.784","4","0","0","0","2473","0","0","0","N","0","0","0","4","02473","1","","1.0","","1","N","N","","0","","0","0","0","","0","N","","2","1","0","0","0","0","0","2","0","2","","","","N","","","","","","","","","",""
"2007094939","","0","0","0","1","0","0","0","0","0","8","0","","02","9","2007","6","40.453115","-79.952708","1517","11","0","0","0","0","0","0","0","0","","0","0","0","","","1","","0","","40 27:11.214","","0","79 57:09.748","3","0","0","0","2301","1","0","0","N","0","0","0","2","02301","0","","1.0","","1","N","N","","0","","1","0","0","","0","","","2","1","0","0","0","0","0","2","1","1","","","","N","","","","","","","","","",""
"2007094940","","1","0","0","0","0","0","0","0","0","7","0","","02","9","2007","7","40.44558","-79.95323","0823","11","0","1","0","0","0","0","0","0","","0","0","0","","","0","","2","","40 26:44.088","","0","79 57:11.628","0","0","0","0","2301","0","0","0","N","0","0","0","1","02301","0","","5.0","","1","N","N","","0","","0","0","0","","2","","","1","0","0","0","0","0","0","2","0","1","","","","N","","","","","","","","","",""
"2007094941","","1","0","0","0","0","0","0","0","0","4","0","","02","9","2007","7","40.452759","-79.936741","1121","11","0","0","0","0","0","1","1","0","","0","0","0","","","0","","1","","40 27:09.932","","0","79 56:12.267","0","0","0","0","2301","0","0","0","N","0","0","0","4","02301","0","","1.0","","9","N","N","","0","","0","0","0","","2","","","2","0","0","0","0","0","0","2","1","2","","","","N","","","","","","","","","",""
"2007094942","","1","0","0","0","0","0","0","0","0","7","0","","02","9","2007","7","40.453827","-79.914261","0312","11","0","0","0","0","0","0","0","0","","0","0","0","","","0","","0","","40 27:13.777","","0","79 54:51.339","0","0","0","0","2301","0","0","0","N","0","0","0","1","02301","0","","5.0","","9","N","N","","0","","0","0","0","","0","","","1","0","0","0","0","0","0","2","0","1","","","","N","","","","","","","","","",""
"2007094943","","0","0","0","0","0","0","0","0","0","8","0","","02","9","2007","5","40.465602","-79.993596","0342","11","0","0","0","1","0","0","0","0","","0","0","0","","","1","","0","","40 27:56.167","","0","79 59:36.945","8","0","0","0","2301","1","0","0","N","1","0","0","3","02301","0","","1.0","","1","N","N","","1","","0","0","0","","0","","","2","1","2","0","0","1","0","2","0","1","","","","N","","","","","","","","","",""
"2007094944","","1","0","0","0","0","0","0","0","0","8","0","","02","9","2007","7","40.48525","-80.041861","0045","11","0","0","0","0","0","0","0","0","3","0","0","0","","","1","","0","","40 29:06.900","6","0","80 02:30.700","8","0","0","0","2301","1","0","0","N","1","0","0","2","02301","0","","1.0","","9","N","N","","0","","0","0","0","","0","Y","","2","1","0","0","0","1","0","2","0","1","","","","N","","","","","","","","","",""
"2007094945","","1","0","0","0","0","0","0","0","0","7","0","","02","9","2007","7","40.4572","-79.9978","0706","11","0","0","0","0","0","1","0","0","","0","0","0","","","0","","2","","40 27:25.920","","0","79 59:52.080","0","0","0","0","2301","0","0","0","N","0","0","0","1","02301","0","","1.0","","1","N","N","","0","","0","0","0","","0","","","1","0","1","0","0","0","0","2","0","1","","","","N","","","","","","","","","",""
"2007094946","","1","0","0","0","0","0","0","0","0","99","0","","02","9","2007","6","","","1325","11","0","0","1","0","0","0","0","0","2","0","0","0","","","1","","1","","40 27:50.5","2","0","79 59:09.4","4","0","0","0","2301","0","0","0","N","0","0","0","6","02301","1","","1.0","","1","N","N","","1","","0","0","0","","9","N","","2","1","1","0","0","0","3","2","0","2","","","","N","","","","","","","","","",""
"2007094947","","2","0","0","0","0","0","0","0","0","5","0","","02","9","2007","6","40.4603","-79.9837","1550","11","0","0","0","0","0","0","0","0","2","0","0","0","","","0","","0","","40 27:37.080","3","0","79 59:01.320","0","0","0","0","2301","0","0","0","N","0","0","0","5","02301","0","","1.0","","1","N","N","","0","","0","0","0","","0","N","","2","0","0","0","0","0","0","2","0","2","","","","N","","","","","","","","","",""
"2007094948","","1","0","0","0","0","0","0","0","0","7","0","","02","9","2007","1","40.4486","-80.0134","0444","11","0","0","0","0","0","0","0","0","2","0","0","0","","","0","","0","","40 26:54.960","2","2","80 00:48.240","0","0","0","0","2301","0","0","0","N","0","0","0","1","02301","0","","3.0","","1","N","N","","0","","0","0","0","","0","N","","1","0","0","0","0","0","0","2","0","1","","","","N","","","","","","","","","",""
"2007094980","","0","0","0","0","0","0","0","0","0","7","0","","02","9","2007","7","40.34562","-79.847488","1725","11","0","0","0","0","0","1","0","0","","0","0","0","","","0","","0","","40 20:44.232","","0","79 50:50.956","0","0","0","0","2304","0","0","0","N","0","0","0","1","02304","0","","5.0","","1","N","N","","0","","0","0","0","","0","","","1","0","1","0","0","0","0","2","1","1","","","","N","","","","","","","","","",""
"2007094981","","2","0","0","0","0","0","0","0","0","1","0","","02","9","2007","4","40.3545","-79.8424","1122","11","0","0","0","0","1","0","0","0","","0","0","0","","","1","","6","","40 21:16.200","","2","79 50:32.640","8","0","0","0","2304","0","0","0","N","0","0","0","2","02304","0","","1.0","","1","N","N","","0","","0","0","0","","3","","","2","1","0","0","0","1","0","2","0","2","","","","N","","","","","","","","","",""
"2007095003","","4","0","0","0","0","0","0","0","0","1","0","","02","8","2007","1","","","1334","11","0","0","0","0","0","3","0","0","","0","0","0","","","2","","0","","40 25:46.56","","4","80 01:41.52","8","0","0","0","2301","0","0","0","Y","0","0","0","8","68B03","0","","1.0","","9","N","N","","0","","0","0","0","","0","","","4","2","0","0","0","2","0","2","0","4","","","","N","","","","","","","","","",""
"2007095010","","1","0","0","0","0","0","0","0","0","5","0","","02","7","2007","1","40.366389","-79.930322","1639","11","0","0","0","0","1","0","0","0","2","0","0","0","","","1","","0","","40 21:59.000","1","0","79 55:49.159","3","0","0","1","2473","0","0","0","N","0","0","0","3","02473","0","","1.0","","1","N","N","","0","","1","0","0","","0","Y","","2","1","0","0","0","0","0","2","0","2","","","","N","","","","","","","","","",""
"2007095096","","1","0","0","0","0","0","0","0","0","1","0","","02","9","2007","1","40.433","-80.0054","1730","11","0","0","0","0","0","0","0","0","1","0","0","0","","","0","","0","","40 25:58.800","3","0","80 00:19.440","0","0","0","0","2301","0","0","0","N","0","0","0","2","02301","0","","1.0","","1","N","N","","0","","0","0","1","","0","N","","2","0","0","0","0","0","0","2","0","2","","","","N","","","","","","","","","",""
"2007095097","","0","0","0","0","0","0","0","0","0","7","0","","02","9","2007","3","40.416009","-79.925324","0206","11","0","0","0","0","0","0","0","0","1","1","0","0","","","0","","0","","40 24:57.632","7","0","79 55:31.166","1","0","0","0","2301","0","0","0","N","0","0","0","1","02301","0","1","4.0","","1","N","N","","1","0","0","0","0","","0","Y","","1","0","1","1","0","0","0","2","0","1","","","","N","","","","","","","","","",""
"2007095098","","1","0","0","0","0","0","0","0","0","7","0","","02","9","2007","6","40.461333","-79.954944","2323","11","0","1","0","0","0","0","0","0","1","0","0","0","","","0","","0","","40 27:40.800","1","3","79 57:17.800","0","0","0","0","2301","0","0","0","N","0","0","0","3","02301","0","","5.0","","9","N","N","","0","","0","0","0","","0","N","","1","0","0","0","0","0","0","2","0","1","","","","N","","","","","","","","","",""
"2007095100","","1","0","0","0","0","0","0","0","0","4","0","","02","9","2007","5","40.344926","-79.837516","0755","11","0","0","0","0","0","0","0","0","","0","0","0","","","1","","1","","40 20:41.733","","0","79 50:15.057","4","0","0","0","2304","0","0","0","N","0","0","0","3","02304","1","","1.0","","1","N","N","","1","","0","0","0","","3","","","2","1","0","0","0","0","1","2","0","2","","","","N","","","","","","","","","",""
"2007095150","","2","0","0","0","0","0","0","0","0","5","0","","02","9","2007","7","40.517545","-80.16743","2250","11","0","0","0","0","0","1","0","0","","0","0","0","","","0","","2","","40 31:03.162","","0","80 10:02.748","0","0","0","0","2420","0","0","0","N","0","0","0","2","02420","0","","1.0","","1","N","N","","0","","0","0","0","","3","","","2","0","0","0","0","0","0","2","0","2","","","","N","","","","","","","","","",""
"2007095186","","1","0","0","0","0","0","0","0","0","4","1","","02","8","2007","5","40.445278","-80.244069","0125","11","0","0","0","0","0","0","0","0","3","1","1","0","","","1","","0","","40 26:43.000","5","0","80 14:38.649","1","0","0","0","2214","0","0","0","N","0","0","0","2","02214","0","2","5.0","","1","N","N","","0","0","1","0","0","","0","N","","2","1","2","1","0","0","0","2","0","2","","","","N","","","","","","","","","",""
"2007095187","","1","0","0","0","0","0","0","0","0","7","0","","02","8","2007","2","40.4075","-80.231797","2008","11","0","0","0","0","0","0","1","0","3","0","0","0","","","0","","0","","40 24:27.000","6","0","80 13:54.470","0","0","0","0","2214","0","0","0","N","0","0","0","1","02214","0","","5.0","","9","N","N","","0","","0","0","0","","0","Y","","1","0","1","0","0","0","0","1","0","1","","","","N","","","","","","","","","",""
"2007095255","","0","0","0","0","0","0","0","0","0","1","0","","02","8","2007","6","40.403056","-80.106543","1225","11","0","0","0","0","0","0","0","0","","0","0","0","","","0","","0","","40 24:11.000","","0","80 06:23.554","0","0","0","0","2102","0","0","0","N","0","0","0","2","68B03","0","","1.0","","1","N","N","","2","","0","0","0","","7","","","2","0","0","0","0","0","0","2","0","2","","","","N","","","","","","","","","",""
"2007095256","","2","0","0","0","0","0","0","0","0","5","0","","02","8","2007","3","","","1722","11","0","0","0","0","0","2","0","0","1","0","0","0","","","0","","0","","40 25:42.60","3","0","79 56:09.96","0","0","0","0","2301","0","0","0","N","0","0","0","3","68B03","0","","1.0","","9","N","N","","0","","0","0","0","","0","N","","3","0","0","0","0","0","0","2","1","3","","","","N","","","","","","","","","",""
"2007095257","","2","0","0","0","0","0","0","0","0","1","0","","02","8","2007","6","","","1920","11","0","0","0","0","0","0","0","0","","0","0","0","","","1","","6","","40 25:44.04","","2","79 55:58.08","4","0","0","0","2301","0","0","0","N","0","0","0","5","68B03","1","","1.0","","1","N","N","","0","","0","0","0","","3","","","2","1","0","0","0","0","0","2","0","2","","","","N","","","","","","","","","",""
"2007095258","","1","0","0","0","0","0","0","0","0","7","0","","02","8","2007","2","","","1205","11","0","0","0","0","0","1","0","0","","0","0","0","","","0","","0","","40 26:34.80","","0","79 50:20.76","0","0","0","0","2419","0","0","0","N","0","0","0","6","68B03","0","","2.0","","9","N","N","","0","","0","0","1","","0","","","2","0","0","0","0","0","0","2","0","2","","","","N","","","","","","","","","",""
"2007095259","","1","0","0","0","0","0","0","0","0","1","0","45","02","8","2007","5","40.55","-80.119121","1412","11","0","0","0","1","0","0","0","0","","0","0","0","","","0","","0","","40 33:00.000","","0","80 07:08.836","0","0","0","0","2215","0","0","0","N","0","0","0","5","68B03","0","","1.0","","1","N","N","","1","","0","0","0","","0","","","2","0","0","0","0","0","0","2","0","2","","","Y","Y","8","1","","","N","","","Y","",""
"2007095271","","1","0","0","0","0","0","0","0","0","1","0","","02","8","2007","5","","","0825","11","0","0","0","0","0","0","0","0","","0","0","0","","","0","","0","","40 26:00.96","","0","80 08:31.92","0","0","0","0","2102","0","0","0","N","0","0","0","2","68B03","0","","1.0","","9","N","N","","1","","0","0","0","","0","","","2","0","0","0","0","0","0","2","0","2","","","","N","","","","","","","","","",""
"2007095272","","2","0","0","0","0","0","0","0","0","1","0","","02","8","2007","6","","","1542","11","0","0","0","1","0","1","0","0","","0","0","0","","","0","","0","","40 25:57.00","","0","79 52:15.96","0","0","0","0","2478","0","0","0","N","0","0","0","3","68B03","0","","1.0","","1","N","N","","0","","0","0","1","","0","","","3","0","0","0","0","0","0","2","0","3","","","","N","","","","","","","","","",""
"2007095394","","1","0","0","0","0","0","0","0","0","7","0","","02","9","2007","1","40.481852","-79.941467","0110","11","0","0","0","0","0","0","0","0","","0","0","0","","","1","","0","","40 28:54.667","","0","79 56:29.281","4","0","0","0","2301","0","0","0","N","0","0","0","2","02301","1","","4.0","","1","N","N","","0","","0","0","0","","0","","","1","1","1","0","0","0","0","2","0","1","","","","N","","","","","","","","","",""
"2007095401","","1","0","0","0","0","0","0","0","0","1","0","","02","9","2007","6","40.396255","-79.998138","0801","11","0","0","0","0","0","0","0","0","1","0","0","0","","","0","","0","","40 23:46.519","1","0","79 59:53.297","0","0","0","0","2301","0","0","0","N","0","0","0","3","02301","0","","1.0","","1","N","N","","1","","0","0","0","","0","N","","3","0","0","0","0","0","0","2","1","3","","","","N","","","","","","","","","",""
"2007095402","","2","0","0","0","0","0","0","0","0","4","0","","02","9","2007","6","40.399926","-80.023957","1701","11","0","0","0","0","0","0","0","0","1","0","0","0","","","2","","0","","40 23:59.733","5","0","80 01:26.246","4","0","0","0","2301","0","0","0","N","0","0","0","4","02301","1","","1.0","","1","N","N","","0","","0","0","0","","0","N","","2","2","0","0","0","1","0","2","0","2","","","","N","","","","","","","","","",""
"2007095403","","1","0","0","0","0","0","0","0","0","6","0","","02","9","2007","1","40.445234","-79.999087","1019","11","0","0","0","0","0","1","0","0","9","0","0","0","","","0","","1","","40 26:42.842","3","0","79 59:56.713","0","0","0","0","2301","0","0","0","N","0","0","0","2","02301","0","","4.0","","1","N","N","","0","","0","0","1","","1","N","","2","0","0","0","0","0","0","2","0","2","","","","N","","","","","","","","","",""
"2007095404","","3","0","0","0","0","0","0","0","0","1","0","","02","9","2007","7","40.398286","-79.999796","1448","11","0","0","0","0","0","2","0","0","","0","0","0","","","4","","0","","40 23:53.829","","0","79 59:59.264","8","0","0","0","2301","0","0","0","N","0","0","0","7","02301","0","","1.0","","1","N","N","","0","","0","0","0","","0","","","3","4","0","0","0","4","0","2","0","3","","","","N","","","","","","","","","",""
"2007095405","","1","0","0","0","0","0","0","0","0","7","0","","02","9","2007","4","40.387778","-79.996392","1405","11","0","0","0","0","0","0","0","0","","0","0","0","","","1","","2","","40 23:16.000","","0","79 59:47.010","3","0","0","0","2301","0","0","0","N","0","0","0","1","02301","0","","5.0","","1","N","N","","0","","1","0","0","","0","","","2","1","0","0","0","0","0","2","0","1","","","","N","","","","","","","","","",""
"2007095415","","1","0","0","0","0","0","0","0","0","1","0","","02","9","2007","5","40.403008","-80.001021","1341","11","0","0","0","0","0","0","0","0","1","0","0","0","","","1","","0","","40 24:10.830","2","0","80 00:03.674","3","0","0","0","2301","0","0","0","N","0","0","0","2","02301","0","","1.0","","1","N","N","","0","","1","0","1","","0","N","","2","1","1","0","0","0","0","2","0","2","","","","N","","","","","","","","","",""
"2007095416","","2","0","0","0","0","0","0","0","0","4","0","","02","9","2007","6","40.426227","-79.96752","1644","11","0","0","0","0","0","1","1","0","","0","0","0","","","0","","1","","40 25:34.417","","0","79 58:03.072","0","0","0","0","2301","0","0","0","","0","0","0","3","02301","0","","1.0","","1","N","N","","0","","0","0","0","","3","","","2","0","0","0","0","0","0","2","0","2","","","","N","","","","","","","","","",""
"2007095418","","0","0","0","0","0","0","0","0","0","2","0","","02","9","2007","3","40.503333","-80.025119","0549","11","0","0","0","0","0","0","0","0","1","0","0","0","","","2","","1","","40 30:12.000","5","0","80 01:30.427","4","0","0","0","2116","0","0","0","N","0","0","0","2","02116","2","","1.0","","1","N","N","","1","","0","0","1","","2","N","","2","2","0","0","0","0","0","2","0","2","","","","N","","","","","","","","","",""
"2007095420","","1","0","0","0","0","0","0","0","0","1","0","","02","9","2007","1","40.452568","-79.924449","0211","11","0","0","0","0","0","0","0","0","1","0","0","0","","","0","","0","","40 27:09.244","5","0","79 55:28.016","0","0","0","0","2301","0","0","0","N","0","0","0","1","02301","0","","6.0","","1","N","N","","0","","0","0","1","","0","Y","","2","0","0","0","0","0","0","2","0","2","","","","N","","","","","","","","","",""