"CRN","ARRIVAL_TM","AUTOMOBILE_COUNT","BELTED_DEATH_COUNT","BELTED_SUSP_SERIOUS_INJ_COUNT","BICYCLE_COUNT","BICYCLE_DEATH_COUNT","BICYCLE_SUSP_SERIOUS_INJ_COUNT","BUS_COUNT","CHLDPAS_DEATH_COUNT","CHLDPAS_SUSP_SERIOUS_INJ_COUNT","COLLISION_TYPE","COMM_VEH_COUNT","CONS_ZONE_SPD_LIM","COUNTY","CRASH_MONTH","CRASH_YEAR","DAY_OF_WEEK","DEC_LATITUDE","DEC_LONGITUDE","DISPATCH_TM","DISTRICT","DRIVER_COUNT_16YR","DRIVER_COUNT_17YR","DRIVER_COUNT_18YR","DRIVER_COUNT_19YR","DRIVER_COUNT_20YR","DRIVER_COUNT_50_64YR","DRIVER_COUNT_65_74YR","DRIVER_COUNT_75PLUS","EST_HRS_CLOSED","FATAL_COUNT","HEAVY_TRUCK_COUNT","HORSE_BUGGY_COUNT","HOUR_OF_DAY","ILLUMINATION","INJURY_COUNT","INTERSECTION_RELATED","INTERSECT_TYPE","LANE_CLOSED","LATITUDE","LN_CLOSE_DIR","LOCATION_TYPE","LONGITUDE","MAX_SEVERITY_LEVEL","MCYCLE_DEATH_COUNT","MCYCLE_SUSP_SERIOUS_INJ_COUNT","MOTORCYCLE_COUNT","MUNICIPALITY","NONMOTR_COUNT","NONMOTR_DEATH_COUNT","NONMOTR_SUSP_SERIOUS_INJ_COUNT","NTFY_HIWY_MAINT","PED_COUNT","PED_DEATH_COUNT","PED_SUSP_SERIOUS_INJ_COUNT","PERSON_COUNT","POLICE_AGCY","POSSIBLE_INJ_COUNT","RDWY_SURF_TYPE_CD","RELATION_TO_ROAD","ROADWAY_CLEARED","ROAD_CONDITION","SCH_BUS_IND","SCH_ZONE_IND","SECONDARY_CRASH","SMALL_TRUCK_COUNT","SPEC_JURIS_CD","SUSP_MINOR_INJ_COUNT","SUSP_SERIOUS_INJ_COUNT","SUV_COUNT","TCD_FUNC_CD","TCD_TYPE","TFC_DETOUR_IND","TIME_OF_DAY","TOTAL_UNITS","TOT_INJ_COUNT","UNBELTED_OCC_COUNT","UNB_DEATH_COUNT","UNB_SUSP_SERIOUS_INJ_COUNT","UNK_INJ_DEG_COUNT","UNK_INJ_PER_COUNT","URBAN_RURAL","VAN_COUNT","VEHICLE_COUNT","WEATHER1","WEATHER2","WORKERS_PRES","WORK_ZONE_IND","WORK_ZONE_LOC","WORK_ZONE_TYPE","WZ_CLOSE_DETOUR","WZ_FLAGGER","WZ_LAW_OFFCR_IND","WZ_LN_CLOSURE","WZ_MOVING","WZ_OTHER","WZ_SHLDER_MDN","WZ_WORKERS_INJ_KILLED"
"2007099712","","2","0","0","0","0","0","0","0","0","4","0","","02","10","2007","7","40.386402","-79.902218","2253","11","0","0","0","0","0","0","0","0","2","0","0","0","","","0","","1","2","40 23:11.047","6","0","79 54:07.984","0","0","0","0","2448","0","0","0","N","0","0","0","2","02448","0","","1.0","","1","N","N","","0","","0","0","0","","0","Y","","2","0","0","0","0","0","0","2","0","2","","","","N","","","","","","","","","",""
"2007099726","","0","0","0","0","0","0","0","0","0","7","0","","02","10","2007","1","40.510205","-80.029748","0801","11","0","0","0","0","0","0","0","0","","0","0","0","","","0","","0","0","40 30:36.738","","0","80 01:47.094","0","0","0","0","2474","0","0","0","N","0","0","0","1","02474","0","","2.0","","1","N","N","","0","","0","0","1","","0","","","1","0","0","0","0","0","0","2","0","1","","","","N","","","","","","","","","",""
"2007099729","","1","0","0","0","0","0","0","0","0","7","0","","02","10","2007","1","40.372772","-79.852727","1001","11","0","0","0","0","0","0","0","0","","0","0","0","","","0","","1","0","40 22:21.979","","0","79 51:09.817","0","0","0","0","2303","0","0","0","N","0","0","0","0","02303","0","","2.0","","1","N","N","","0","","0","0","0","","0","","","1","0","0","0","0","0","0","2","0","1","","","","N","","","","","","","","","",""
"2007099739","","2","0","0","0","0","0","0","0","0","4","0","","02","10","2007","6","40.387643","-79.83669","2223","11","0","0","0","1","0","1","0","0","1","0","0","0","","","3","","3","2","40 23:15.515","7","0","79 50:12.083","8","0","0","0","2111","0","0","0","N","0","0","0","6","02111","0","","1.0","","1","N","N","","0","","0","0","0","","3","Y","","2","3","0","0","0","3","0","2","0","2","","","","N","","","","","","","","","",""
"2007099757","","0","0","0","0","0","0","0","0","0","7","0","","02","10","2007","7","40.516947","-79.893381","2132","11","0","1","0","0","0","0","0","0","","0","0","0","","","0","","0","0","40 31:01.010","","0","79 53:36.170","0","0","0","0","2432","0","0","0","N","0","0","0","1","02432","0","","5.0","","3","N","N","","0","","0","0","1","","0","","","1","0","0","0","0","0","0","2","0","1","","","","N","","","","","","","","","",""
"2007099763","","3","0","0","0","0","0","0","0","0","1","0","","02","10","2007","6","40.500833","-80.074314","1300","11","0","0","0","0","1","1","0","0","","0","0","0","","","0","","2","0","40 30:03.000","","0","80 04:27.531","9","0","0","0","2402","0","0","0","N","0","0","0","3","02402","0","","1.0","","1","N","N","","0","","0","0","0","","0","","","3","0","0","0","0","0","1","2","0","3","","","","N","","","","","","","","","",""
"2007099766","","0","0","0","0","0","0","0","0","0","4","0","","02","10","2007","7","40.513611","-79.951456","2132","11","0","0","0","0","0","1","0","0","2","0","0","0","","","2","","2","2","40 30:49.000","2","0","79 57:05.240","8","0","0","0","2118","0","0","0","N","0","0","0","4","02118","0","","1.0","","1","N","N","","0","","0","0","2","","2","N","","2","2","0","0","0","2","0","2","0","2","","","","N","","","","","","","","","",""
"2007099768","","2","0","0","0","0","0","0","0","0","1","0","","02","10","2007","5","40.513611","-79.843226","1838","11","0","0","0","0","0","1","1","0","","0","0","0","","","1","","0","0","40 30:49.000","","0","79 50:35.615","8","0","0","0","2451","0","0","0","N","0","0","0","2","02451","0","","1.0","","1","N","N","","0","","0","0","0","","3","","","2","1","0","0","0","1","0","2","0","2","","","","N","","","","","","","","","",""
"2007099769","","1","0","0","0","0","0","0","0","0","7","0","","02","10","2007","1","40.356389","-79.980389","2323","11","0","0","0","1","0","0","0","0","1","0","0","0","","","1","","2","1","40 21:23.000","2","0","79 58:49.402","3","0","0","0","2476","0","0","0","N","0","0","0","4","02476","0","","5.0","","1","N","N","","0","","1","0","0","","2","N","","1","1","0","0","0","0","0","2","0","1","","","","N","","","","","","","","","",""
"2007099780","","1","0","0","0","0","0","0","0","0","4","0","90","02","10","2007","5","40.463713","-79.705449","2141","11","0","0","0","0","0","0","0","0","","0","0","0","","","0","","1","0","40 27:49.366","","0","79 42:19.615","0","0","0","0","2466","0","0","0","N","0","0","0","2","02466","0","","1.0","","1","N","N","","0","","0","0","1","","2","","","2","0","0","0","0","0","0","2","0","2","","","Y","Y","4","8","","","Y","Y","","","Y",""
"2007099782","","1","0","0","0","0","0","0","0","0","0","0","","02","9","2007","5","40.303056","-79.918928","1235","11","0","0","0","1","0","0","0","0","","0","0","0","","","1","","0","0","40 18:11.000","","0","79 55:08.139","4","0","0","0","2440","0","0","0","N","0","0","0","1","02440","1","","2.0","","1","N","N","","0","","0","0","0","","0","","","1","1","0","0","0","0","0","2","0","1","","","","N","","","","","","","","","",""
"2007099784","","0","0","0","0","0","0","0","0","0","1","0","","02","10","2007","6","40.619444","-80.080861","0919","11","0","0","0","0","0","0","0","0","","0","0","0","","","1","","0","0","40 37:10.000","","0","80 04:51.100","4","0","0","1","2212","0","0","0","N","0","0","0","2","02505","1","","1.0","","1","N","N","","0","","0","0","1","","0","","","2","1","0","0","0","0","0","2","0","2","","","","N","","","","","","","","","",""
"2007099785","","2","0","0","0","0","0","0","0","0","1","0","","02","9","2007","6","40.308611","-79.912795","1634","11","0","0","0","0","0","2","0","0","","0","0","0","","","0","","2","0","40 18:31.000","","0","79 54:46.062","0","0","0","0","2440","0","0","0","N","0","0","0","2","02440","0","","1.0","","1","N","N","","0","","0","0","0","","0","","","2","0","0","0","0","0","0","2","0","2","","","","N","","","","","","","","","",""
"2007099792","","1","0","0","0","0","0","0","0","0","7","0","","02","10","2007","1","40.361389","-80.069894","2259","11","0","0","0","1","0","0","0","0","2","0","0","0","","","1","","2","1","40 21:41.000","2","0","80 04:11.618","3","0","0","0","2123","0","0","0","Y","0","0","0","1","02123","0","","4.0","","9","N","N","","0","","1","0","0","","0","N","","1","1","0","0","0","0","0","2","0","1","","","","N","","","","","","","","","",""
"2007099795","","2","0","0","0","0","0","0","0","0","4","0","","02","10","2007","1","40.498056","-80.020204","1527","11","0","0","0","0","0","0","0","1","","0","0","0","","","0","","2","0","40 29:53.000","","0","80 01:12.736","0","0","0","0","2116","0","0","0","N","0","0","0","3","02116","0","","1.0","","1","N","N","","0","","0","0","0","","2","","","2","0","0","0","0","0","0","2","0","2","","","","N","","","","","","","","","",""
"2007099797","","1","0","0","0","0","0","0","0","0","4","0","","02","10","2007","2","40.438611","-79.762579","0833","11","0","0","0","0","0","0","0","1","2","0","0","0","","","2","","1","1","40 26:19.000","3","0","79 45:45.284","4","0","0","0","2446","0","0","0","N","0","0","0","2","02446","2","","1.0","","1","N","N","","1","","0","0","0","","2","N","","2","2","0","0","0","0","0","2","0","2","","","","N","","","","","","","","","",""
"2007099804","","0","0","0","0","0","0","0","0","0","8","0","","02","8","2007","3","40.539216","-80.181606","1046","11","0","0","0","0","0","1","0","0","2","0","0","0","","","1","","1","1","40 32:21.177","6","0","80 10:53.781","3","0","0","0","2458","1","0","0","N","1","0","0","2","02458","0","","1.0","","1","N","N","","0","","1","0","1","","2","Y","","2","1","0","0","0","0","0","2","0","1","","","","N","","","","","","","","","",""
"2007099807","","2","0","0","0","0","0","0","0","0","4","0","","02","10","2007","2","40.497286","-80.054389","1057","11","0","0","0","0","0","0","0","0","","0","0","0","","","2","","1","0","40 29:50.229","","0","80 03:15.800","4","0","0","0","2404","0","0","0","N","0","0","0","2","02404","1","","1.0","","9","N","N","","0","","0","0","0","","2","","","2","2","0","0","0","1","0","2","0","2","","","","N","","","","","","","","","",""
"2007099811","","1","0","0","0","0","0","0","0","0","7","0","","02","10","2007","2","40.495","-79.830643","2202","11","0","0","0","0","0","0","0","0","3","0","0","0","","","1","","0","2","40 29:42.000","5","0","79 49:50.316","4","0","0","0","2113","0","0","0","N","0","0","0","1","02113","1","","5.0","","1","N","N","","0","","0","0","0","","0","Y","","1","1","1","0","0","0","0","2","0","1","","","","N","","","","","","","","","",""
"2007099813","","2","0","0","0","0","0","0","0","0","1","0","","02","10","2007","2","40.6251","-80.059","0852","11","0","0","0","0","0","2","0","0","1","0","0","0","","","0","","2","1","40 37:30.360","4","0","80 03:32.400","0","0","0","0","2216","0","0","0","N","0","0","0","3","02505","0","","1.0","","1","N","N","","0","","0","0","0","","3","N","","2","0","0","0","0","0","0","2","0","2","","","","N","","","","","","","","","",""
"2007099818","","0","0","0","0","0","0","0","0","0","7","0","","02","10","2007","2","40.515833","-80.029765","1106","11","0","0","0","0","0","1","0","0","","0","0","0","","","0","","1","0","40 30:57.000","","0","80 01:47.155","0","0","0","0","2474","0","0","0","N","0","0","0","1","02474","0","","5.0","","1","N","N","","0","","0","0","1","","2","","","1","0","0","0","0","0","0","2","0","1","","","","N","","","","","","","","","",""
"2007099819","","2","0","0","0","0","0","0","0","0","4","0","","02","10","2007","6","40.460443","-80.193931","1244","11","0","0","0","0","0","0","1","0","","0","0","0","","","0","","0","0","40 27:37.594","","0","80 11:38.151","0","0","0","0","2203","0","0","0","N","0","0","0","2","02203","0","","1.0","","1","N","N","","0","","0","0","0","","0","","","2","0","0","0","0","0","0","2","0","2","","","","N","","","","","","","","","",""
"2007099822","","2","0","1","0","0","0","0","0","0","2","0","","02","10","2007","5","40.489523","-79.836427","0935","11","0","0","0","0","0","0","0","0","3","0","0","0","","","2","","0","2","40 29:22.282","6","0","79 50:11.137","2","0","0","0","2113","0","0","0","N","0","0","0","2","02113","0","","1.0","","1","N","N","","0","","1","1","1","","0","Y","","3","2","0","0","0","0","0","2","0","3","","","","N","","","","","","","","","",""
"2007099834","","1","0","0","0","0","0","0","0","0","7","0","","02","9","2007","1","40.4613","-79.9828","1232","11","0","0","0","0","0","0","0","0","1","0","0","0","","","2","","0","1","40 27:40.680","2","0","79 58:58.080","4","0","0","0","2430","0","0","0","N","0","0","0","2","02430","2","","4.0","","1","N","N","","0","","0","0","0","","0","N","","1","2","2","0","0","0","0","2","0","1","","","","N","","","","","","","","","",""
"2007099836","","2","0","0","0","0","0","0","0","0","2","0","","02","10","2007","2","40.445933","-79.848432","1629","11","0","0","0","0","1","0","0","0","","0","0","0","","","1","","1","0","40 26:45.357","","0","79 50:54.354","4","0","0","0","2419","0","0","0","N","0","0","0","2","02419","1","","1.0","","1","N","N","","0","","0","0","0","","2","","","2","1","0","0","0","0","0","2","0","2","","","","N","","","","","","","","","",""
"2007099837","","1","0","0","0","0","0","0","0","0","4","0","","02","9","2007","5","40.533933","-80.229035","2053","11","0","0","0","1","0","0","0","0","1","0","0","0","","","0","","1","1","40 32:02.158","1","0","80 13:44.527","0","0","0","0","2213","0","0","0","N","0","0","0","4","02213","0","","1.0","","1","N","N","","0","","0","0","1","","3","N","","2","0","0","0","0","0","0","2","0","2","","","","N","","","","","","","","","",""
"2007099840","","1","0","0","0","0","0","0","0","0","4","0","","02","10","2007","7","40.533889","-80.229035","1227","11","0","0","0","0","0","1","0","0","2","0","0","0","","","2","","1","2","40 32:02.000","5","0","80 13:44.527","4","0","0","0","2213","0","0","0","N","0","0","0","3","02213","1","","1.0","","1","N","N","","0","","0","0","1","","3","Y","","2","2","0","0","0","1","0","2","0","2","","","","N","","","","","","","","","",""
"2007099841","","2","0","0","0","0","0","0","0","0","0","0","","02","10","2007","6","40.478333","-80.200882","1502","11","0","0","0","1","0","0","0","0","3","0","0","0","","","2","","0","1","40 28:42.000","2","0","80 12:03.175","3","0","0","0","2213","0","0","0","N","0","0","0","4","02213","1","","1.0","","1","N","N","","0","","1","0","0","","0","N","","3","2","0","0","0","0","0","2","1","3","","","","N","","","","","","","","","",""
"2007099842","","4","0","0","0","0","0","0","0","0","1","0","","02","10","2007","6","40.499722","-80.220919","1502","11","1","1","0","2","0","0","0","0","","0","0","0","","","2","","0","0","40 29:59.000","","0","80 13:15.307","4","0","0","0","2213","0","0","0","N","0","0","0","13","02213","2","","1.0","","1","N","N","","0","","0","0","1","","0","","","5","2","1","0","0","0","0","2","0","5","","","","N","","","","","","","","","",""
"2007099843","","0","0","0","0","0","0","0","0","0","7","0","","02","9","2007","1","40.488093","-80.183474","2150","11","0","0","0","0","0","0","0","0","","0","0","0","","","0","","0","0","40 29:17.136","","0","80 11:00.505","0","0","0","0","2213","0","0","0","N","0","0","0","1","02213","0","","4.0","","1","N","N","","1","","0","0","0","","0","","","1","0","0","0","0","0","0","2","0","1","","","","N","","","","","","","","","",""
"2007099844","","0","0","0","0","0","0","0","0","0","1","0","","02","9","2007","1","40.324849","-80.025768","1525","11","0","0","0","0","0","1","0","0","","0","0","0","","","2","","2","0","40 19:29.457","","0","80 01:32.764","4","0","0","0","2407","0","0","0","N","0","0","0","3","02407","2","","1.0","","1","N","N","","0","","0","0","2","","3","","","2","2","0","0","0","0","0","2","0","2","","","","N","","","","","","","","","",""
"2007099845","","0","0","0","0","0","0","0","0","0","0","0","","02","10","2007","6","40.3176","-80.047","0841","11","0","0","0","0","0","0","0","0","","0","0","0","","","1","","2","0","40 19:03.360","","0","80 02:49.200","8","0","0","1","2407","0","0","0","N","0","0","0","1","02407","0","","1.0","","1","N","N","","0","","0","0","0","","3","","","1","1","0","0","0","1","0","2","0","1","","","","N","","","","","","","","","",""
"2007099846","","1","0","0","0","0","0","0","0","0","4","0","","02","9","2007","7","40.315","-80.039196","1626","11","0","0","0","0","1","0","0","0","","0","0","0","","","0","","3","0","40 18:54.000","","0","80 02:21.106","0","0","0","0","2407","0","0","0","N","0","0","0","4","02407","0","","1.0","","1","N","N","","0","","0","0","1","","3","","","2","0","0","0","0","0","0","2","0","2","","","","N","","","","","","","","","",""
"2007099847","","1","0","0","0","0","0","0","0","0","1","0","","02","9","2007","6","40.345614","-80.048105","1422","11","0","0","1","0","0","0","0","0","","0","0","0","","","1","","2","0","40 20:44.210","","0","80 02:53.178","8","0","0","0","2407","0","0","0","N","0","0","0","2","02407","0","","1.0","","1","N","N","","0","","0","0","1","","2","","","2","1","1","0","0","1","0","2","0","2","","","","N","","","","","","","","","",""
"2007099848","","2","0","0","0","0","0","0","0","0","4","0","","02","10","2007","2","40.328713","-80.050581","1639","11","0","1","0","0","0","0","0","0","","0","0","0","","","0","","1","0","40 19:43.367","","0","80 03:02.092","0","0","0","0","2407","0","0","0","N","0","0","0","4","02407","0","","1.0","","1","N","N","","0","","0","0","0","","3","","","2","0","1","0","0","0","0","2","0","2","","","","N","","","","","","","","","",""
"2007099849","","1","0","0","0","0","0","0","0","0","1","0","","02","9","2007","5","40.324651","-80.053807","1944","11","0","0","0","0","0","1","0","0","","0","0","0","","","1","","2","0","40 19:28.744","","0","80 03:13.705","4","0","0","0","2407","0","0","0","N","0","0","0","3","02407","1","","1.0","","1","N","N","","1","","0","0","0","","3","","","2","1","0","0","0","0","0","2","0","2","","","","N","","","","","","","","","",""
"2007099850","","0","0","0","0","0","0","0","0","0","1","0","","02","10","2007","1","40.325278","-80.050254","1825","11","0","0","0","0","0","0","0","0","","0","0","0","","","0","","2","0","40 19:31.000","","0","80 03:00.916","0","0","0","0","2407","0","0","0","N","0","0","0","5","02407","0","","1.0","","1","N","N","","1","","0","0","1","","3","","","2","0","0","0","0","0","0","2","0","2","","","","N","","","","","","","","","",""
"2007099920","","1","0","0","0","0","0","0","0","0","4","0","","02","9","2007","3","40.525556","-79.840956","0608","11","0","0","0","0","0","0","0","0","","0","0","0","","","1","","1","0","40 31:32.000","","0","79 50:27.441","3","0","0","0","2451","0","0","0","N","0","0","0","2","02451","0","","1.0","","9","N","N","","0","","1","0","0","","3","","","2","1","0","0","0","0","0","2","1","2","","","","N","","","","","","","","","",""
"2007099921","","2","0","0","0","0","0","0","0","0","6","0","","02","10","2007","1","40.427828","-79.884889","0110","11","0","0","0","0","0","1","0","0","","0","0","0","","","3","","0","0","40 25:40.180","","0","79 53:05.601","8","0","0","0","2426","0","0","0","","0","0","0","4","02426","0","","6.0","","1","","","","0","","0","0","0","","0","","","2","3","4","0","0","3","0","2","0","2","","","","N","","","","","","","","","",""
"2007099929","","0","0","0","0","0","0","0","0","0","7","0","","02","10","2007","3","40.563078","-79.966385","0015","11","0","0","0","0","0","0","0","0","","0","0","0","","","0","","1","0","40 33:47.081","","0","79 57:58.985","0","0","0","0","2207","0","0","0","N","0","0","0","1","02207","0","","5.0","","1","N","N","","0","","0","0","1","","3","","","1","0","0","0","0","0","0","2","0","1","","","","N","","","","","","","","","",""
"2007099947","","1","0","0","0","0","0","0","0","0","99","0","","02","10","2007","3","40.284167","-79.898735","0728","11","0","0","0","0","0","1","0","0","","0","0","0","","","1","","0","0","40 17:03.000","","0","79 53:55.445","4","0","0","0","2440","0","0","0","N","0","0","0","1","02440","1","","1.0","","1","N","N","","0","","0","0","0","","0","","","1","1","0","0","0","0","0","2","0","1","","","","N","","","","","","","","","",""
"2007099957","","2","0","1","0","0","0","0","0","0","4","0","","02","10","2007","2","40.496389","-80.06825","1647","11","0","0","0","0","0","1","0","0","3","0","0","0","","","3","","0","1","40 29:47.000","2","6","80 04:05.701","2","0","0","0","2404","0","0","0","N","0","0","0","3","02501","0","","1.0","","1","N","N","","0","","0","3","0","","0","N","","2","3","2","0","2","0","0","2","0","2","","","","N","","","","","","","","","",""
"2007099960","","1","0","0","0","0","0","0","0","0","7","0","","02","9","2007","6","40.463384","-79.824103","1517","11","0","0","0","0","0","1","0","0","","0","0","0","","","1","","0","0","40 27:48.182","","7","79 49:26.772","2","0","0","0","2113","0","0","0","N","0","0","0","1","02113","0","","6.0","","1","N","N","","0","","0","1","1","","0","","","3","1","1","0","1","0","0","2","1","3","","","","N","","","","","","","","","",""
"2007099980","","1","0","0","0","0","0","0","0","0","4","0","","02","10","2007","3","40.3248","-80.0817","1741","11","0","0","0","0","0","0","0","0","","0","0","0","","","1","","1","0","40 19:29.280","","0","80 04:54.120","8","0","0","1","2116","0","0","0","N","0","0","0","2","02116","0","","1.0","","1","N","N","","0","","0","0","0","","1","","","2","1","1","0","0","1","0","2","0","2","","","","N","","","","","","","","","",""
"2007099983","","0","0","0","0","0","0","0","0","0","8","0","","02","8","2007","1","40.527192","-80.196413","0508","11","0","0","0","0","0","0","0","0","","0","0","0","","","1","","2","0","40 31:37.891","","0","80 11:47.086","2","0","0","0","2213","1","0","1","N","1","0","1","2","02213","0","","1.0","","1","N","N","","0","","0","1","0","","0","","","2","1","0","0","0","0","1","2","0","1","","","","N","","","","","","","","","",""
"2007099984","","0","0","0","0","0","0","0","0","0","7","1","","02","10","2007","6","40.51963","-80.194608","1604","11","0","0","0","0","0","0","0","0","3","0","1","0","","","1","","0","2","40 31:10.669","5","0","80 11:40.588","4","0","0","0","2213","0","0","0","N","0","0","0","1","02213","1","","2.0","","1","N","N","","0","","0","0","0","","0","Y","","1","1","0","0","0","0","0","2","0","1","","","","N","","","","","","","","","",""
"2007100052","","2","0","0","0","0","0","0","0","0","4","0","","02","9","2007","1","40.459689","-79.925861","1252","11","0","0","0","0","0","1","0","0","","0","0","0","","","1","","0","0","40 27:34.880","","0","79 55:33.100","8","0","0","0","2301","0","0","0","N","0","0","0","3","02301","0","","1.0","","1","N","N","","0","","0","0","0","","0","","","2","1","0","0","0","1","0","2","0","2","","","","N","","","","","","","","","",""
"2007100053","","2","0","0","0","0","0","0","0","0","2","0","","02","9","2007","2","40.454","-79.9124","1057","11","0","0","0","0","0","1","0","0","","0","0","0","","","0","","1","0","40 27:14.400","","0","79 54:44.640","0","0","0","0","2301","0","0","0","N","0","0","0","2","02301","0","","1.0","","1","N","N","","0","","0","0","0","","2","","","2","0","0","0","0","0","0","2","0","2","","","","N","","","","","","","","","",""
"2007100054","","1","0","0","0","0","0","0","0","0","8","0","","02","9","2007","2","40.44703","-79.921451","1355","11","0","0","0","0","0","0","0","1","","0","0","0","","","1","","0","0","40 26:49.308","","0","79 55:17.223","8","0","0","0","2301","1","0","0","N","1","0","0","2","02301","0","","1.0","","1","N","N","","0","","0","0","0","","7","","","2","1","0","0","0","1","0","2","0","1","","","","N","","","","","","","","","",""
"2007100055","","2","0","0","0","0","0","0","0","0","1","0","","02","9","2007","6","40.421031","-79.927528","1646","11","0","0","0","0","0","1","0","0","","0","0","0","","","1","","2","0","40 25:15.711","","0","79 55:39.100","8","0","0","0","2301","0","0","0","N","0","0","0","2","02301","0","","1.0","","1","N","N","","0","","0","0","0","","0","","","2","1","0","0","0","1","0","2","0","2","","","","N","","","","","","","","","",""
"2007100056","","2","0","0","0","0","0","0","0","0","6","0","","02","9","2007","3","40.490203","-80.017997","2225","11","0","0","0","1","0","0","0","0","","0","0","0","","","0","","2","0","40 29:24.730","","0","80 01:04.789","0","0","0","0","2301","0","0","0","N","0","0","0","3","02301","0","","1.0","","1","N","N","","0","","0","0","0","","0","","","2","0","0","0","0","0","0","2","0","2","","","","N","","","","","","","","","",""
"2007100057","","2","0","0","0","0","0","0","0","0","4","0","","02","9","2007","2","40.438023","-79.913084","1245","11","0","0","0","0","0","0","1","0","1","0","0","0","","","1","","1","2","40 26:16.882","2","0","79 54:47.102","3","0","0","0","2301","0","0","0","N","0","0","0","2","02301","0","","1.0","","1","N","N","","0","","1","0","0","","2","Y","","2","1","0","0","0","0","0","2","0","2","","","","N","","","","","","","","","",""
"2007100071","","1","0","0","0","0","0","0","0","0","7","0","","02","8","2007","5","40.5545","-79.8406","0753","11","0","0","0","0","0","0","0","0","","0","0","0","","","0","","0","0","40 33:16.200","","0","79 50:26.160","0","0","0","0","2208","0","0","0","N","0","0","0","1","68T02","0","","4.0","","9","N","N","","0","","0","0","0","","0","","","1","0","0","0","0","0","0","2","0","1","","","","N","","","","","","","","","",""
"2007100076","","1","0","0","0","0","0","0","0","0","7","0","","02","8","2007","4","40.2809","-79.9321","0650","11","0","0","0","0","0","1","0","0","","0","0","0","","","1","","0","0","40 16:51.240","","0","79 55:55.560","4","0","0","0","2440","0","0","0","N","0","0","0","1","68T09","1","","3.0","","8","N","N","","0","","0","0","0","","0","","","1","1","0","0","0","0","0","2","0","1","","","","N","","","","","","","","","",""
"2007100093","","1","0","0","0","0","0","0","0","0","7","0","","02","8","2007","7","40.6641","-80.0963","1659","11","0","0","0","0","0","0","0","0","2","0","0","0","","","1","","0","1","40 39:50.760","4","0","80 05:46.680","3","0","0","0","2212","0","0","0","N","0","0","0","1","68T02","0","","3.0","","1","N","N","","0","","1","0","0","","0","N","","2","1","1","0","0","0","0","2","0","1","","","","N","","","","","","","","","",""
"2007100094","","0","0","0","0","0","0","0","0","0","0","0","","02","8","2007","6","40.574","-79.8635","1255","11","0","0","0","0","0","0","1","0","","0","0","0","","","0","","0","0","40 34:26.400","","0","79 51:48.600","0","0","0","0","2209","0","0","0","N","0","0","0","6","68T02","0","","1.0","","1","N","N","","1","","0","0","0","","0","","","1","0","4","0","0","0","0","2","0","1","","","","N","","","","","","","","","",""
"2007100095","","1","0","0","0","0","0","0","0","0","7","0","","02","8","2007","6","40.6138","-79.9723","0726","11","0","0","0","0","0","0","0","0","","0","0","0","","","3","","0","0","40 36:49.680","","0","79 58:20.280","3","0","0","0","2207","0","0","0","N","0","0","0","3","68T02","1","","3.0","","1","N","N","","0","","2","0","0","","0","","","1","3","0","0","0","0","0","2","0","1","","","","N","","","","","","","","","",""
"2007100096","","1","0","0","0","0","0","0","0","0","7","0","","02","8","2007","4","40.5336","-79.8213","1815","11","0","0","0","0","0","0","0","0","","0","0","0","","","0","","0","0","40 32:00.960","","7","79 49:16.680","9","0","0","0","2433","0","0","0","N","0","0","0","1","68T02","0","","5.0","","1","N","N","","0","","0","0","0","","0","","","1","0","0","0","0","0","1","1","0","1","","","","N","","","","","","","","","",""
"2007100097","","1","0","1","0","0","0","0","0","0","7","0","","02","7","2007","6","40.5809","-79.8704","1003","11","0","0","0","0","0","0","1","0","3","0","0","0","","","5","","0","2","40 34:51.240","3","0","79 52:13.440","2","0","0","0","2209","0","0","0","N","0","0","0","5","68T02","3","","2.0","","1","N","N","","0","","1","1","0","","0","N","","1","5","0","0","0","0","0","2","0","1","","","","N","","","","","","","","","",""
"2007100098","","1","0","0","0","0","0","0","0","0","7","0","55","02","8","2007","3","40.5479","-79.8245","1952","11","0","0","0","0","0","0","0","0","1","0","0","0","","","0","","0","1","40 32:52.440","4","0","79 49:28.200","0","0","0","0","2208","0","0","0","N","0","0","0","3","68T02","0","","2.0","","1","N","N","","0","","0","0","0","","8","N","","1","0","0","0","0","0","0","2","0","1","","","N","Y","4","1","","","N","Y","","Y","Y",""
"2007100102","","1","0","0","0","0","0","0","0","0","7","0","","02","8","2007","6","40.4978","-79.7846","1025","11","0","0","0","0","0","0","1","0","1","0","0","0","","","1","","0","1","40 29:52.080","3","0","79 47:04.560","3","0","0","0","2466","0","0","0","","0","0","0","2","68T02","0","","2.0","","1","N","N","","0","","1","0","0","","0","N","","2","1","0","0","0","0","0","2","0","1","","","","N","","","","","","","","","",""
"2007100103","","0","0","0","0","0","0","0","0","0","7","0","","02","8","2007","1","40.6439","-80.0228","1706","11","0","0","0","0","0","0","0","0","2","0","0","0","","","0","","0","1","40 38:38.040","4","0","80 01:22.080","0","0","0","0","2216","0","0","0","N","0","0","0","4","68T02","0","","3.0","","9","N","N","","0","","0","0","1","","0","N","","1","0","0","0","0","0","0","2","0","1","","","","N","","","","","","","","","",""