"CRN","ARRIVAL_TM","AUTOMOBILE_COUNT","BELTED_DEATH_COUNT","BELTED_SUSP_SERIOUS_INJ_COUNT","BICYCLE_COUNT","BICYCLE_DEATH_COUNT","BICYCLE_SUSP_SERIOUS_INJ_COUNT","BUS_COUNT","CHLDPAS_DEATH_COUNT","CHLDPAS_SUSP_SERIOUS_INJ_COUNT","COLLISION_TYPE","COMM_VEH_COUNT","CONS_ZONE_SPD_LIM","COUNTY","CRASH_MONTH","CRASH_YEAR","DAY_OF_WEEK","DEC_LATITUDE","DEC_LONGITUDE","DISPATCH_TM","DISTRICT","DRIVER_COUNT_16YR","DRIVER_COUNT_17YR","DRIVER_COUNT_18YR","DRIVER_COUNT_19YR","DRIVER_COUNT_20YR","DRIVER_COUNT_50_64YR","DRIVER_COUNT_65_74YR","DRIVER_COUNT_75PLUS","EST_HRS_CLOSED","FATAL_COUNT","HEAVY_TRUCK_COUNT","HORSE_BUGGY_COUNT","HOUR_OF_DAY","ILLUMINATION","INJURY_COUNT","INTERSECTION_RELATED","INTERSECT_TYPE","LANE_CLOSED","LATITUDE","LN_CLOSE_DIR","LOCATION_TYPE","LONGITUDE","MAX_SEVERITY_LEVEL","MCYCLE_DEATH_COUNT","MCYCLE_SUSP_SERIOUS_INJ_COUNT","MOTORCYCLE_COUNT","MUNICIPALITY","NONMOTR_COUNT","NONMOTR_DEATH_COUNT","NONMOTR_SUSP_SERIOUS_INJ_COUNT","NTFY_HIWY_MAINT","PED_COUNT","PED_DEATH_COUNT","PED_SUSP_SERIOUS_INJ_COUNT","PERSON_COUNT","POLICE_AGCY","POSSIBLE_INJ_COUNT","RDWY_SURF_TYPE_CD","RELATION_TO_ROAD","ROADWAY_CLEARED","ROAD_CONDITION","SCH_BUS_IND","SCH_ZONE_IND","SECONDARY_CRASH","SMALL_TRUCK_COUNT","SPEC_JURIS_CD","SUSP_MINOR_INJ_COUNT","SUSP_SERIOUS_INJ_COUNT","SUV_COUNT","TCD_FUNC_CD","TCD_TYPE","TFC_DETOUR_IND","TIME_OF_DAY","TOTAL_UNITS","TOT_INJ_COUNT","UNBELTED_OCC_COUNT","UNB_DEATH_COUNT","UNB_SUSP_SERIOUS_INJ_COUNT","UNK_INJ_DEG_COUNT","UNK_INJ_PER_COUNT","URBAN_RURAL","VAN_COUNT","VEHICLE_COUNT","WEATHER1","WEATHER2","WORKERS_PRES","WORK_ZONE_IND","WORK_ZONE_LOC","WORK_ZONE_TYPE","WZ_CLOSE_DETOUR","WZ_FLAGGER","WZ_LAW_OFFCR_IND","WZ_LN_CLOSURE","WZ_MOVING","WZ_OTHER","WZ_SHLDER_MDN","WZ_WORKERS_INJ_KILLED"
"2007100902","","1","0","0","0","0","0","0","0","0","4","0","","02","10","2007","3","40.583889","-79.881773","1939","11","0","0","0","0","0","1","0","0","1","0","0","0","","","0","","1","1","40 35:02.000","1","0","79 52:54.382","0","0","0","0","2209","0","0","0","N","0","0","0","2","02209","0","","1.0","","1","N","N","","1","","0","0","0","","2","N","","2","0","1","0","0","0","0","2","0","2","","","","N","","","","","","","","","",""
"2007100903","","1","0","0","0","0","0","0","0","0","4","0","","02","10","2007","3","40.552415","-79.934734","1213","11","0","0","0","0","0","1","0","0","","0","0","0","","","0","","1","0","40 33:08.693","","0","79 56:05.044","0","0","0","0","2209","0","0","0","N","0","0","0","2","02209","0","","1.0","","1","N","N","","1","","0","0","0","","3","","","2","0","0","0","0","0","0","2","0","2","","","","N","","","","","","","","","",""
"2007100928","","1","0","0","0","0","0","0","0","0","8","0","","02","7","2007","3","","","2159","11","0","0","0","0","0","0","0","0","","0","0","0","","","1","","0","0","40 17:49.32","","2","79 54:58.49","2","0","0","0","2440","1","0","0","N","1","0","0","2","68T09","0","","7.0","","1","N","N","","0","","0","1","0","","0","","","2","1","1","0","1","0","0","2","0","1","","","","N","","","","","","","","","",""
"2007100931","","0","0","0","0","0","0","0","0","0","4","1","55","02","8","2007","2","40.545","-79.8238","0208","11","0","0","0","0","0","1","0","0","3","0","1","0","","","1","","0","1","40 32:42.000","3","0","79 49:25.680","4","0","0","0","2208","0","0","0","N","0","0","0","4","68T02","1","","1.0","","9","N","N","","0","","0","0","1","","0","N","","2","1","0","0","0","0","0","2","0","2","","","N","Y","8","1","","","N","","","Y","",""
"2007100936","","1","0","0","0","0","0","0","0","0","1","0","","02","10","2007","4","40.388004","-79.905072","1748","11","0","0","0","0","0","1","0","0","","0","0","0","","","0","","2","0","40 23:16.814","","0","79 54:18.259","0","0","0","1","2448","0","0","0","N","0","0","0","1","02448","0","","1.0","","1","N","N","","0","","0","0","0","","0","","","2","0","0","0","0","0","0","2","0","2","","","","N","","","","","","","","","",""
"2007101001","","2","0","0","0","0","0","0","0","0","1","0","","02","8","2007","4","","","1220","11","0","0","0","0","1","0","0","0","","0","0","0","","","0","","0","0","40 25:12.00","","0","80 03:02.16","9","0","0","0","2435","0","0","0","N","0","0","0","6","68B03","0","","1.0","","1","N","N","","0","","0","0","0","","0","","","3","0","0","0","0","0","1","2","0","3","","","","N","","","","","","","","","",""
"2007101007","","1","0","0","0","0","0","0","0","0","0","0","","02","9","2007","2","40.4519","-80.0279","1151","11","0","0","1","0","0","0","0","0","1","0","0","0","","","0","","0","1","40 27:06.840","1","0","80 01:40.440","0","0","0","0","2301","0","0","0","N","0","0","0","1","02301","0","","2.0","","1","N","N","","0","","0","0","0","","0","N","","1","0","0","0","0","0","0","2","0","1","","","","N","","","","","","","","","",""
"2007101010","","1","0","0","0","0","0","0","0","0","4","0","","02","9","2007","3","40.4867","-79.8923","1045","11","0","0","0","0","0","0","0","1","","0","0","0","","","1","","0","0","40 29:12.120","","7","79 53:32.280","4","0","0","0","2301","0","0","0","N","0","0","0","2","02301","1","","9.0","","1","N","N","","1","","0","0","0","","2","","","2","1","0","0","0","0","0","2","0","2","","","","N","","","","","","","","","",""
"2007101018","","2","0","0","0","0","0","0","0","0","4","0","","02","10","2007","4","40.383247","-79.827773","1947","11","0","0","0","0","0","0","1","0","","0","0","0","","","2","","1","0","40 22:59.689","","0","79 49:39.981","8","0","0","0","2111","0","0","0","N","0","0","0","7","02111","0","","1.0","","9","N","N","","0","","0","0","0","","2","","","2","2","1","0","0","2","0","2","0","2","","","","N","","","","","","","","","",""
"2007101025","","2","0","0","0","0","0","0","0","0","4","0","","02","10","2007","4","40.365637","-79.981108","1807","11","0","0","0","0","0","1","0","0","","0","0","0","","","1","","1","0","40 21:56.293","","0","79 58:51.988","8","0","0","0","2413","0","0","0","N","0","0","0","2","02413","0","","1.0","","1","N","N","","0","","0","0","0","","3","","","2","1","0","0","0","1","0","2","0","2","","","","N","","","","","","","","","",""
"2007101045","","1","0","0","0","0","0","0","0","0","7","0","","02","10","2007","1","40.525899","-79.821405","2047","11","0","0","0","0","0","0","0","0","","0","0","0","","","0","","0","0","40 31:33.236","","0","79 49:17.059","0","0","0","0","2451","0","0","0","N","0","0","0","1","02451","0","","3.0","","1","N","N","","0","","0","0","0","","0","","","1","0","0","0","0","0","0","2","0","1","","","","N","","","","","","","","","",""
"2007101047","","2","0","0","0","0","0","0","0","0","4","0","","02","10","2007","4","40.509038","-79.88826","1709","11","0","1","0","0","0","0","0","1","","0","0","0","","","2","","1","0","40 30:32.536","","0","79 53:17.736","4","0","0","0","2432","0","0","0","N","0","0","0","3","02432","2","","1.0","","1","N","N","","0","","0","0","0","","3","","","2","2","0","0","0","0","0","2","0","2","","","","N","","","","","","","","","",""
"2007101050","","0","0","0","0","0","0","0","0","0","1","0","","02","10","2007","5","40.449444","-79.71393","0023","11","0","0","0","0","0","0","0","0","","0","0","0","","","1","","0","0","40 26:58.000","","0","79 42:50.149","4","0","0","0","2466","0","0","0","N","0","0","0","2","02466","1","","1.0","","9","N","N","","1","","0","0","1","","0","","","2","1","0","0","0","0","1","2","0","2","","","","N","","","","","","","","","",""
"2007101052","","1","0","0","0","0","0","0","0","0","7","0","","02","10","2007","4","40.638889","-79.770892","0338","11","0","0","0","0","0","0","0","0","2","0","0","0","","","0","","0","1","40 38:20.000","3","0","79 46:15.212","0","0","0","0","2202","0","0","0","N","0","0","0","1","02202","0","","2.0","","1","N","N","","0","","0","0","0","","0","N","","1","0","0","0","0","0","0","1","0","1","","","","N","","","","","","","","","",""
"2007101065","","2","0","0","0","0","0","0","0","0","4","0","","02","10","2007","5","40.524996","-79.838459","0700","11","0","0","0","0","0","2","0","0","1","0","0","0","","","2","","1","2","40 31:29.984","7","0","79 50:18.452","3","0","0","0","2451","0","0","0","N","0","0","0","4","02451","0","","1.0","","1","N","N","","1","","2","0","0","","3","Y","","3","2","1","0","0","0","0","2","0","3","","","","N","","","","","","","","","",""
"2007101069","","1","0","0","0","0","0","0","0","0","8","0","","02","10","2007","5","40.497778","-80.060151","1348","11","0","0","0","0","0","1","0","0","","0","0","0","","","1","","1","0","40 29:52.000","","0","80 03:36.544","3","0","0","0","2404","1","0","0","","1","0","0","2","02404","0","","1.0","","1","","","","0","","1","0","0","","2","","","2","1","0","0","0","0","0","2","0","1","","","","N","","","","","","","","","",""
"2007101081","","1","0","0","0","0","0","0","0","0","6","1","","02","10","2007","5","40.409087","-79.891519","1023","11","0","0","0","0","0","1","0","0","","0","1","0","","","2","","10","0","40 24:32.712","","7","79 53:29.468","4","0","0","0","2448","0","0","0","N","0","0","0","2","02448","1","","1.0","","9","N","N","","0","","0","0","0","","0","","","2","2","0","0","0","1","0","2","0","2","","","","N","","","","","","","","","",""
"2007101083","","1","0","0","0","0","0","0","0","0","4","0","","02","10","2007","5","40.438056","-79.774199","0710","11","0","0","0","0","0","0","0","0","","0","0","0","","","0","","1","0","40 26:17.000","","0","79 46:27.116","0","0","0","0","2446","0","0","0","N","0","0","0","3","02446","0","","1.0","","1","N","N","","0","","0","0","1","","2","","","2","0","0","0","0","0","0","2","0","2","","","","N","","","","","","","","","",""
"2007101086","","1","0","0","0","0","0","0","0","0","7","0","","02","10","2007","4","40.359167","-79.952628","1323","11","0","0","0","0","0","0","1","0","1","0","0","0","","","1","","0","1","40 21:33.000","1","0","79 57:09.461","8","0","0","0","2403","0","0","0","N","0","0","0","1","02403","0","","5.0","","1","N","N","","0","","0","0","0","","0","N","","1","1","0","0","0","1","0","2","0","1","","","","N","","","","","","","","","",""
"2007101113","","2","0","0","0","0","0","0","0","0","4","0","","02","10","2007","2","40.394542","-79.970058","0615","11","0","0","0","0","0","0","0","1","2","0","0","0","","","2","","1","2","40 23:40.352","1","0","79 58:12.208","2","0","0","0","2403","0","0","0","N","0","0","0","2","02403","0","","1.0","","1","N","N","","0","","0","1","0","","3","Y","","2","2","0","0","0","1","0","2","0","2","","","","N","","","","","","","","","",""
"2007101114","","1","0","0","0","0","0","0","0","0","2","0","","02","10","2007","5","40.530323","-79.8758","1545","11","0","1","0","0","0","1","0","0","","0","0","0","","","0","","0","0","40 31:49.164","","0","79 52:32.880","0","0","0","0","2432","0","0","0","N","0","0","0","5","02432","0","","1.0","","9","N","N","","0","","0","0","1","","0","","","2","0","0","0","0","0","0","2","0","2","","","","N","","","","","","","","","",""
"2007101122","","1","0","0","0","0","0","0","0","0","6","0","","02","10","2007","5","40.555","-79.908018","1008","11","0","0","0","0","0","1","0","0","","0","0","0","","","0","","2","0","40 33:18.000","","0","79 54:28.866","0","0","0","0","2209","0","0","0","N","0","0","0","2","02209","0","","1.0","","9","N","N","","1","","0","0","0","","0","","","2","0","0","0","0","0","0","2","0","2","","","","N","","","","","","","","","",""
"2007101125","","1","0","1","0","0","0","0","0","0","7","0","","02","10","2007","4","40.467809","-79.865278","2132","11","0","0","0","0","0","1","0","0","2","0","0","0","","","1","","2","2","40 28:04.114","5","0","79 51:55.000","2","0","0","0","2113","0","0","0","N","0","0","0","1","02113","0","","5.0","","1","N","N","","0","","0","1","0","","3","Y","","1","1","0","0","0","0","0","2","0","1","","","","N","","","","","","","","","",""
"2007101193","","0","0","0","0","0","0","0","0","0","1","0","","02","9","2007","5","40.475278","-79.848494","0719","11","0","0","0","0","0","1","0","0","2","0","0","0","","","3","","3","2","40 28:31.000","6","0","79 50:54.577","4","0","0","0","2113","0","0","0","N","0","0","0","4","02113","3","","1.0","","1","N","N","","0","","0","0","3","","0","N","","3","3","1","0","0","0","0","2","0","3","","","","N","","","","","","","","","",""
"2007101293","","2","0","0","0","0","0","0","0","0","4","0","","02","9","2007","6","40.384722","-80.053425","1655","11","0","0","0","0","0","1","0","1","2","0","0","0","","","2","","1","1","40 23:05.000","2","0","80 03:12.330","8","0","0","0","2109","0","0","0","N","0","0","0","2","02109","0","","1.0","","1","N","N","","0","","0","0","0","","2","N","","2","2","0","0","0","2","0","2","0","2","","","","N","","","","","","","","","",""
"2007101294","","0","0","0","0","0","0","0","0","0","4","0","","02","9","2007","6","40.366389","-80.0488","1842","11","0","0","0","0","0","1","0","0","1","0","0","0","","","0","","5","1","40 21:59.000","4","0","80 02:55.680","0","0","0","0","2109","0","0","0","N","0","0","0","2","02109","0","","1.0","","1","N","N","","0","","0","0","1","","2","N","","2","0","0","0","0","0","0","2","1","2","","","","N","","","","","","","","","",""
"2007101334","","1","0","0","0","0","0","0","0","0","7","0","","02","10","2007","5","40.3608","-79.9667","0113","11","0","0","0","0","0","0","0","0","","0","0","0","","","1","","0","0","40 21:38.880","","0","79 58:00.120","3","0","0","0","2476","0","0","0","N","0","0","0","1","02476","0","","5.0","","9","N","N","","0","","1","0","0","","0","","","1","1","0","0","0","0","0","2","0","1","","","","N","","","","","","","","","",""
"2007101376","","2","0","0","0","0","0","0","0","0","2","0","","02","10","2007","5","40.3163","-79.902","2155","11","0","1","0","0","0","0","0","0","1","0","0","0","","","4","","0","2","40 18:58.680","6","0","79 54:07.200","4","0","0","0","2440","0","0","0","N","0","0","0","4","02440","4","","1.0","","9","N","N","","0","","0","0","0","","0","Y","","2","4","0","0","0","0","0","2","0","2","","","","N","","","","","","","","","",""
"2007101405","","0","0","0","0","0","0","0","0","0","1","0","","02","9","2007","5","40.3851","-80.0535","0935","11","0","0","0","0","0","0","0","0","1","0","0","0","","","1","","0","1","40 23:06.360","2","0","80 03:12.600","4","0","0","0","2109","0","0","0","N","0","0","0","2","02109","1","","1.0","","1","N","N","","2","","0","0","0","","0","N","","2","1","0","0","0","0","0","2","0","2","","","","N","","","","","","","","","",""
"2007101406","","4","0","0","0","0","0","0","0","0","1","0","","02","9","2007","4","40.374944","-80.055917","1530","11","0","3","1","0","0","0","0","0","","0","0","0","","","0","","0","0","40 22:29.800","","0","80 03:21.300","0","0","0","0","2109","0","0","0","N","0","0","0","10","02109","0","","1.0","","1","N","N","","0","","0","0","0","","0","","","4","0","0","0","0","0","0","2","0","4","","","","N","","","","","","","","","",""
"2007101436","","1","0","0","0","0","0","0","0","0","2","0","","02","9","2007","7","40.557778","-80.204777","1718","11","0","0","0","0","0","1","0","0","","0","0","0","","","1","","2","0","40 33:28.000","","0","80 12:17.197","4","0","0","0","2441","0","0","0","N","0","0","0","2","02441","1","","1.0","","1","N","N","","0","","0","0","1","","2","","","2","1","0","0","0","0","1","2","0","2","","","","N","","","","","","","","","",""
"2007101443","","2","0","0","0","0","0","0","0","0","5","1","65","02","8","2007","2","40.5436","-79.8234","1402","11","0","0","0","1","0","0","0","0","","0","1","0","","","0","","6","0","40 32:36.960","","2","79 49:24.240","0","0","0","0","2208","0","0","0","N","0","0","0","6","68T02","0","","1.0","","9","N","N","","0","","0","0","0","","0","","","3","0","0","0","0","0","0","2","0","3","","","N","Y","3","1","","","N","","","","Y",""
"2007101446","","3","0","0","0","0","0","0","0","0","1","0","45","02","9","2007","6","40.560059","-80.115134","1124","11","0","0","0","0","0","1","0","2","1","0","0","0","","","3","","0","2","40 33:36.212","1","0","80 06:54.481","4","0","0","0","2215","0","0","0","N","0","0","0","6","68B03","3","","1.0","","1","N","N","","0","","0","0","0","","0","N","","4","3","0","0","0","0","0","1","1","4","","","Y","Y","4","1","","","N","","","","",""
"2007101447","","1","0","0","0","0","0","0","0","0","1","0","","02","8","2007","4","","","1628","11","0","0","0","0","0","0","0","0","","0","0","0","","","0","","0","0","40 25:29.28","","0","80 06:50.40","0","0","0","0","2115","0","0","0","N","0","0","0","2","68B03","0","","1.0","","1","N","N","","1","","0","0","0","","0","","","2","0","0","0","0","0","0","2","0","2","","","","N","","","","","","","","","",""
"2007101449","","0","0","0","0","0","0","0","0","0","1","0","","02","8","2007","7","40.436667","-80.210815","0010","11","0","0","0","1","0","0","0","0","","0","0","0","","","0","","0","0","40 26:12.000","","0","80 12:38.933","0","0","0","0","2214","0","0","0","N","0","0","0","4","68B03","0","","1.0","","1","N","N","","0","","0","0","2","","0","","","2","0","0","0","0","0","0","2","0","2","","","","N","","","","","","","","","",""
"2007101450","","1","0","0","0","0","0","0","0","0","1","0","","02","8","2007","3","","","0746","11","0","0","0","0","0","1","0","0","","0","0","0","","","1","","0","0","40 31:17.40","","0","80 03:57.60","4","0","0","0","2215","0","0","0","N","0","0","0","2","68B03","1","","1.0","","1","N","N","","1","","0","0","0","","0","","","2","1","0","0","0","0","0","2","0","2","","","","N","","","","","","","","","",""
"2007101451","","2","0","0","0","0","0","0","0","0","1","0","","02","8","2007","7","","","0604","11","0","0","0","0","1","1","0","0","1","0","0","0","","","0","","0","2","40 24:46.80","2","0","80 04:47.28","0","0","0","0","2457","0","0","0","N","0","0","0","7","68B03","0","","1.0","","1","N","N","","0","","0","0","0","","0","N","","3","0","0","0","0","0","0","2","1","3","","","","N","","","","","","","","","",""
"2007101461","","1","0","0","0","0","0","0","0","0","1","0","","02","9","2007","3","40.4525","-79.826178","0852","11","0","0","0","0","0","1","0","0","","0","0","0","","","0","","0","0","40 27:09.000","","0","79 49:34.240","0","0","0","0","2113","0","0","0","N","0","0","0","5","02113","0","","1.0","","1","N","N","","0","","0","0","1","","0","","","3","0","0","0","0","0","0","2","1","3","","","","N","","","","","","","","","",""
"2007101462","","2","0","0","0","0","0","0","0","0","1","0","","02","9","2007","7","40.443423","-79.813864","0230","11","0","0","0","0","0","0","0","0","","0","0","0","","","0","","0","0","40 26:36.322","","0","79 48:49.911","9","0","0","0","2113","0","0","0","N","0","0","0","3","02113","0","","1.0","","1","N","N","","0","","0","0","0","","0","","","2","0","1","0","0","0","1","2","0","2","","","","N","","","","","","","","","",""
"2007101467","","1","0","0","1","0","0","0","0","0","8","0","","02","9","2007","6","40.4455","-79.7982","1741","11","0","0","0","0","0","0","0","0","1","0","0","0","","","1","","0","2","40 26:43.800","2","0","79 47:53.520","3","0","0","0","2113","1","0","0","N","0","0","0","3","02113","0","","1.0","","1","N","N","","0","","1","0","0","","0","N","","2","1","0","0","0","0","0","2","0","1","","","","N","","","","","","","","","",""
"2007101468","","2","0","0","0","0","0","0","0","0","1","0","","02","9","2007","3","40.4598","-79.8235","0939","11","0","0","0","0","0","0","0","1","","0","0","0","","","1","","0","0","40 27:35.280","","0","79 49:24.600","4","0","0","0","2113","0","0","0","N","0","0","0","4","02113","1","","1.0","","1","N","N","","0","","0","0","1","","0","","","3","1","0","0","0","0","0","2","0","3","","","","N","","","","","","","","","",""
"2007101469","","1","0","0","0","0","0","0","0","0","4","0","","02","9","2007","6","40.466241","-79.888624","1916","11","0","0","0","0","0","0","1","0","2","0","0","0","","","1","","1","2","40 27:58.467","7","0","79 53:19.046","4","0","0","0","2113","0","0","0","N","0","0","0","2","02113","1","","1.0","","1","N","N","","0","","0","0","1","","3","N","","2","1","0","0","0","0","0","2","0","2","","","","N","","","","","","","","","",""
"2007101495","","0","0","0","0","0","0","0","0","0","1","1","","02","8","2007","5","","","0840","11","0","0","0","0","0","0","0","0","","0","1","0","","","2","","0","0","40 25:06.60","","0","80 05:20.04","4","0","0","0","2435","0","0","0","N","0","0","0","3","68B03","2","","1.0","","1","N","N","","0","","0","0","1","","0","","","3","2","0","0","0","0","0","2","1","3","","","","N","","","","","","","","","",""
"2007101496","","1","0","0","0","0","0","0","0","0","1","1","","02","8","2007","5","","","0840","11","0","0","0","0","0","0","0","0","","0","1","0","","","0","","0","0","40 25:06.60","","0","80 05:20.04","0","0","0","0","2435","0","0","0","N","0","0","0","2","68B03","0","","1.0","","1","N","N","","0","","0","0","0","","0","","","2","0","0","0","0","0","0","2","0","2","","","","N","","","","","","","","","",""
"2007101510","","1","0","0","0","0","0","0","0","0","1","0","","02","8","2007","6","","","1214","11","0","0","0","0","0","0","0","0","","0","0","0","","","1","","0","0","40 25:06.60","","0","80 05:20.04","4","0","0","0","2435","0","0","0","N","0","0","0","2","68B03","1","","1.0","","1","N","N","","1","","0","0","0","","0","","","2","1","0","0","0","0","0","2","0","2","","","","N","","","","","","","","","",""
"2007101511","","1","0","0","0","0","0","0","0","0","1","0","","02","9","2007","5","","","0741","11","0","0","0","0","1","0","0","0","","0","0","0","","","0","","0","0","40 25:14.52","","0","80 02:55.32","0","0","0","0","2435","0","0","0","N","0","0","0","2","68B03","0","","1.0","","1","N","N","","0","","0","0","1","","0","","","2","0","0","0","0","0","0","2","0","2","","","","N","","","","","","","","","",""
"2007101512","","4","0","0","0","0","0","0","0","0","1","0","","02","9","2007","7","40.443889","-80.178271","2340","11","0","0","0","2","1","0","0","0","2","0","0","0","","","1","","0","1","40 26:38.000","3","0","80 10:41.777","4","0","0","0","2214","0","0","0","N","0","0","0","9","68B03","1","","1.0","","1","N","N","","0","","0","0","0","","0","N","","4","1","0","0","0","0","0","2","0","4","","","","N","","","","","","","","","",""
"2007101528","","1","0","0","0","0","0","0","0","0","4","0","","02","9","2007","1","40.388333","-80.042929","1628","11","0","0","0","0","0","1","0","0","2","0","0","0","","","1","","2","2","40 23:18.000","1","0","80 02:34.546","8","0","0","0","2109","0","0","0","N","0","0","0","2","02109","0","","1.0","","1","N","N","","0","","0","0","1","","2","N","","2","1","1","0","0","1","0","2","0","2","","","","N","","","","","","","","","",""
"2007101638","","1","0","0","0","0","0","0","0","0","7","0","","02","10","2007","5","40.312214","-79.947972","0525","11","0","0","0","0","0","0","0","0","2","0","0","0","","","1","","0","2","40 18:43.969","6","0","79 56:52.699","8","0","0","0","2440","0","0","0","N","0","0","0","1","02440","0","","5.0","","9","N","N","","0","","0","0","0","","0","Y","","1","1","0","0","0","1","0","2","0","1","","","","N","","","","","","","","","",""
"2007101648","","2","0","0","0","0","0","0","0","0","4","0","35","02","10","2007","5","40.306667","-80.093787","0904","11","0","0","0","0","0","0","2","0","1","0","0","0","","","0","","2","1","40 18:24.000","2","0","80 05:37.634","0","0","0","0","2123","0","0","0","Y","0","0","0","2","02123","0","","1.0","","9","N","N","","0","","0","0","0","","0","N","","2","0","0","0","0","0","0","2","0","2","","","Y","Y","4","2","","","N","Y","","","",""
"2007101651","","1","0","0","0","0","0","0","0","0","1","0","","02","10","2007","2","40.537778","-80.036294","1256","11","0","0","0","0","0","0","1","0","","0","0","0","","","0","","0","0","40 32:16.000","","0","80 02:10.657","0","0","0","0","2116","0","0","0","N","0","0","0","2","02116","0","","1.0","","1","N","N","","0","","0","0","1","","0","","","2","0","0","0","0","0","0","2","0","2","","","","N","","","","","","","","","",""
"2007101659","","0","0","0","0","0","0","0","0","0","7","0","","02","10","2007","6","40.665214","-80.049943","0727","11","0","0","0","0","0","0","0","0","1","0","0","0","","","0","","0","2","40 39:54.770","2","0","80 02:59.794","0","0","0","0","2216","0","0","0","N","0","0","0","1","02505","0","","5.0","","9","N","N","","0","","0","0","1","","0","N","","1","0","0","0","0","0","0","2","0","1","","","","N","","","","","","","","","",""
"2007101665","","1","0","0","0","0","0","1","0","0","1","1","","02","10","2007","5","","","1005","11","0","0","0","0","0","1","1","0","","0","0","0","","","1","","0","0","","","0","","8","0","0","0","2208","0","0","0","N","0","0","0","2","02503","0","","1.0","","1","N","N","","0","","0","0","0","","0","","","2","1","0","0","0","1","0","1","0","2","","","","N","","","","","","","","","",""
"2007101668","","0","0","0","0","0","0","0","0","0","8","0","","02","10","2007","6","40.499242","-80.063496","0707","11","0","0","0","0","0","0","0","0","2","0","0","0","","","1","","0","2","40 29:57.270","6","0","80 03:48.587","2","0","0","0","2402","1","0","1","N","1","0","1","2","02402","0","","1.0","","9","N","N","","0","","0","1","0","","0","Y","","2","1","0","0","0","0","0","2","1","1","","","","N","","","","","","","","","",""
"2007101683","","0","0","0","0","0","0","0","0","0","7","0","","02","10","2007","4","40.5312","-79.7095","1837","11","0","0","0","0","0","0","0","0","","0","0","0","","","0","","0","0","40 31:52.320","","0","79 42:34.200","0","0","0","0","2466","0","0","0","Y","0","0","0","1","02466","0","","5.0","","9","N","N","","1","","0","0","0","","0","","","1","0","0","0","0","0","0","1","0","1","","","","N","","","","","","","","","",""
"2007101692","","2","0","0","0","0","0","0","0","0","1","0","","02","10","2007","6","40.6375","-80.063229","1456","11","0","0","0","0","0","0","0","0","","0","0","0","","","0","","0","0","40 38:15.000","","0","80 03:47.624","0","0","0","0","2216","0","0","0","N","0","0","0","2","02505","0","","1.0","","1","N","N","","0","","0","0","0","","0","","","2","0","0","0","0","0","0","2","0","2","","","","N","","","","","","","","","",""
"2007101695","","1","0","0","0","0","0","0","0","0","1","0","","02","10","2007","6","40.6157","-80.094","1525","11","0","0","1","0","1","0","0","0","1","0","0","0","","","2","","0","1","40 36:56.520","3","0","80 05:38.400","4","0","0","0","2212","0","0","0","N","0","0","0","3","02505","2","","1.0","","1","N","N","","0","","0","0","2","","0","N","","3","2","0","0","0","0","0","2","0","3","","","","N","","","","","","","","","",""
"2007101698","","1","0","0","0","0","0","0","0","0","1","0","","02","10","2007","3","40.272778","-79.885206","1608","11","0","0","1","0","0","0","0","0","2","0","0","0","","","1","","0","2","40 16:22.000","1","0","79 53:06.742","8","0","0","0","2428","0","0","0","N","0","0","0","2","02428","0","","1.0","","1","N","N","","0","","0","0","1","","4","N","","2","1","1","0","0","1","0","2","0","2","","","","N","","","","","","","","","",""
"2007101703","","0","0","0","0","0","0","0","0","0","7","0","","02","10","2007","5","40.477778","-80.176704","1456","11","0","0","0","0","0","1","0","0","3","0","0","0","","","0","","0","2","40 28:40.000","6","0","80 10:36.134","0","0","0","0","2213","0","0","0","N","0","0","0","1","02213","0","","4.0","","9","N","Y","","0","","0","0","0","","1","Y","","1","0","1","0","0","0","0","2","1","1","","","","N","","","","","","","","","",""
"2007101711","","2","0","0","0","0","0","0","0","0","1","0","","02","10","2007","6","40.66","-80.092815","1633","11","0","0","0","0","0","0","0","0","","0","0","0","","","0","","2","0","40 39:36.000","","0","80 05:34.135","0","0","0","0","2212","0","0","0","N","0","0","0","2","02505","0","","1.0","","1","N","N","","0","","0","0","0","","2","","","2","0","0","0","0","0","0","2","0","2","","","","N","","","","","","","","","",""
"2007101742","","0","0","0","0","0","0","0","0","0","4","0","","02","10","2007","5","40.475","-79.767981","1820","11","0","1","0","0","0","1","0","0","","0","0","0","","","1","","2","0","40 28:30.000","","0","79 46:04.732","8","0","0","0","2466","0","0","0","N","0","0","0","2","02466","0","","1.0","","9","N","N","","0","","0","0","2","","0","","","2","1","0","0","0","1","0","2","0","2","","","","N","","","","","","","","","",""
"2007101743","","3","0","0","0","0","0","0","0","0","1","0","","02","10","2007","6","40.4964","-79.9383","1619","11","0","0","0","0","0","0","0","0","2","0","0","0","","","2","","0","1","40 29:47.040","1","0","79 56:17.880","3","0","0","0","2430","0","0","0","N","0","0","0","3","02430","0","","1.0","","1","N","N","","0","","2","0","0","","0","N","","3","2","0","0","0","0","0","2","0","3","","","","N","","","","","","","","","",""
"2007101844","","0","0","0","0","0","0","1","0","0","8","1","","02","10","2007","5","40.443304","-79.996569","2325","11","0","0","0","0","0","1","0","0","","0","0","0","","","1","","2","0","40 26:35.894","","0","79 59:47.648","3","0","0","0","2301","1","0","0","N","1","0","0","2","02503","0","","1.0","","9","N","N","","0","","1","0","0","","2","","","2","1","0","0","0","0","0","2","0","1","","","","N","","","","","","","","","",""