"CRN","ARRIVAL_TM","AUTOMOBILE_COUNT","BELTED_DEATH_COUNT","BELTED_SUSP_SERIOUS_INJ_COUNT","BICYCLE_COUNT","BICYCLE_DEATH_COUNT","BICYCLE_SUSP_SERIOUS_INJ_COUNT","BUS_COUNT","CHLDPAS_DEATH_COUNT","CHLDPAS_SUSP_SERIOUS_INJ_COUNT","COLLISION_TYPE","COMM_VEH_COUNT","CONS_ZONE_SPD_LIM","COUNTY","CRASH_MONTH","CRASH_YEAR","DAY_OF_WEEK","DEC_LATITUDE","DEC_LONGITUDE","DISPATCH_TM","DISTRICT","DRIVER_COUNT_16YR","DRIVER_COUNT_17YR","DRIVER_COUNT_18YR","DRIVER_COUNT_19YR","DRIVER_COUNT_20YR","DRIVER_COUNT_50_64YR","DRIVER_COUNT_65_74YR","DRIVER_COUNT_75PLUS","EST_HRS_CLOSED","FATAL_COUNT","HEAVY_TRUCK_COUNT","HORSE_BUGGY_COUNT","HOUR_OF_DAY","ILLUMINATION","INJURY_COUNT","INTERSECTION_RELATED","INTERSECT_TYPE","LANE_CLOSED","LATITUDE","LN_CLOSE_DIR","LOCATION_TYPE","LONGITUDE","MAX_SEVERITY_LEVEL","MCYCLE_DEATH_COUNT","MCYCLE_SUSP_SERIOUS_INJ_COUNT","MOTORCYCLE_COUNT","MUNICIPALITY","NONMOTR_COUNT","NONMOTR_DEATH_COUNT","NONMOTR_SUSP_SERIOUS_INJ_COUNT","NTFY_HIWY_MAINT","PED_COUNT","PED_DEATH_COUNT","PED_SUSP_SERIOUS_INJ_COUNT","PERSON_COUNT","POLICE_AGCY","POSSIBLE_INJ_COUNT","RDWY_SURF_TYPE_CD","RELATION_TO_ROAD","ROADWAY_CLEARED","ROAD_CONDITION","SCH_BUS_IND","SCH_ZONE_IND","SECONDARY_CRASH","SMALL_TRUCK_COUNT","SPEC_JURIS_CD","SUSP_MINOR_INJ_COUNT","SUSP_SERIOUS_INJ_COUNT","SUV_COUNT","TCD_FUNC_CD","TCD_TYPE","TFC_DETOUR_IND","TIME_OF_DAY","TOTAL_UNITS","TOT_INJ_COUNT","UNBELTED_OCC_COUNT","UNB_DEATH_COUNT","UNB_SUSP_SERIOUS_INJ_COUNT","UNK_INJ_DEG_COUNT","UNK_INJ_PER_COUNT","URBAN_RURAL","VAN_COUNT","VEHICLE_COUNT","WEATHER1","WEATHER2","WORKERS_PRES","WORK_ZONE_IND","WORK_ZONE_LOC","WORK_ZONE_TYPE","WZ_CLOSE_DETOUR","WZ_FLAGGER","WZ_LAW_OFFCR_IND","WZ_LN_CLOSURE","WZ_MOVING","WZ_OTHER","WZ_SHLDER_MDN","WZ_WORKERS_INJ_KILLED"
"2007103428","","1","0","0","0","0","0","0","0","0","7","0","","02","9","2007","5","40.4202","-80.0375","1710","11","0","0","0","0","0","0","0","0","","0","0","0","","","0","","0","","40 25:12.720","","2","80 02:15.000","0","0","0","0","2301","0","0","0","N","0","0","0","2","02301","0","","2.0","","1","N","N","","0","","0","0","0","","0","","","1","0","0","0","0","0","0","2","0","1","","","","N","","","","","","","","","",""
"2007103441","","1","0","0","0","0","0","0","0","0","5","0","","02","10","2007","6","40.275","-79.903036","1052","11","0","0","0","0","0","1","1","0","2","0","0","0","","","0","","0","","40 16:30.000","1","0","79 54:10.929","0","0","0","0","2440","0","0","0","N","0","0","0","2","02440","0","","1.0","","9","N","N","","1","","0","0","0","","0","N","","2","0","0","0","0","0","0","2","0","2","","","","N","","","","","","","","","",""
"2007103444","","1","0","0","0","0","0","0","0","0","1","0","","02","10","2007","6","40.491601","-80.061176","1230","11","0","0","0","0","0","0","1","0","","0","0","0","","","0","","2","","40 29:29.763","","0","80 03:40.234","0","0","0","0","2404","0","0","0","N","0","0","0","2","02404","0","","1.0","","9","N","N","","1","","0","0","0","","2","","","2","0","0","0","0","0","0","2","0","2","","","","N","","","","","","","","","",""
"2007103453","","0","0","0","0","0","0","0","0","0","7","0","","02","10","2007","5","40.519722","-79.733275","2136","11","0","0","0","0","0","0","0","0","2","0","0","0","","","0","","0","","40 31:11.000","4","0","79 43:59.791","0","0","0","0","2466","0","0","0","N","0","0","0","0","02466","0","","4.0","","1","N","N","","0","","0","0","1","","0","Y","","1","0","0","0","0","0","0","1","0","1","","","","N","","","","","","","","","",""
"2007103455","","1","0","0","0","0","0","0","0","0","1","0","","02","10","2007","6","40.327778","-80.073793","0835","11","0","0","0","0","1","0","0","1","1","0","0","0","","","1","","2","","40 19:40.000","1","0","80 04:25.656","3","0","0","0","2123","0","0","0","N","0","0","0","2","02123","0","","1.0","","9","N","N","","0","","1","0","1","","0","N","","2","1","0","0","0","0","0","2","0","2","","","","N","","","","","","","","","",""
"2007103464","","2","0","0","0","0","0","0","0","0","4","0","","02","10","2007","6","40.283889","-79.899361","1507","11","0","1","0","0","0","0","1","0","2","0","0","0","","","0","","0","","40 17:02.000","5","7","79 53:57.699","0","0","0","0","2440","0","0","0","N","0","0","0","2","02440","0","","1.0","","9","N","N","","0","","0","0","0","","3","N","","2","0","0","0","0","0","0","2","0","2","","","","N","","","","","","","","","",""
"2007103465","","2","0","0","0","0","0","0","0","0","2","0","","02","10","2007","6","40.379167","-79.806987","1536","11","0","1","0","0","0","0","0","0","1","0","0","0","","","1","","1","","40 22:45.000","3","0","79 48:25.154","3","0","0","0","2111","0","0","0","N","0","0","0","2","02111","0","","1.0","","9","N","N","","0","","1","0","0","","3","N","","2","1","1","0","0","0","0","2","0","2","","","","N","","","","","","","","","",""
"2007103469","","1","0","0","0","0","0","0","0","0","1","0","","02","10","2007","4","40.275","-79.892789","1700","11","0","0","0","0","0","0","0","0","","0","0","0","","","0","","0","","40 16:30.000","","0","79 53:34.039","0","0","0","0","2471","0","0","0","N","0","0","0","2","02428","0","","7.0","","1","N","N","","0","","0","0","1","","3","","","2","0","0","0","0","0","0","2","0","2","","","","N","","","","","","","","","",""
"2007103470","","2","0","0","0","0","0","0","0","0","4","0","","02","10","2007","6","40.519637","-80.014735","1647","11","0","0","0","0","0","0","0","0","1","0","0","0","","","1","","2","","40 31:10.693","5","0","80 00:53.045","8","0","0","0","2116","0","0","0","N","0","0","0","4","02116","0","","1.0","","1","N","N","","0","","0","0","1","","0","Y","","3","1","3","0","0","1","0","2","0","3","","","","N","","","","","","","","","",""
"2007103473","","1","0","0","0","0","0","0","0","0","4","0","","02","10","2007","6","40.501667","-79.81259","1613","11","0","0","0","0","0","0","0","0","","0","0","0","","","2","","5","","40 30:06.000","","0","79 48:45.324","4","0","0","0","2113","0","0","0","N","0","0","0","2","02113","2","","1.0","","9","N","N","","1","","0","0","0","","0","","","2","2","0","0","0","0","0","2","0","2","","","","N","","","","","","","","","",""
"2007103477","","0","0","0","0","0","0","0","0","0","8","0","","02","10","2007","5","40.333056","-80.023876","1556","11","0","0","0","0","0","0","0","0","1","0","0","0","","","1","","0","","40 19:59.000","5","0","80 01:25.954","8","0","0","0","2407","1","0","0","N","1","0","0","2","02407","0","","1.0","","1","N","N","","0","","0","0","1","","0","Y","","2","1","0","0","0","1","0","2","0","1","","","","N","","","","","","","","","",""
"2007103494","","1","0","0","0","0","0","0","0","0","4","0","","02","10","2007","4","40.274722","-79.881561","1920","11","0","0","0","0","1","0","0","1","","0","0","0","","","0","","1","","40 16:29.000","","0","79 52:53.620","0","0","0","0","2428","0","0","0","N","0","0","0","3","02428","0","","1.0","","1","N","N","","1","","0","0","0","","2","","","2","0","0","0","0","0","0","2","0","2","","","","N","","","","","","","","","",""
"2007103496","","2","0","0","0","0","0","0","0","0","1","0","","02","9","2007","5","","","1608","11","0","0","0","0","0","0","0","0","","0","0","0","","","0","","2","","","","0","","0","0","0","0","2456","0","0","0","N","0","0","0","3","02456","0","","1.0","","1","N","N","","0","","0","0","0","","0","","","2","0","0","0","0","0","0","1","0","2","","","","N","","","","","","","","","",""
"2007103533","","4","0","0","0","0","0","0","0","0","1","0","","02","9","2007","7","40.3325","-79.846554","1135","11","1","0","0","0","0","2","1","0","","0","0","0","","","3","","1","","40 19:57.000","","0","79 50:47.596","4","0","0","0","2304","0","0","0","N","0","0","0","5","02304","3","","1.0","","1","N","N","","0","","0","0","0","","2","","","4","3","0","0","0","0","0","2","0","4","","","","N","","","","","","","","","",""
"2007103599","","1","0","0","0","0","0","0","0","0","4","0","","02","10","2007","2","40.464712","-79.957865","1516","11","0","0","0","0","0","0","0","0","","0","0","0","","","0","","2","","40 27:52.963","","0","79 57:28.314","0","0","0","0","2301","0","0","0","N","0","0","0","2","02301","0","","1.0","","1","N","N","","0","","0","0","0","","0","","","2","0","0","0","0","0","0","2","1","2","","","","N","","","","","","","","","",""
"2007103600","","2","0","0","0","0","0","0","0","0","4","0","","02","9","2007","6","40.462661","-79.967202","1636","11","0","0","0","0","0","0","1","0","2","0","0","0","","","2","","1","","40 27:45.580","4","0","79 58:01.926","3","0","0","0","2301","0","0","0","N","0","0","0","3","02301","0","","1.0","","1","N","N","","0","","2","0","0","","2","N","","2","2","0","0","0","0","0","2","0","2","","","","N","","","","","","","","","",""
"2007103601","","2","0","0","0","0","0","0","0","0","4","0","","02","9","2007","6","40.450952","-79.900096","0822","11","0","0","0","0","0","0","0","0","","0","0","0","","","0","","1","","40 27:03.427","","0","79 54:00.345","9","0","0","0","2301","0","0","0","N","0","0","0","2","02301","0","","1.0","","1","N","N","","0","","0","0","0","","2","","","2","0","0","0","0","0","1","2","0","2","","","","N","","","","","","","","","",""
"2007103603","","2","0","0","0","0","0","0","0","0","4","0","","02","10","2007","1","40.432607","-79.927568","0359","11","0","0","0","0","0","0","0","0","2","0","0","0","","","0","","1","","40 25:57.385","3","0","79 55:39.244","0","0","0","0","2301","0","0","0","N","0","0","0","3","02301","0","","1.0","","1","N","N","","0","","0","0","0","","2","N","","2","0","0","0","0","0","0","2","0","2","","","","N","","","","","","","","","",""
"2007103604","","2","0","0","0","0","0","0","0","0","1","0","","02","10","2007","6","40.440026","-79.916513","1530","11","0","0","0","0","0","1","0","0","","0","0","0","","","1","","0","","40 26:24.093","","0","79 54:59.446","4","0","0","0","2301","0","0","0","N","0","0","0","3","02301","1","","1.0","","1","N","N","","0","","0","0","0","","0","","","2","1","0","0","0","0","0","2","0","2","","","","N","","","","","","","","","",""
"2007103605","","1","0","0","1","0","0","0","0","0","8","0","","02","10","2007","6","40.451877","-79.952051","1722","11","0","0","0","0","0","0","0","0","","0","0","0","","","1","","1","","40 27:06.757","","0","79 57:07.383","8","0","0","0","2301","1","0","0","N","0","0","0","3","02301","0","","1.0","","1","N","N","","0","","0","0","0","","2","","","2","1","0","0","0","1","0","2","0","1","","","","N","","","","","","","","","",""
"2007103606","","2","0","0","0","0","0","0","0","0","4","0","","02","10","2007","6","40.431111","-79.959222","2355","11","0","0","0","0","0","0","0","0","","0","0","0","","","0","","1","","40 25:52.000","","0","79 57:33.198","0","0","0","0","2301","0","0","0","N","0","0","0","3","02301","0","","1.0","","1","N","N","","0","","0","0","0","","2","","","2","0","0","0","0","0","0","2","0","2","","","","N","","","","","","","","","",""
"2007103607","","1","0","0","0","0","0","0","0","0","1","0","","02","10","2007","7","40.443996","-79.938558","9999","11","0","0","0","0","1","0","0","0","1","0","0","0","","","2","","0","","40 26:38.385","3","0","79 56:18.809","3","0","0","0","2301","0","0","0","N","0","0","0","2","02301","0","","6.0","","1","N","N","","0","","2","0","1","","0","Y","","2","2","2","0","0","0","0","2","0","2","","","","N","","","","","","","","","",""
"2007103609","","0","0","0","0","0","0","0","0","0","4","0","","02","10","2007","1","40.438031","-79.916137","0030","11","0","0","0","0","0","0","0","0","","0","0","0","","","0","","1","","40 26:16.911","","0","79 54:58.093","0","0","0","0","2301","0","0","0","N","0","0","0","3","02301","0","","1.0","","1","N","N","","0","","0","0","2","","2","","","2","0","0","0","0","0","0","2","0","2","","","","N","","","","","","","","","",""
"2007103610","","1","0","0","0","0","0","0","0","0","7","0","","02","9","2007","7","40.446974","-80.014085","0312","11","0","0","0","0","1","0","0","0","","0","0","0","","","1","","0","","40 26:49.107","","0","80 00:50.706","8","0","0","0","2301","0","0","0","N","0","0","0","1","02301","0","","4.0","","1","N","N","","0","","0","0","0","","0","","","1","1","1","0","0","1","0","2","0","1","","","","N","","","","","","","","","",""
"2007103611","","2","0","0","0","0","0","0","0","0","5","0","","02","9","2007","6","40.480938","-80.037553","0606","11","0","0","0","0","0","0","0","0","2","0","0","0","","","0","","0","","40 28:51.376","6","0","80 02:15.190","9","0","0","0","2301","0","0","0","N","0","0","0","1","02301","0","","1.0","","9","N","N","","0","","0","0","0","","0","Y","","3","0","0","0","0","0","1","2","1","3","","","","N","","","","","","","","","",""
"2007103612","","1","0","0","0","0","0","0","0","0","1","0","","02","10","2007","4","40.444378","-79.948705","1538","11","0","0","0","0","0","0","0","0","1","0","0","0","","","1","","1","","40 26:39.760","3","0","79 56:55.338","4","0","0","0","2301","0","0","0","N","0","0","0","2","02301","1","","1.0","","1","N","N","","0","","0","0","1","","2","N","","2","1","0","0","0","0","0","2","0","2","","","","N","","","","","","","","","",""
"2007103613","","2","0","0","0","0","0","0","0","0","1","0","","02","10","2007","4","40.439253","-79.919494","2031","11","0","1","0","0","0","0","0","0","1","0","0","0","","","0","","0","","40 26:21.310","5","0","79 55:10.178","0","0","0","0","2301","0","0","0","N","0","0","0","1","02301","0","","6.0","","1","N","N","","0","","0","0","0","","0","N","","2","0","0","0","0","0","0","2","0","2","","","","N","","","","","","","","","",""
"2007103642","","0","0","0","0","0","0","0","0","0","1","0","","02","10","2007","6","40.326607","-79.957074","2218","11","0","1","0","0","0","0","0","0","","0","0","0","","","2","","0","","40 19:35.786","","0","79 57:25.468","8","0","0","0","2454","0","0","0","N","0","0","0","5","02454","0","","1.0","","1","N","N","","0","","0","0","2","","0","","","2","2","0","0","0","2","0","2","0","2","","","","N","","","","","","","","","",""
"2007103654","","0","0","0","0","0","0","0","0","0","7","0","45","02","9","2007","7","40.55","-79.81889","2156","11","0","0","0","0","0","0","0","0","","0","0","0","","","0","","0","","40 33:00.000","","0","79 49:08.004","0","0","0","0","2208","0","0","0","N","0","0","0","1","68D02","0","","3.0","","1","N","N","","0","","0","0","1","","0","","","1","0","0","0","0","0","0","2","0","1","","","N","Y","4","1","","","N","","","","",""
"2007103656","","1","0","0","0","0","0","0","0","0","5","0","","02","9","2007","5","","","1150","11","0","0","0","0","0","0","0","0","","0","0","0","","","0","","0","","","","0","","0","0","0","0","2301","0","0","0","","0","0","0","2","02301","0","","1.0","","1","N","N","","0","","0","0","1","","0","","","2","0","0","0","0","0","0","1","0","2","","","","N","","","","","","","","","",""
"2007103688","","1","0","0","0","0","0","0","0","0","7","0","","02","9","2007","3","40.318889","-79.834434","2131","11","0","0","0","0","0","1","0","0","1","0","0","0","","","1","","1","","40 19:08.000","1","0","79 50:03.964","4","0","0","0","2469","0","0","0","N","0","0","0","1","02469","1","","4.0","","1","N","N","","0","","0","0","0","","0","Y","","1","1","0","0","0","0","0","2","0","1","","","","N","","","","","","","","","",""
"2007103695","","1","0","0","0","0","0","0","0","0","8","0","","02","10","2007","2","40.412571","-79.856331","1934","11","0","0","0","0","0","0","0","1","","0","0","0","","","1","","1","","40 24:45.254","","0","79 51:22.791","8","0","0","0","2411","1","0","0","N","1","0","0","2","02411","0","","1.0","","1","N","N","","0","","0","0","0","","3","","","2","1","0","0","0","1","0","2","0","1","","","","N","","","","","","","","","",""
"2007103698","","2","0","0","0","0","0","0","0","0","2","0","","02","10","2007","7","40.448413","-79.934205","0022","11","0","0","0","0","0","1","0","0","","0","0","0","","","0","","2","","40 26:54.286","","0","79 56:03.138","0","0","0","0","2301","0","0","0","N","0","0","0","2","02301","0","","1.0","","1","N","N","","0","","0","0","0","","2","","","2","0","0","0","0","0","0","2","0","2","","","","N","","","","","","","","","",""
"2007103701","","1","0","0","0","0","0","0","0","0","5","0","","02","10","2007","6","40.435214","-79.947067","1627","11","0","0","0","0","0","0","1","0","9","0","0","0","","","0","","1","","40 26:06.771","6","0","79 56:49.440","9","0","0","0","2301","0","0","0","N","0","0","0","6","02301","0","","1.0","","1","N","N","","0","","0","0","1","","4","N","","2","0","0","0","0","0","1","2","0","2","","","","N","","","","","","","","","",""
"2007103702","","2","0","0","0","0","0","0","0","0","7","0","","02","9","2007","7","","","0602","11","0","0","0","0","0","0","0","0","1","0","0","0","","","0","","2","","","3","0","","0","0","0","0","2301","0","0","0","N","0","0","0","2","02301","0","","4.0","","1","N","N","","0","","0","0","0","","0","N","","2","0","0","0","0","0","0","1","0","2","","","","N","","","","","","","","","",""
"2007103713","","1","0","0","0","0","0","0","0","0","1","0","","02","10","2007","5","40.401944","-80.188799","1436","11","0","0","1","1","0","0","0","0","","0","0","0","","","0","","2","","40 24:07.000","","0","80 11:19.678","0","0","0","0","2450","0","0","0","N","0","0","0","2","02450","0","","1.0","","9","N","N","","0","","0","0","1","","0","","","2","0","0","0","0","0","0","2","0","2","","","","N","","","","","","","","","",""
"2007103725","","0","0","0","0","0","0","0","0","0","5","1","","02","10","2007","4","","","1043","11","0","0","0","0","0","0","0","0","","0","1","0","","","0","","0","","","","0","","0","0","0","0","2472","0","0","0","N","0","0","0","4","02472","0","","1.0","","1","N","N","","0","","0","0","0","","3","","","2","0","0","0","0","0","0","1","1","2","","","","N","","","","","","","","","",""
"2007103779","","2","0","0","0","0","0","0","0","0","1","0","","02","10","2007","6","40.401667","-79.823618","2332","11","0","1","0","0","0","1","0","0","1","0","0","0","","","0","","2","","40 24:06.000","1","0","79 49:25.024","0","0","0","0","2111","0","0","0","N","0","0","0","4","02111","0","","1.0","","1","N","N","","0","","0","0","0","","0","N","","2","0","1","0","0","0","0","2","0","2","","","","N","","","","","","","","","",""
"2007103784","","0","0","0","0","0","0","0","0","0","1","1","","02","10","2007","2","40.2953","-79.8746","0615","11","0","0","0","0","0","0","1","0","2","0","1","0","","","1","","0","","40 17:43.080","2","0","79 52:28.560","4","0","0","0","2302","0","0","0","N","0","0","0","2","02302","1","","1.0","","1","N","N","","0","","0","0","1","","8","Y","","2","1","0","0","0","0","0","2","0","2","","","","N","","","","","","","","","",""
"2007103818","","2","0","0","0","0","0","0","0","0","6","0","","02","10","2007","1","40.6202","-79.9442","1545","11","0","0","0","0","0","0","0","1","","0","0","0","","","1","","0","","40 37:12.720","","7","79 56:39.120","8","0","0","0","2217","0","0","0","N","0","0","0","5","02505","0","","1.0","","1","N","N","","0","","0","0","0","","2","","","2","1","0","0","0","1","0","2","0","2","","","","N","","","","","","","","","",""
"2007103827","","0","0","0","0","0","0","0","0","0","1","0","","02","10","2007","7","40.457222","-79.70887","1534","11","0","0","0","1","0","0","1","0","","0","0","0","","","0","","0","","40 27:26.000","","0","79 42:31.931","0","0","0","0","2466","0","0","0","N","0","0","0","2","02466","0","","1.0","","1","N","N","","1","","0","0","1","","0","","","2","0","0","0","0","0","0","2","0","2","","","","N","","","","","","","","","",""
"2007103833","","1","0","0","0","0","0","0","0","0","6","0","","02","10","2007","7","40.397717","-80.088309","1923","11","0","0","0","0","0","2","0","0","1","0","0","0","","","0","","0","","40 23:51.781","5","0","80 05:17.912","9","0","0","0","2117","0","0","0","N","0","0","0","2","02117","0","","1.0","","1","N","N","","0","","0","0","0","","0","Y","","2","0","0","0","0","0","1","2","0","2","","","","N","","","","","","","","","",""
"2007103834","","2","0","0","0","0","0","0","0","0","4","0","","02","9","2007","6","40.552116","-80.023354","1653","11","0","0","0","0","0","1","0","0","","0","0","0","","","0","","1","","40 33:07.617","","0","80 01:24.074","0","0","0","0","2116","0","0","0","Y","0","0","0","2","02116","0","","1.0","","1","N","N","","0","","0","0","0","","2","","","2","0","0","0","0","0","0","2","0","2","","","","N","","","","","","","","","",""
"2007103854","","2","0","0","0","0","0","0","0","0","4","0","","02","10","2007","5","40.3875","-80.090992","2305","11","0","0","0","1","0","0","0","0","1","0","0","0","","","0","","2","","40 23:15.000","3","0","80 05:27.572","0","0","0","0","2437","0","0","0","N","0","0","0","2","02437","0","","1.0","","1","N","N","","0","","0","0","0","","2","N","","2","0","0","0","0","0","0","2","0","2","","","","N","","","","","","","","","",""
"2007103855","","1","0","0","0","0","0","0","0","0","7","0","","02","10","2007","6","40.633333","-80.003968","2305","11","0","0","0","0","0","1","0","0","","0","0","0","","","0","","2","","40 38:00.000","","0","80 00:14.284","0","0","0","0","2216","0","0","0","N","0","0","0","2","02505","0","","5.0","","1","N","N","","0","","0","0","0","","3","","","1","0","0","0","0","0","0","2","0","1","","","","N","","","","","","","","","",""
"2007103863","","1","0","0","0","0","0","0","0","0","1","0","","02","10","2007","7","40.512222","-79.997352","1429","11","0","0","0","0","0","1","0","0","","0","0","0","","","1","","0","","40 30:44.000","","0","79 59:50.468","4","0","0","0","2118","0","0","0","N","0","0","0","2","02118","1","","1.0","","1","N","N","","0","","0","0","1","","0","","","2","1","0","0","0","0","0","2","0","2","","","","N","","","","","","","","","",""
"2007103866","","1","0","0","0","0","0","0","0","0","7","0","","02","10","2007","2","40.42842","-79.713727","1305","11","0","0","0","0","0","0","0","0","2","0","0","0","","","1","","0","","40 25:42.312","5","3","79 42:49.417","8","0","0","0","2446","0","0","0","N","0","0","0","1","02446","0","","5.0","","1","N","N","","0","","0","0","0","","0","Y","","1","1","0","0","0","1","0","2","0","1","","","","N","","","","","","","","","",""
"2007103870","","0","0","0","0","0","0","0","0","0","7","0","","02","10","2007","1","40.378333","-79.77693","0808","11","0","0","1","0","0","0","0","0","2","0","0","0","","","1","","0","","40 22:42.000","5","0","79 46:36.949","4","0","0","0","2111","0","0","0","N","0","0","0","1","02111","1","","2.0","","1","N","N","","0","","0","0","1","","0","Y","","1","1","0","0","0","0","0","2","0","1","","","","N","","","","","","","","","",""
"2007103873","","2","0","0","0","0","0","0","0","0","4","0","","02","10","2007","1","40.5125","-79.949899","1047","11","0","0","0","0","0","0","1","0","2","0","0","0","","","0","","0","","40 30:45.000","1","0","79 56:59.637","0","0","0","0","2118","0","0","0","N","0","0","0","2","02118","0","","1.0","","1","N","N","","0","","0","0","0","","0","N","","3","0","0","0","0","0","0","2","1","3","","","","N","","","","","","","","","",""
"2007103875","","2","0","0","0","0","0","0","0","0","7","0","","02","10","2007","1","40.4831","-79.9622","0924","11","0","0","0","0","1","0","0","0","2","0","0","0","","","1","","0","","40 28:59.160","1","0","79 57:43.920","4","0","0","0","2430","0","0","0","N","0","0","0","3","02430","1","","4.0","","1","N","N","","0","","0","0","0","","0","N","","2","1","0","0","0","0","0","2","0","2","","","","N","","","","","","","","","",""
"2007103888","","1","0","0","0","0","0","0","0","0","7","0","","02","10","2007","1","40.543577","-79.799409","0054","11","0","0","0","0","0","0","0","0","","0","0","0","","","0","","1","","40 32:36.877","","0","79 47:57.872","0","0","0","0","2418","0","0","0","N","0","0","0","1","02418","0","","5.0","","1","N","N","","0","","0","0","0","","0","","","1","0","0","0","0","0","0","2","0","1","","","","N","","","","","","","","","",""
"2007103889","","2","0","0","0","0","0","0","0","0","4","0","","02","10","2007","7","40.591203","-79.947992","1634","11","1","0","0","0","0","1","0","0","","0","0","0","","","0","","1","","40 35:28.332","","0","79 56:52.772","0","0","0","0","2207","0","0","0","N","0","0","0","3","02207","0","","1.0","","1","N","N","","0","","0","0","1","","2","","","3","0","0","0","0","0","0","2","0","3","","","","N","","","","","","","","","",""
"2007103892","","2","0","0","0","0","0","0","0","0","2","0","","02","10","2007","6","40.356431","-79.991111","1450","11","0","0","0","0","0","1","0","0","2","0","0","0","","","2","","0","","40 21:23.151","2","0","79 59:27.999","3","0","0","0","2476","0","0","0","N","0","0","0","2","02476","1","","1.0","","1","N","N","","0","","1","0","0","","0","N","","2","2","0","0","0","0","0","2","0","2","","","","N","","","","","","","","","",""
"2007103907","","1","0","0","0","0","0","0","0","0","1","0","","02","10","2007","1","40.476667","-79.788209","1712","11","0","1","0","0","0","0","0","0","","0","0","0","","","0","","0","","40 28:36.000","","0","79 47:17.551","0","0","0","0","2113","0","0","0","N","0","0","0","4","02113","0","","1.0","","1","N","N","","0","","0","0","1","","0","","","2","0","2","0","0","0","0","2","0","2","","","","N","","","","","","","","","",""
"2007103920","","1","0","0","0","0","0","0","0","0","7","0","","02","10","2007","1","","","0330","11","0","0","0","0","0","0","0","0","","0","0","0","","","0","","3","","","","7","","0","0","0","0","2440","0","0","0","N","0","0","0","0","02440","0","","5.0","","1","N","N","","0","","0","0","0","","0","","","1","0","0","0","0","0","0","1","0","1","","","","N","","","","","","","","","",""
"2007103939","","1","0","0","0","0","0","0","0","0","7","0","","02","10","2007","3","40.662766","-79.926725","1022","11","0","0","0","0","0","0","0","0","","0","0","0","","","1","","0","","40 39:45.957","","0","79 55:36.210","3","0","0","0","2217","0","0","0","N","0","0","0","2","02505","0","","5.0","","1","N","N","","0","","1","0","0","","0","","","1","1","0","0","0","0","1","2","0","1","","","","N","","","","","","","","","",""
"2007104003","","1","0","0","0","0","0","0","0","0","4","0","","02","9","2007","1","40.586667","-80.041629","2120","11","0","1","0","0","1","0","0","0","2","0","0","0","","","0","","1","","40 35:12.000","2","0","80 02:29.866","9","0","0","0","2108","0","0","0","N","0","0","0","3","02108","0","","1.0","","1","N","N","","0","","0","0","0","","2","Y","","2","0","0","0","0","0","1","2","1","2","","","","N","","","","","","","","","",""
"2007104004","","1","0","0","0","0","0","0","0","0","4","0","","02","10","2007","2","40.559869","-79.9992","1413","11","0","0","0","0","0","0","0","1","","0","0","0","","","0","","0","","40 33:35.530","","0","79 59:57.119","0","0","0","0","2108","0","0","0","N","0","0","0","2","02108","0","","1.0","","9","N","N","","1","","0","0","0","","0","","","2","0","0","0","0","0","0","2","0","2","","","","N","","","","","","","","","",""
"2007104005","","2","0","0","0","0","0","0","0","0","1","0","","02","10","2007","1","40.5772","-80.0263","0111","11","0","0","0","0","0","0","0","0","","0","0","0","","","0","","1","","40 34:37.920","","0","80 01:34.680","0","0","0","0","2108","0","0","0","N","0","0","0","2","02108","0","","7.0","","1","N","N","","0","","0","0","0","","3","","","2","0","0","0","0","0","0","2","0","2","","","","N","","","","","","","","","",""
"2007104006","","0","0","0","0","0","0","0","0","0","7","0","","02","10","2007","2","40.570556","-80.023371","2142","11","0","0","0","0","0","1","0","0","2","0","0","0","","","0","","0","","40 34:14.000","1","0","80 01:24.135","0","0","0","0","2108","0","0","0","N","0","0","0","1","02108","0","","3.0","","1","N","N","","0","","0","0","0","","0","N","","1","0","0","0","0","0","0","2","1","1","","","","N","","","","","","","","","",""
"2007104041","","2","0","0","0","0","0","0","0","0","6","0","","02","10","2007","5","40.651944","-80.048723","0821","11","0","0","0","0","0","1","0","0","","0","0","0","","","1","","0","","40 39:07.000","","0","80 02:55.401","4","0","0","0","2216","0","0","0","N","0","0","0","2","02505","1","","1.0","","1","N","N","","0","","0","0","0","","0","","","2","1","0","0","0","0","0","2","0","2","","","","N","","","","","","","","","",""
"2007104052","","1","0","0","0","0","0","0","0","0","7","0","","02","7","2007","4","40.6475","-80.0946","2301","11","0","0","0","0","0","0","0","0","","0","0","0","","","1","","0","","40 38:51.000","","2","80 05:40.560","3","0","0","0","2212","0","0","0","N","0","0","0","1","68B03","0","","2.0","","1","N","N","","0","","1","0","0","","0","","","1","1","0","0","0","0","0","2","0","1","","","","N","","","","","","","","","",""
"2007104053","","1","0","0","0","0","0","0","0","0","7","0","","02","8","2007","7","","","2300","11","0","0","0","0","0","0","0","0","","0","0","0","","","0","","0","","40 27:00.00","","0","80 00:01.80","0","0","0","0","2301","0","0","0","N","0","0","0","1","68B03","0","","4.0","","9","N","N","","0","","0","0","0","","0","","","1","0","0","0","0","0","0","2","0","1","","","","N","","","","","","","","","",""