"CRN","ARRIVAL_TM","AUTOMOBILE_COUNT","BELTED_DEATH_COUNT","BELTED_SUSP_SERIOUS_INJ_COUNT","BICYCLE_COUNT","BICYCLE_DEATH_COUNT","BICYCLE_SUSP_SERIOUS_INJ_COUNT","BUS_COUNT","CHLDPAS_DEATH_COUNT","CHLDPAS_SUSP_SERIOUS_INJ_COUNT","COLLISION_TYPE","COMM_VEH_COUNT","CONS_ZONE_SPD_LIM","COUNTY","CRASH_MONTH","CRASH_YEAR","DAY_OF_WEEK","DEC_LATITUDE","DEC_LONGITUDE","DISPATCH_TM","DISTRICT","DRIVER_COUNT_16YR","DRIVER_COUNT_17YR","DRIVER_COUNT_18YR","DRIVER_COUNT_19YR","DRIVER_COUNT_20YR","DRIVER_COUNT_50_64YR","DRIVER_COUNT_65_74YR","DRIVER_COUNT_75PLUS","EST_HRS_CLOSED","FATAL_COUNT","HEAVY_TRUCK_COUNT","HORSE_BUGGY_COUNT","HOUR_OF_DAY","ILLUMINATION","INJURY_COUNT","INTERSECTION_RELATED","INTERSECT_TYPE","LANE_CLOSED","LATITUDE","LN_CLOSE_DIR","LOCATION_TYPE","LONGITUDE","MAX_SEVERITY_LEVEL","MCYCLE_DEATH_COUNT","MCYCLE_SUSP_SERIOUS_INJ_COUNT","MOTORCYCLE_COUNT","MUNICIPALITY","NONMOTR_COUNT","NONMOTR_DEATH_COUNT","NONMOTR_SUSP_SERIOUS_INJ_COUNT","NTFY_HIWY_MAINT","PED_COUNT","PED_DEATH_COUNT","PED_SUSP_SERIOUS_INJ_COUNT","PERSON_COUNT","POLICE_AGCY","POSSIBLE_INJ_COUNT","RDWY_SURF_TYPE_CD","RELATION_TO_ROAD","ROADWAY_CLEARED","ROAD_CONDITION","SCH_BUS_IND","SCH_ZONE_IND","SECONDARY_CRASH","SMALL_TRUCK_COUNT","SPEC_JURIS_CD","SUSP_MINOR_INJ_COUNT","SUSP_SERIOUS_INJ_COUNT","SUV_COUNT","TCD_FUNC_CD","TCD_TYPE","TFC_DETOUR_IND","TIME_OF_DAY","TOTAL_UNITS","TOT_INJ_COUNT","UNBELTED_OCC_COUNT","UNB_DEATH_COUNT","UNB_SUSP_SERIOUS_INJ_COUNT","UNK_INJ_DEG_COUNT","UNK_INJ_PER_COUNT","URBAN_RURAL","VAN_COUNT","VEHICLE_COUNT","WEATHER1","WEATHER2","WORKERS_PRES","WORK_ZONE_IND","WORK_ZONE_LOC","WORK_ZONE_TYPE","WZ_CLOSE_DETOUR","WZ_FLAGGER","WZ_LAW_OFFCR_IND","WZ_LN_CLOSURE","WZ_MOVING","WZ_OTHER","WZ_SHLDER_MDN","WZ_WORKERS_INJ_KILLED"
"2007104804","","1","0","0","0","0","0","0","0","0","7","0","","02","10","2007","3","40.490556","-80.192752","0759","11","0","0","0","0","0","0","0","0","1","0","0","0","","","1","","0","","40 29:26.000","2","0","80 11:33.908","4","0","0","0","2213","0","0","0","N","0","0","0","1","02213","1","","4.0","","9","N","N","","0","","0","0","0","","0","N","","1","1","1","0","0","0","0","2","0","1","","","","N","","","","","","","","","",""
"2007104805","","3","0","0","0","0","0","0","0","0","4","0","","02","10","2007","4","40.311336","-80.033912","0841","11","0","0","0","0","0","0","1","0","","0","0","0","","","2","","0","","40 18:40.811","","0","80 02:02.084","3","0","0","0","2407","0","0","0","N","0","0","0","3","02407","0","","1.0","","9","N","N","","0","","2","0","0","","0","","","3","2","0","0","0","0","0","2","0","3","","","","N","","","","","","","","","",""
"2007104826","","1","0","0","0","0","0","0","0","0","4","0","","02","10","2007","4","40.402531","-79.994413","0230","11","0","0","0","0","0","0","0","0","1","0","0","0","","","1","","0","","40 24:09.111","7","0","79 59:39.886","8","0","0","0","2301","0","0","0","N","0","0","0","1","02301","0","","1.0","","1","N","N","","1","","0","0","0","","0","Y","","2","1","1","0","0","1","0","2","0","2","","","","N","","","","","","","","","",""
"2007104838","","0","0","0","0","0","0","0","0","0","7","0","","02","10","2007","7","40.458056","-80.029678","9999","11","0","0","0","0","0","0","0","1","","0","0","0","","","1","","3","","40 27:29.000","","0","80 01:46.842","4","0","0","0","2301","0","0","0","N","0","0","0","2","02301","1","","3.0","","1","N","N","","0","","0","0","0","","0","","","1","1","0","0","0","0","0","2","1","1","","","","N","","","","","","","","","",""
"2007104844","","0","0","0","0","0","0","0","0","0","0","0","","02","10","2007","6","40.389847","-80.014667","0310","11","0","0","1","0","0","0","0","0","","0","0","0","","","2","","1","","40 23:23.449","","0","80 00:52.801","3","0","0","1","2301","0","0","0","N","0","0","0","2","02301","1","","1.0","","9","N","N","","0","","1","0","0","","3","","","1","2","0","0","0","0","0","2","0","1","","","","N","","","","","","","","","",""
"2007104845","","0","0","0","0","0","0","0","0","0","99","0","","02","10","2007","4","40.445858","-80.043704","1424","11","0","0","0","0","0","1","0","0","","0","0","0","","","1","","0","","40 26:45.088","","0","80 02:37.334","3","0","0","0","2301","0","0","0","N","0","0","0","1","02301","0","","1.0","","1","N","N","","1","","1","0","0","","0","","","1","1","1","0","0","0","0","2","0","1","","","","N","","","","","","","","","",""
"2007104846","","3","0","0","0","0","0","0","0","0","1","1","","02","10","2007","5","40.4288","-79.9996","1614","11","0","0","0","0","0","0","1","0","2","0","1","0","","","2","","0","","40 25:43.680","2","4","79 59:58.560","4","0","0","0","2301","0","0","0","N","0","0","0","5","02301","1","","1.0","","1","N","N","","0","","0","0","0","","0","Y","","5","2","0","0","0","1","0","2","1","5","","","","N","","","","","","","","","",""
"2007104850","","2","0","0","0","0","0","0","0","0","2","0","","02","10","2007","3","40.32","-79.9335","1800","11","0","0","0","0","0","0","1","0","2","0","0","0","","","2","","0","","40 19:12.000","6","0","79 56:00.600","4","0","0","0","2440","0","0","0","N","0","0","0","3","02440","2","","1.0","","9","N","N","","0","","0","0","0","","0","N","","2","2","0","0","0","0","0","2","0","2","","","","N","","","","","","","","","",""
"2007104853","","2","0","0","0","0","0","0","0","0","1","0","","02","10","2007","3","40.628611","-80.056227","1722","11","0","0","0","0","0","0","0","0","","0","0","0","","","2","","3","","40 37:43.000","","0","80 03:22.418","4","0","0","0","2216","0","0","0","N","0","0","0","2","02505","2","","1.0","","9","N","N","","0","","0","0","0","","4","","","2","2","0","0","0","0","0","1","0","2","","","","N","","","","","","","","","",""
"2007104857","","2","0","0","0","0","0","0","0","0","1","0","","02","10","2007","2","40.642608","-80.067586","1443","11","0","0","0","0","0","0","0","0","","0","0","0","","","1","","1","","40 38:33.388","","0","80 04:03.309","3","0","0","0","2216","0","0","0","N","0","0","0","3","02505","0","","1.0","","1","N","N","","0","","1","0","0","","2","","","2","1","0","0","0","0","0","2","0","2","","","","N","","","","","","","","","",""
"2007104872","","1","0","0","0","0","0","0","0","0","1","0","","02","8","2007","4","","","1758","11","0","0","0","0","0","0","0","0","","0","0","0","","","0","","0","","40 24:48.24","","0","80 03:52.20","0","0","0","0","2435","0","0","0","N","0","0","0","4","68B03","0","","1.0","","1","N","N","","0","","0","0","0","","0","","","2","0","0","0","0","0","0","2","1","2","","","","N","","","","","","","","","",""
"2007104884","","3","0","0","0","0","0","0","0","0","6","0","","02","9","2007","2","40.406176","-80.033796","1125","11","0","0","0","0","0","1","0","0","2","0","0","0","","","1","","2","","40 24:22.233","5","0","80 02:01.665","8","0","0","0","2301","0","0","0","N","0","0","0","3","02301","0","","1.0","","1","N","N","","0","","0","0","0","","0","Y","","3","1","0","0","0","1","0","2","0","3","","","","N","","","","","","","","","",""
"2007104889","","2","0","0","0","0","0","0","0","0","1","0","","02","10","2007","3","40.356389","-79.980413","0606","11","0","0","0","0","0","1","0","0","","0","0","0","","","1","","1","","40 21:23.000","","0","79 58:49.486","4","0","0","0","2476","0","0","0","","0","0","0","2","02476","1","","1.0","","1","","","","0","","0","0","0","","2","","","2","1","0","0","0","0","0","2","0","2","","","","N","","","","","","","","","",""
"2007104890","","1","0","0","0","0","0","0","0","0","7","0","","02","10","2007","1","40.494","-79.9439","0611","11","0","0","0","0","0","0","0","0","1","0","0","0","","","1","","0","","40 29:38.400","2","3","79 56:38.040","4","0","0","0","2430","0","0","0","","0","0","0","1","02430","1","","4.0","","1","","","","0","","0","0","0","","0","N","","1","1","0","0","0","0","0","2","0","1","","","","N","","","","","","","","","",""
"2007104897","","1","0","0","0","0","0","0","0","0","6","0","","02","10","2007","3","40.5283","-79.8496","1830","11","0","0","0","1","0","0","0","0","1","0","0","0","","","0","","0","","40 31:41.880","3","3","79 50:58.560","0","0","0","0","2208","0","0","0","N","0","0","0","3","02208","0","","1.0","","9","N","N","","1","","0","0","0","","0","N","","2","0","0","0","0","0","0","2","0","2","","","","N","","","","","","","","","",""
"2007104900","","1","0","0","0","0","0","0","0","0","4","0","","02","10","2007","2","40.343333","-79.97041","1325","11","0","0","0","0","0","1","0","1","","0","0","0","","","0","","0","","40 20:36.000","","0","79 58:13.476","0","0","0","0","2403","0","0","0","N","0","0","0","2","02403","0","","1.0","","1","N","N","","0","","0","0","1","","0","","","2","0","0","0","0","0","0","2","0","2","","","","N","","","","","","","","","",""
"2007104902","","1","0","0","0","0","0","0","0","0","4","0","","02","10","2007","3","40.33107","-79.986948","1320","11","0","0","0","0","0","0","0","0","1","0","0","0","","","0","","2","","40 19:51.853","1","0","79 59:13.012","0","0","0","0","2219","0","0","0","N","0","0","0","2","02219","0","","1.0","","9","N","N","","0","","0","0","1","","0","N","","2","0","1","0","0","0","0","2","0","2","","","","N","","","","","","","","","",""
"2007104903","","1","0","0","0","0","0","0","0","0","99","0","","02","10","2007","2","40.325833","-80.078939","1641","11","0","0","0","0","0","0","0","0","1","0","0","0","","","0","","0","","40 19:33.000","1","0","80 04:44.182","0","0","0","0","2123","0","0","0","N","0","0","0","1","02123","0","","1.0","","1","N","N","","0","","0","0","0","","0","N","","1","0","0","0","0","0","0","2","0","1","","","","N","","","","","","","","","",""
"2007104906","","2","0","0","0","0","0","0","0","0","1","0","","02","10","2007","4","40.499184","-79.883668","0807","11","0","0","0","0","0","1","0","0","","0","0","0","","","0","","2","","40 29:57.062","","0","79 53:01.204","0","0","0","0","2432","0","0","0","N","0","0","0","2","02432","0","","1.0","","9","N","N","","0","","0","0","0","","3","","","2","0","0","0","0","0","0","2","0","2","","","","N","","","","","","","","","",""
"2007104909","","2","0","0","0","0","0","0","0","0","1","0","","02","10","2007","2","40.315141","-80.107154","0651","11","0","0","0","0","1","2","0","0","","0","0","0","","","1","","2","","40 18:54.509","","0","80 06:25.753","4","0","0","0","2123","0","0","0","N","0","0","0","3","02123","1","","1.0","","1","N","N","","0","","0","0","1","","0","","","3","1","0","0","0","0","0","2","0","3","","","","N","","","","","","","","","",""
"2007104914","","1","0","0","0","0","0","0","0","0","4","0","","02","10","2007","3","40.340829","-80.104534","1605","11","0","1","0","0","0","0","0","0","","0","0","0","","","1","","2","","40 20:26.985","","0","80 06:16.323","4","0","0","0","2123","0","0","0","N","0","0","0","2","02123","1","","1.0","","9","N","N","","1","","0","0","0","","3","","","2","1","0","0","0","0","0","2","0","2","","","","N","","","","","","","","","",""
"2007104920","","1","0","0","0","0","0","0","0","0","7","0","","02","10","2007","6","40.651111","-79.939029","0905","11","0","0","0","0","0","0","0","0","1","0","0","0","","","1","","0","","40 39:04.000","3","0","79 56:20.503","4","0","0","0","2217","0","0","0","N","0","0","0","1","02505","1","","2.0","","9","N","N","","0","","0","0","0","","0","N","","1","1","0","0","0","0","0","2","0","1","","","","N","","","","","","","","","",""
"2007104944","","0","0","0","0","0","0","0","0","0","4","1","","02","9","2007","2","40.514498","-79.952323","9999","11","0","0","0","0","0","0","0","0","","1","1","0","","","1","","0","","40 30:52.192","","7","79 57:08.363","1","1","0","1","2118","0","0","0","N","0","0","0","3","02501","0","2","1.0","","1","N","N","","0","0","1","0","0","","0","","","2","1","0","0","0","0","0","2","0","2","","","","N","","","","","","","","","",""
"2007104954","","2","0","0","0","0","0","0","0","0","2","0","","02","10","2007","4","40.371462","-79.99148","1521","11","0","0","0","0","0","1","1","0","2","0","0","0","","","0","","0","","40 22:17.262","4","0","79 59:29.328","0","0","0","0","2476","0","0","0","N","0","0","0","3","02476","0","","1.0","","1","N","N","","0","","0","0","0","","0","N","","2","0","0","0","0","0","0","2","0","2","","","","N","","","","","","","","","",""
"2007104959","","2","0","0","0","0","0","0","0","0","1","0","","02","10","2007","6","40.351944","-79.97765","0625","11","0","0","0","0","1","0","0","0","1","0","0","0","","","0","","1","","40 21:07.000","2","0","79 58:39.540","0","0","0","0","2476","0","0","0","N","0","0","0","2","02476","0","","1.0","","9","N","N","","0","","0","0","0","","2","Y","","2","0","0","0","0","0","0","2","0","2","","","","N","","","","","","","","","",""
"2007104975","","1","0","0","0","0","0","0","0","0","7","0","","02","9","2007","3","40.464857","-80.069631","1755","11","0","0","0","0","0","0","0","0","9","0","0","0","","","0","","0","","40 27:53.484","4","0","80 04:10.670","0","0","0","0","2444","0","0","0","N","0","0","0","1","02444","0","","2.0","","1","N","N","","0","","0","0","0","","0","N","","3","0","0","0","0","0","0","2","2","3","","","","N","","","","","","","","","",""
"2007104980","","1","0","0","0","0","0","0","0","0","1","0","","02","10","2007","4","40.457222","-79.70887","1845","11","0","0","0","0","0","0","0","1","","0","0","0","","","0","","0","","40 27:26.000","","0","79 42:31.931","0","0","0","0","2466","0","0","0","N","0","0","0","2","02466","0","","1.0","","1","N","N","","1","","0","0","0","","0","","","2","0","0","0","0","0","0","2","0","2","","","","N","","","","","","","","","",""
"2007104981","","2","0","0","0","0","0","0","0","0","6","0","","02","10","2007","4","40.321944","-79.925998","1818","11","0","0","0","0","1","1","0","0","2","0","0","0","","","0","","2","","40 19:19.000","5","0","79 55:33.594","0","0","0","0","2440","0","0","0","N","0","0","0","2","02440","0","","1.0","","1","N","N","","0","","0","0","0","","0","N","","2","0","0","0","0","0","0","2","0","2","","","","N","","","","","","","","","",""
"2007104982","","2","0","0","0","0","0","0","0","0","1","0","","02","10","2007","7","40.496125","-79.944535","2244","11","0","0","0","0","0","0","0","0","","0","0","0","","","2","","0","","40 29:46.050","","0","79 56:40.326","8","0","0","0","2430","0","0","0","N","0","0","0","3","02430","0","","1.0","","1","N","N","","1","","0","0","0","","0","","","3","2","1","0","0","2","0","2","0","3","","","","N","","","","","","","","","",""
"2007104983","","2","0","0","0","0","0","0","0","0","1","0","","02","10","2007","4","40.4325","-79.731126","1749","11","0","0","0","0","0","0","0","0","","0","0","0","","","0","","0","","40 25:57.000","","0","79 43:52.055","0","0","0","0","2446","0","0","0","N","0","0","0","3","02446","0","","1.0","","1","N","N","","0","","0","0","1","","0","","","3","0","0","0","0","0","0","2","0","3","","","","N","","","","","","","","","",""
"2007104987","","1","0","0","0","0","0","0","0","0","6","0","","02","10","2007","4","40.435556","-79.786718","1643","11","0","0","0","0","0","1","0","1","1","0","0","0","","","0","","0","","40 26:08.000","3","0","79 47:12.185","0","0","0","0","2446","0","0","0","N","0","0","0","2","02446","0","","1.0","","1","N","N","","0","","0","0","1","","0","N","","2","0","0","0","0","0","0","2","0","2","","","","N","","","","","","","","","",""
"2007105009","","0","0","0","0","0","0","0","0","0","1","1","","02","10","2007","3","40.431944","-79.751671","0810","11","0","0","0","0","0","1","0","0","1","0","1","0","","","1","","0","","40 25:55.000","2","0","79 45:06.016","8","0","0","0","2446","0","0","0","N","0","0","0","2","02446","0","","1.0","","9","N","N","","0","","0","0","1","","2","N","","2","1","0","0","0","1","0","2","0","2","","","","N","","","","","","","","","",""
"2007105010","","1","0","0","0","0","0","0","0","0","2","0","","02","10","2007","2","40.469469","-79.724619","0913","11","0","0","0","0","0","0","0","0","","0","0","0","","","0","","0","","40 28:10.089","","0","79 43:28.629","0","0","0","0","2466","0","0","0","N","0","0","0","0","02466","0","","1.0","","1","N","N","","0","","0","0","0","","0","","","2","0","0","0","0","0","0","2","0","2","","","","N","","","","","","","","","",""
"2007105017","","1","0","0","0","0","0","0","0","0","7","0","","02","10","2007","5","40.510556","-79.733555","0746","11","0","0","1","0","0","0","0","0","","0","0","0","","","0","","0","","40 30:38.000","","0","79 44:00.797","0","0","0","0","2466","0","0","0","N","0","0","0","1","02466","0","","4.0","","1","N","N","","0","","0","0","0","","0","","","1","0","0","0","0","0","0","1","0","1","","","","N","","","","","","","","","",""
"2007105038","","2","0","0","0","0","0","0","0","0","4","0","","02","10","2007","1","40.378611","-80.096236","1943","11","0","0","0","0","0","0","0","0","3","0","0","0","","","2","","0","","40 22:43.000","7","0","80 05:46.449","8","0","0","0","2102","0","0","0","N","0","0","0","2","02102","0","","1.0","","1","N","N","","0","","0","0","0","","2","Y","","2","2","0","0","0","2","0","2","0","2","","","","N","","","","","","","","","",""
"2007105071","","1","0","0","0","0","0","0","0","0","4","0","","02","10","2007","5","40.619722","-80.05508","1509","11","0","0","0","0","0","1","0","0","","0","0","0","","","0","","0","","40 37:11.000","","0","80 03:18.288","0","0","0","0","2216","0","0","0","N","0","0","0","2","02505","0","","1.0","","1","N","N","","1","","0","0","0","","0","","","2","0","0","0","0","0","0","2","0","2","","","","N","","","","","","","","","",""
"2007105076","","1","0","0","0","0","0","0","0","0","4","0","","02","10","2007","4","40.446579","-79.759697","2031","11","0","0","0","0","0","0","0","1","1","0","0","0","","","1","","2","","40 26:47.685","1","0","79 45:34.908","4","0","0","0","2446","0","0","0","N","0","0","0","3","02446","1","","1.0","","1","N","N","","0","","0","0","1","","3","N","","2","1","1","0","0","0","0","2","0","2","","","","N","","","","","","","","","",""
"2007105088","","0","0","0","0","0","0","0","0","0","7","0","","02","10","2007","5","40.54434","-79.758928","0206","11","0","0","0","0","0","0","0","0","","0","0","0","","","0","","0","","40 32:39.625","","0","79 45:32.142","0","0","0","0","2466","0","0","0","N","0","0","0","0","02466","0","","2.0","","1","N","N","","1","","0","0","0","","0","","","1","0","0","0","0","0","0","1","0","1","","","","N","","","","","","","","","",""
"2007105089","","0","0","0","0","0","0","0","0","0","7","0","","02","10","2007","6","40.394092","-79.89993","0057","11","0","0","0","0","0","0","0","0","2","0","0","0","","","1","","2","","40 23:38.731","1","0","79 53:59.748","4","0","0","0","2448","0","0","0","N","0","0","0","1","02448","1","","4.0","","1","N","N","","0","","0","0","1","","0","N","","1","1","0","0","0","0","0","2","0","1","","","","N","","","","","","","","","",""
"2007105091","","1","0","0","0","0","0","0","0","0","7","0","","02","10","2007","6","40.389583","-80.112916","0325","11","0","0","0","0","0","0","0","0","","0","0","0","","","0","","0","","40 23:22.498","","0","80 06:46.498","0","0","0","0","2102","0","0","0","N","0","0","0","1","02102","0","","5.0","","1","N","N","","0","","0","0","0","","0","","","1","0","0","0","0","0","0","2","0","1","","","","N","","","","","","","","","",""
"2007105094","","0","0","0","0","0","0","0","0","0","5","0","","02","10","2007","5","40.4385","-79.961171","1224","11","0","0","0","1","0","0","0","0","","0","0","0","","","0","","1","","40 26:18.601","","0","79 57:40.215","0","0","0","0","2301","0","0","0","N","0","0","0","3","02506","0","","1.0","","1","N","N","","0","","0","0","2","","2","","","2","0","0","0","0","0","0","2","0","2","","","","N","","","","","","","","","",""
"2007105096","","0","0","0","0","0","0","0","0","0","4","0","","02","10","2007","4","40.549444","-79.914209","1446","11","0","1","0","0","0","0","0","0","1","0","0","0","","","0","","0","","40 32:58.000","3","0","79 54:51.154","0","0","0","0","2209","0","0","0","N","0","0","0","4","02209","0","","1.0","","1","N","N","","1","","0","0","1","","0","N","","2","0","1","0","0","0","0","2","0","2","","","","N","","","","","","","","","",""
"2007105097","","1","0","0","0","0","0","0","0","0","7","0","","02","10","2007","3","40.512212","-80.206917","1136","11","0","0","0","0","0","1","0","0","1","0","0","0","","","1","","0","","40 30:43.963","3","0","80 12:24.901","4","0","0","0","2213","0","0","0","N","0","0","0","1","02213","1","","2.0","","9","N","N","","0","","0","0","0","","0","N","","1","1","0","0","0","0","0","2","0","1","","","","N","","","","","","","","","",""
"2007105098","","2","0","0","0","0","0","0","0","0","4","0","","02","10","2007","4","","","1723","11","0","0","1","0","0","1","0","0","","0","0","0","","","1","","2","","","","0","","4","0","0","0","2422","0","0","0","N","0","0","0","2","02422","1","","1.0","","1","N","N","","0","","0","0","0","","0","","","2","1","0","0","0","0","0","1","0","2","","","","N","","","","","","","","","",""
"2007105170","","1","0","0","0","0","0","0","0","0","2","0","","02","10","2007","6","40.666073","-79.994519","0926","11","0","0","0","0","0","1","0","0","","0","0","0","","","1","","0","","40 39:57.862","","0","79 59:40.268","4","0","0","0","2216","0","0","0","N","0","0","0","2","02505","1","","1.0","","9","N","N","","1","","0","0","0","","0","","","2","1","0","0","0","0","0","1","0","2","","","","N","","","","","","","","","",""
"2007105171","","2","0","0","0","0","0","0","0","0","1","0","","02","10","2007","3","40.542778","-80.044863","0932","11","0","0","0","0","0","0","0","0","","0","0","0","","","0","","0","","40 32:34.000","","0","80 02:41.507","0","0","0","0","2116","0","0","0","N","0","0","0","2","02116","0","","1.0","","9","N","N","","0","","0","0","0","","0","","","2","0","0","0","0","0","0","2","0","2","","","","N","","","","","","","","","",""
"2007105175","","2","0","0","0","0","0","0","0","0","1","0","","02","10","2007","3","40.619444","-80.080719","1239","11","0","0","0","0","0","0","0","0","2","0","0","0","","","1","","2","","40 37:10.000","3","0","80 04:50.590","4","0","0","0","2212","0","0","0","N","0","0","0","4","02505","1","","1.0","","9","N","N","","0","","0","0","1","","0","N","","3","1","0","0","0","0","0","2","0","3","","","","N","","","","","","","","","",""
"2007105192","","1","0","0","0","0","0","0","0","0","7","0","","02","10","2007","6","40.349315","-79.85698","1248","11","0","0","0","0","1","0","0","0","","0","0","0","","","0","","0","","40 20:57.534","","0","79 51:25.128","0","0","0","0","2432","0","0","0","N","0","0","0","1","02432","0","","5.0","","9","N","N","","0","","0","0","0","","0","","","1","0","0","0","0","0","0","2","0","1","","","","N","","","","","","","","","",""
"2007105196","","2","0","0","0","0","0","0","0","0","1","0","","02","10","2007","6","40.5563","-79.8507","1515","11","1","0","0","0","0","0","0","0","","0","0","0","","","1","","0","","40 33:22.680","","7","79 51:02.520","8","0","0","0","2208","0","0","0","N","0","0","0","2","02208","0","","1.0","","9","N","N","","0","","0","0","0","","0","","","2","1","0","0","0","1","0","2","0","2","","","","N","","","","","","","","","",""
"2007105197","","0","0","0","0","0","0","0","0","0","7","0","","02","10","2007","3","40.527484","-80.021236","1612","11","0","1","0","0","0","0","0","0","2","0","0","0","","","0","","0","","40 31:38.942","7","0","80 01:16.451","0","0","0","0","2116","0","0","0","N","0","0","0","1","02116","0","","2.0","","9","N","N","","0","","0","0","1","","0","Y","","1","0","0","0","0","0","0","2","0","1","","","","N","","","","","","","","","",""
"2007105206","","1","0","0","0","0","0","0","0","0","1","0","","02","10","2007","6","40.458056","-79.708186","1433","11","0","0","0","0","1","0","0","0","2","0","0","0","","","2","","0","","40 27:29.000","2","0","79 42:29.470","8","0","0","0","2466","0","0","0","N","0","0","0","3","02466","0","","1.0","","9","N","N","","0","","0","0","0","","0","N","","2","2","1","0","0","2","0","2","1","2","","","","N","","","","","","","","","",""
"2007105210","","1","0","0","0","0","0","0","0","0","1","0","","02","10","2007","4","40.537778","-80.199861","0737","11","0","0","0","0","0","0","0","0","","0","0","0","","","0","","0","","40 32:16.000","","0","80 11:59.500","0","0","0","0","2213","0","0","0","N","0","0","0","2","02213","0","","1.0","","9","N","N","","0","","0","0","0","","0","","","2","0","0","0","0","0","0","2","1","2","","","","N","","","","","","","","","",""
"2007105266","","1","0","0","0","0","0","0","0","0","4","1","","02","10","2007","6","40.362222","-79.826097","1647","11","0","0","0","0","0","1","0","0","1","0","1","0","","","0","","2","","40 21:44.000","5","0","79 49:33.948","0","0","0","0","2111","0","0","0","N","0","0","0","2","02111","0","","1.0","","9","N","N","","0","","0","0","0","","2","N","","2","0","1","0","0","0","0","2","0","2","","","","N","","","","","","","","","",""
"2007105272","","1","0","0","0","0","0","0","0","0","4","0","","02","10","2007","6","40.4975","-80.069711","1559","11","0","0","0","1","0","1","0","0","","0","0","0","","","1","","2","","40 29:51.000","","0","80 04:10.960","4","0","0","0","2402","0","0","0","N","0","0","0","2","02402","1","","1.0","","9","N","N","","0","","0","0","1","","0","","","2","1","0","0","0","0","0","2","0","2","","","","N","","","","","","","","","",""
"2007105274","","3","0","0","0","0","0","0","0","0","1","0","","02","10","2007","6","40.458056","-79.708186","1850","11","0","0","0","0","0","1","0","0","2","0","0","0","","","1","","0","","40 27:29.000","1","0","79 42:29.470","8","0","0","0","2466","0","0","0","N","0","0","0","3","02466","0","","1.0","","9","N","N","","0","","0","0","0","","0","N","","3","1","0","0","0","1","0","2","0","3","","","","N","","","","","","","","","",""
"2007105275","","0","0","0","0","0","0","0","0","0","7","0","","02","10","2007","6","40.656667","-79.88529","1901","11","0","0","0","0","0","0","0","0","1","0","0","0","","","0","","0","","40 39:24.000","3","0","79 53:07.043","9","0","0","0","2220","0","0","0","N","0","0","0","1","02220","0","","5.0","","9","N","N","","1","","0","0","0","","0","N","","1","0","0","0","0","0","1","1","0","1","","","","N","","","","","","","","","",""
"2007105296","","1","0","0","0","0","0","0","0","0","7","0","","02","5","2007","5","40.367578","-80.06528","1552","11","0","0","1","0","0","0","0","0","1","0","0","0","","","1","","2","","40 22:03.280","6","0","80 03:55.008","4","0","0","0","2109","0","0","0","N","0","0","0","3","02109","1","","5.0","","1","N","N","","0","","0","0","0","","0","Y","","1","1","0","0","0","0","0","2","0","1","","","","N","","","","","","","","","",""
"2007105311","","1","0","0","0","0","0","0","0","0","4","0","","02","10","2007","7","40.403317","-80.091453","0101","11","0","0","0","0","0","0","0","0","2","0","0","0","","","0","","1","","40 24:11.941","1","0","80 05:29.230","0","0","0","0","2415","0","0","0","N","0","0","0","2","02415","0","","1.0","","9","N","N","","0","","0","0","0","","0","N","","2","0","0","0","0","0","0","2","1","2","","","","N","","","","","","","","","",""
"2007105317","","2","0","0","0","0","0","0","0","0","1","0","","02","10","2007","7","40.375019","-80.095309","0320","11","0","0","0","0","1","0","0","0","","0","0","0","","","0","","0","","40 22:30.067","","4","80 05:43.113","0","0","0","0","2117","0","0","0","N","0","0","0","3","02117","0","","1.0","","9","N","N","","0","","0","0","0","","0","","","2","0","0","0","0","0","0","2","0","2","","","","N","","","","","","","","","",""
"2007105318","","1","0","0","0","0","0","0","0","0","7","0","","02","10","2007","3","40.652222","-80.010525","1441","11","0","1","0","0","0","0","0","0","1","0","0","0","","","2","","0","","40 39:08.000","1","0","80 00:37.890","4","0","0","0","2216","0","0","0","Y","0","0","0","4","02505","2","","5.0","","9","N","N","","0","","0","0","0","","0","N","","1","2","0","0","0","0","0","1","0","1","","","","N","","","","","","","","","",""
"2007105319","","0","0","0","0","0","0","0","0","0","99","0","","02","10","2007","2","40.599167","-79.94742","0640","11","0","0","0","0","0","0","0","0","","0","0","0","","","0","","0","","40 35:57.000","","0","79 56:50.711","0","0","0","0","2207","0","0","0","N","0","0","0","1","02207","0","","1.0","","1","N","N","","0","","0","0","1","","0","","","1","0","0","0","0","0","0","2","0","1","","","","N","","","","","","","","","",""
"2007105328","","0","0","0","0","0","0","0","0","0","4","0","","02","10","2007","4","40.4337","-79.7964","1303","11","0","0","0","0","0","1","0","0","","0","0","0","","","0","","0","","40 26:01.320","","0","79 47:47.040","0","0","0","0","2446","0","0","0","N","0","0","0","3","02446","0","","1.0","","1","N","N","","1","","0","0","1","","0","","","2","0","0","0","0","0","0","2","0","2","","","","N","","","","","","","","","",""