"CRN","ARRIVAL_TM","AUTOMOBILE_COUNT","BELTED_DEATH_COUNT","BELTED_SUSP_SERIOUS_INJ_COUNT","BICYCLE_COUNT","BICYCLE_DEATH_COUNT","BICYCLE_SUSP_SERIOUS_INJ_COUNT","BUS_COUNT","CHLDPAS_DEATH_COUNT","CHLDPAS_SUSP_SERIOUS_INJ_COUNT","COLLISION_TYPE","COMM_VEH_COUNT","CONS_ZONE_SPD_LIM","COUNTY","CRASH_MONTH","CRASH_YEAR","DAY_OF_WEEK","DEC_LATITUDE","DEC_LONGITUDE","DISPATCH_TM","DISTRICT","DRIVER_COUNT_16YR","DRIVER_COUNT_17YR","DRIVER_COUNT_18YR","DRIVER_COUNT_19YR","DRIVER_COUNT_20YR","DRIVER_COUNT_50_64YR","DRIVER_COUNT_65_74YR","DRIVER_COUNT_75PLUS","EST_HRS_CLOSED","FATAL_COUNT","HEAVY_TRUCK_COUNT","HORSE_BUGGY_COUNT","HOUR_OF_DAY","ILLUMINATION","INJURY_COUNT","INTERSECTION_RELATED","INTERSECT_TYPE","LANE_CLOSED","LATITUDE","LN_CLOSE_DIR","LOCATION_TYPE","LONGITUDE","MAX_SEVERITY_LEVEL","MCYCLE_DEATH_COUNT","MCYCLE_SUSP_SERIOUS_INJ_COUNT","MOTORCYCLE_COUNT","MUNICIPALITY","NONMOTR_COUNT","NONMOTR_DEATH_COUNT","NONMOTR_SUSP_SERIOUS_INJ_COUNT","NTFY_HIWY_MAINT","PED_COUNT","PED_DEATH_COUNT","PED_SUSP_SERIOUS_INJ_COUNT","PERSON_COUNT","POLICE_AGCY","POSSIBLE_INJ_COUNT","RDWY_SURF_TYPE_CD","RELATION_TO_ROAD","ROADWAY_CLEARED","ROAD_CONDITION","SCH_BUS_IND","SCH_ZONE_IND","SECONDARY_CRASH","SMALL_TRUCK_COUNT","SPEC_JURIS_CD","SUSP_MINOR_INJ_COUNT","SUSP_SERIOUS_INJ_COUNT","SUV_COUNT","TCD_FUNC_CD","TCD_TYPE","TFC_DETOUR_IND","TIME_OF_DAY","TOTAL_UNITS","TOT_INJ_COUNT","UNBELTED_OCC_COUNT","UNB_DEATH_COUNT","UNB_SUSP_SERIOUS_INJ_COUNT","UNK_INJ_DEG_COUNT","UNK_INJ_PER_COUNT","URBAN_RURAL","VAN_COUNT","VEHICLE_COUNT","WEATHER1","WEATHER2","WORKERS_PRES","WORK_ZONE_IND","WORK_ZONE_LOC","WORK_ZONE_TYPE","WZ_CLOSE_DETOUR","WZ_FLAGGER","WZ_LAW_OFFCR_IND","WZ_LN_CLOSURE","WZ_MOVING","WZ_OTHER","WZ_SHLDER_MDN","WZ_WORKERS_INJ_KILLED"
"2007108692","","1","0","0","0","0","0","0","0","0","7","0","","02","11","2007","7","40.493601","-80.042241","0233","11","0","0","0","0","0","0","0","0","","0","0","0","","","0","","2","","40 29:36.963","","0","80 02:32.067","0","0","0","0","2116","0","0","0","N","0","0","0","2","02116","0","","5.0","","1","N","N","","0","","0","0","0","","0","","","1","0","1","0","0","0","0","2","0","1","","","","N","","","","","","","","","",""
"2007108695","","1","0","0","0","0","0","0","0","0","7","0","","02","11","2007","7","40.520278","-79.950686","0337","11","0","0","0","0","0","0","0","0","","0","0","0","","","0","","0","","40 31:13.000","","0","79 57:02.471","0","0","0","0","2118","0","0","0","N","0","0","0","1","02118","0","","5.0","","1","N","N","","0","","0","0","0","","0","","","1","0","0","0","0","0","0","2","0","1","","","","N","","","","","","","","","",""
"2007108696","","1","0","0","0","0","0","0","0","0","0","0","","02","11","2007","1","40.664824","-80.048122","1603","11","1","0","0","0","0","0","0","0","","0","0","0","","","1","","0","","40 39:53.366","","0","80 02:53.239","4","0","0","0","2216","0","0","0","N","0","0","0","1","02505","1","","5.0","","1","N","N","","0","","0","0","0","","0","","","1","1","0","0","0","0","0","2","0","1","","","","N","","","","","","","","","",""
"2007108697","","1","0","0","0","0","0","0","0","0","1","0","","02","11","2007","2","40.537222","-80.011299","0652","11","0","0","0","0","0","2","0","0","","0","0","0","","","0","","0","","40 32:14.000","","0","80 00:40.677","0","0","0","0","2116","0","0","0","N","0","0","0","2","02116","0","","1.0","","1","N","N","","0","","0","0","1","","2","","","2","0","0","0","0","0","0","2","0","2","","","","N","","","","","","","","","",""
"2007108721","","2","0","0","0","0","0","0","0","0","1","0","","02","10","2007","3","40.530909","-80.069509","1127","11","0","0","0","0","0","1","0","0","","0","0","0","","","0","","2","","40 31:51.271","","0","80 04:10.234","0","0","0","0","2215","0","0","0","N","0","0","0","2","02215","0","","1.0","","1","N","N","","0","","0","0","0","","2","","","2","0","0","0","0","0","0","2","0","2","","","","N","","","","","","","","","",""
"2007108736","","1","0","0","0","0","0","0","0","0","1","1","","02","11","2007","3","40.524167","-79.961955","1015","11","0","0","0","0","0","0","0","1","2","0","0","0","","","0","","0","","40 31:27.000","2","0","79 57:43.037","0","0","0","0","2118","0","0","0","N","0","0","0","1","02118","0","","1.0","","1","N","N","","1","","0","0","0","","0","N","","2","0","0","0","0","0","0","2","0","2","","","","N","","","","","","","","","",""
"2007108744","","1","0","0","0","0","0","0","0","0","1","0","","02","11","2007","2","40.378333","-79.992346","1753","11","0","1","0","0","0","1","0","0","2","0","0","0","","","0","","0","","40 22:42.000","1","0","79 59:32.444","0","0","0","0","2476","0","0","0","N","0","0","0","3","02476","0","","1.0","","9","N","N","","0","","0","0","1","","0","N","","2","0","1","0","0","0","0","2","0","2","","","","N","","","","","","","","","",""
"2007108746","","0","0","0","0","0","0","0","0","0","7","1","","02","11","2007","6","40.312069","-79.948016","1644","11","0","0","0","0","0","0","0","0","3","0","1","0","","","0","","0","","40 18:43.448","6","0","79 56:52.857","0","0","0","0","2440","0","0","0","N","0","0","0","1","02440","0","","5.0","","1","N","N","","0","","0","0","0","","0","Y","","1","0","0","0","0","0","0","2","0","1","","","","N","","","","","","","","","",""
"2007108782","","1","0","0","0","0","0","0","0","0","7","0","","02","10","2007","7","40.4473","-80.0102","0221","11","0","0","0","0","0","0","0","0","3","0","0","0","","","0","","7","","40 26:50.280","1","2","80 00:36.720","9","0","0","0","2301","0","0","0","Y","0","0","0","1","02301","0","","4.0","","1","N","N","","0","","0","0","0","","0","Y","","1","0","0","0","0","0","1","2","0","1","","","","N","","","","","","","","","",""
"2007108796","","0","0","0","0","0","0","0","0","0","7","0","","02","9","2007","2","40.357778","-80.126158","0345","11","0","0","0","0","0","0","0","0","1","0","0","0","","","1","","2","","40 21:28.000","3","0","80 07:34.168","4","0","0","0","2119","0","0","0","Y","0","0","0","1","02119","1","","3.0","","1","N","N","","1","","0","0","0","","2","N","","1","1","1","0","0","0","0","2","0","1","","","","N","","","","","","","","","",""
"2007108805","","2","0","0","0","0","0","0","0","0","1","0","","02","10","2007","6","40.345153","-79.830645","1617","11","0","0","0","0","0","1","0","0","","0","0","0","","","2","","0","","40 20:42.552","","0","79 49:50.322","8","0","0","0","2304","0","0","0","N","0","0","0","3","02304","0","","1.0","","1","N","N","","0","","0","0","1","","0","","","3","2","0","0","0","2","0","2","0","3","","","","N","","","","","","","","","",""
"2007108898","","2","0","0","0","0","0","0","0","0","6","0","","02","10","2007","2","40.480261","-79.951565","1847","11","0","0","0","0","0","0","0","1","1","0","0","0","","","1","","1","","40 28:48.939","1","0","79 57:05.634","3","0","0","0","2301","0","0","0","N","0","0","0","1","02301","0","","1.0","","1","N","","","1","","1","0","0","","0","N","","3","1","0","0","0","0","0","2","0","3","","","","N","","","","","","","","","",""
"2007108899","","0","0","0","0","0","0","0","0","0","1","0","","02","10","2007","4","40.347124","-79.834327","0818","11","0","0","0","0","0","0","0","0","","0","0","0","","","0","","2","","40 20:49.646","","0","79 50:03.577","0","0","0","0","2304","0","0","0","N","0","0","0","2","02304","0","","1.0","","1","N","Y","","0","","0","0","1","","0","","","2","0","0","0","0","0","0","2","1","2","","","","N","","","","","","","","","",""
"2007108902","","1","0","0","0","0","0","0","0","0","6","0","","02","10","2007","5","40.608889","-80.065842","0717","11","1","0","0","0","0","0","0","0","2","0","0","0","","","0","","0","","40 36:32.000","3","0","80 03:57.030","0","0","0","0","2108","0","0","0","N","0","0","0","2","02108","0","","1.0","","9","N","N","","0","","0","0","1","","0","Y","","2","0","0","0","0","0","0","2","0","2","","","","N","","","","","","","","","",""
"2007108955","","1","0","0","0","0","0","0","0","0","1","0","","02","6","2007","7","40.494444","-79.934551","1731","11","0","0","0","1","0","0","0","0","1","0","0","0","","","3","","5","","40 29:40.000","6","0","79 56:04.382","3","0","0","0","2461","0","0","0","N","0","0","0","3","02461","2","","1.0","","1","N","N","","1","","1","0","0","","2","Y","","2","3","0","0","0","0","0","2","0","2","","","","N","","","","","","","","","",""
"2007108956","","0","0","0","0","0","0","0","0","0","8","0","","02","7","2007","4","40.494167","-79.930048","1647","11","0","0","0","0","0","1","0","0","","0","0","0","","","1","","0","","40 29:39.000","","0","79 55:48.174","8","0","0","0","2461","1","0","0","N","1","0","0","2","02461","0","","1.0","","1","N","N","","0","","0","0","1","","0","","","2","1","0","0","0","1","0","2","0","1","","","","N","","","","","","","","","",""
"2007108964","","1","0","0","0","0","0","0","0","0","99","0","","02","9","2007","2","40.4156","-79.7304","0409","11","0","0","0","0","0","0","0","0","","0","0","0","","","0","","0","","40 24:56.160","","0","79 43:49.440","0","0","0","0","2446","0","0","0","N","0","0","0","2","68T04","0","","1.0","","1","N","N","","0","","0","0","0","","0","","","1","0","0","0","0","0","0","2","0","1","","","","N","","","","","","","","","",""
"2007108970","","2","0","0","0","0","0","0","0","0","4","0","","02","10","2007","3","40.555278","-80.038804","1509","11","0","0","1","0","0","0","0","0","1","0","0","0","","","1","","0","","40 33:19.000","1","0","80 02:19.693","4","0","0","0","2108","0","0","0","N","0","0","0","2","02108","1","","1.0","","1","N","N","","0","","0","0","0","","0","Y","","2","1","0","0","0","0","0","2","0","2","","","","N","","","","","","","","","",""
"2007108971","","0","0","0","0","0","0","0","0","0","1","0","","02","10","2007","3","40.571944","-80.02367","1739","11","0","0","0","0","0","1","0","0","1","0","0","0","","","2","","1","","40 34:19.000","3","0","80 01:25.213","8","0","0","0","2108","0","0","0","N","0","0","0","3","02108","0","","1.0","","1","N","N","","0","","0","0","0","","2","N","","2","2","0","0","0","2","0","2","2","2","","","","N","","","","","","","","","",""
"2007108972","","0","0","0","0","0","0","0","0","0","2","0","","02","10","2007","5","40.597451","-80.036382","1559","11","0","0","0","0","0","0","0","0","","0","0","0","","","1","","2","","40 35:50.823","","0","80 02:10.975","3","0","0","0","2108","0","0","0","N","0","0","0","1","02108","0","","2.0","","9","N","N","","0","","1","0","1","","3","","","2","1","0","0","0","0","0","2","0","2","","","","N","","","","","","","","","",""
"2007109043","","1","0","0","0","0","0","0","0","0","99","0","","02","9","2007","7","40.5786","-79.8681","2233","11","0","0","0","0","0","0","0","0","","0","0","0","","","0","","0","","40 34:42.960","","0","79 52:05.160","0","0","0","0","2209","0","0","0","N","0","0","0","2","68T02","0","","1.0","","3","N","N","","0","","0","0","0","","0","","","1","0","0","0","0","0","0","2","0","1","","","","N","","","","","","","","","",""
"2007109057","","0","0","0","0","0","0","0","0","0","1","0","","02","7","2007","3","","","1545","11","0","1","0","0","0","0","0","0","","0","0","0","","","0","","0","","40 25:12.72","","0","80 05:31.92","0","0","0","0","2457","0","0","0","N","0","0","0","2","68B03","0","","1.0","","1","N","N","","2","","0","0","0","","0","","","2","0","0","0","0","0","0","2","0","2","","","","N","","","","","","","","","",""
"2007109093","","1","0","0","0","0","0","0","0","0","5","1","","02","8","2007","5","","","0815","11","0","0","0","0","0","0","0","0","","0","1","0","","","0","","6","","40 25:15.24","","2","80 02:50.64","9","0","0","0","2435","0","0","0","N","0","0","0","2","68B03","0","","1.0","","1","N","N","","0","","0","0","0","","0","","","2","0","0","0","0","0","1","2","0","2","","","","N","","","","","","","","","",""
"2007109094","","3","0","0","0","0","0","0","0","0","1","0","","02","9","2007","5","40.4894","-80.0092","1004","11","0","0","0","0","0","3","0","0","","0","0","0","","","1","","0","","40 29:21.840","","0","80 00:33.120","4","0","0","0","2301","0","0","0","N","0","0","0","3","68B03","1","","1.0","","1","N","N","","0","","0","0","0","","0","","","3","1","0","0","0","0","0","2","0","3","","","","N","","","","","","","","","",""
"2007109166","","2","0","0","0","0","0","0","0","0","2","0","","02","10","2007","6","40.471046","-79.924952","1830","11","0","0","1","0","0","1","0","0","","0","0","0","","","1","","1","","40 28:15.765","","0","79 55:29.827","8","0","0","0","2301","1","0","0","N","1","0","0","5","02301","0","","1.0","","1","N","N","","0","","0","0","0","","3","","","3","1","0","0","0","1","0","2","0","2","","","","N","","","","","","","","","",""
"2007109187","","1","0","0","0","0","0","0","0","0","4","0","","02","10","2007","2","40.399444","-80.044475","1835","11","0","0","0","0","0","0","1","0","","0","0","0","","","1","","1","","40 23:58.000","","0","80 02:40.110","4","0","0","0","2301","0","0","0","N","0","0","0","2","02301","1","","1.0","","1","N","N","","0","","0","0","1","","0","","","2","1","0","0","0","0","0","2","0","2","","","","N","","","","","","","","","",""
"2007109188","","1","0","0","0","0","0","0","0","0","1","0","","02","10","2007","5","40.55298","-79.998715","1508","11","0","0","0","0","0","1","0","0","2","0","0","0","","","0","","0","","40 33:10.728","2","0","79 59:55.374","0","0","0","0","2108","0","0","0","N","0","0","0","2","02108","0","","1.0","","9","N","N","","0","","0","0","1","","0","N","","2","0","0","0","0","0","0","2","0","2","","","","N","","","","","","","","","",""
"2007109189","","1","0","0","0","0","0","0","0","0","6","0","","02","10","2007","7","40.612222","-80.054333","1902","11","0","0","0","0","0","0","0","0","","0","0","0","","","0","","1","","40 36:44.000","","0","80 03:15.598","0","0","0","0","2108","0","0","0","N","0","0","0","6","02108","0","","1.0","","1","N","N","","0","","0","0","1","","2","","","2","0","0","0","0","0","0","2","0","2","","","","N","","","","","","","","","",""
"2007109196","","2","0","0","0","0","0","0","0","0","4","0","","02","11","2007","5","40.321148","-80.034472","1518","11","0","0","0","0","0","0","0","1","","0","0","0","","","1","","1","","40 19:16.132","","0","80 02:04.099","4","0","0","0","2407","0","0","0","N","0","0","0","2","02407","1","","1.0","","1","N","N","","0","","0","0","0","","3","","","2","1","0","0","0","0","0","2","0","2","","","","N","","","","","","","","","",""
"2007109197","","5","0","0","0","0","0","0","0","0","1","0","","02","11","2007","6","40.336486","-80.045343","1705","11","0","0","0","0","1","0","0","0","1","0","0","0","","","0","","0","","40 20:11.349","2","0","80 02:43.234","0","0","0","0","2407","0","0","0","N","0","0","0","5","02407","0","","1.0","","1","N","N","","0","","0","0","0","","0","N","","5","0","0","0","0","0","0","2","0","5","","","","N","","","","","","","","","",""
"2007109198","","2","0","0","0","0","0","0","0","0","4","0","","02","10","2007","5","40.342719","-80.036277","2134","11","0","0","1","0","0","0","1","0","1","0","0","0","","","0","","2","","40 20:33.788","4","0","80 02:10.597","0","0","0","0","2407","0","0","0","N","0","0","0","2","02407","0","","1.0","","1","N","N","","0","","0","0","0","","2","N","","2","0","0","0","0","0","0","2","0","2","","","","N","","","","","","","","","",""
"2007109356","","0","0","0","0","0","0","0","0","0","8","0","","02","10","2007","1","40.412763","-79.98251","1655","11","0","0","0","0","0","0","0","0","","0","0","0","","","1","","0","","40 24:45.946","","0","79 58:57.036","4","0","0","0","2447","1","0","0","N","1","0","0","2","02447","1","","1.0","","1","N","N","","0","","0","0","1","","0","","","2","1","0","0","0","0","0","2","0","1","","","","N","","","","","","","","","",""
"2007109376","","2","0","0","0","0","0","0","0","0","1","0","","02","11","2007","6","40.433648","-79.757628","1636","11","0","0","0","0","0","1","1","0","","0","0","0","","","0","","0","","40 26:01.132","","0","79 45:27.461","0","0","0","0","2446","0","0","0","N","0","0","0","2","02446","0","","1.0","","1","N","N","","0","","0","0","0","","0","","","2","0","0","0","0","0","0","2","0","2","","","","N","","","","","","","","","",""
"2007109380","","1","0","0","0","0","0","0","0","0","7","0","","02","11","2007","3","40.408535","-79.756819","1719","11","0","0","0","0","0","0","0","0","","0","0","0","","","1","","0","","40 24:30.725","","0","79 45:24.549","4","0","0","0","2446","0","0","0","N","0","0","0","1","02446","1","","5.0","","9","N","N","","0","","0","0","0","","0","","","1","1","1","0","0","0","0","2","0","1","","","","N","","","","","","","","","",""
"2007109381","","1","0","0","0","0","0","0","0","0","4","0","","02","11","2007","7","40.366111","-80.10705","1626","11","0","0","0","0","0","0","0","0","","0","0","0","","","0","","2","","40 21:58.000","","0","80 06:25.379","0","0","0","0","2102","0","0","0","N","0","0","0","4","02102","0","","1.0","","1","N","N","","0","","0","0","1","","2","","","2","0","0","0","0","0","0","2","0","2","","","","N","","","","","","","","","",""
"2007109459","","1","0","0","0","0","0","0","0","0","7","0","50","02","9","2007","7","","","9999","11","0","0","0","0","0","0","0","0","","0","0","0","","","1","","0","","40 25:30.36","","0","80 06:56.16","4","0","0","0","2102","0","0","0","N","0","0","0","1","68B03","1","","3.0","","1","N","N","","0","","0","0","0","","0","","","1","1","0","0","0","0","0","2","0","1","","","N","Y","4","1","","","N","","","","Y",""
"2007109460","","1","0","0","0","0","0","0","0","0","1","0","50","02","9","2007","7","","","1730","11","0","0","0","0","0","1","0","0","1","0","0","0","","","1","","0","","40 25:26.76","4","0","80 06:34.92","8","0","0","0","2102","0","0","0","N","0","0","0","2","68B03","0","","1.0","","1","N","N","","0","","0","0","1","","0","N","","2","1","0","0","0","1","0","2","0","2","","","N","Y","4","1","","","Y","","","","Y",""
"2007109476","","1","0","0","0","0","0","0","0","0","1","0","","02","11","2007","4","40.631667","-79.940703","0551","11","0","0","0","0","0","0","0","0","","0","0","0","","","1","","2","","40 37:54.000","","0","79 56:26.529","4","0","0","0","2217","0","0","0","N","0","0","0","2","02505","1","","1.0","","9","N","N","","1","","0","0","0","","3","","","2","1","0","0","0","0","0","2","0","2","","","","N","","","","","","","","","",""
"2007109485","","2","0","0","0","0","0","0","0","0","1","0","","02","11","2007","2","40.655","-80.086795","0755","11","0","0","0","0","0","1","0","0","","0","0","0","","","0","","1","","40 39:18.000","","0","80 05:12.463","0","0","0","0","2212","0","0","0","N","0","0","0","2","02505","0","","1.0","","1","N","N","","0","","0","0","0","","2","","","2","0","0","0","0","0","0","2","0","2","","","","N","","","","","","","","","",""
"2007109496","","2","0","0","0","0","0","0","0","0","4","0","","02","11","2007","2","40.474306","-79.858276","1426","11","0","1","0","0","0","0","0","0","","0","0","0","","","1","","0","","40 28:27.501","","0","79 51:29.795","4","0","0","0","2113","0","0","0","N","0","0","0","2","02113","1","","1.0","","1","N","N","","0","","0","0","0","","0","","","2","1","0","0","0","0","0","2","0","2","","","","N","","","","","","","","","",""
"2007109505","","3","0","0","0","0","0","0","0","0","1","0","","02","11","2007","2","40.525","-80.035497","1549","11","0","0","0","0","0","0","0","0","1","0","0","0","","","2","","0","","40 31:30.000","1","0","80 02:07.789","4","0","0","0","2116","0","0","0","N","0","0","0","11","02116","2","","1.0","","1","N","N","","1","","0","0","0","","0","N","","4","2","0","0","0","0","0","2","0","4","","","","N","","","","","","","","","",""
"2007109512","","2","0","0","0","0","0","0","0","0","1","0","","02","11","2007","4","40.320278","-79.941872","1623","11","0","0","0","0","0","2","0","0","","0","0","0","","","2","","0","","40 19:13.000","","0","79 56:30.740","8","0","0","0","2454","0","0","0","N","0","0","0","3","02454","0","","1.0","","1","N","N","","0","","0","0","0","","0","","","2","2","0","0","0","2","0","2","0","2","","","","N","","","","","","","","","",""
"2007109513","","1","0","0","0","0","0","0","0","0","1","0","","02","11","2007","3","40.518056","-79.958934","1911","11","0","0","0","1","0","1","0","0","","0","0","0","","","0","","2","","40 31:05.000","","0","79 57:32.164","0","0","0","0","2118","0","0","0","N","0","0","0","2","02118","0","","1.0","","9","N","N","","0","","0","0","1","","0","","","2","0","1","0","0","0","0","2","0","2","","","","N","","","","","","","","","",""
"2007109514","","1","0","0","0","0","0","0","0","0","4","0","","02","11","2007","4","40.368056","-79.816714","1733","11","0","0","0","0","0","0","0","0","2","0","0","0","","","0","","3","","40 22:05.000","2","0","79 49:00.172","9","0","0","0","2111","0","0","0","N","0","0","0","5","02111","0","","1.0","","1","N","N","","1","","0","0","0","","3","N","","2","0","0","0","0","0","1","2","0","2","","","","N","","","","","","","","","",""
"2007109516","","1","0","0","0","0","0","0","0","0","4","0","","02","11","2007","5","40.482778","-80.199943","1834","11","0","0","0","0","0","0","0","0","1","0","0","0","","","0","","1","","40 28:58.000","2","0","80 11:59.795","0","0","0","0","2213","0","0","0","N","0","0","0","2","02213","0","","1.0","","1","N","N","","1","","0","0","0","","0","N","","2","0","0","0","0","0","0","2","0","2","","","","N","","","","","","","","","",""
"2007109517","","3","0","0","0","0","0","0","0","0","1","0","","02","10","2007","4","40.485","-80.195027","9999","11","0","0","0","0","1","2","0","0","1","0","0","0","","","2","","0","","40 29:06.000","1","0","80 11:42.096","4","0","0","0","2213","0","0","0","N","0","0","0","3","02213","1","","1.0","","1","N","N","","0","","0","0","0","","0","N","","3","2","0","0","0","1","0","2","0","3","","","","N","","","","","","","","","",""
"2007109518","","2","0","0","0","0","0","0","0","0","1","0","","02","11","2007","5","40.319444","-80.02695","1104","11","0","0","0","0","0","0","2","0","","0","0","0","","","1","","3","","40 19:10.000","","0","80 01:37.019","4","0","0","0","2407","0","0","0","N","0","0","0","2","02407","1","","1.0","","1","N","N","","0","","0","0","0","","3","","","2","1","0","0","0","0","0","2","0","2","","","","N","","","","","","","","","",""
"2007109544","","1","0","0","0","0","0","0","0","0","99","0","","02","11","2007","3","40.509167","-80.254144","2130","11","0","0","0","0","0","1","0","0","","0","0","0","","","0","","0","","40 30:33.000","","0","80 15:14.920","0","0","0","0","2203","0","0","0","N","0","0","0","1","02203","0","","1.0","","1","N","N","","0","","0","0","0","","0","","","1","0","0","0","0","0","0","2","0","1","","","","N","","","","","","","","","",""
"2007109546","","2","0","0","0","0","0","0","0","0","2","0","","02","11","2007","7","40.547396","-80.028725","1855","11","0","0","0","0","0","1","0","0","","0","0","0","","","1","","0","","40 32:50.625","","0","80 01:43.410","8","0","0","0","2116","0","0","0","N","0","0","0","2","02116","0","","1.0","","1","N","N","","0","","0","0","0","","0","","","2","1","0","0","0","1","0","2","0","2","","","","N","","","","","","","","","",""
"2007109565","","1","0","0","0","0","0","0","0","0","7","0","","02","11","2007","4","40.339941","-79.978517","2156","11","0","0","0","0","0","1","0","0","","0","0","0","","","1","","0","","40 20:23.788","","0","79 58:42.662","4","0","0","0","2403","0","0","0","","0","0","0","1","02403","1","","5.0","","1","","","","0","","0","0","0","","0","","","1","1","0","0","0","0","0","2","0","1","","","","N","","","","","","","","","",""
"2007109578","","2","0","0","0","0","0","0","0","0","4","0","","02","11","2007","4","40.366866","-80.105528","1200","11","0","0","0","0","0","1","0","1","","0","0","0","","","0","","0","","40 22:00.719","","0","80 06:19.899","0","0","0","0","2102","0","0","0","N","0","0","0","2","02102","0","","1.0","","1","N","N","","0","","0","0","0","","0","","","2","0","0","0","0","0","0","2","0","2","","","","N","","","","","","","","","",""
"2007109579","","1","0","0","0","0","0","0","0","0","7","0","","02","11","2007","4","40.622222","-80.070046","1618","11","0","0","0","0","0","0","0","0","","0","0","0","","","0","","2","","40 37:20.000","","0","80 04:12.166","0","0","0","0","2212","0","0","0","N","0","0","0","3","02505","0","","5.0","","1","N","N","","0","","0","0","1","","0","","","2","0","0","0","0","0","0","2","0","2","","","","N","","","","","","","","","",""
"2007109581","","0","0","0","0","0","0","1","0","0","6","1","","02","11","2007","4","40.590278","-79.946975","1244","11","0","0","0","0","0","0","1","0","2","0","0","0","","","1","","0","","40 35:25.000","3","0","79 56:49.110","4","0","0","0","2207","0","0","0","N","0","0","0","37","02207","1","","5.0","","1","Y","N","","1","","0","0","1","","0","N","","3","1","0","0","0","0","0","2","0","3","","","","N","","","","","","","","","",""
"2007109593","","2","0","0","0","0","0","0","0","0","1","0","","02","11","2007","3","40.537222","-79.837218","1535","11","0","0","0","0","0","2","0","0","1","0","0","0","","","0","","0","","40 32:14.000","1","0","79 50:13.986","0","0","0","0","2208","0","0","0","N","0","0","0","2","02208","0","","1.0","","1","N","N","","0","","0","0","0","","0","N","","2","0","1","0","0","0","0","2","0","2","","","","N","","","","","","","","","",""
"2007109601","","2","0","0","0","0","0","0","0","0","1","0","","02","11","2007","4","40.506667","-80.006788","1238","11","0","0","0","0","0","0","0","1","1","0","0","0","","","1","","0","","40 30:24.000","1","0","80 00:24.437","4","0","0","0","2116","0","0","0","N","0","0","0","2","02116","1","","1.0","","1","N","N","","0","","0","0","0","","0","N","","2","1","0","0","0","0","0","2","0","2","","","","N","","","","","","","","","",""
"2007109605","","2","0","0","0","0","0","0","0","0","6","0","","02","11","2007","5","40.495833","-80.067042","1515","11","0","0","0","0","0","1","0","0","","0","0","0","","","1","","0","","40 29:45.000","","0","80 04:01.351","4","0","0","0","2402","0","0","0","N","0","0","0","4","02402","1","","1.0","","1","N","N","","0","","0","0","0","","0","","","2","1","0","0","0","0","0","2","0","2","","","","N","","","","","","","","","",""
"2007109654","","0","0","0","0","0","0","0","0","0","1","0","","02","11","2007","1","40.631302","-79.880752","2030","11","0","1","0","0","0","0","0","0","2","0","0","0","","","0","","0","","40 37:52.687","3","0","79 52:50.707","0","0","0","0","2220","0","0","0","N","0","0","0","1","02220","0","","4.0","","1","N","N","","1","","0","0","1","","0","N","","2","0","1","0","0","0","0","2","0","2","","","","N","","","","","","","","","",""
"2007109670","","0","0","0","0","0","0","0","0","0","1","0","","02","11","2007","5","40.40906","-80.086334","1725","11","0","0","0","0","0","1","0","0","","0","0","0","","","2","","0","","40 24:32.617","","0","80 05:10.802","8","0","0","0","2415","0","0","0","N","0","0","0","3","02415","0","","1.0","","1","N","N","","0","","0","0","1","","0","","","2","2","0","0","0","2","0","2","1","2","","","","N","","","","","","","","","",""
"2007109673","","2","0","0","0","0","0","0","0","0","1","0","","02","11","2007","4","40.626667","-80.034112","1637","11","0","0","0","0","0","1","0","1","1","0","0","0","","","0","","3","","40 37:36.000","4","0","80 02:02.804","0","0","0","0","2216","0","0","0","N","0","0","0","2","02505","0","","1.0","","1","N","N","","0","","0","0","0","","0","N","","2","0","0","0","0","0","0","1","0","2","","","","N","","","","","","","","","",""
"2007109674","","2","0","0","0","0","0","0","0","0","4","0","","02","11","2007","4","40.434926","-79.786285","2003","11","0","0","0","0","0","0","0","0","","0","0","0","","","0","","0","","40 26:05.733","","0","79 47:10.626","0","0","0","0","2446","0","0","0","N","0","0","0","4","02446","0","","1.0","","1","N","N","","0","","0","0","0","","3","","","2","0","0","0","0","0","0","2","0","2","","","","N","","","","","","","","","",""
"2007109680","","1","0","0","0","0","0","1","0","0","4","1","","02","9","2007","5","40.394444","-79.879517","1705","11","0","1","0","0","0","0","0","0","2","0","0","0","","","0","","1","","40 23:40.000","2","0","79 52:46.262","0","0","0","0","2473","0","0","0","N","0","0","0","4","02473","0","","1.0","","1","Y","N","","0","","0","0","0","","3","N","","2","0","0","0","0","0","0","2","0","2","","","","N","","","","","","","","","",""
"2007109681","","2","0","0","0","0","0","0","0","0","4","0","","02","10","2007","7","40.437428","-79.979527","2250","11","0","0","0","0","0","0","0","0","","0","0","0","","","0","","1","","40 26:14.740","","0","79 58:46.297","0","0","0","0","2301","0","0","0","N","0","0","0","3","02301","0","","1.0","","1","N","N","","0","","0","0","0","","3","","","2","0","0","0","0","0","0","2","0","2","","","","N","","","","","","","","","",""