"CRN","ARRIVAL_TM","AUTOMOBILE_COUNT","BELTED_DEATH_COUNT","BELTED_SUSP_SERIOUS_INJ_COUNT","BICYCLE_COUNT","BICYCLE_DEATH_COUNT","BICYCLE_SUSP_SERIOUS_INJ_COUNT","BUS_COUNT","CHLDPAS_DEATH_COUNT","CHLDPAS_SUSP_SERIOUS_INJ_COUNT","COLLISION_TYPE","COMM_VEH_COUNT","CONS_ZONE_SPD_LIM","COUNTY","CRASH_MONTH","CRASH_YEAR","DAY_OF_WEEK","DEC_LATITUDE","DEC_LONGITUDE","DISPATCH_TM","DISTRICT","DRIVER_COUNT_16YR","DRIVER_COUNT_17YR","DRIVER_COUNT_18YR","DRIVER_COUNT_19YR","DRIVER_COUNT_20YR","DRIVER_COUNT_50_64YR","DRIVER_COUNT_65_74YR","DRIVER_COUNT_75PLUS","EST_HRS_CLOSED","FATAL_COUNT","HEAVY_TRUCK_COUNT","HORSE_BUGGY_COUNT","HOUR_OF_DAY","ILLUMINATION","INJURY_COUNT","INTERSECTION_RELATED","INTERSECT_TYPE","LANE_CLOSED","LATITUDE","LN_CLOSE_DIR","LOCATION_TYPE","LONGITUDE","MAX_SEVERITY_LEVEL","MCYCLE_DEATH_COUNT","MCYCLE_SUSP_SERIOUS_INJ_COUNT","MOTORCYCLE_COUNT","MUNICIPALITY","NONMOTR_COUNT","NONMOTR_DEATH_COUNT","NONMOTR_SUSP_SERIOUS_INJ_COUNT","NTFY_HIWY_MAINT","PED_COUNT","PED_DEATH_COUNT","PED_SUSP_SERIOUS_INJ_COUNT","PERSON_COUNT","POLICE_AGCY","POSSIBLE_INJ_COUNT","RDWY_SURF_TYPE_CD","RELATION_TO_ROAD","ROADWAY_CLEARED","ROAD_CONDITION","SCH_BUS_IND","SCH_ZONE_IND","SECONDARY_CRASH","SMALL_TRUCK_COUNT","SPEC_JURIS_CD","SUSP_MINOR_INJ_COUNT","SUSP_SERIOUS_INJ_COUNT","SUV_COUNT","TCD_FUNC_CD","TCD_TYPE","TFC_DETOUR_IND","TIME_OF_DAY","TOTAL_UNITS","TOT_INJ_COUNT","UNBELTED_OCC_COUNT","UNB_DEATH_COUNT","UNB_SUSP_SERIOUS_INJ_COUNT","UNK_INJ_DEG_COUNT","UNK_INJ_PER_COUNT","URBAN_RURAL","VAN_COUNT","VEHICLE_COUNT","WEATHER1","WEATHER2","WORKERS_PRES","WORK_ZONE_IND","WORK_ZONE_LOC","WORK_ZONE_TYPE","WZ_CLOSE_DETOUR","WZ_FLAGGER","WZ_LAW_OFFCR_IND","WZ_LN_CLOSURE","WZ_MOVING","WZ_OTHER","WZ_SHLDER_MDN","WZ_WORKERS_INJ_KILLED"
"2007109682","","2","0","0","0","0","0","0","0","0","4","0","","02","10","2007","6","40.435331","-79.995552","1305","11","0","0","0","0","0","0","0","0","","0","0","0","","","0","","1","","40 26:07.191","","0","79 59:43.987","0","0","0","0","2301","0","0","0","N","0","0","0","3","02301","0","","1.0","","1","N","N","","0","","0","0","0","","3","","","2","0","3","0","0","0","0","2","0","2","","","","N","","","","","","","","","",""
"2007109683","","1","0","0","0","0","0","0","0","0","4","0","","02","10","2007","6","40.438302","-79.933548","1626","11","0","0","0","0","0","0","0","0","","0","0","0","","","0","","2","","40 26:17.887","","0","79 56:00.772","0","0","0","0","2301","0","0","0","N","0","0","0","2","02301","0","","1.0","","9","N","N","","0","","0","0","1","","3","","","2","0","0","0","0","0","0","2","0","2","","","","N","","","","","","","","","",""
"2007109684","","2","0","0","0","0","0","0","0","0","4","0","","02","10","2007","4","40.453882","-79.913319","1815","11","0","0","0","0","0","0","0","0","","0","0","0","","","0","","2","","40 27:13.975","","0","79 54:47.948","0","0","0","0","2301","0","0","0","N","0","0","0","4","02301","0","","1.0","","1","N","N","","0","","0","0","0","","0","","","2","0","0","0","0","0","0","2","0","2","","","","N","","","","","","","","","",""
"2007109685","","1","0","0","0","0","0","0","0","0","7","0","","02","10","2007","4","40.3323","-80.0696","1745","11","0","0","0","0","0","1","0","0","1","0","0","0","","","1","","7","","40 19:56.280","3","2","80 04:10.560","2","0","0","0","2301","0","0","0","N","0","0","0","3","02301","0","","7.0","","1","N","N","","0","","0","1","0","","0","Y","","1","1","0","0","0","0","0","2","0","1","","","","N","","","","","","","","","",""
"2007109686","","1","0","0","0","0","0","0","0","0","4","0","","02","10","2007","6","40.448377","-80.000579","1228","11","0","0","0","0","0","0","0","0","1","0","0","0","","","0","","0","","40 26:54.157","2","7","80 00:02.084","0","0","0","0","2301","0","0","0","N","0","0","0","2","02301","0","","1.0","","9","N","N","","1","","0","0","0","","0","N","","2","0","0","0","0","0","0","2","0","2","","","","N","","","","","","","","","",""
"2007109687","","1","0","0","0","0","0","0","0","0","99","0","","02","10","2007","7","40.455899","-80.0165","1114","11","0","0","0","0","0","1","0","0","","0","0","0","","","0","","1","","40 27:21.236","","0","80 00:59.400","0","0","0","0","2301","0","0","0","N","0","0","0","2","02301","0","","1.0","","1","N","N","","0","","0","0","1","","2","","","2","0","0","0","0","0","0","2","0","2","","","","N","","","","","","","","","",""
"2007109688","","1","0","0","0","0","0","0","0","0","4","0","","02","10","2007","2","40.482854","-80.036514","1145","11","0","0","0","0","0","1","0","0","2","0","0","0","","","0","","1","","40 28:58.274","4","0","80 02:11.450","0","0","0","0","2301","0","0","0","N","0","0","0","2","02301","0","","1.0","","1","N","N","","0","","0","0","0","","3","N","","2","0","0","0","0","0","0","2","1","2","","","","N","","","","","","","","","",""
"2007109689","","2","0","0","0","0","0","0","0","0","1","0","","02","10","2007","4","40.455199","-80.020109","0819","11","0","0","0","0","0","1","0","0","","0","0","0","","","0","","1","","40 27:18.716","","0","80 01:12.392","0","0","0","0","2301","0","0","0","","0","0","0","2","02301","0","","1.0","","1","N","N","","0","","0","0","0","","2","","","2","0","0","0","0","0","0","2","0","2","","","","N","","","","","","","","","",""
"2007109690","","1","0","0","0","0","0","0","0","0","4","0","","02","10","2007","4","40.467602","-80.000819","1748","11","0","0","0","0","0","0","0","1","","0","0","0","","","1","","0","","40 28:03.367","","0","80 00:02.948","4","0","0","0","2301","0","0","0","N","0","0","0","3","02301","1","","1.0","","1","N","N","","1","","0","0","0","","0","","","2","1","0","0","0","0","0","2","0","2","","","","N","","","","","","","","","",""
"2007109691","","2","0","0","0","0","0","0","0","0","4","0","","02","10","2007","6","40.453889","-79.997852","1205","11","0","0","0","0","1","0","0","1","","0","0","0","","","2","","1","","40 27:14.000","","0","79 59:52.268","8","0","0","0","2301","0","0","0","N","0","0","0","2","02301","0","","1.0","","9","N","N","","0","","0","0","0","","2","","","2","2","0","0","0","2","0","2","0","2","","","","N","","","","","","","","","",""
"2007109692","","1","0","0","0","0","0","0","0","0","7","0","","02","10","2007","3","40.4538","-79.9955","1624","11","0","0","0","0","0","0","0","0","2","0","0","0","","","0","","7","","40 27:13.680","2","2","79 59:43.800","0","0","0","0","2301","0","0","0","N","0","0","0","1","02301","0","","2.0","","9","N","N","","0","","0","0","0","","0","Y","","1","0","0","0","0","0","0","2","0","1","","","","N","","","","","","","","","",""
"2007109695","","2","0","0","0","0","0","0","0","0","4","0","","02","10","2007","4","40.439071","-80.005396","1825","11","0","0","0","0","0","1","0","0","","0","0","0","","","0","","2","","40 26:20.655","","0","80 00:19.425","0","0","0","0","2301","0","0","0","N","0","0","0","2","02301","0","","1.0","","1","N","N","","0","","0","0","0","","0","","","2","0","0","0","0","0","0","2","0","2","","","","N","","","","","","","","","",""
"2007109711","","1","0","0","0","0","0","0","0","0","99","0","","02","10","2007","1","40.365","-80.070667","2150","11","1","0","0","0","0","0","0","0","2","0","0","0","","","0","","0","","40 21:54.000","1","0","80 04:14.400","0","0","0","0","2109","0","0","0","N","0","0","0","2","02109","0","","1.0","","1","N","N","","0","","0","0","0","","0","N","","1","0","0","0","0","0","0","2","0","1","","","","N","","","","","","","","","",""
"2007109736","","1","0","0","0","0","0","0","0","0","1","0","","02","10","2007","4","40.466162","-79.952248","1040","11","0","0","0","0","0","0","0","0","","0","0","0","","","1","","1","","40 27:58.183","","0","79 57:08.092","8","0","0","0","2301","0","0","0","","0","0","0","3","02301","0","","1.0","","1","N","N","","0","","0","0","1","","2","","","2","1","0","0","0","1","0","2","0","2","","","","N","","","","","","","","","",""
"2007109738","","2","0","0","0","0","0","0","0","0","2","0","","02","9","2007","7","40.5192","-79.9213","1709","11","0","0","0","0","0","0","0","0","2","0","0","0","","","1","","0","","40 31:09.120","4","0","79 55:16.680","8","0","0","0","2112","0","0","0","N","0","0","0","2","02112","0","","1.0","","1","N","N","","0","","0","0","0","","0","N","","2","1","0","0","0","1","0","2","0","2","","","","N","","","","","","","","","",""
"2007109739","","0","0","0","1","0","0","0","0","0","8","0","","02","9","2007","3","40.5088","-79.852","0648","11","0","0","0","0","0","1","0","0","1","0","0","0","","","1","","0","","40 30:31.680","4","0","79 51:07.200","8","0","0","0","2112","1","0","0","N","0","0","0","2","02112","0","","1.0","","1","N","N","","0","","0","0","1","","0","N","","2","1","0","0","0","1","0","2","0","1","","","","N","","","","","","","","","",""
"2007109740","","1","0","0","0","0","0","0","0","0","7","0","","02","9","2007","1","","","1305","11","0","0","0","0","0","1","0","0","","0","0","0","","","1","","0","","","","0","","3","0","0","0","2112","0","0","0","N","0","0","0","1","02112","0","","5.0","","1","N","N","","0","","1","0","0","","0","","","1","1","1","0","0","0","0","1","0","1","","","","N","","","","","","","","","",""
"2007109741","","2","0","0","0","0","0","0","0","0","4","0","","02","9","2007","7","40.524938","-79.870202","1200","11","0","0","0","0","0","1","0","1","","0","0","0","","","1","","0","","40 31:29.775","","0","79 52:12.727","4","0","0","0","2112","0","0","0","N","0","0","0","2","02112","1","","1.0","","9","N","N","","0","","0","0","0","","0","","","2","1","0","0","0","0","0","2","0","2","","","","N","","","","","","","","","",""
"2007109742","","0","0","0","0","0","0","0","0","0","4","0","","02","9","2007","5","40.4915","-79.8659","9999","11","0","0","0","0","0","0","0","0","","0","0","0","","","1","","1","","40 29:29.400","","0","79 51:57.240","8","0","0","0","2112","0","0","0","N","0","0","0","2","02112","0","","1.0","","1","N","N","","1","","0","0","1","","2","","","2","1","0","0","0","1","0","2","0","2","","","","N","","","","","","","","","",""
"2007109743","","2","0","0","0","0","0","0","0","0","1","0","","02","9","2007","1","40.511","-79.9172","0620","11","0","0","0","0","0","1","0","0","","0","0","0","","","0","","0","","40 30:39.600","","0","79 55:01.920","0","0","0","0","2112","0","0","0","N","0","0","0","2","02112","0","","1.0","","1","N","N","","0","","0","0","0","","0","","","2","0","0","0","0","0","0","2","0","2","","","","N","","","","","","","","","",""
"2007109798","","1","0","0","0","0","0","0","0","0","1","0","","02","10","2007","6","40.445243","-79.998685","2019","11","0","0","0","0","0","1","0","0","","0","0","0","","","0","","0","","40 26:42.874","","0","79 59:55.266","0","0","0","0","2301","0","0","0","N","0","0","0","1","02301","0","","1.0","","1","N","N","","0","","0","0","0","","0","","","2","0","0","0","0","0","0","2","1","2","","","","N","","","","","","","","","",""
"2007109799","","0","0","0","0","0","0","0","0","0","8","0","","02","10","2007","7","40.441452","-80.003533","0348","11","0","0","0","0","0","0","0","0","","0","0","0","","","1","","0","","40 26:29.227","","0","80 00:12.718","3","0","0","0","2301","1","0","0","N","1","0","0","3","02301","0","","1.0","","1","N","N","","0","","1","0","1","","8","","","2","1","0","0","0","0","0","2","0","1","","","","N","","","","","","","","","",""
"2007109800","","2","0","0","0","0","0","0","0","0","1","0","","02","10","2007","7","40.437924","-80.000443","1218","11","0","0","0","1","0","0","0","0","","0","0","0","","","1","","0","","40 26:16.525","","0","80 00:01.596","4","0","0","0","2301","0","0","0","N","0","0","0","2","02301","1","","1.0","","1","N","N","","0","","0","0","0","","0","","","2","1","0","0","0","0","0","2","0","2","","","","N","","","","","","","","","",""
"2007109801","","1","0","0","0","0","0","0","0","0","1","0","","02","10","2007","4","","","1225","11","0","0","0","0","0","2","0","0","","0","0","0","","","0","","6","","40 25:58.08","","2","80 01:21.36","0","0","0","0","2301","0","0","0","N","0","0","0","3","02301","0","","7.0","","1","N","N","","1","","0","0","0","","0","","","2","0","0","0","0","0","0","2","0","2","","","","N","","","","","","","","","",""
"2007109802","","1","0","0","0","0","0","0","0","0","5","1","","02","10","2007","7","40.456241","-79.977471","1605","11","0","0","0","0","0","0","0","0","","0","1","0","","","0","","1","","40 27:22.467","","0","79 58:38.895","9","0","0","0","2301","0","0","0","N","0","0","0","2","02301","0","","1.0","","1","N","N","","0","","0","0","0","","0","","","2","0","0","0","0","0","1","2","0","2","","","","N","","","","","","","","","",""
"2007109803","","2","0","0","0","0","0","0","0","0","1","0","","02","10","2007","2","40.468611","-79.962201","0710","11","0","0","0","0","0","1","0","0","","0","0","0","","","0","","10","","40 28:07.000","","3","79 57:43.925","0","0","0","0","2301","0","0","0","N","0","0","0","2","02301","0","","1.0","","1","N","N","","0","","0","0","0","","8","","","2","0","0","0","0","0","0","2","0","2","","","","N","","","","","","","","","",""
"2007109804","","1","0","0","0","0","0","0","0","0","5","0","","02","10","2007","6","40.43995","-79.994212","1047","11","0","0","0","0","0","1","0","0","","0","0","0","","","2","","2","","40 26:23.821","","0","79 59:39.164","4","0","0","0","2301","0","0","0","N","0","0","0","3","02301","2","","1.0","","1","N","N","","1","","0","0","0","","2","","","2","2","1","0","0","0","0","2","0","2","","","","N","","","","","","","","","",""
"2007109805","","1","0","0","0","0","0","0","0","0","1","0","","02","10","2007","6","40.451857","-80.041458","0819","11","0","0","0","0","0","0","0","0","","0","0","0","","","1","","0","","40 27:06.685","","0","80 02:29.248","4","0","0","0","2301","0","0","0","N","0","0","0","2","02301","1","","1.0","","9","","","","1","","0","0","0","","0","","","2","1","0","0","0","0","0","2","0","2","","","","N","","","","","","","","","",""
"2007109806","","1","0","0","0","0","0","0","0","0","7","0","","02","10","2007","4","40.390808","-79.995768","0501","11","0","0","0","1","0","0","0","0","2","0","0","0","","","0","","0","","40 23:26.908","2","0","79 59:44.764","0","0","0","0","2301","0","0","0","N","0","0","0","2","02301","0","","4.0","","1","N","N","","0","","0","0","0","","0","N","","1","0","0","0","0","0","0","2","0","1","","","","N","","","","","","","","","",""
"2007109840","","2","0","0","0","0","0","0","0","0","1","0","","02","10","2007","3","40.362262","-80.057149","1732","11","0","0","0","0","0","1","0","0","2","0","0","0","","","1","","0","","40 21:44.143","1","0","80 03:25.736","4","0","0","0","2109","0","0","0","N","0","0","0","1","02109","1","","1.0","","1","N","N","","0","","0","0","0","","0","N","","2","1","1","0","0","0","0","2","0","2","","","","N","","","","","","","","","",""
"2007109868","","1","0","0","0","0","0","0","0","0","7","0","","02","9","2007","2","","","2302","11","0","0","0","0","0","0","0","0","2","0","0","0","","","1","","0","","40 25:33.24","3","0","79 53:53.52","3","0","0","0","2426","0","0","0","N","0","0","0","1","68B03","0","","2.0","","1","N","N","","0","","1","0","0","","0","N","","1","1","1","0","0","0","0","2","0","1","","","","N","","","","","","","","","",""
"2007109902","","0","0","0","0","0","0","0","0","0","99","0","","02","10","2007","2","40.6402","-80.0035","0016","11","0","0","0","0","0","0","0","0","","0","0","0","","","0","","0","","40 38:24.720","","0","80 00:12.600","0","0","0","0","2216","0","0","0","N","0","0","0","1","68T02","0","","1.0","","1","N","N","","0","","0","0","1","","0","","","1","0","0","0","0","0","0","1","0","1","","","","N","","","","","","","","","",""
"2007109903","","2","0","0","0","0","0","0","0","0","4","0","","02","10","2007","5","40.553611","-80.03821","1605","11","0","0","0","0","0","1","0","0","9","0","0","0","","","1","","0","","40 33:13.000","1","0","80 02:17.555","8","0","0","0","2108","0","0","0","N","0","0","0","4","02108","0","","1.0","","9","N","N","","0","","0","0","0","","0","N","","2","1","0","0","0","1","0","2","0","2","","","","N","","","","","","","","","",""
"2007109954","","2","0","0","0","0","0","0","0","0","4","0","","02","10","2007","1","40.517759","-80.162001","1429","11","1","0","0","0","0","0","0","0","","0","0","0","","","0","","1","","40 31:03.933","","0","80 09:43.203","0","0","0","0","2420","0","0","0","N","0","0","0","5","02420","0","","1.0","","1","N","N","","0","","0","0","0","","2","","","2","0","0","0","0","0","0","2","0","2","","","","N","","","","","","","","","",""
"2007109974","","1","0","0","0","0","0","0","0","0","5","1","","02","9","2007","6","","","1320","11","0","0","0","0","0","0","0","0","","0","1","0","","","0","","0","","40 25:12.36","","0","80 03:01.44","0","0","0","0","2435","0","0","0","N","0","0","0","4","68B03","0","","1.0","","1","N","N","","0","","0","0","0","","0","","","2","0","0","0","0","0","0","2","0","2","","","","N","","","","","","","","","",""
"2007110004","","0","0","0","0","0","0","0","0","0","1","0","","02","10","2007","2","40.328565","-79.892507","1210","11","0","0","0","0","0","1","1","0","1","0","0","0","","","2","","0","","40 19:42.834","5","0","79 53:33.025","8","0","0","0","2433","0","0","0","N","0","0","0","4","02433","0","","1.0","","1","N","N","","1","","0","0","1","","2","Y","","3","2","0","0","0","2","0","2","1","3","","","","N","","","","","","","","","",""
"2007110070","","1","0","0","0","0","0","0","0","0","1","1","","02","9","2007","6","","","0747","11","0","0","0","0","0","0","0","0","","0","1","0","","","1","","6","","40 25:15.60","","2","80 02:46.32","8","0","0","0","2435","0","0","0","N","0","0","0","2","68B03","0","","1.0","","1","N","N","","0","","0","0","0","","0","","","2","1","0","0","0","1","0","2","0","2","","","","N","","","","","","","","","",""
"2007110097","","2","0","0","0","0","0","0","0","0","1","0","","02","10","2007","4","40.3947","-80.0465","1738","11","0","0","0","0","0","1","0","0","2","0","0","0","","","0","","0","","40 23:40.920","2","0","80 02:47.400","0","0","0","0","2109","0","0","0","N","0","0","0","2","02109","0","","1.0","","1","N","N","","0","","0","0","0","","0","N","","2","0","1","0","0","0","0","2","0","2","","","","N","","","","","","","","","",""
"2007110098","","1","0","0","0","0","0","0","0","0","1","0","","02","10","2007","6","40.381602","-80.058943","1051","11","0","0","0","0","0","0","0","1","","0","0","0","","","0","","2","","40 22:53.767","","0","80 03:32.194","0","0","0","0","2109","0","0","0","N","0","0","0","3","02109","0","","1.0","","9","N","N","","0","","0","0","0","","0","","","2","0","0","0","0","0","0","2","1","2","","","","N","","","","","","","","","",""
"2007110099","","1","0","0","0","0","0","0","0","0","8","0","","02","10","2007","6","40.376389","-80.047059","1706","11","0","0","0","0","0","1","0","0","","0","0","0","","","1","","2","","40 22:35.000","","0","80 02:49.414","8","0","0","0","2109","1","0","0","N","1","0","0","3","02109","0","","1.0","","1","N","N","","0","","0","0","0","","3","","","2","1","0","0","0","1","0","2","0","1","","","","N","","","","","","","","","",""
"2007110100","","3","0","0","0","0","0","0","0","0","1","0","","02","10","2007","3","40.3899","-80.041","0728","11","0","0","0","0","0","3","0","0","2","0","0","0","","","0","","0","","40 23:23.640","1","0","80 02:27.600","0","0","0","0","2109","0","0","0","N","0","0","0","3","02109","0","","1.0","","9","N","N","","0","","0","0","0","","2","N","","3","0","0","0","0","0","0","2","0","3","","","","N","","","","","","","","","",""
"2007110101","","1","0","0","0","0","0","0","0","0","8","0","","02","10","2007","7","40.45208","-79.930982","1047","11","0","0","0","0","0","0","0","0","1","0","0","0","","","1","","1","","40 27:07.488","2","0","79 55:51.535","4","0","0","0","2301","1","0","0","N","1","0","0","2","02301","1","","1.0","","1","N","N","","0","","0","0","0","","2","Y","","2","1","0","0","0","0","0","2","0","1","","","","N","","","","","","","","","",""
"2007110107","","1","0","0","0","0","0","0","0","0","7","0","","02","9","2007","7","","","0040","11","0","0","0","0","0","0","0","0","9","0","0","0","","","0","","0","","40 26:06.00","4","0","79 58:00.12","0","0","0","0","2301","0","0","0","N","0","0","0","1","68B03","0","","4.0","","1","N","N","","0","","0","0","0","","0","N","","1","0","0","0","0","0","0","2","0","1","","","","N","","","","","","","","","",""
"2007110108","","1","0","0","0","0","0","0","0","0","99","0","","02","9","2007","1","","","0411","11","0","0","0","0","0","0","0","0","9","0","0","0","","","1","","0","","40 26:00.96","4","0","80 08:31.92","4","0","0","0","2115","0","0","0","N","0","0","0","2","68B03","1","","1.0","","1","N","N","","0","","0","0","0","","0","N","","1","1","0","0","0","0","0","2","0","1","","","","N","","","","","","","","","",""
"2007110138","","0","0","0","0","0","0","0","0","0","7","0","","02","10","2007","3","40.384796","-79.977007","2257","11","0","0","0","0","0","0","0","0","2","0","0","0","","","0","","2","","40 23:05.265","6","0","79 58:37.225","9","0","0","0","2301","0","0","0","N","0","0","0","1","02301","0","","4.0","","3","N","N","","1","","0","0","0","","0","Y","","1","0","0","0","0","0","1","2","0","1","","","","N","","","","","","","","","",""
"2007110139","","2","0","0","0","0","0","0","0","0","4","0","","02","10","2007","4","40.403651","-80.041429","0644","11","0","0","0","0","0","0","1","0","2","0","0","0","","","0","","1","","40 24:13.143","4","0","80 02:29.144","0","0","0","0","2301","0","0","0","N","0","0","0","2","02301","0","","1.0","","9","N","N","","0","","0","0","0","","3","N","","2","0","0","0","0","0","0","2","0","2","","","","N","","","","","","","","","",""
"2007110140","","2","0","0","0","0","0","0","0","0","4","0","","02","10","2007","3","40.437778","-80.054018","1757","11","0","0","0","0","0","0","0","0","","0","0","0","","","2","","2","","40 26:16.000","","0","80 03:14.465","4","0","0","0","2301","0","0","0","N","0","0","0","3","02301","1","","1.0","","9","N","N","","0","","0","0","0","","3","","","2","2","0","0","0","1","0","2","0","2","","","","N","","","","","","","","","",""
"2007110141","","2","0","0","0","0","0","0","0","0","6","0","","02","10","2007","6","40.432576","-80.030035","1536","11","0","0","0","0","0","0","0","0","","0","0","0","","","0","","2","","40 25:57.273","","0","80 01:48.126","0","0","0","0","2301","0","0","0","N","0","0","0","4","02301","0","","1.0","","9","N","N","","0","","0","0","0","","3","","","2","0","0","0","0","0","0","2","0","2","","","","N","","","","","","","","","",""
"2007110142","","0","0","0","0","0","0","0","0","0","8","0","","02","10","2007","6","40.42459","-79.997527","2308","11","0","0","0","0","0","0","0","0","","0","0","0","","","1","","0","","40 25:28.524","","0","79 59:51.097","8","0","0","0","2301","1","0","0","N","1","0","0","3","02301","0","","1.0","","1","N","N","","1","","0","0","0","","0","","","2","1","0","0","0","1","2","2","0","1","","","","N","","","","","","","","","",""
"2007110143","","1","0","0","0","0","0","0","0","0","1","0","","02","10","2007","3","40.412778","-80.010009","1151","11","0","0","0","0","0","1","0","0","","0","0","0","","","1","","5","","40 24:46.000","","0","80 00:36.034","8","0","0","0","2301","0","0","0","N","0","0","0","4","02301","0","","1.0","","9","N","N","","1","","0","0","1","","2","","","3","1","0","0","0","1","0","2","0","3","","","","N","","","","","","","","","",""
"2007110144","","1","0","0","0","0","0","0","0","0","7","0","","02","10","2007","3","40.416491","-80.066805","1947","11","0","0","0","0","0","1","0","0","","0","0","0","","","0","","0","","40 24:59.366","","0","80 04:00.498","0","0","0","0","2301","0","0","0","","0","0","0","1","02301","0","","2.0","","9","","","","0","","0","0","0","","0","","","1","0","0","0","0","0","0","2","0","1","","","","N","","","","","","","","","",""
"2007110145","","0","0","0","0","0","0","0","0","0","2","0","","02","10","2007","6","40.459345","-79.914449","0713","11","0","0","0","0","0","0","0","0","2","0","0","0","","","2","","1","","40 27:33.642","4","0","79 54:52.016","4","0","0","0","2301","0","0","0","N","0","0","0","2","02301","1","","1.0","","9","N","N","","1","","0","0","1","","3","Y","","2","2","0","0","0","1","0","2","0","2","","","","N","","","","","","","","","",""
"2007110146","","0","0","0","0","0","0","0","0","0","1","0","","02","10","2007","2","40.463586","-79.952975","1313","11","0","0","0","0","0","0","0","0","","0","0","0","","","1","","1","","40 27:48.909","","0","79 57:10.710","8","0","0","0","2301","0","0","0","N","0","0","0","3","02301","0","","1.0","","1","N","N","","1","","0","0","1","","0","","","2","1","0","0","0","1","0","2","0","2","","","","N","","","","","","","","","",""
"2007110147","","2","0","0","0","0","0","0","0","0","4","0","","02","10","2007","3","40.458611","-79.908069","1109","11","0","0","0","0","0","1","0","0","2","0","0","0","","","0","","1","","40 27:31.000","7","0","79 54:29.049","0","0","0","0","2301","0","0","0","N","0","0","0","2","02301","0","","1.0","","9","N","N","","0","","0","0","0","","2","N","","2","0","0","0","0","0","0","2","0","2","","","","N","","","","","","","","","",""
"2007110148","","0","0","0","0","0","0","0","0","0","2","0","","02","10","2007","4","40.480341","-79.9426","2323","11","0","0","0","0","0","0","0","0","2","0","0","0","","","2","","0","","40 28:49.229","5","0","79 56:33.360","3","0","0","0","2301","0","0","0","N","0","0","0","2","02301","1","","1.0","","1","N","N","","1","","1","0","1","","0","Y","","2","2","0","0","0","0","0","2","0","2","","","","N","","","","","","","","","",""
"2007110149","","2","0","0","0","0","0","0","0","0","6","0","","02","10","2007","4","40.444437","-79.948101","1258","11","0","0","0","0","0","0","0","0","1","0","0","0","","","0","","0","","40 26:39.973","3","0","79 56:53.164","0","0","0","0","2301","0","0","0","N","0","0","0","2","02301","0","","1.0","","9","N","N","","0","","0","0","0","","0","N","","2","0","0","0","0","0","0","2","0","2","","","","N","","","","","","","","","",""
"2007110150","","0","0","0","0","0","0","0","0","0","4","0","","02","10","2007","1","40.440445","-79.960321","1905","11","0","0","0","0","0","0","0","0","1","0","0","0","","","0","","1","","40 26:25.602","4","0","79 57:37.155","0","0","0","0","2301","0","0","0","N","0","0","0","5","02301","0","","1.0","","1","N","N","","0","","0","0","0","","2","N","","2","0","0","0","0","0","0","2","2","2","","","","N","","","","","","","","","",""
"2007110151","","1","0","0","0","0","0","0","0","0","8","0","","02","10","2007","4","40.451877","-79.952051","2038","11","0","0","0","0","0","0","0","0","","0","0","0","","","1","","1","","40 27:06.757","","0","79 57:07.383","3","0","0","0","2301","1","0","0","N","1","0","0","2","02301","0","","1.0","","1","N","N","","0","","1","0","0","","2","","","2","1","0","0","0","0","0","2","0","1","","05","","N","","","","","","","","","",""
"2007110152","","3","0","0","0","0","0","0","0","0","5","0","","02","10","2007","2","40.438091","-79.926213","1334","11","0","0","0","0","0","0","0","1","9","0","0","0","","","1","","0","","40 26:17.127","4","0","79 55:34.366","8","0","0","0","2301","0","0","0","N","0","0","0","1","02301","0","","6.0","","1","N","N","","0","","0","0","1","","0","N","","4","1","0","0","0","1","0","2","0","4","","","","N","","","","","","","","","",""
"2007110153","","1","0","0","0","0","0","0","0","0","1","0","","02","10","2007","6","40.4284","-79.9735","0708","11","0","0","0","0","0","0","0","0","","0","0","0","","","0","","7","","40 25:42.240","","8","79 58:24.600","0","0","0","0","2301","0","0","0","N","0","0","0","2","02301","0","","7.0","","9","N","N","","0","","0","0","1","","0","","","2","0","0","0","0","0","0","2","0","2","","","","N","","","","","","","","","",""
"2007110154","","1","0","0","0","0","0","0","0","0","7","0","","02","10","2007","1","40.449899","-79.935115","0225","11","0","0","0","0","0","0","0","0","","0","0","0","","","0","","0","","40 26:59.636","","0","79 56:06.414","0","0","0","0","2301","0","0","0","N","0","0","0","1","02301","0","","5.0","","1","N","N","","0","","0","0","0","","0","","","1","0","0","0","0","0","0","2","0","1","","","","N","","","","","","","","","",""
"2007110155","","2","0","0","0","0","0","0","0","0","4","0","","02","10","2007","4","40.435138","-79.912548","1139","11","0","0","0","0","0","1","0","0","","0","0","0","","","1","","3","","40 26:06.496","","0","79 54:45.172","3","0","0","0","2301","0","0","0","N","0","0","0","2","02301","0","","1.0","","9","N","N","","0","","1","0","0","","0","","","2","1","0","0","0","0","0","2","0","2","","","","N","","","","","","","","","",""
"2007110156","","2","0","0","0","0","0","0","0","0","1","0","","02","10","2007","6","40.427416","-79.926404","1616","11","0","0","0","0","0","0","0","0","1","0","0","0","","","1","","2","","40 25:38.697","2","0","79 55:35.054","4","0","0","0","2301","0","0","0","N","0","0","0","2","02301","1","","1.0","","9","N","N","","0","","0","0","0","","0","N","","2","1","0","0","0","0","0","2","0","2","","","","N","","","","","","","","","",""