"CRN","ARRIVAL_TM","AUTOMOBILE_COUNT","BELTED_DEATH_COUNT","BELTED_SUSP_SERIOUS_INJ_COUNT","BICYCLE_COUNT","BICYCLE_DEATH_COUNT","BICYCLE_SUSP_SERIOUS_INJ_COUNT","BUS_COUNT","CHLDPAS_DEATH_COUNT","CHLDPAS_SUSP_SERIOUS_INJ_COUNT","COLLISION_TYPE","COMM_VEH_COUNT","CONS_ZONE_SPD_LIM","COUNTY","CRASH_MONTH","CRASH_YEAR","DAY_OF_WEEK","DEC_LATITUDE","DEC_LONGITUDE","DISPATCH_TM","DISTRICT","DRIVER_COUNT_16YR","DRIVER_COUNT_17YR","DRIVER_COUNT_18YR","DRIVER_COUNT_19YR","DRIVER_COUNT_20YR","DRIVER_COUNT_50_64YR","DRIVER_COUNT_65_74YR","DRIVER_COUNT_75PLUS","EST_HRS_CLOSED","FATAL_COUNT","HEAVY_TRUCK_COUNT","HORSE_BUGGY_COUNT","HOUR_OF_DAY","ILLUMINATION","INJURY_COUNT","INTERSECTION_RELATED","INTERSECT_TYPE","LANE_CLOSED","LATITUDE","LN_CLOSE_DIR","LOCATION_TYPE","LONGITUDE","MAX_SEVERITY_LEVEL","MCYCLE_DEATH_COUNT","MCYCLE_SUSP_SERIOUS_INJ_COUNT","MOTORCYCLE_COUNT","MUNICIPALITY","NONMOTR_COUNT","NONMOTR_DEATH_COUNT","NONMOTR_SUSP_SERIOUS_INJ_COUNT","NTFY_HIWY_MAINT","PED_COUNT","PED_DEATH_COUNT","PED_SUSP_SERIOUS_INJ_COUNT","PERSON_COUNT","POLICE_AGCY","POSSIBLE_INJ_COUNT","RDWY_SURF_TYPE_CD","RELATION_TO_ROAD","ROADWAY_CLEARED","ROAD_CONDITION","SCH_BUS_IND","SCH_ZONE_IND","SECONDARY_CRASH","SMALL_TRUCK_COUNT","SPEC_JURIS_CD","SUSP_MINOR_INJ_COUNT","SUSP_SERIOUS_INJ_COUNT","SUV_COUNT","TCD_FUNC_CD","TCD_TYPE","TFC_DETOUR_IND","TIME_OF_DAY","TOTAL_UNITS","TOT_INJ_COUNT","UNBELTED_OCC_COUNT","UNB_DEATH_COUNT","UNB_SUSP_SERIOUS_INJ_COUNT","UNK_INJ_DEG_COUNT","UNK_INJ_PER_COUNT","URBAN_RURAL","VAN_COUNT","VEHICLE_COUNT","WEATHER1","WEATHER2","WORKERS_PRES","WORK_ZONE_IND","WORK_ZONE_LOC","WORK_ZONE_TYPE","WZ_CLOSE_DETOUR","WZ_FLAGGER","WZ_LAW_OFFCR_IND","WZ_LN_CLOSURE","WZ_MOVING","WZ_OTHER","WZ_SHLDER_MDN","WZ_WORKERS_INJ_KILLED"
"2007111882","","1","0","0","0","0","0","0","0","0","1","1","","02","9","2007","7","","","1800","11","0","0","0","0","1","1","0","0","2","0","1","0","","","0","","0","","40 24:59.04","1","0","80 03:29.88","0","0","0","0","2435","0","0","0","N","0","0","0","4","68B03","0","","1.0","","1","N","N","","0","","0","0","1","","0","N","","3","0","1","0","0","0","0","2","0","3","","","","N","","","","","","","","","",""
"2007111923","","1","0","0","0","0","0","0","0","0","1","0","","02","9","2007","3","40.586111","-80.100231","0721","11","0","0","0","0","0","1","0","0","","0","0","0","","","0","","0","","40 35:10.000","","0","80 06:00.831","0","0","0","0","2481","0","0","0","N","0","0","0","2","68B03","0","","1.0","","1","N","N","","0","","0","0","1","0","0","","","2","0","0","0","0","0","0","2","0","2","","","","N","","","","","","","","","",""
"2007111924","","3","0","0","0","0","0","0","0","0","1","0","","02","9","2007","5","","","0603","11","0","0","0","0","0","0","0","0","1","0","0","0","","","2","","0","","40 25:42.96","4","0","79 53:21.12","4","0","0","0","2426","0","0","0","N","0","0","0","3","68B03","2","","1.0","","9","N","N","","0","","0","0","0","0","0","N","","3","2","0","0","0","0","0","2","0","3","","","","N","","","","","","","","","",""
"2007111925","","0","0","0","0","0","0","0","0","0","5","0","","02","9","2007","2","","","1411","11","0","0","0","1","0","0","0","0","","0","0","0","","","0","","0","","40 25:44.40","","0","79 55:57.00","9","0","0","0","2301","0","0","0","N","0","0","0","3","68B03","0","","1.0","","1","N","N","","1","","0","0","1","0","0","","","2","0","0","0","0","0","1","2","0","2","","","","N","","","","","","","","","",""
"2007111926","","1","0","0","0","0","0","0","0","0","5","1","","02","9","2007","5","40.646667","-80.095551","1718","11","0","0","0","0","0","1","1","0","","0","1","0","","","0","","0","","40 38:48.000","","0","80 05:43.984","0","0","0","0","2212","0","0","0","N","0","0","0","3","68B03","0","","1.0","","1","N","N","","0","","0","0","1","0","0","","","3","0","0","0","0","0","0","2","0","3","","","","N","","","","","","","","","",""
"2007111927","","1","0","0","0","0","0","0","0","0","1","0","55","02","9","2007","7","","","1223","11","0","0","0","0","0","0","0","0","","0","0","0","","","0","","0","","40 26:03.12","","0","79 52:07.68","0","0","0","0","2478","0","0","0","N","0","0","0","3","68B03","0","","1.0","","1","N","N","","0","","0","0","1","3","7","","","2","0","0","0","0","0","0","2","0","2","","","N","Y","1","2","","","Y","","","","",""
"2007111940","","3","0","0","0","0","0","0","0","0","6","0","","02","10","2007","4","40.427958","-79.996421","1049","11","0","0","0","0","0","0","0","0","","0","0","0","","","0","","0","","40 25:40.650","","0","79 59:47.115","0","0","0","0","2301","0","0","0","N","0","0","0","1","02301","0","","1.0","","9","N","N","","1","","0","0","1","0","0","","","5","0","1","0","0","0","0","2","0","5","","","","N","","","","","","","","","",""
"2007111941","","1","0","0","0","0","0","0","0","0","7","0","","02","10","2007","7","40.428889","-80.024236","0654","11","0","0","0","0","0","0","0","0","","0","0","0","","","0","","2","","40 25:44.000","","0","80 01:27.248","0","0","0","0","2301","0","0","0","N","0","0","0","1","02301","0","","5.0","","9","","N","","0","","0","0","0","0","0","","","1","0","0","0","0","0","0","2","0","1","","","","N","","","","","","","","","",""
"2007111942","","1","0","0","0","0","0","0","0","0","1","0","","02","10","2007","6","40.39691","-79.998792","0930","11","0","0","0","0","0","1","0","0","1","0","0","0","","","2","","0","","40 23:48.877","2","0","79 59:55.650","8","0","0","0","2301","0","0","0","N","0","0","0","5","02301","0","","1.0","","9","N","N","","1","","0","0","1","0","0","N","","3","2","1","0","0","2","0","2","0","3","","","","N","","","","","","","","","",""
"2007111943","","1","0","0","0","0","0","0","0","0","1","0","","02","10","2007","6","40.401541","-80.022412","1002","11","0","0","0","0","0","1","0","0","","0","0","0","","","1","","0","","40 24:05.546","","0","80 01:20.684","4","0","0","0","2301","0","0","0","N","0","0","0","1","02301","1","","6.0","","9","N","N","","0","","0","0","1","0","0","","","2","1","0","0","0","0","0","2","0","2","","","","N","","","","","","","","","",""
"2007111944","","2","0","0","0","0","0","0","0","0","4","0","","02","10","2007","6","40.38564","-79.984164","1510","11","0","0","0","0","0","0","1","0","2","0","0","0","","","1","","1","","40 23:08.304","2","0","79 59:02.990","4","0","0","0","2301","0","0","0","N","0","0","0","4","02301","1","","1.0","","9","N","N","","0","","0","0","0","3","3","Y","","2","1","0","0","0","0","0","2","0","2","","","","N","","","","","","","","","",""
"2007111945","","3","0","0","0","0","0","0","0","0","4","0","","02","10","2007","1","40.43","-79.999139","0200","11","0","0","0","0","0","0","0","0","","0","0","0","","","0","","2","","40 25:48.000","","0","79 59:56.900","0","0","0","0","2301","0","0","0","N","0","0","0","1","02301","0","","1.0","","1","N","N","","0","","0","0","0","0","0","","","3","0","0","0","0","0","0","2","0","3","","","","N","","","","","","","","","",""
"2007111946","","1","0","0","0","0","0","0","0","0","8","0","","02","10","2007","1","40.47152","-79.926282","1139","11","0","0","0","0","0","0","0","0","","0","0","0","","","1","","1","","40 28:17.472","","0","79 55:34.615","8","0","0","0","2301","1","0","0","N","1","0","0","2","02301","0","","1.0","","1","N","N","","0","","0","0","0","3","2","","","2","1","0","0","0","1","0","2","0","1","","","","N","","","","","","","","","",""
"2007111947","","2","0","0","0","0","0","0","0","0","1","0","","02","10","2007","6","40.457186","-79.934018","1715","11","0","0","0","0","0","0","1","0","2","0","0","0","","","0","","0","","40 27:25.869","1","0","79 56:02.464","9","0","0","0","2301","0","0","0","N","0","0","0","9","02301","0","","1.0","","9","N","N","","0","","0","0","0","0","0","N","","2","0","1","0","0","0","1","2","0","2","","","","N","","","","","","","","","",""
"2007111948","","1","0","0","0","0","0","0","0","0","7","0","","02","10","2007","6","40.463529","-79.903424","2006","11","0","0","0","0","0","0","0","0","2","0","0","0","","","0","","0","","40 27:48.704","5","0","79 54:12.326","0","0","0","0","2301","0","0","0","N","0","0","0","2","02301","0","","2.0","","1","N","N","","0","","0","0","0","0","0","N","","1","0","0","0","0","0","0","2","0","1","","","","N","","","","","","","","","",""
"2007111949","","3","0","0","0","0","0","0","0","0","1","0","","02","10","2007","6","40.486678","-79.891521","1603","11","0","1","0","0","0","1","0","0","","0","0","0","","","0","","0","","40 29:12.040","","0","79 53:29.476","0","0","0","0","2301","0","0","0","N","0","0","0","5","02301","0","","1.0","","9","N","N","","0","","0","0","0","3","2","","","3","0","0","0","0","0","0","2","0","3","","","","N","","","","","","","","","",""
"2007111950","","0","0","0","0","0","0","0","0","0","8","0","","02","10","2007","7","40.457778","-79.9353","0243","11","0","0","0","0","0","0","0","0","","0","0","0","","","1","","1","","40 27:28.000","","0","79 56:07.081","3","0","0","0","2301","1","0","0","N","1","0","0","2","02301","0","","1.0","","9","N","N","","0","","1","0","0","3","1","","","2","1","0","0","0","0","1","2","0","1","","","","N","","","","","","","","","",""
"2007111951","","2","0","0","0","0","0","0","0","0","5","0","","02","10","2007","5","40.438714","-79.946437","1226","11","0","0","0","0","0","1","0","0","","0","0","0","","","0","","3","","40 26:19.370","","0","79 56:47.173","0","0","0","0","2301","0","0","0","N","0","0","0","2","02301","0","","1.0","","1","N","N","","0","","0","0","0","3","3","","","2","0","0","0","0","0","0","2","0","2","","","","N","","","","","","","","","",""
"2007111952","","2","0","0","0","0","0","0","0","0","4","0","","02","10","2007","5","40.437847","-79.930741","1307","11","0","0","0","0","0","0","0","0","","0","0","0","","","1","","1","","40 26:16.249","","0","79 55:50.667","4","0","0","0","2301","0","0","0","N","0","0","0","2","02301","1","","1.0","","1","N","N","","0","","0","0","0","3","3","","","2","1","1","0","0","0","0","2","0","2","","","","N","","","","","","","","","",""
"2007111953","","1","0","0","0","0","0","0","0","0","7","0","","02","10","2007","6","40.434178","-79.951478","0138","11","0","0","0","1","0","0","0","0","2","0","0","0","","","1","","0","","40 26:03.040","6","0","79 57:05.320","8","0","0","0","2301","0","0","0","N","0","0","0","2","02301","0","","5.0","","1","N","N","","0","","0","0","0","0","0","Y","","1","1","0","0","0","1","0","2","0","1","","","","N","","","","","","","","","",""
"2007111954","","1","0","0","0","0","0","0","0","0","7","0","","02","10","2007","6","40.415093","-79.939301","2359","11","0","0","0","0","0","0","0","0","2","0","0","0","","","1","","0","","40 24:54.335","4","0","79 56:21.482","8","0","0","0","2301","0","0","0","N","0","0","0","2","02301","0","","5.0","","9","N","N","","0","","0","0","0","0","0","N","","1","1","0","0","0","1","0","2","0","1","","","","N","","","","","","","","","",""
"2007111955","","0","0","0","0","0","0","0","0","0","5","0","","02","10","2007","5","40.447425","-79.942471","0530","11","0","0","0","0","1","0","0","0","9","0","0","0","","","0","","1","","40 26:50.730","1","0","79 56:32.895","9","0","0","0","2301","0","0","0","N","0","0","0","2","02301","0","","1.0","","1","N","N","","0","","0","0","2","3","2","N","","2","0","0","0","0","0","1","2","0","2","","","","N","","","","","","","","","",""
"2007111956","","0","0","0","0","0","0","0","0","0","8","0","","02","10","2007","6","40.441944","-79.956322","0105","11","0","0","0","0","0","0","0","0","","0","0","0","","","1","","2","","40 26:31.000","","0","79 57:22.760","8","0","0","0","2301","3","0","0","N","3","0","0","1","02301","0","","1.0","","1","N","N","","0","","0","0","0","0","0","","","4","1","0","0","0","1","0","2","0","1","","","","N","","","","","","","","","",""
"2007111975","","2","0","0","0","0","0","0","0","0","1","0","","02","10","2007","5","40.394215","-79.986434","1642","11","0","0","0","0","0","0","0","0","","0","0","0","","","0","","2","","40 23:39.174","","0","79 59:11.162","0","0","0","0","2301","0","0","0","N","0","0","0","3","02301","0","","1.0","","1","N","N","","1","","0","0","0","0","0","","","3","0","0","0","0","0","0","2","0","3","","","","N","","","","","","","","","",""
"2007111982","","1","0","0","0","0","0","0","0","0","7","0","","02","10","2007","5","40.3938","-79.9346","2248","11","0","0","0","0","0","0","0","0","1","0","0","0","","","0","","2","","40 23:37.680","3","8","79 56:04.560","9","0","0","0","2301","0","0","0","Y","0","0","0","2","02301","0","","3.0","","1","N","N","","0","","0","0","0","0","0","N","","1","0","0","0","0","0","1","2","0","1","","","","N","","","","","","","","","",""
"2007111983","","1","0","0","0","0","0","0","0","0","4","1","","02","10","2007","6","40.399324","-80.000278","0955","11","0","0","0","0","0","1","0","0","2","0","1","0","","","0","","0","","40 23:57.568","2","0","80 00:01.002","0","0","0","0","2301","0","0","0","N","0","0","0","2","02301","0","","1.0","","1","N","N","","0","","0","0","0","0","0","N","","2","0","0","0","0","0","0","2","0","2","","","","N","","","","","","","","","",""
"2007111984","","2","0","0","0","0","0","0","0","0","1","0","","02","10","2007","6","40.45344","-79.980544","2356","11","0","0","0","0","0","0","0","0","","0","0","0","","","0","","0","","40 27:12.384","","0","79 58:49.958","0","0","0","0","2301","0","0","0","","0","0","0","3","02301","0","","1.0","","9","N","N","","0","","0","0","0","0","0","","","2","0","0","0","0","0","0","2","0","2","","","","N","","","","","","","","","",""
"2007111985","","1","0","0","0","0","0","0","0","0","7","0","","02","10","2007","7","40.474898","-79.931811","2357","11","0","0","0","0","0","0","0","0","2","0","0","0","","","0","","0","","40 28:29.632","2","0","79 55:54.519","9","0","0","0","2301","0","0","0","N","0","0","0","1","02301","0","","2.0","","1","N","N","","0","","0","0","0","0","0","N","","1","0","0","0","0","0","1","2","0","1","","","","N","","","","","","","","","",""
"2007111986","","2","0","0","0","0","0","0","0","0","1","0","","02","10","2007","4","40.462466","-79.959391","1110","11","0","0","0","0","0","0","0","0","","0","0","0","","","1","","2","","40 27:44.877","","0","79 57:33.807","4","0","0","0","2301","0","0","0","N","0","0","0","2","02301","1","","1.0","","9","N","N","","0","","0","0","0","0","0","","","2","1","1","0","0","0","0","2","0","2","","","","N","","","","","","","","","",""
"2007111987","","0","0","0","0","0","0","0","0","0","7","1","","02","10","2007","1","40.448947","-79.988971","1617","11","0","0","0","0","0","0","0","0","","0","1","0","","","0","","0","","40 26:56.210","","0","79 59:20.295","0","0","0","0","2301","0","0","0","N","0","0","0","1","02301","0","","4.0","","1","N","N","","0","","0","0","0","0","0","","","1","0","1","0","0","0","0","2","0","1","","","","N","","","","","","","","","",""
"2007111988","","2","0","0","0","0","0","0","0","0","1","0","","02","10","2007","4","40.455556","-79.966122","2130","11","0","0","0","0","0","1","0","0","","0","0","0","","","0","","5","","40 27:20.000","","0","79 57:58.040","9","0","0","0","2301","0","0","0","N","0","0","0","5","02301","0","","1.0","","1","N","N","","0","","0","0","0","3","2","","","2","0","0","0","0","0","4","2","0","2","","","","N","","","","","","","","","",""
"2007112003","","1","0","0","0","0","0","0","0","0","4","1","","02","9","2007","4","40.3368","-79.949","1422","11","0","0","0","0","0","1","0","0","1","0","0","0","","","0","","0","","40 20:12.480","1","7","79 56:56.400","0","0","0","0","2473","0","0","0","N","0","0","0","3","02473","0","","1.0","","1","N","N","","1","","0","0","0","3","2","N","","2","0","0","0","0","0","0","2","0","2","","","","N","","","","","","","","","",""
"2007112005","","2","0","0","0","0","0","0","0","0","1","0","","02","10","2007","1","40.4583","-79.9993","1215","11","0","0","0","0","0","0","0","1","","0","0","0","","","0","","7","","40 27:29.880","","8","79 59:57.480","0","0","0","0","2301","0","0","0","N","0","0","0","3","02301","0","","1.0","","1","N","N","","0","","0","0","0","3","3","","","2","0","0","0","0","0","0","2","0","2","","","","N","","","","","","","","","",""
"2007112019","","1","0","0","0","0","0","0","0","0","1","0","","02","11","2007","1","40.507778","-80.005661","1705","11","0","0","0","1","0","0","0","0","1","0","0","0","","","1","","0","","40 30:28.000","2","0","80 00:20.381","8","0","0","0","2116","0","0","0","N","0","0","0","11","02116","0","","1.0","","9","N","N","","0","","0","0","2","3","2","N","","3","1","0","0","0","1","0","2","0","3","","","","N","","","","","","","","","",""
"2007112046","","0","0","0","0","0","0","0","0","0","4","0","","02","10","2007","3","40.610556","-80.053791","1641","11","0","0","0","0","0","0","0","1","","0","0","0","","","0","","0","","40 36:38.000","","0","80 03:13.646","0","0","0","0","2108","0","0","0","N","0","0","0","2","02108","0","","4.0","","9","N","N","","0","","0","0","2","0","0","","","2","0","0","0","0","0","0","2","0","2","","","","N","","","","","","","","","",""
"2007112051","","1","0","0","0","0","0","0","0","0","7","0","","02","10","2007","7","40.466045","-80.075431","1315","11","0","0","0","0","0","1","0","0","1","0","0","0","","","1","","0","","40 27:57.762","4","0","80 04:31.551","4","0","0","0","2444","0","0","0","N","0","0","0","1","02444","1","","2.0","","9","N","N","","0","","0","0","0","0","0","Y","","1","1","0","0","0","0","0","2","0","1","","","","N","","","","","","","","","",""
"2007112078","","1","0","0","0","0","0","0","0","0","4","0","","02","10","2007","3","40.514167","-80.155635","1115","11","0","0","0","0","0","0","0","1","1","0","0","0","","","1","","2","","40 30:51.000","4","0","80 09:20.286","8","0","0","0","2420","0","0","0","N","0","0","0","2","02420","0","","1.0","","1","N","N","","0","","0","0","1","3","3","N","","2","1","0","0","0","1","0","2","0","2","","","","N","","","","","","","","","",""
"2007112083","","1","0","0","0","0","0","0","0","0","7","0","","02","9","2007","1","","","1752","11","0","0","0","0","0","0","0","0","9","0","0","0","","","1","","0","","40 25:12.36","1","0","80 03:01.08","4","0","0","0","2435","0","0","0","N","0","0","0","1","68B03","1","","4.0","","9","N","N","","0","","0","0","0","0","0","N","","1","1","0","0","0","0","0","2","0","1","","","","N","","","","","","","","","",""
"2007112085","","0","0","0","0","0","0","0","0","0","0","0","","02","10","2007","6","40.467345","-79.80109","0137","11","0","0","0","0","0","0","0","0","3","0","0","0","","","0","","0","","40 28:02.441","5","0","79 48:03.924","9","0","0","0","2113","0","0","0","N","0","0","0","1","02113","0","","1.0","","1","N","N","","0","","0","0","1","0","0","Y","","1","0","0","0","0","0","1","2","0","1","","","","N","","","","","","","","","",""
"2007112098","","1","0","0","0","0","0","0","0","0","7","0","","02","11","2007","3","40.645278","-79.739271","2015","11","0","0","0","0","0","0","0","0","","0","0","0","","","0","","0","","40 38:43.000","","0","79 44:21.374","9","0","0","0","2202","0","0","0","N","0","0","0","1","02202","0","","5.0","","1","N","N","","0","","0","0","0","0","0","","","1","0","0","0","0","0","1","1","0","1","","","","N","","","","","","","","","",""
"2007112123","","1","0","0","0","0","0","0","0","0","1","0","","02","9","2007","3","","","1612","11","0","0","0","0","0","1","0","0","1","0","0","0","","","0","","0","","40 24:48.96","2","0","80 03:50.76","0","0","0","0","2435","0","0","0","N","0","0","0","4","68B03","0","","1.0","","1","N","N","","2","","0","0","0","0","0","N","","3","0","0","0","0","0","0","2","0","3","","","","N","","","","","","","","","",""
"2007112126","","1","0","0","0","0","0","0","0","0","99","0","","02","11","2007","4","40.478889","-79.732308","1833","11","0","0","0","0","0","0","0","0","","0","0","0","","","1","","2","","40 28:44.000","","0","79 43:56.308","4","0","0","0","2466","0","0","0","N","0","0","0","1","02466","1","","1.0","","1","N","N","","0","","0","0","0","0","0","","","1","1","0","0","0","0","0","2","0","1","","","","N","","","","","","","","","",""
"2007112260","","2","0","0","0","0","0","0","0","0","1","0","","02","11","2007","4","40.545833","-80.016897","2012","11","0","0","0","0","0","0","0","0","","0","0","0","","","1","","1","","40 32:45.000","","0","80 01:00.829","8","0","0","0","2116","0","0","0","N","0","0","0","4","02116","0","","1.0","","9","N","N","","0","","0","0","0","3","2","","","2","1","0","0","0","1","0","2","0","2","","","","N","","","","","","","","","",""
"2007112264","","1","0","0","0","0","0","0","0","0","7","0","","02","11","2007","5","40.667162","-80.102503","0003","11","0","0","0","0","0","0","0","0","1","0","0","0","","","0","","0","","40 40:01.783","1","0","80 06:09.009","0","0","0","0","2212","0","0","0","N","0","0","0","1","02505","0","","2.0","","9","N","N","","0","","0","0","0","0","0","Y","","1","0","0","0","0","0","0","2","0","1","","","","N","","","","","","","","","",""
"2007112265","","0","0","0","0","0","0","0","0","0","7","0","","02","11","2007","6","40.513611","-79.780064","1320","11","0","0","0","0","0","1","0","0","","0","0","0","","","1","","0","","40 30:49.000","","0","79 46:48.232","3","0","0","0","2466","0","0","0","N","0","0","0","1","02466","0","","5.0","","1","N","N","","1","","1","0","0","0","0","","","1","1","0","0","0","0","0","2","0","1","","","","N","","","","","","","","","",""
"2007112270","","2","0","0","0","0","0","0","0","0","4","0","","02","11","2007","6","40.548611","-80.036979","1356","11","0","1","0","0","0","0","0","1","","0","0","0","","","0","","1","","40 32:55.000","","0","80 02:13.125","0","0","0","0","2116","0","0","0","N","0","0","0","2","02116","0","","1.0","","1","N","N","","0","","0","0","0","3","2","","","2","0","1","0","0","0","0","2","0","2","","","","N","","","","","","","","","",""
"2007112330","","1","0","0","0","0","0","0","0","0","1","0","","02","11","2007","7","40.587016","-80.001164","1441","11","0","0","0","0","0","1","0","0","1","0","0","0","","","1","","0","","40 35:13.259","4","0","80 00:04.189","4","0","0","0","2116","0","0","0","N","0","0","0","2","02116","1","","1.0","","1","N","N","","0","","0","0","1","0","0","Y","","2","1","0","0","0","0","0","2","0","2","","","","N","","","","","","","","","",""
"2007112332","","1","0","0","0","0","0","0","0","0","99","0","","02","11","2007","4","40.438666","-80.071273","0812","11","0","0","0","1","0","0","0","0","","0","0","0","","","0","","1","","40 26:19.197","","0","80 04:16.583","0","0","0","0","2421","0","0","0","N","0","0","0","3","02421","0","","1.0","","1","N","N","","0","","0","0","1","0","0","","","2","0","0","0","0","0","0","2","0","2","","","","N","","","","","","","","","",""
"2007112335","","1","0","0","0","0","0","0","0","0","1","1","","02","11","2007","4","40.486667","-80.055029","1230","11","0","0","0","0","0","1","0","0","2","0","1","0","","","2","","3","","40 29:12.000","2","0","80 03:18.104","4","0","0","0","2404","0","0","0","N","0","0","0","5","02404","2","","1.0","","1","N","N","","0","","0","0","0","0","0","N","","3","2","0","0","0","0","0","2","1","3","","","","N","","","","","","","","","",""
"2007112340","","2","0","0","0","0","0","0","0","0","5","0","","02","11","2007","5","40.437102","-80.06903","0901","11","0","0","0","0","0","0","1","0","","0","0","0","","","0","","1","","40 26:13.567","","0","80 04:08.508","0","0","0","0","2421","0","0","0","N","0","0","0","3","02421","0","","1.0","","9","N","N","","0","","0","0","0","0","0","","","2","0","0","0","0","0","0","2","0","2","","","","N","","","","","","","","","",""
"2007112353","","0","0","0","0","0","0","0","0","0","1","0","","02","11","2007","5","40.4608","-79.8724","1442","11","0","0","0","0","0","0","0","0","","0","0","0","","","1","","0","","40 27:38.880","","0","79 52:20.640","4","0","0","0","2113","0","0","0","N","0","0","0","4","02113","1","","1.0","","1","N","N","","0","","0","0","0","0","0","","","2","1","0","0","0","0","0","2","2","2","","","","N","","","","","","","","","",""
"2007112360","","1","0","0","0","0","0","0","0","0","4","0","","02","11","2007","5","40.394542","-79.970058","1522","11","0","0","0","0","0","2","0","0","","0","0","0","","","0","","1","","40 23:40.352","","0","79 58:12.208","0","0","0","0","2403","0","0","0","N","0","0","0","2","02403","0","","1.0","","9","N","N","","1","","0","0","0","3","3","","","2","0","0","0","0","0","0","2","0","2","","","","N","","","","","","","","","",""
"2007112368","","1","0","0","0","0","0","0","0","0","7","0","","02","11","2007","5","40.513889","-80.216988","0113","11","0","0","1","0","0","0","0","0","","0","0","0","","","1","","0","","40 30:50.000","","0","80 13:01.158","8","0","0","0","2213","0","0","0","N","0","0","0","1","02213","0","","2.0","","1","N","N","","0","","0","0","0","0","0","","","1","1","1","0","0","1","0","2","0","1","","","","N","","","","","","","","","",""
"2007112369","","2","0","0","0","0","0","0","0","0","4","0","","02","11","2007","4","40.527038","-80.184477","1153","11","0","0","0","0","0","0","1","0","1","0","0","0","","","1","","0","","40 31:37.336","1","7","80 11:04.117","8","0","0","0","2213","0","0","0","N","0","0","0","2","02213","0","","1.0","","9","N","N","","0","","0","0","0","0","0","N","","2","1","0","0","0","1","0","2","0","2","","","","N","","","","","","","","","",""
"2007112370","","0","0","0","0","0","0","0","0","0","1","0","","02","11","2007","2","40.5274","-80.1851","0854","11","0","0","0","0","0","0","0","0","1","0","0","0","","","2","","0","","40 31:38.640","1","7","80 11:06.360","3","0","0","0","2213","0","0","0","N","0","0","0","2","02213","1","","1.0","","9","N","N","","0","","1","0","2","3","2","N","","2","2","0","0","0","0","0","2","0","2","","","","N","","","","","","","","","",""
"2007112371","","1","0","0","0","0","0","0","0","0","4","0","","02","10","2007","2","40.506111","-80.223141","1819","11","0","0","0","1","0","0","1","0","","0","0","0","","","0","","2","","40 30:22.000","","0","80 13:23.306","0","0","0","0","2213","0","0","0","N","0","0","0","2","02213","0","","1.0","","1","N","N","","1","","0","0","0","0","0","","","2","0","0","0","0","0","0","2","0","2","","","","N","","","","","","","","","",""
"2007112434","","1","0","0","0","0","0","0","0","0","7","0","","02","10","2007","3","40.41693","-80.016191","1522","11","0","0","0","0","0","0","0","0","1","0","0","0","","","1","","0","","40 25:00.948","5","0","80 00:58.287","4","0","0","0","2301","0","0","0","N","0","0","0","1","02301","1","","2.0","","9","N","Y","","0","","0","0","0","0","0","Y","","1","1","0","0","0","0","0","2","0","1","","","","N","","","","","","","","","",""
"2007112435","","2","0","0","0","0","0","0","0","0","4","0","","02","10","2007","5","40.432423","-80.008312","1749","11","0","0","0","0","0","0","1","0","","0","0","0","","","0","","0","","40 25:56.722","","0","80 00:29.923","0","0","0","0","2301","0","0","0","N","0","0","0","1","02301","0","","2.0","","1","N","N","","0","","0","0","2","0","0","","","4","0","0","0","0","0","0","2","0","4","","","","N","","","","","","","","","",""
"2007112438","","1","0","0","0","0","0","0","0","0","7","0","","02","11","2007","3","40.652516","-79.936106","1539","11","0","0","0","0","0","0","1","0","1","0","0","0","","","0","","0","","40 39:09.057","2","0","79 56:09.982","0","0","0","0","2217","0","0","0","N","0","0","0","1","02505","0","","2.0","","1","N","N","","0","","0","0","0","0","0","N","","1","0","0","0","0","0","0","2","0","1","","","","N","","","","","","","","","",""
"2007112440","","2","0","0","0","0","0","0","0","0","2","0","","02","11","2007","5","40.497138","-80.045984","1905","11","0","0","0","0","0","1","0","0","1","0","0","0","","","2","","0","","40 29:49.696","7","0","80 02:45.543","3","0","0","0","2116","0","0","0","N","0","0","0","2","02116","1","","1.0","","9","N","N","","0","","1","0","0","0","0","Y","","2","2","1","0","0","0","0","2","0","2","","","","N","","","","","","","","","",""
"2007112448","","1","0","0","0","0","0","0","0","0","2","0","","02","11","2007","5","40.364131","-80.086883","1749","11","0","0","0","0","0","0","0","1","1","0","0","0","","","0","","2","","40 21:50.871","1","0","80 05:12.778","0","0","0","0","2117","0","0","0","N","0","0","0","2","02117","0","","1.0","","1","N","N","","0","","0","0","1","3","2","N","","2","0","0","0","0","0","0","2","0","2","","","","N","","","","","","","","","",""
"2007112449","","1","0","0","0","0","0","0","0","0","4","0","","02","11","2007","5","40.623056","-79.923149","0633","11","0","0","1","0","0","0","0","0","2","0","0","0","","","2","","1","","40 37:23.000","4","0","79 55:23.335","8","0","0","0","2217","0","0","0","N","0","0","0","3","02505","0","","1.0","","9","N","N","","1","","0","0","0","3","3","Y","","2","2","0","0","0","2","0","2","0","2","","","","N","","","","","","","","","",""
"2007112470","","2","0","0","0","0","0","0","0","0","4","0","","02","9","2007","7","40.432222","-79.864847","2005","11","0","0","1","0","0","0","0","0","","0","0","0","","","0","","1","","40 25:56.000","","0","79 51:53.450","0","0","0","0","2431","0","0","0","N","0","0","0","6","02431","0","","1.0","","1","N","N","","0","","0","0","0","3","2","","","2","0","0","0","0","0","0","2","0","2","","","","N","","","","","","","","","",""