"CRN","ARRIVAL_TM","AUTOMOBILE_COUNT","BELTED_DEATH_COUNT","BELTED_SUSP_SERIOUS_INJ_COUNT","BICYCLE_COUNT","BICYCLE_DEATH_COUNT","BICYCLE_SUSP_SERIOUS_INJ_COUNT","BUS_COUNT","CHLDPAS_DEATH_COUNT","CHLDPAS_SUSP_SERIOUS_INJ_COUNT","COLLISION_TYPE","COMM_VEH_COUNT","CONS_ZONE_SPD_LIM","COUNTY","CRASH_MONTH","CRASH_YEAR","DAY_OF_WEEK","DEC_LATITUDE","DEC_LONGITUDE","DISPATCH_TM","DISTRICT","DRIVER_COUNT_16YR","DRIVER_COUNT_17YR","DRIVER_COUNT_18YR","DRIVER_COUNT_19YR","DRIVER_COUNT_20YR","DRIVER_COUNT_50_64YR","DRIVER_COUNT_65_74YR","DRIVER_COUNT_75PLUS","EST_HRS_CLOSED","FATAL_COUNT","HEAVY_TRUCK_COUNT","HORSE_BUGGY_COUNT","HOUR_OF_DAY","ILLUMINATION","INJURY_COUNT","INTERSECTION_RELATED","INTERSECT_TYPE","LANE_CLOSED","LATITUDE","LN_CLOSE_DIR","LOCATION_TYPE","LONGITUDE","MAX_SEVERITY_LEVEL","MCYCLE_DEATH_COUNT","MCYCLE_SUSP_SERIOUS_INJ_COUNT","MOTORCYCLE_COUNT","MUNICIPALITY","NONMOTR_COUNT","NONMOTR_DEATH_COUNT","NONMOTR_SUSP_SERIOUS_INJ_COUNT","NTFY_HIWY_MAINT","PED_COUNT","PED_DEATH_COUNT","PED_SUSP_SERIOUS_INJ_COUNT","PERSON_COUNT","POLICE_AGCY","POSSIBLE_INJ_COUNT","RDWY_SURF_TYPE_CD","RELATION_TO_ROAD","ROADWAY_CLEARED","ROAD_CONDITION","SCH_BUS_IND","SCH_ZONE_IND","SECONDARY_CRASH","SMALL_TRUCK_COUNT","SPEC_JURIS_CD","SUSP_MINOR_INJ_COUNT","SUSP_SERIOUS_INJ_COUNT","SUV_COUNT","TCD_FUNC_CD","TCD_TYPE","TFC_DETOUR_IND","TIME_OF_DAY","TOTAL_UNITS","TOT_INJ_COUNT","UNBELTED_OCC_COUNT","UNB_DEATH_COUNT","UNB_SUSP_SERIOUS_INJ_COUNT","UNK_INJ_DEG_COUNT","UNK_INJ_PER_COUNT","URBAN_RURAL","VAN_COUNT","VEHICLE_COUNT","WEATHER1","WEATHER2","WORKERS_PRES","WORK_ZONE_IND","WORK_ZONE_LOC","WORK_ZONE_TYPE","WZ_CLOSE_DETOUR","WZ_FLAGGER","WZ_LAW_OFFCR_IND","WZ_LN_CLOSURE","WZ_MOVING","WZ_OTHER","WZ_SHLDER_MDN","WZ_WORKERS_INJ_KILLED"
"2007112471","","2","0","0","0","0","0","0","0","0","4","0","99","02","8","2007","4","40.432222","-79.865046","0733","11","0","0","0","0","0","0","0","0","1","0","0","0","","","0","","1","","40 25:56.000","4","0","79 51:54.165","9","0","0","0","2431","0","0","0","N","0","0","0","3","02431","0","","1.0","","1","N","N","","0","","0","0","0","3","2","N","","2","0","1","0","0","0","1","2","0","2","","","U","Y","8","8","","","U","","","","",""
"2007112472","","2","0","0","0","0","0","0","0","0","1","0","","02","8","2007","4","40.426944","-79.863079","0932","11","0","0","0","0","0","0","0","0","","0","0","0","","","1","","2","","40 25:37.000","","0","79 51:47.085","8","0","0","0","2431","0","0","0","N","0","0","0","2","02431","0","","1.0","","1","N","N","","0","","0","0","0","3","2","","","2","1","1","0","0","1","0","2","0","2","","","","N","","","","","","","","","",""
"2007112473","","0","0","0","0","0","0","0","0","0","0","0","","02","8","2007","5","40.436887","-79.852014","1705","11","0","0","0","0","0","0","0","0","1","0","0","0","","","1","","2","","40 26:12.793","6","0","79 51:07.250","4","0","0","1","2431","0","0","0","N","0","0","0","1","02431","1","","1.0","","1","N","N","","0","","0","0","0","3","3","N","","1","1","0","0","0","0","0","2","0","1","","","","N","","","","","","","","","",""
"2007112474","","2","0","0","0","0","0","0","0","0","4","0","","02","9","2007","4","40.436887","-79.852014","1453","11","0","0","0","0","0","0","0","0","2","0","0","0","","","0","","2","","40 26:12.793","4","0","79 51:07.250","0","0","0","0","2431","0","0","0","N","0","0","0","3","02431","0","","1.0","","1","N","N","","0","","0","0","0","3","3","N","","2","0","0","0","0","0","0","2","0","2","","","","N","","","","","","","","","",""
"2007112532","","0","0","0","0","0","0","0","0","0","1","0","","02","9","2007","1","40.490833","-79.885943","1426","11","0","0","0","0","0","0","1","0","2","0","0","0","","","1","","0","","40 29:27.000","1","0","79 53:09.396","2","0","1","2","2112","0","0","0","N","0","0","0","6","68D02","0","","1.0","","1","N","N","","0","","0","1","1","0","0","N","","3","1","0","0","0","0","0","2","0","3","","","","N","","","","","","","","","",""
"2007112539","","2","0","0","0","0","0","0","0","0","1","0","","02","9","2007","4","40.4393","-80.2385","0737","11","0","0","0","0","0","1","0","0","","0","0","0","","","0","","6","","40 26:21.480","","2","80 14:18.600","0","0","0","0","2214","0","0","0","N","0","0","0","5","68B03","0","","1.0","","1","N","N","","0","","0","0","0","3","4","","","2","0","0","0","0","0","0","2","0","2","","","","N","","","","","","","","","",""
"2007112641","","1","0","0","0","0","0","0","0","0","7","0","","02","11","2007","6","40.628333","-80.017333","2245","11","0","0","0","0","0","0","0","1","","0","0","0","","","0","","2","","40 37:42.000","","0","80 01:02.399","0","0","0","0","2216","0","0","0","N","0","0","0","1","02505","0","","5.0","","1","N","N","","0","","0","0","0","3","3","","","1","0","0","0","0","0","0","1","0","1","","","","N","","","","","","","","","",""
"2007112678","","0","0","0","0","0","0","0","0","0","1","0","","02","9","2007","7","40.6025","-79.766622","1421","11","0","0","0","0","0","2","0","0","2","0","0","0","","","3","","0","","40 36:09.000","2","0","79 45:59.838","3","0","0","0","2464","0","0","0","N","0","0","0","5","68D02","1","","1.0","","1","N","N","","1","","2","0","1","0","0","N","","2","3","0","0","0","0","0","2","0","2","","","","N","","","","","","","","","",""
"2007112712","","1","0","0","0","0","0","0","0","0","4","0","","02","11","2007","5","40.3911","-79.766","0147","11","0","0","1","0","0","0","0","0","1","0","0","0","","","3","","0","","40 23:27.960","6","0","79 45:57.600","2","0","0","0","2446","0","0","0","N","0","0","0","3","02446","1","","1.0","","9","N","N","","0","","1","1","1","0","0","N","","2","3","1","0","0","0","0","2","0","2","","","","N","","","","","","","","","",""
"2007112724","","1","0","0","0","0","0","0","0","0","0","0","","02","10","2007","7","40.506944","-80.155457","0054","11","0","0","0","0","0","0","0","0","2","0","0","0","","","1","","3","","40 30:25.000","7","0","80 09:19.645","8","0","0","0","2420","0","0","0","N","0","0","0","1","02420","0","","5.0","","9","N","N","","0","","0","0","0","0","0","Y","","1","1","0","0","0","1","0","2","0","1","","","","N","","","","","","","","","",""
"2007112777","","2","0","0","0","0","0","0","0","0","1","0","","02","9","2007","2","40.439444","-80.235302","0717","11","0","0","0","0","0","1","0","0","2","0","0","0","","","0","","0","","40 26:22.000","3","0","80 14:07.088","0","0","0","0","2214","0","0","0","N","0","0","0","4","68B03","0","","1.0","","1","N","N","","1","","0","0","0","0","0","N","","3","0","0","0","0","0","0","2","0","3","","","","N","","","","","","","","","",""
"2007112778","","2","0","0","0","0","0","0","0","0","1","0","40","02","9","2007","6","40.510278","-80.135757","1652","11","0","0","0","0","0","1","0","0","1","0","0","0","","","0","","0","","40 30:37.000","1","3","80 08:08.725","0","0","0","0","2110","0","0","0","N","0","0","0","4","68B03","0","","1.0","","1","N","N","","2","","0","0","0","0","0","N","","4","0","0","0","0","0","0","2","0","4","","","Y","Y","4","1","","","Y","Y","","","",""
"2007112797","","2","0","0","0","0","0","0","0","0","1","0","","02","11","2007","6","40.667174","-80.101072","2352","11","0","0","0","0","1","1","0","0","","0","0","0","","","1","","0","","40 40:01.828","","0","80 06:03.859","4","0","0","0","2212","0","0","0","N","0","0","0","2","02505","1","","1.0","","1","N","N","","0","","0","0","0","0","0","","","2","1","0","0","0","0","0","2","0","2","","","","N","","","","","","","","","",""
"2007112810","","1","0","0","0","0","0","0","0","0","99","0","","02","10","2007","2","40.470278","-80.114948","0630","11","0","0","0","0","0","1","0","0","","0","0","0","","","0","","0","","40 28:13.000","","0","80 06:53.813","0","0","0","0","2115","0","0","0","N","0","0","0","1","68B03","0","","1.0","","1","N","N","","0","","0","0","0","0","0","","","1","0","0","0","0","0","0","2","0","1","","","","N","","","","","","","","","",""
"2007112927","","2","0","0","0","0","0","0","0","0","5","0","","02","10","2007","4","40.380877","-80.035834","0833","11","0","0","0","0","0","0","0","0","","0","0","0","","","0","","0","","40 22:51.158","","0","80 02:09.001","0","0","0","0","2109","0","0","0","N","0","0","0","2","02109","0","","6.0","","9","N","N","","0","","0","0","0","0","0","","","2","0","0","0","0","0","0","2","0","2","","","","N","","","","","","","","","",""
"2007112928","","2","0","0","0","0","0","0","0","0","1","0","","02","10","2007","1","40.374167","-80.035542","1009","11","0","0","0","0","0","0","0","1","1","0","0","0","","","1","","0","","40 22:27.000","4","0","80 02:07.951","8","0","0","0","2109","0","0","0","N","0","0","0","3","02109","0","","1.0","","1","N","N","","0","","0","0","0","3","2","N","","2","1","0","0","0","1","0","2","0","2","","","","N","","","","","","","","","",""
"2007112941","","1","0","0","0","0","0","0","0","0","1","0","","02","10","2007","6","40.4385","-80.0065","1345","11","0","0","0","0","0","0","0","0","","0","0","0","","","0","","3","","40 26:18.600","","2","80 00:23.400","0","0","0","0","2301","0","0","0","N","0","0","0","2","68B03","0","","1.0","","1","N","N","","0","","0","0","1","3","4","","","2","0","0","0","0","0","0","2","0","2","","","","N","","","","","","","","","",""
"2007112942","","0","0","0","0","0","0","0","0","0","1","1","","02","9","2007","5","40.668889","-80.093906","1800","11","0","0","0","0","0","2","0","0","","0","1","0","","","2","","0","","40 40:08.000","","6","80 05:38.063","8","0","0","0","2212","0","0","0","N","0","0","0","5","68B03","0","","3.0","","1","N","N","","0","","0","0","1","3","8","","","2","2","0","0","0","2","0","2","0","2","","","","N","","","","","","","","","",""
"2007112943","","1","0","0","0","0","0","0","0","0","7","0","45","02","9","2007","1","40.525","-80.1308","1714","11","0","0","0","0","0","0","0","0","","0","0","0","","","0","","0","","40 31:30.000","","0","80 07:50.880","0","0","0","0","2434","0","0","0","N","0","0","0","1","68B03","0","","5.0","","1","N","N","","0","","0","0","0","0","0","","","1","0","0","0","0","0","0","2","0","1","","","N","Y","8","1","","","N","","","","",""
"2007112944","","1","0","0","0","0","0","0","0","0","1","0","","02","10","2007","5","40.416748","-80.086181","0623","11","0","0","0","0","0","0","0","0","","0","0","0","","","0","","0","","40 25:00.292","","0","80 05:10.251","0","0","0","0","2457","0","0","0","N","0","0","0","3","68B03","0","","1.0","","1","N","N","","1","","0","0","1","0","0","","","3","0","0","0","0","0","0","2","0","3","","","","N","","","","","","","","","",""
"2007112999","","1","0","0","0","0","0","0","0","0","7","0","","02","11","2007","6","40.408804","-79.907341","0159","11","0","0","0","0","0","0","0","0","1","0","0","0","","","0","","0","","40 24:31.694","3","0","79 54:26.427","0","0","0","0","2448","0","0","0","N","0","0","0","1","02448","0","","5.0","","9","N","N","","0","","0","0","1","0","0","N","","2","0","0","0","0","0","0","2","0","2","","","","N","","","","","","","","","",""
"2007113005","","2","0","0","0","0","0","0","0","0","1","0","","02","11","2007","7","40.411254","-79.913324","2354","11","0","0","0","0","0","0","0","0","","0","0","0","","","1","","5","","40 24:40.514","","0","79 54:47.966","8","0","0","0","2438","0","0","0","N","0","0","0","2","02438","0","","1.0","","1","N","N","","0","","0","0","0","3","2","","","2","1","0","0","0","1","0","2","0","2","","","","N","","","","","","","","","",""
"2007113006","","1","0","0","0","0","0","0","0","0","7","0","","02","11","2007","1","40.292411","-79.875674","0314","11","0","0","0","0","0","0","0","0","1","0","0","0","","","0","","0","","40 17:32.680","4","0","79 52:32.428","0","0","0","0","2302","0","0","0","N","0","0","0","1","02302","0","","2.0","","1","N","N","","0","","0","0","0","3","8","N","","1","0","1","0","0","0","0","2","0","1","","","","N","","","","","","","","","",""
"2007113040","","2","0","0","0","0","0","0","0","0","4","0","","02","11","2007","6","40.493577","-80.051507","0844","11","0","0","0","0","0","1","0","0","","0","0","0","","","0","","1","","40 29:36.877","","0","80 03:05.425","0","0","0","0","2404","0","0","0","N","0","0","0","3","02404","0","","1.0","","9","N","N","","0","","0","0","0","2","3","","","2","0","0","0","0","0","0","2","0","2","","","","N","","","","","","","","","",""
"2007113041","","1","0","0","0","0","0","0","0","0","7","0","","02","11","2007","4","40.608889","-79.968262","1419","11","0","0","0","0","1","0","0","0","1","0","0","0","","","1","","0","","40 36:32.000","3","0","79 58:05.744","4","0","0","0","2207","0","0","0","N","0","0","0","1","02207","1","","5.0","","9","N","N","","0","","0","0","0","0","0","N","","1","1","0","0","0","0","0","2","0","1","","","","N","","","","","","","","","",""
"2007113047","","1","0","0","0","0","0","0","0","0","1","1","","02","11","2007","3","40.663889","-79.934393","1423","11","0","0","0","0","0","2","0","0","1","0","1","0","","","2","","1","","40 39:50.000","2","0","79 56:03.816","4","0","0","0","2217","0","0","0","N","0","0","0","3","02505","2","","1.0","","1","N","N","","0","","0","0","0","3","2","N","","2","2","0","0","0","0","0","1","0","2","","","","N","","","","","","","","","",""
"2007113050","","2","1","0","0","0","0","0","0","0","7","0","","02","10","2007","6","40.448611","-80.106005","9999","11","0","0","0","0","1","1","1","0","","1","0","0","","","1","","0","","40 26:55.000","","0","80 06:21.617","1","0","0","0","2115","0","0","0","N","0","0","0","4","02115","0","2","3.0","","1","N","N","","1","0","1","0","1","0","0","","","4","1","0","0","0","0","0","2","0","4","","","","N","","","","","","","","","",""
"2007113053","","1","0","0","0","0","0","0","0","0","1","0","","02","11","2007","6","40.475556","-79.707342","1134","11","0","0","0","0","0","0","0","0","","0","0","0","","","1","","1","","40 28:32.000","","0","79 42:26.430","8","0","0","0","2466","0","0","0","N","0","0","0","2","02466","0","","1.0","","1","N","N","","1","","0","0","0","3","2","","","2","1","0","0","0","1","0","2","0","2","","","","N","","","","","","","","","",""
"2007113058","","1","0","0","0","0","0","0","0","0","6","0","","02","11","2007","6","40.653333","-80.078735","1153","11","0","0","0","1","0","0","0","0","3","0","0","0","","","2","","0","","40 39:12.000","6","0","80 04:43.446","3","0","0","0","2212","0","0","0","N","0","0","0","3","02505","0","","1.0","","1","N","N","","0","","2","0","0","0","0","Y","","2","2","2","0","0","0","0","2","1","2","","","","N","","","","","","","","","",""
"2007113067","","2","0","0","0","0","0","0","0","0","2","0","","02","11","2007","5","40.430517","-79.792458","2136","11","0","1","0","0","0","0","0","0","1","0","0","0","","","3","","2","","40 25:49.860","4","0","79 47:32.850","3","0","0","0","2443","0","0","0","N","0","0","0","3","02446","2","","1.0","","1","N","N","","0","","1","0","0","3","2","N","","2","3","0","0","0","0","0","2","0","2","","","","N","","","","","","","","","",""
"2007113078","","2","0","0","0","0","0","0","0","0","2","0","","02","11","2007","6","40.516596","-80.02123","1817","11","0","0","0","0","0","0","0","0","","0","0","0","","","0","","0","","40 30:59.745","","0","80 01:16.428","0","0","0","0","2474","0","0","0","N","0","0","0","1","02474","0","","1.0","","1","N","N","","0","","0","0","0","0","0","","","2","0","0","0","0","0","0","2","0","2","","","","N","","","","","","","","","",""
"2007113079","","2","0","0","0","0","0","0","0","0","1","0","","02","11","2007","6","40.284167","-79.911187","1709","11","0","0","0","0","0","1","0","0","1","0","0","0","","","0","","3","","40 17:03.000","2","0","79 54:40.273","0","0","0","0","2440","0","0","0","N","0","0","0","4","02440","0","","1.0","","1","N","N","","0","","0","0","0","3","3","N","","2","0","1","0","0","0","0","2","0","2","","","","N","","","","","","","","","",""
"2007113100","","1","0","0","0","0","0","0","0","0","4","0","","02","11","2007","6","40.513611","-79.951537","1434","11","0","0","0","0","0","0","0","0","2","0","0","0","","","4","","1","","40 30:49.000","5","0","79 57:05.533","8","0","0","0","2118","0","0","0","N","0","0","0","4","02118","0","","1.0","","1","N","N","","0","","0","0","1","3","2","N","","2","4","0","0","0","4","0","2","0","2","","","","N","","","","","","","","","",""
"2007113104","","1","0","0","0","0","0","0","0","0","8","0","","02","11","2007","5","","","1850","11","0","0","0","0","0","0","0","0","","0","0","0","","","1","","0","","","","0","","4","0","0","0","2302","1","0","0","N","1","0","0","2","02302","1","","1.0","","1","N","N","","0","","0","0","0","0","0","","","2","1","0","0","0","0","0","1","0","1","","","","N","","","","","","","","","",""
"2007113109","","2","0","0","0","0","0","0","0","0","2","0","","02","11","2007","5","40.404791","-80.083552","0524","11","0","0","0","0","0","1","0","0","","0","0","0","","","0","","2","","40 24:17.247","","0","80 05:00.788","0","0","0","0","2415","0","0","0","N","0","0","0","2","02415","0","","1.0","","9","N","N","","0","","0","0","0","0","0","","","2","0","0","0","0","0","0","2","0","2","","","","N","","","","","","","","","",""
"2007113119","","2","0","0","0","0","0","0","0","0","1","0","","02","11","2007","4","40.553333","-79.971254","1747","11","0","0","0","0","0","1","0","0","1","0","0","0","","","0","","2","","40 33:12.000","2","0","79 58:16.516","0","0","0","0","2118","0","0","0","N","0","0","0","2","02118","0","","1.0","","9","N","N","","0","","0","0","0","0","0","N","","2","0","0","0","0","0","0","2","0","2","","","","N","","","","","","","","","",""
"2007113131","","2","0","0","0","0","0","0","0","0","4","0","","02","11","2007","6","40.380924","-79.814664","1938","11","0","0","0","0","0","0","0","0","1","0","0","0","","","1","","3","","40 22:51.326","2","0","79 48:52.791","4","0","0","0","2424","0","0","0","N","0","0","0","3","02424","1","","1.0","","1","N","N","","0","","0","0","0","3","3","Y","","2","1","1","0","0","0","0","2","0","2","","","","N","","","","","","","","","",""
"2007113138","","1","0","0","0","0","0","0","0","0","7","0","","02","11","2007","7","40.653889","-79.759234","1535","11","0","0","0","0","1","0","0","0","","0","0","0","","","1","","10","","40 39:14.000","","0","79 45:33.244","3","0","0","0","2202","0","0","0","N","0","0","0","1","02202","0","","5.0","","9","N","N","","0","","1","0","0","0","0","","","1","1","0","0","0","0","0","1","0","1","","","","N","","","","","","","","","",""
"2007113140","","1","0","0","0","0","0","0","0","0","1","0","","02","11","2007","5","40.673333","-80.0984","1712","11","0","0","0","0","0","1","0","0","","0","0","0","","","0","","1","","40 40:24.000","","0","80 05:54.239","0","0","0","0","2212","0","0","0","N","0","0","0","2","02505","0","","1.0","","1","N","N","","0","","0","0","1","3","2","","","2","0","0","0","0","0","0","2","0","2","","","","N","","","","","","","","","",""
"2007113141","","2","0","0","0","0","0","0","0","0","4","0","","02","11","2007","4","40.618889","-80.076496","1724","11","0","1","0","0","0","0","0","0","2","0","0","0","","","0","","2","","40 37:08.000","6","0","80 04:35.387","0","0","0","0","2212","0","0","0","N","0","0","0","2","02505","0","","1.0","","9","N","N","","0","","0","0","0","3","3","N","","2","0","0","0","0","0","0","2","0","2","","","","N","","","","","","","","","",""
"2007113145","","1","0","0","0","0","0","0","0","0","7","0","","02","11","2007","7","40.410099","-79.896745","2315","11","0","0","1","0","0","0","0","0","2","0","0","0","","","0","","0","","40 24:36.356","6","0","79 53:48.282","0","0","0","0","2448","0","0","0","N","0","0","0","1","02448","0","","5.0","","9","N","N","","0","","0","0","0","0","0","N","","1","0","0","0","0","0","0","2","0","1","","","","N","","","","","","","","","",""
"2007113148","","2","0","0","0","0","0","0","0","0","4","0","","02","11","2007","7","40.4494","-79.9021","1659","11","0","0","0","0","0","0","0","0","","0","0","0","","","1","","0","","40 26:57.840","","0","79 54:07.560","4","0","0","0","2207","0","0","0","N","0","0","0","5","02207","1","","1.0","","9","N","N","","0","","0","0","0","0","0","","","2","1","0","0","0","0","0","2","0","2","","","","N","","","","","","","","","",""
"2007113149","","1","0","0","0","0","0","1","0","0","4","1","","02","11","2007","6","40.43847","-80.005839","0022","11","0","0","0","0","0","1","0","0","","0","0","0","","","0","","1","","40 26:18.492","","0","80 00:21.020","0","0","0","0","2301","0","0","0","N","0","0","0","8","02503","0","","1.0","","9","N","N","","0","","0","0","0","3","2","","","2","0","1","0","0","0","0","2","0","2","","","","N","","","","","","","","","",""
"2007113150","","1","0","0","0","0","0","0","0","0","99","0","","02","11","2007","1","40.44589","-79.706581","0141","11","0","0","0","0","0","0","0","0","1","0","0","0","","","0","","0","","40 26:45.203","6","0","79 42:23.692","0","0","0","0","2446","0","0","0","N","0","0","0","1","02446","0","","1.0","","9","N","N","","0","","0","0","0","0","0","N","","1","0","0","0","0","0","0","2","0","1","","","","N","","","","","","","","","",""
"2007113152","","1","0","0","0","0","0","0","0","0","1","0","","02","11","2007","7","40.450556","-79.713563","1410","11","0","0","0","0","0","0","0","0","","0","0","0","","","1","","1","","40 27:02.000","","0","79 42:48.828","4","0","0","0","2466","0","0","0","N","0","0","0","5","02466","1","","1.0","","1","N","N","","0","","0","0","1","3","2","","","3","1","0","0","0","0","0","2","1","3","","","","N","","","","","","","","","",""
"2007113177","","2","0","0","0","0","0","0","0","0","1","0","","02","11","2007","6","40.3525","-80.009644","1632","11","0","0","0","0","0","1","0","0","","0","0","0","","","1","","1","","40 21:09.000","","0","80 00:34.719","3","0","0","0","2476","0","0","0","N","0","0","0","2","02476","0","","1.0","","1","N","N","","0","","1","0","0","0","0","","","2","1","1","0","0","0","0","2","0","2","","","","N","","","","","","","","","",""
"2007113179","","2","0","0","0","0","0","0","0","0","1","0","","02","11","2007","1","40.507778","-80.005628","1751","11","0","0","0","1","1","0","0","0","1","0","0","0","","","0","","0","","40 30:28.000","2","0","80 00:20.260","0","0","0","0","2116","0","0","0","N","0","0","0","6","02116","0","","1.0","","9","N","N","","0","","0","0","1","3","2","N","","3","0","0","0","0","0","0","2","0","3","","","","N","","","","","","","","","",""
"2007113183","","1","0","0","0","0","0","0","0","0","1","0","","02","11","2007","6","40.619326","-80.078498","1553","11","0","0","0","0","1","0","0","0","","0","0","0","","","1","","0","","40 37:09.574","","0","80 04:42.593","4","0","0","0","2212","0","0","0","N","0","0","0","2","02505","1","","1.0","","1","N","N","","0","","0","0","0","3","2","","","2","1","0","0","0","0","0","2","1","2","","","","N","","","","","","","","","",""
"2007113197","","1","0","0","0","0","0","0","0","0","4","0","","02","11","2007","7","40.373333","-79.982084","2124","11","0","0","0","0","0","0","0","0","","0","0","0","","","0","","0","","40 22:24.000","","0","79 58:55.502","0","0","0","0","2476","0","0","0","N","0","0","0","3","02476","0","","1.0","","9","N","","","0","","0","0","1","0","0","","","2","0","0","0","0","0","0","2","0","2","","","","N","","","","","","","","","",""
"2007113200","","1","0","0","0","0","0","0","0","0","1","0","","02","11","2007","7","40.626389","-80.038274","1706","11","0","0","0","0","0","1","0","0","","0","0","0","","","0","","2","","40 37:35.000","","0","80 02:17.785","0","0","0","0","2216","0","0","0","N","0","0","0","2","02505","0","","1.0","","9","N","N","","1","","0","0","0","3","3","","","2","0","0","0","0","0","0","2","0","2","","","","N","","","","","","","","","",""
"2007113206","","2","0","0","0","0","0","0","0","0","1","0","","02","11","2007","1","40.360406","-79.990791","1956","11","0","0","0","0","0","2","0","0","2","0","0","0","","","1","","0","","40 21:37.461","2","0","79 59:26.847","8","0","0","0","2476","0","0","0","N","0","0","0","3","02476","0","","1.0","","1","N","N","","1","","0","0","0","3","2","N","","3","1","0","0","0","1","0","2","0","3","","","","N","","","","","","","","","",""
"2007113210","","1","0","0","0","0","0","0","0","0","7","0","","02","11","2007","1","40.387273","-79.813618","0309","11","0","0","0","0","0","0","0","0","1","0","0","0","","","0","","0","","40 23:14.182","2","0","79 48:49.024","0","0","0","0","2111","0","0","0","N","0","0","0","2","02111","0","","2.0","","1","N","N","","0","","0","0","0","0","0","N","","1","0","2","0","0","0","0","2","0","1","","","","N","","","","","","","","","",""
"2007113214","","2","0","0","0","0","0","0","0","0","1","0","","02","11","2007","2","40.541104","-79.781855","0011","11","0","0","0","0","0","0","0","0","","0","0","0","","","0","","0","","40 32:27.974","","0","79 46:54.679","0","0","0","0","2462","0","0","0","N","0","0","0","1","02462","0","","1.0","","1","N","N","","0","","0","0","0","0","0","","","2","0","0","0","0","0","0","2","0","2","","","","N","","","","","","","","","",""
"2007113221","","0","0","0","0","0","0","0","0","0","7","0","","02","11","2007","2","40.493889","-79.982605","0039","11","0","0","0","0","0","0","0","0","1","0","0","0","","","1","","0","","40 29:38.000","4","0","79 58:57.378","3","0","0","0","2118","0","0","0","N","0","0","0","1","02118","0","","5.0","","1","N","N","","0","","1","0","1","0","0","N","","1","1","0","0","0","0","0","2","0","1","","","","N","","","","","","","","","",""
"2007113225","","1","0","0","0","0","0","0","0","0","8","0","","02","11","2007","2","40.403611","-80.096476","0808","11","0","0","0","0","0","0","0","0","","0","0","0","","","1","","0","","40 24:13.000","","0","80 05:47.314","4","0","0","0","2415","1","0","0","N","1","0","0","2","02415","1","","1.0","","1","N","N","","0","","0","0","0","0","0","","","2","1","1","0","0","0","0","2","0","1","","","","N","","","","","","","","","",""
"2007113232","","1","0","0","0","0","0","0","0","0","7","0","","02","11","2007","7","40.594943","-79.872537","2024","11","0","0","0","0","0","0","0","0","1","0","0","0","","","1","","0","","40 35:41.793","1","0","79 52:21.133","3","0","0","0","2209","0","0","0","N","0","0","0","1","02209","0","","2.0","","9","N","N","","0","","1","0","0","0","0","N","","1","1","1","0","0","0","0","2","0","1","","","","N","","","","","","","","","",""
"2007113246","","1","0","0","0","0","0","1","0","0","1","1","","02","11","2007","2","40.463471","-79.930682","0752","11","0","0","0","0","0","0","0","0","","0","0","0","","","2","","1","","40 27:48.495","","0","79 55:50.455","3","0","0","0","2301","0","0","0","N","0","0","0","3","02503","1","","1.0","","1","N","N","","0","","1","0","0","3","2","","","2","2","0","0","0","0","0","2","0","2","","","","N","","","","","","","","","",""
"2007113248","","0","0","0","0","0","0","0","0","0","1","1","","02","11","2007","3","40.517378","-80.149028","1047","11","0","0","0","0","0","2","0","0","","0","1","0","","","1","","0","","40 31:02.562","","0","80 08:56.502","4","0","0","0","2110","0","0","0","N","0","0","0","2","02215","1","","1.0","","1","N","N","","1","","0","0","0","0","0","","","2","1","0","0","0","0","0","2","0","2","","","","N","","","","","","","","","",""
"2007113286","","2","0","0","0","0","0","0","0","0","4","0","","02","11","2007","2","40.6175","-80.055578","1641","11","0","0","0","0","1","0","0","0","2","0","0","0","","","0","","0","","40 37:03.000","1","0","80 03:20.082","0","0","0","0","2216","0","0","0","N","0","0","0","3","02505","0","","1.0","","1","N","N","","0","","0","0","0","0","0","Y","","2","0","1","0","0","0","0","1","0","2","","","","N","","","","","","","","","",""
"2007113289","","3","0","0","0","0","0","0","0","0","4","0","","02","11","2007","6","40.521111","-80.185847","1905","11","0","0","0","0","0","0","1","0","","0","0","0","","","0","","0","","40 31:16.000","","0","80 11:09.048","0","0","0","0","2213","0","0","0","N","0","0","0","3","02213","0","","1.0","","1","N","N","","0","","0","0","0","0","0","","","3","0","0","0","0","0","0","2","0","3","","","","N","","","","","","","","","",""
"2007113290","","0","0","0","0","0","0","0","0","0","7","0","","02","11","2007","2","40.498056","-80.202307","0846","11","0","0","0","0","0","0","0","1","2","0","0","0","","","1","","0","","40 29:53.000","3","0","80 12:08.305","4","0","0","0","2213","0","0","0","N","0","0","0","1","02213","1","","2.0","","9","N","N","","0","","0","0","1","0","0","Y","","1","1","0","0","0","0","0","2","0","1","","","","N","","","","","","","","","",""
"2007113352","","2","0","0","0","0","0","0","0","0","1","0","","02","11","2007","2","40.338889","-79.958363","1910","11","0","0","0","0","0","0","0","0","1","0","0","0","","","0","","0","","40 20:20.000","1","0","79 57:30.107","9","0","0","0","2454","0","0","0","N","0","0","0","4","02454","0","","1.0","","9","N","N","","0","","0","0","0","0","0","N","","2","0","0","0","0","0","2","2","0","2","","","","N","","","","","","","","","",""