"CRN","ARRIVAL_TM","AUTOMOBILE_COUNT","BELTED_DEATH_COUNT","BELTED_SUSP_SERIOUS_INJ_COUNT","BICYCLE_COUNT","BICYCLE_DEATH_COUNT","BICYCLE_SUSP_SERIOUS_INJ_COUNT","BUS_COUNT","CHLDPAS_DEATH_COUNT","CHLDPAS_SUSP_SERIOUS_INJ_COUNT","COLLISION_TYPE","COMM_VEH_COUNT","CONS_ZONE_SPD_LIM","COUNTY","CRASH_MONTH","CRASH_YEAR","DAY_OF_WEEK","DEC_LATITUDE","DEC_LONGITUDE","DISPATCH_TM","DISTRICT","DRIVER_COUNT_16YR","DRIVER_COUNT_17YR","DRIVER_COUNT_18YR","DRIVER_COUNT_19YR","DRIVER_COUNT_20YR","DRIVER_COUNT_50_64YR","DRIVER_COUNT_65_74YR","DRIVER_COUNT_75PLUS","EST_HRS_CLOSED","FATAL_COUNT","HEAVY_TRUCK_COUNT","HORSE_BUGGY_COUNT","HOUR_OF_DAY","ILLUMINATION","INJURY_COUNT","INTERSECTION_RELATED","INTERSECT_TYPE","LANE_CLOSED","LATITUDE","LN_CLOSE_DIR","LOCATION_TYPE","LONGITUDE","MAX_SEVERITY_LEVEL","MCYCLE_DEATH_COUNT","MCYCLE_SUSP_SERIOUS_INJ_COUNT","MOTORCYCLE_COUNT","MUNICIPALITY","NONMOTR_COUNT","NONMOTR_DEATH_COUNT","NONMOTR_SUSP_SERIOUS_INJ_COUNT","NTFY_HIWY_MAINT","PED_COUNT","PED_DEATH_COUNT","PED_SUSP_SERIOUS_INJ_COUNT","PERSON_COUNT","POLICE_AGCY","POSSIBLE_INJ_COUNT","RDWY_SURF_TYPE_CD","RELATION_TO_ROAD","ROADWAY_CLEARED","ROAD_CONDITION","SCH_BUS_IND","SCH_ZONE_IND","SECONDARY_CRASH","SMALL_TRUCK_COUNT","SPEC_JURIS_CD","SUSP_MINOR_INJ_COUNT","SUSP_SERIOUS_INJ_COUNT","SUV_COUNT","TCD_FUNC_CD","TCD_TYPE","TFC_DETOUR_IND","TIME_OF_DAY","TOTAL_UNITS","TOT_INJ_COUNT","UNBELTED_OCC_COUNT","UNB_DEATH_COUNT","UNB_SUSP_SERIOUS_INJ_COUNT","UNK_INJ_DEG_COUNT","UNK_INJ_PER_COUNT","URBAN_RURAL","VAN_COUNT","VEHICLE_COUNT","WEATHER1","WEATHER2","WORKERS_PRES","WORK_ZONE_IND","WORK_ZONE_LOC","WORK_ZONE_TYPE","WZ_CLOSE_DETOUR","WZ_FLAGGER","WZ_LAW_OFFCR_IND","WZ_LN_CLOSURE","WZ_MOVING","WZ_OTHER","WZ_SHLDER_MDN","WZ_WORKERS_INJ_KILLED"
"2007115444","","1","0","0","0","0","0","0","0","0","4","0","","02","10","2007","2","40.441389","-80.193295","0725","11","0","0","0","0","0","1","0","0","","0","0","0","","","0","","1","","40 26:29.000","","0","80 11:35.862","0","0","0","0","2214","0","0","0","N","0","0","0","3","02214","0","","1.0","","1","N","N","","0","","0","0","0","3","2","","","2","0","0","0","0","0","0","2","1","2","","","","N","","","","","","","","","",""
"2007115445","","0","0","0","0","0","0","0","0","0","7","0","","02","10","2007","6","","","1550","11","0","0","0","0","0","0","0","0","1","0","0","0","","","0","","0","","","3","0","","0","0","0","0","2214","0","0","0","N","0","0","0","1","02214","0","","2.0","","9","N","N","","0","","0","0","1","0","0","N","","1","0","0","0","0","0","0","1","0","1","","","","N","","","","","","","","","",""
"2007115446","","0","0","0","0","0","0","0","0","0","7","0","","02","10","2007","6","40.4382","-80.1916","1622","11","0","0","1","0","0","0","0","0","","0","0","0","","","1","","7","","40 26:17.520","","2","80 11:29.760","4","0","0","0","2214","0","0","0","N","0","0","0","1","02214","1","","5.0","","9","N","N","","1","","0","0","0","3","4","","","1","1","0","0","0","0","0","2","0","1","","","","N","","","","","","","","","",""
"2007115448","","1","0","0","0","0","0","0","0","0","1","0","","02","9","2007","7","40.397498","-80.190504","1148","11","0","0","0","0","0","1","0","1","","0","0","0","","","0","","0","","40 23:50.992","","0","80 11:25.814","0","0","0","0","2214","0","0","0","N","0","0","0","2","02214","0","","1.0","","1","N","N","","0","","0","0","0","0","0","","","2","0","0","0","0","0","0","2","1","2","","","","N","","","","","","","","","",""
"2007115534","","0","0","0","0","0","0","0","0","0","2","0","","02","9","2007","2","40.654722","-79.8973","1042","11","0","0","0","0","0","0","0","0","3","0","0","0","","","2","","3","","40 39:17.000","7","0","79 53:50.281","2","0","0","0","2220","0","0","0","N","0","0","0","3","02220","0","","1.0","","1","N","N","","2","","0","1","0","0","0","Y","","2","2","2","0","1","1","1","1","0","2","","","","N","","","","","","","","","",""
"2007115558","","1","0","0","0","0","0","0","0","0","1","3","","02","9","2007","6","","","0626","11","0","0","0","0","0","3","0","0","3","0","3","0","","","2","","0","","40 26:18.24","1","3","80 00:43.92","4","0","0","0","2301","0","0","0","Y","0","0","0","5","68B03","2","","1.0","","1","N","N","","0","","0","0","1","0","0","Y","","5","2","0","0","0","0","0","2","0","5","","","","N","","","","","","","","","",""
"2007115559","","1","0","0","0","0","0","0","0","0","7","0","","02","8","2007","6","","","1625","11","0","0","0","0","0","0","0","0","","0","0","0","","","1","","0","","40 26:22.56","","0","80 00:35.64","4","0","0","0","2301","0","0","0","Y","0","0","0","1","68B03","1","","2.0","","1","N","N","","0","","0","0","0","0","0","","","2","1","0","0","0","0","0","2","0","1","","","","N","","","","","","","","","",""
"2007115562","","1","0","1","0","0","0","0","0","0","7","0","","02","8","2007","1","40.5001","-80.2209","0031","11","0","0","0","0","0","0","0","0","2","0","0","0","","","2","","0","","40 30:00.360","1","0","80 13:15.240","2","0","0","0","2213","0","0","0","N","0","0","0","2","68B03","0","","4.0","","9","N","N","","0","","1","1","0","0","0","N","","1","2","0","0","0","0","0","2","0","1","","","","N","","","","","","","","","",""
"2007115563","","0","0","0","0","0","0","0","0","0","7","0","","02","9","2007","1","","","2027","11","0","0","0","0","0","0","0","0","1","0","0","0","","","1","","0","","40 27:07.92","1","0","80 10:22.80","8","0","0","0","2213","0","0","0","N","0","0","0","2","68B03","0","","2.0","","9","N","N","","0","","0","0","1","0","0","N","","1","1","2","0","0","1","0","2","0","1","","","","N","","","","","","","","","",""
"2007115586","","0","0","0","0","0","0","0","0","0","7","0","","02","10","2007","5","40.449371","-80.184182","1239","11","0","0","0","0","0","0","0","0","2","0","0","0","","","0","","0","","40 26:57.737","3","0","80 11:03.054","0","0","0","0","2214","0","0","0","N","0","0","0","1","02214","0","","5.0","","1","N","N","","0","","0","0","1","0","0","N","","1","0","0","0","0","0","0","2","0","1","","","","N","","","","","","","","","",""
"2007115587","","1","0","0","0","0","0","0","0","0","7","0","99","02","10","2007","6","40.450971","-80.187023","0840","11","0","0","0","0","0","0","0","1","2","0","0","0","","","0","","2","","40 27:03.497","1","0","80 11:13.282","0","0","0","0","2214","0","0","0","N","0","0","0","1","02214","0","","2.0","","9","N","N","","0","","0","0","0","3","8","N","","1","0","0","0","0","0","0","2","0","1","","","N","Y","3","2","","","N","Y","","","Y",""
"2007115707","","2","0","0","0","0","0","0","0","0","4","0","","02","10","2007","1","40.442277","-79.917177","1120","11","0","0","0","0","0","1","0","0","","0","0","0","","","1","","1","","40 26:32.197","","0","79 55:01.837","4","0","0","0","2301","0","0","0","N","0","0","0","3","02301","1","","1.0","","1","N","N","","0","","0","0","0","3","2","","","2","1","1","0","0","0","0","2","0","2","","","","N","","","","","","","","","",""
"2007115716","","1","0","0","0","0","0","0","0","0","7","0","","02","10","2007","1","","","1145","11","0","0","0","0","0","0","0","0","","0","0","0","","","1","","0","","40 26:29.40","","0","79 50:09.60","8","0","0","0","2124","0","0","0","N","0","0","0","2","68B03","0","","3.0","","1","N","N","","0","","0","0","0","0","0","","","1","1","0","0","0","1","0","2","0","1","","","","N","","","","","","","","","",""
"2007115718","","1","0","0","0","0","0","0","0","0","7","0","","02","7","2007","1","","","1702","11","0","0","0","0","0","0","0","0","","0","0","0","","","0","","0","","40 26:48.48","","0","80 09:56.52","0","0","0","0","2115","0","0","0","Y","0","0","0","1","68B03","0","","4.0","","1","N","N","","0","","0","0","0","0","0","","","1","0","0","0","0","0","0","2","0","1","","","","N","","","","","","","","","",""
"2007115719","","1","0","0","0","0","0","0","0","0","7","0","","02","10","2007","7","","","1453","11","0","0","0","0","0","0","0","0","2","0","0","0","","","1","","0","","40 26:42.36","4","3","79 50:42.36","4","0","0","0","2419","0","0","0","N","0","0","0","1","68B03","1","","3.0","","1","N","N","","0","","0","0","0","0","0","N","","1","1","0","0","0","0","0","2","0","1","","","","N","","","","","","","","","",""
"2007115720","","1","0","0","0","0","0","0","0","0","7","0","","02","10","2007","1","","","0646","11","0","0","1","0","0","0","0","0","","0","0","0","","","0","","0","","40 31:01.20","","0","80 16:37.20","0","0","0","0","2203","0","0","0","Y","0","0","0","1","68B03","0","","4.0","","1","N","N","","0","","0","0","0","0","0","","","1","0","0","0","0","0","0","1","0","1","","","","N","","","","","","","","","",""
"2007115742","","1","0","0","0","0","0","0","0","0","4","0","","02","10","2007","2","40.426868","-79.99919","1730","11","0","0","0","0","0","0","0","0","","0","0","0","","","0","","0","","40 25:36.724","","0","79 59:57.084","0","0","0","0","2301","0","0","0","N","0","0","0","2","02301","0","","1.0","","1","N","N","","0","","0","0","1","0","0","","","2","0","0","0","0","0","0","2","0","2","","","","N","","","","","","","","","",""
"2007115743","","1","0","0","0","0","0","0","0","0","1","0","","02","11","2007","7","40.421278","-79.981994","1209","11","0","0","0","0","0","0","0","0","","0","0","0","","","0","","0","","40 25:16.601","","0","79 58:55.180","0","0","0","0","2301","0","0","0","N","0","0","0","4","02301","0","","1.0","","1","N","N","","0","","0","0","0","0","0","","","2","0","1","0","0","0","0","2","1","2","","","","N","","","","","","","","","",""
"2007115744","","0","0","0","0","0","0","0","0","0","0","0","","02","10","2007","2","40.438478","-80.055943","0132","11","0","0","0","0","0","0","0","0","2","0","0","0","","","1","","1","","40 26:18.520","1","0","80 03:21.394","8","0","0","1","2301","0","0","0","N","0","0","0","1","02301","0","","1.0","","1","N","N","","0","","0","0","0","0","0","N","","1","1","0","0","0","1","0","2","0","1","","","","N","","","","","","","","","",""
"2007115745","","2","0","0","0","0","0","0","0","0","1","0","","02","10","2007","3","40.388631","-79.985144","1615","11","0","0","0","0","0","1","1","1","","0","0","0","","","0","","0","","40 23:19.071","","0","79 59:06.518","0","0","0","0","2301","0","0","0","N","0","0","0","7","02301","0","","1.0","","1","N","N","","0","","0","0","1","0","0","","","4","0","0","0","0","0","0","2","1","4","","","","N","","","","","","","","","",""
"2007115746","","2","0","0","0","0","0","0","0","0","1","0","","02","10","2007","4","","","1656","11","0","0","0","0","0","0","0","0","3","0","0","0","","","0","","0","","","4","0","","0","0","0","0","2301","0","0","0","N","0","0","0","3","02301","0","","1.0","","1","N","N","","1","","0","0","0","0","0","N","","3","0","0","0","0","0","0","1","0","3","","","","N","","","","","","","","","",""
"2007115781","","3","0","0","0","0","0","0","0","0","2","0","","02","10","2007","2","40.39615","-80.023363","0556","11","0","0","0","0","0","1","0","0","2","0","0","0","","","0","","0","","40 23:46.139","3","0","80 01:24.106","0","0","0","0","2301","0","0","0","N","0","0","0","1","02301","0","","5.0","","1","N","N","","1","","0","0","0","0","0","Y","","4","0","0","0","0","0","0","2","0","4","","","","N","","","","","","","","","",""
"2007115795","","2","0","0","0","0","0","0","0","0","2","0","","02","10","2007","6","40.378984","-80.216489","0810","11","0","0","0","0","0","2","0","0","2","0","0","0","","","3","","0","","40 22:44.341","6","0","80 12:59.359","3","0","0","0","2214","0","0","0","N","0","0","0","3","02214","2","","1.0","","9","N","N","","0","","1","0","0","0","0","Y","","2","3","2","0","0","0","0","2","0","2","","","","N","","","","","","","","","",""
"2007115799","","1","0","0","0","0","0","0","0","0","4","0","","02","10","2007","2","40.438333","-80.001921","0751","11","0","0","0","0","0","0","0","0","1","0","0","0","","","2","","1","","40 26:18.000","7","0","80 00:06.917","8","0","0","0","2301","0","0","0","N","0","0","0","7","02301","0","","1.0","","1","N","N","","0","","0","0","0","3","2","N","","2","2","0","0","0","2","5","2","1","2","","","","N","","","","","","","","","",""
"2007115800","","2","0","0","0","0","0","0","0","0","1","0","","02","10","2007","3","","","1627","11","0","0","0","0","0","0","0","0","1","0","0","0","","","1","","6","","40 26:23.28","2","0","80 00:35.28","8","0","0","0","2301","0","0","0","N","0","0","0","3","02301","0","","7.0","","1","N","N","","0","","0","0","0","3","4","N","","2","1","0","0","0","1","0","2","0","2","","","","N","","","","","","","","","",""
"2007115801","","0","0","0","0","0","0","0","0","0","1","0","","02","10","2007","3","40.442262","-79.993561","1542","11","0","0","0","0","0","1","0","0","2","0","0","0","","","0","","3","","40 26:32.142","2","0","79 59:36.821","0","0","0","0","2301","0","0","0","N","0","0","0","4","02301","0","","1.0","","1","N","N","","1","","0","0","1","0","0","N","","3","0","0","0","0","0","0","2","1","3","","","","N","","","","","","","","","",""
"2007115802","","1","0","0","0","0","0","0","0","0","4","0","","02","11","2007","7","40.448227","-79.986908","1625","11","0","0","0","0","0","0","0","0","1","0","0","0","","","0","","2","","40 26:53.617","2","0","79 59:12.868","0","0","0","0","2301","0","0","0","N","0","0","0","6","02301","0","","1.0","","1","N","N","","0","","0","0","0","3","2","N","","2","0","0","0","0","0","0","2","1","2","","","","N","","","","","","","","","",""
"2007115803","","1","0","0","0","0","0","0","0","0","4","0","","02","11","2007","1","40.446823","-79.989269","0110","11","0","0","0","1","0","0","0","0","3","0","0","0","","","5","","2","","40 26:48.562","7","0","79 59:21.368","2","0","0","0","2301","0","0","0","N","0","0","0","6","02301","1","","1.0","","1","N","N","","0","","2","1","1","3","8","Y","","2","5","0","0","0","1","0","2","0","2","","","","N","","","","","","","","","",""
"2007115844","","0","0","0","0","0","0","0","0","0","7","0","","02","11","2007","2","40.505348","-79.746663","0643","11","0","0","0","0","0","0","0","0","","0","0","0","","","0","","0","","40 30:19.251","","0","79 44:47.987","0","0","0","0","2466","0","0","0","N","0","0","0","1","02466","0","","5.0","","9","N","N","","1","","0","0","0","0","0","","","1","0","0","0","0","0","0","2","0","1","","05","","N","","","","","","","","","",""
"2007115861","","2","0","0","0","0","0","0","0","0","1","0","","02","11","2007","2","40.6105","-79.9475","1427","11","0","0","0","0","0","0","0","0","","0","0","0","","","1","","0","","40 36:37.800","","7","79 56:51.000","8","0","0","0","2217","0","0","0","N","0","0","0","4","02505","0","","1.0","","9","N","N","","0","","0","0","0","0","0","","","2","1","0","0","0","1","0","2","0","2","","","","N","","","","","","","","","",""
"2007115866","","0","0","0","0","0","0","0","0","0","7","0","","02","11","2007","4","40.641944","-79.938472","0725","11","0","0","0","0","0","0","0","0","1","0","0","0","","","0","","1","","40 38:31.000","2","0","79 56:18.498","0","0","0","0","2217","0","0","0","Y","0","0","0","1","02505","0","","2.0","","2","N","N","","0","","0","0","1","3","2","N","","1","0","0","0","0","0","0","2","0","1","","","","N","","","","","","","","","",""
"2007115871","","1","0","0","0","0","0","0","0","0","4","0","","02","11","2007","4","40.438333","-79.772327","0737","11","0","0","0","0","0","1","0","0","","0","0","0","","","1","","0","","40 26:18.000","","0","79 46:20.377","3","0","0","0","2446","0","0","0","N","0","0","0","2","02446","0","","1.0","","1","N","N","","1","","1","0","0","0","0","","","2","1","0","0","0","0","0","2","0","2","","","","N","","","","","","","","","",""
"2007115879","","1","0","0","0","0","0","0","0","0","7","0","","02","11","2007","4","40.510118","-79.892075","0715","11","0","0","1","0","0","0","0","0","","0","0","0","","","1","","0","","40 30:36.424","","0","79 53:31.469","4","0","0","0","2432","0","0","0","N","0","0","0","2","02432","1","","5.0","","2","N","N","","0","","0","0","0","0","0","","","1","1","0","0","0","0","0","2","0","1","","","","N","","","","","","","","","",""
"2007115881","","1","0","0","0","0","0","0","0","0","1","0","","02","11","2007","4","40.435115","-79.768473","1311","11","0","0","0","0","0","0","0","1","","0","0","0","","","1","","1","","40 26:06.414","","0","79 46:06.502","8","0","0","0","2446","0","0","0","N","0","0","0","2","02446","0","","1.0","","1","N","N","","1","","0","0","0","3","2","","","2","1","0","0","0","1","0","2","0","2","","","","N","","","","","","","","","",""
"2007115884","","1","0","0","0","0","0","0","0","0","7","0","","02","11","2007","2","40.635906","-79.938559","1537","11","0","0","0","1","0","0","0","0","","0","0","0","","","1","","0","","40 38:09.261","","0","79 56:18.812","4","0","0","0","2217","0","0","0","N","0","0","0","1","02505","1","","4.0","","9","N","N","","0","","0","0","0","0","0","","","1","1","0","0","0","0","0","2","0","1","","","","N","","","","","","","","","",""
"2007115893","","1","0","0","0","0","0","1","0","0","1","1","","02","11","2007","4","40.425905","-79.953779","1730","11","0","0","0","0","0","1","0","0","","0","0","0","","","1","","1","","40 25:33.259","","0","79 57:13.605","4","0","0","0","2301","0","0","0","N","0","0","0","2","02503","1","","1.0","","1","N","N","","0","","0","0","0","3","2","","","2","1","1","0","0","0","0","2","0","2","","","","N","","","","","","","","","",""
"2007115898","","1","0","0","0","0","0","0","0","0","7","0","","02","11","2007","6","40.4701","-80.199","0632","11","0","0","0","0","0","0","0","0","2","0","0","0","","","0","","7","","40 28:12.360","2","2","80 11:56.400","0","0","0","0","2213","0","0","0","N","0","0","0","1","02213","0","","2.0","","2","N","N","","0","","0","0","0","0","0","N","","1","0","0","0","0","0","0","2","0","1","","","","N","","","","","","","","","",""
"2007115899","","1","0","0","0","0","0","0","0","0","7","0","","02","11","2007","3","40.518871","-80.1961","0215","11","0","0","0","0","0","0","0","0","","0","0","0","","","1","","2","","40 31:07.935","","0","80 11:45.960","4","0","0","0","2213","0","0","0","N","0","0","0","1","02213","1","","4.0","","9","N","N","","0","","0","0","0","0","0","","","1","1","1","0","0","0","0","2","0","1","","","","N","","","","","","","","","",""
"2007115900","","1","0","0","0","0","0","0","0","0","7","0","","02","11","2007","2","40.341616","-80.03432","1639","11","0","0","0","0","0","1","0","0","4","0","0","0","","","0","","0","","40 20:29.817","5","0","80 02:03.552","0","0","0","0","2407","0","0","0","N","0","0","0","1","02407","0","","4.0","","1","N","N","","0","","0","0","0","0","0","Y","","1","0","0","0","0","0","0","2","0","1","","","","N","","","","","","","","","",""
"2007115906","","1","0","0","0","0","0","0","0","0","8","0","","02","11","2007","4","40.422391","-79.892273","1730","11","0","0","0","0","0","0","0","0","","0","0","0","","","1","","1","","40 25:20.607","","0","79 53:32.182","4","0","0","0","2463","1","0","0","N","1","0","0","2","02463","1","","1.0","","1","N","N","","0","","0","0","0","3","3","","","2","1","0","0","0","0","0","2","0","1","","","","N","","","","","","","","","",""
"2007115938","","0","0","0","0","0","0","0","0","0","2","0","","02","11","2007","4","40.3975","-79.769328","1713","11","0","0","0","0","0","0","0","0","1","0","0","0","","","5","","1","","40 23:51.000","3","0","79 46:09.580","3","0","0","0","2446","0","0","0","Y","0","0","0","5","02446","0","","1.0","","1","N","N","","0","","1","0","1","3","2","Y","","2","5","0","0","0","4","0","2","1","2","","","","N","","","","","","","","","",""
"2007115948","","0","0","0","0","0","0","0","0","0","7","0","","02","11","2007","4","40.665833","-80.140393","1846","11","0","0","0","0","0","0","0","0","","0","0","0","","","0","","0","","40 39:57.000","","0","80 08:25.414","0","0","0","0","2212","0","0","0","N","0","0","0","1","02505","0","","5.0","","1","N","N","","1","","0","0","0","0","0","","","1","0","0","0","0","0","0","1","0","1","","","","N","","","","","","","","","",""
"2007115951","","1","0","0","0","0","0","0","0","0","7","0","","02","11","2007","4","40.517667","-80.023692","2132","11","0","0","0","0","0","0","0","0","","0","0","0","","","0","","2","","40 31:03.601","","0","80 01:25.291","0","0","0","0","2474","0","0","0","N","0","0","0","1","02474","0","","4.0","","1","N","N","","0","","0","0","0","0","0","","","1","0","0","0","0","0","0","2","0","1","","","","N","","","","","","","","","",""
"2007115968","","0","0","0","0","0","0","0","0","0","7","0","","02","11","2007","6","40.5253","-79.8245","2311","11","0","0","0","0","0","0","1","0","1","0","0","0","","","0","","0","","40 31:31.080","3","7","79 49:28.200","0","0","0","0","2451","0","0","0","N","0","0","0","1","02451","0","","5.0","","9","N","N","","1","","0","0","0","0","0","Y","","1","0","0","0","0","0","0","2","0","1","","","","N","","","","","","","","","",""
"2007115979","","2","0","0","0","0","0","0","0","0","4","0","","02","11","2007","7","40.437778","-79.775838","1234","11","0","0","0","0","0","0","0","0","1","0","0","0","","","3","","0","","40 26:16.000","6","0","79 46:33.018","3","0","0","0","2446","0","0","0","N","0","0","0","3","02446","0","","1.0","","1","N","N","","0","","3","0","0","0","0","N","","2","3","0","0","0","0","0","2","0","2","","","","N","","","","","","","","","",""
"2007115981","","0","0","0","0","0","0","0","0","0","99","0","","02","11","2007","4","40.510118","-79.892075","0717","11","0","1","0","0","0","0","0","0","","0","0","0","","","0","","0","","40 30:36.424","","0","79 53:31.469","0","0","0","0","2432","0","0","0","N","0","0","0","1","02432","0","","4.0","","2","N","N","","0","","0","0","0","0","0","","","1","0","0","0","0","0","0","2","1","1","","","","N","","","","","","","","","",""
"2007115986","","1","0","0","0","0","0","0","0","0","7","0","","02","11","2007","7","40.355325","-80.011809","0025","11","0","0","0","0","0","0","0","0","3","0","0","0","","","0","","2","","40 21:19.170","5","0","80 00:42.512","9","0","0","0","2476","0","0","0","N","0","0","0","1","02476","0","","5.0","","1","N","N","","0","","0","0","0","3","3","Y","","1","0","0","0","0","0","1","2","0","1","","","","N","","","","","","","","","",""
"2007115995","","0","0","0","0","0","0","0","0","0","7","0","","02","11","2007","4","40.559169","-79.819873","0750","11","0","0","0","0","0","0","0","0","2","0","0","0","","","1","","0","","40 33:33.009","6","0","79 49:11.541","4","0","0","0","2208","0","0","0","N","0","0","0","1","02208","1","","5.0","","2","N","N","","0","","0","0","1","3","9","Y","","1","1","0","0","0","0","0","2","0","1","","","","N","","","","","","","","","",""
"2007116002","","2","0","0","0","0","0","0","0","0","4","0","","02","11","2007","5","40.3675","-79.780306","1030","11","0","0","0","0","0","1","0","0","","0","0","0","","","0","","1","","40 22:03.000","","0","79 46:49.101","0","0","0","0","2111","0","0","0","N","0","0","0","2","02111","0","","1.0","","1","N","N","","0","","0","0","0","0","0","","","2","0","1","0","0","0","0","2","0","2","","","","N","","","","","","","","","",""
"2007116017","","1","0","0","0","0","0","0","0","0","1","0","","02","11","2007","4","40.456111","-79.709826","1752","11","0","0","1","0","0","0","0","0","","0","0","0","","","2","","0","","40 27:22.000","","0","79 42:35.375","4","0","0","0","2466","0","0","0","N","0","0","0","4","02466","1","","1.0","","1","N","N","","0","","0","0","1","0","0","","","2","2","0","0","0","1","0","2","0","2","","","","N","","","","","","","","","",""
"2007116032","","2","0","0","0","0","0","0","0","0","1","0","","02","11","2007","5","40.560828","-79.98746","1513","11","0","0","0","0","0","0","0","1","","0","0","0","","","3","","0","","40 33:38.981","","0","79 59:14.857","8","0","0","0","2207","0","0","0","N","0","0","0","3","02207","0","","1.0","","1","N","N","","0","","0","0","0","0","0","","","2","3","0","0","0","3","0","2","0","2","","","","N","","","","","","","","","",""
"2007116034","","1","0","0","0","0","0","0","0","0","1","0","","02","11","2007","4","40.6402","-80.009","1827","11","0","0","0","0","0","0","0","0","","0","0","0","","","1","","0","","40 38:24.720","","0","80 00:32.400","4","0","0","0","2216","0","0","0","N","0","0","0","3","02505","1","","1.0","","1","N","N","","0","","0","0","1","0","0","","","2","1","0","0","0","0","0","2","0","2","","","","N","","","","","","","","","",""
"2007116040","","1","0","0","0","0","0","0","0","0","6","0","","02","11","2007","5","40.309","-79.9369","1739","11","1","0","0","0","0","0","1","0","","0","0","0","","","0","","0","","40 18:32.400","","0","79 56:12.840","0","0","0","0","2440","0","0","0","N","0","0","0","4","02440","0","","1.0","","1","N","N","","0","","0","0","1","0","0","","","2","0","0","0","0","0","0","2","0","2","","","","N","","","","","","","","","",""
"2007116043","","1","0","0","0","0","0","1","0","0","6","1","","02","11","2007","5","40.417883","-79.923573","1822","11","0","0","0","0","0","1","0","0","1","0","0","0","","","0","","0","","40 25:04.378","3","0","79 55:24.862","0","0","0","0","2301","0","0","0","N","0","0","0","3","02503","0","","1.0","","1","N","N","","0","","0","0","0","0","0","Y","","2","0","0","0","0","0","0","2","0","2","","","","N","","","","","","","","","",""
"2007116046","","1","0","0","0","0","0","0","0","0","4","0","","02","11","2007","5","40.409167","-80.081716","2031","11","0","0","0","0","0","0","0","0","2","0","0","0","","","1","","1","","40 24:33.000","4","0","80 04:54.178","4","0","0","0","2415","0","0","0","N","0","0","0","3","02415","1","","1.0","","1","N","N","","0","","0","0","1","3","2","N","","2","1","0","0","0","0","0","2","0","2","","","","N","","","","","","","","","",""
"2007116075","","2","0","0","0","0","0","0","0","0","99","0","","02","10","2007","4","40.337136","-79.835468","1240","11","0","0","0","0","0","1","1","0","2","0","0","0","","","2","","2","","40 20:13.689","7","0","79 50:07.684","4","0","0","0","2304","0","0","0","N","0","0","0","2","02304","2","","1.0","","9","N","N","","0","","0","0","0","3","3","Y","","2","2","0","0","0","0","0","2","0","2","","","","N","","","","","","","","","",""
"2007116076","","2","0","0","0","0","0","0","0","0","5","0","","02","11","2007","2","40.47","-79.908534","1329","11","0","0","0","1","0","0","0","0","","0","0","0","","","1","","2","","40 28:12.000","","0","79 54:30.724","8","0","0","0","2301","0","0","0","N","0","0","0","3","02301","0","","1.0","","1","N","N","","0","","0","0","0","0","0","","","2","1","0","0","0","1","0","2","0","2","","","","N","","","","","","","","","",""
"2007116077","","1","0","0","0","0","0","0","0","0","7","0","","02","11","2007","3","40.436587","-79.963899","0956","11","0","0","0","0","0","0","0","0","","0","0","0","","","1","","0","","40 26:11.714","","0","79 57:50.035","4","0","0","0","2301","0","0","0","N","0","0","0","1","02301","1","","4.0","","1","N","N","","0","","0","0","0","0","0","","","1","1","0","0","0","0","0","2","0","1","","","","N","","","","","","","","","",""
"2007116078","","1","0","0","0","0","0","0","0","0","4","0","","02","11","2007","2","40.454012","-79.953338","0730","11","0","0","0","0","0","1","0","0","1","0","0","0","","","1","","2","","40 27:14.443","3","0","79 57:12.018","4","0","0","0","2301","0","0","0","","0","0","0","3","02301","1","","1.0","","9","N","N","","0","","0","0","0","3","2","N","","2","1","0","0","0","0","0","2","1","2","","","","N","","","","","","","","","",""
"2007116079","","2","0","0","0","0","0","0","0","0","4","0","","02","11","2007","6","40.447425","-79.942471","1921","11","0","0","0","0","1","1","0","0","","0","0","0","","","1","","1","","40 26:50.730","","0","79 56:32.895","4","0","0","0","2301","0","0","0","N","0","0","0","5","02301","1","","1.0","","1","N","N","","0","","0","0","1","3","2","","","3","1","0","0","0","0","0","2","0","3","","","","N","","","","","","","","","",""
"2007116080","","0","0","0","0","0","0","0","0","0","8","0","","02","11","2007","4","40.458298","-79.927452","1751","11","0","0","0","0","0","0","0","0","","0","0","0","","","1","","0","","40 27:29.871","","0","79 55:38.827","8","0","0","0","2301","1","0","0","N","1","0","0","2","02301","0","","1.0","","9","N","N","","1","","0","0","0","3","3","","","2","1","0","0","0","1","0","2","0","1","","","","N","","","","","","","","","",""
"2007116081","","2","0","0","0","0","0","0","0","0","4","0","","02","11","2007","3","40.3825","-79.996014","1757","11","0","1","0","0","0","0","0","0","","0","0","0","","","1","","5","","40 22:57.000","","0","79 59:45.652","8","0","0","0","2301","0","0","0","N","0","0","0","3","02301","0","","1.0","","9","N","N","","0","","0","0","0","3","2","","","2","1","0","0","0","1","0","2","0","2","","","","N","","","","","","","","","",""
"2007116082","","2","0","0","0","0","0","0","0","0","1","0","","02","11","2007","5","40.4529","-79.9959","0556","11","0","0","0","0","0","1","0","0","","0","0","0","","","0","","0","","40 27:10.440","","0","79 59:45.240","0","0","0","0","2301","0","0","0","N","0","0","0","2","02301","0","","1.0","","1","N","N","","0","","0","0","0","0","0","","","2","0","0","0","0","0","0","2","0","2","","","","N","","","","","","","","","",""