"CRN","ARRIVAL_TM","AUTOMOBILE_COUNT","BELTED_DEATH_COUNT","BELTED_SUSP_SERIOUS_INJ_COUNT","BICYCLE_COUNT","BICYCLE_DEATH_COUNT","BICYCLE_SUSP_SERIOUS_INJ_COUNT","BUS_COUNT","CHLDPAS_DEATH_COUNT","CHLDPAS_SUSP_SERIOUS_INJ_COUNT","COLLISION_TYPE","COMM_VEH_COUNT","CONS_ZONE_SPD_LIM","COUNTY","CRASH_MONTH","CRASH_YEAR","DAY_OF_WEEK","DEC_LATITUDE","DEC_LONGITUDE","DISPATCH_TM","DISTRICT","DRIVER_COUNT_16YR","DRIVER_COUNT_17YR","DRIVER_COUNT_18YR","DRIVER_COUNT_19YR","DRIVER_COUNT_20YR","DRIVER_COUNT_50_64YR","DRIVER_COUNT_65_74YR","DRIVER_COUNT_75PLUS","EST_HRS_CLOSED","FATAL_COUNT","HEAVY_TRUCK_COUNT","HORSE_BUGGY_COUNT","HOUR_OF_DAY","ILLUMINATION","INJURY_COUNT","INTERSECTION_RELATED","INTERSECT_TYPE","LANE_CLOSED","LATITUDE","LN_CLOSE_DIR","LOCATION_TYPE","LONGITUDE","MAX_SEVERITY_LEVEL","MCYCLE_DEATH_COUNT","MCYCLE_SUSP_SERIOUS_INJ_COUNT","MOTORCYCLE_COUNT","MUNICIPALITY","NONMOTR_COUNT","NONMOTR_DEATH_COUNT","NONMOTR_SUSP_SERIOUS_INJ_COUNT","NTFY_HIWY_MAINT","PED_COUNT","PED_DEATH_COUNT","PED_SUSP_SERIOUS_INJ_COUNT","PERSON_COUNT","POLICE_AGCY","POSSIBLE_INJ_COUNT","RDWY_SURF_TYPE_CD","RELATION_TO_ROAD","ROADWAY_CLEARED","ROAD_CONDITION","SCH_BUS_IND","SCH_ZONE_IND","SECONDARY_CRASH","SMALL_TRUCK_COUNT","SPEC_JURIS_CD","SUSP_MINOR_INJ_COUNT","SUSP_SERIOUS_INJ_COUNT","SUV_COUNT","TCD_FUNC_CD","TCD_TYPE","TFC_DETOUR_IND","TIME_OF_DAY","TOTAL_UNITS","TOT_INJ_COUNT","UNBELTED_OCC_COUNT","UNB_DEATH_COUNT","UNB_SUSP_SERIOUS_INJ_COUNT","UNK_INJ_DEG_COUNT","UNK_INJ_PER_COUNT","URBAN_RURAL","VAN_COUNT","VEHICLE_COUNT","WEATHER1","WEATHER2","WORKERS_PRES","WORK_ZONE_IND","WORK_ZONE_LOC","WORK_ZONE_TYPE","WZ_CLOSE_DETOUR","WZ_FLAGGER","WZ_LAW_OFFCR_IND","WZ_LN_CLOSURE","WZ_MOVING","WZ_OTHER","WZ_SHLDER_MDN","WZ_WORKERS_INJ_KILLED"
"2007116083","","2","0","0","0","0","0","0","0","0","4","0","","02","11","2007","6","40.449472","-80.002558","1513","11","0","0","0","0","0","2","0","0","1","0","0","0","","","1","","1","","40 26:58.099","5","0","80 00:09.210","4","0","0","0","2301","0","0","0","N","0","0","0","2","02301","1","","1.0","","1","N","N","","0","","0","0","0","3","2","N","","2","1","0","0","0","0","0","2","0","2","","","","N","","","","","","","","","",""
"2007116084","","3","0","0","0","0","0","0","0","0","5","0","","02","11","2007","7","40.4353","-79.995","1704","11","0","0","0","0","0","1","1","0","2","0","0","0","","","0","","0","","40 26:07.080","2","3","79 59:42.000","0","0","0","0","2301","0","0","0","N","0","0","0","7","02301","0","","1.0","","1","N","N","","0","","0","0","0","0","0","N","","3","0","0","0","0","0","0","2","0","3","","","","N","","","","","","","","","",""
"2007116085","","2","0","0","0","0","0","0","0","0","2","0","","02","11","2007","7","40.485305","-80.009501","1845","11","0","0","0","0","0","0","0","0","2","0","0","0","","","1","","1","","40 29:07.098","2","0","80 00:34.205","4","0","0","0","2301","0","0","0","N","0","0","0","2","02301","1","","1.0","","1","N","N","","0","","0","0","0","3","2","N","","2","1","2","0","0","0","0","2","0","2","","","","N","","","","","","","","","",""
"2007116086","","0","0","0","0","0","0","0","0","0","99","0","","02","11","2007","7","40.4951","-80.0119","2025","11","0","0","0","0","0","1","0","0","","0","0","0","","","0","","0","","40 29:42.360","","0","80 00:42.840","0","0","0","0","2301","0","0","0","N","0","0","0","2","02301","0","","1.0","","1","N","N","","1","","0","0","0","0","0","","","1","0","0","0","0","0","0","2","0","1","","","","N","","","","","","","","","",""
"2007116087","","1","0","0","0","0","0","0","0","0","0","0","","02","11","2007","2","40.460344","-79.990337","2235","11","0","0","0","0","0","0","0","0","","0","0","0","","","0","","0","","40 27:37.238","","0","79 59:25.213","9","0","0","0","2301","0","0","0","N","0","0","0","1","02301","0","","4.0","","9","N","N","","0","","0","0","0","0","0","","","1","0","0","0","0","0","1","2","0","1","","","","N","","","","","","","","","",""
"2007116088","","1","0","0","0","0","0","0","0","0","99","0","","02","10","2007","3","40.461098","-80.008721","1324","11","0","0","0","0","0","0","0","0","","0","0","0","","","0","","0","","40 27:39.954","","0","80 00:31.395","0","0","0","0","2301","0","0","0","N","0","0","0","3","02301","0","","1.0","","1","N","N","","0","","0","0","0","0","0","","","1","0","0","0","0","0","0","2","0","1","","","","N","","","","","","","","","",""
"2007116089","","1","0","0","0","0","0","0","0","0","1","1","","02","11","2007","2","40.4528","-79.996","0050","11","0","0","0","0","0","0","0","0","","0","1","0","","","0","","7","","40 27:10.080","","2","79 59:45.600","0","0","0","0","2301","0","0","0","N","0","0","0","2","02301","0","","4.0","","1","N","N","","0","","0","0","0","0","0","","","2","0","0","0","0","0","0","2","0","2","","","","N","","","","","","","","","",""
"2007116090","","1","0","0","0","0","0","0","0","0","4","0","","02","11","2007","2","40.448652","-80.002304","0832","11","0","0","0","0","1","0","0","0","2","0","0","0","","","3","","1","","40 26:55.147","1","0","80 00:08.294","4","0","0","0","2301","1","0","0","N","1","0","0","3","02301","2","","1.0","","1","N","N","","0","","0","0","1","3","2","N","","3","3","0","0","0","1","0","2","0","2","","","","N","","","","","","","","","",""
"2007116091","","2","0","0","0","0","0","0","0","0","4","0","","02","11","2007","3","40.45208","-79.930982","0857","11","0","0","0","0","0","0","0","0","","0","0","0","","","0","","1","","40 27:07.488","","0","79 55:51.535","0","0","0","0","2301","0","0","0","N","0","0","0","3","02301","0","","1.0","","1","N","N","","0","","0","0","0","3","2","","","2","0","3","0","0","0","0","2","0","2","","","","N","","","","","","","","","",""
"2007116092","","0","0","0","0","0","0","0","0","0","7","0","","02","10","2007","1","","","0001","11","0","0","0","1","0","0","0","0","","0","0","0","","","0","","0","","","","0","","0","0","0","0","2301","0","0","0","N","0","0","0","1","02301","0","","5.0","","9","N","N","","0","","0","0","1","0","0","","","1","0","0","0","0","0","0","1","0","1","","","","N","","","","","","","","","",""
"2007116093","","1","0","0","0","0","0","0","0","0","5","0","","02","10","2007","1","40.437543","-79.998089","1723","11","0","0","0","0","0","0","0","0","","0","0","0","","","1","","1","","40 26:15.154","","0","79 59:53.120","8","0","0","0","2301","0","0","0","N","0","0","0","5","02301","0","","1.0","","1","N","N","","0","","0","0","1","3","2","","","2","1","0","0","0","1","0","2","0","2","","","","N","","","","","","","","","",""
"2007116095","","2","0","0","0","0","0","0","0","0","2","0","","02","11","2007","3","40.451389","-79.908149","0816","11","0","0","0","0","0","0","0","0","1","0","0","0","","","2","","1","","40 27:05.000","6","0","79 54:29.335","8","0","0","0","2301","0","0","0","N","0","0","0","4","02301","0","","1.0","","9","N","N","","0","","0","0","0","3","2","N","","2","2","0","0","0","2","0","2","0","2","","","","N","","","","","","","","","",""
"2007116096","","1","0","0","0","0","0","0","0","0","8","0","","02","11","2007","3","40.438041","-79.994066","1806","11","0","0","0","0","0","0","0","0","","0","0","0","","","1","","2","","40 26:16.948","","0","79 59:38.639","4","0","0","0","2301","1","0","0","N","1","0","0","2","02301","1","","1.0","","1","N","N","","0","","0","0","0","3","2","","","2","1","0","0","0","0","0","2","0","1","","","","N","","","","","","","","","",""
"2007116097","","3","0","0","0","0","0","0","0","0","4","0","","02","11","2007","3","40.463561","-79.957552","1912","11","0","0","0","0","0","0","0","0","","0","0","0","","","0","","1","","40 27:48.819","","0","79 57:27.187","0","0","0","0","2301","0","0","0","N","0","0","0","3","02301","0","","1.0","","1","N","N","","0","","0","0","0","3","3","","","3","0","0","0","0","0","0","2","0","3","","","","N","","","","","","","","","",""
"2007116117","","2","0","0","0","0","0","0","0","0","4","0","","02","11","2007","7","40.411922","-79.835589","2337","11","0","0","0","0","0","0","0","0","","0","0","0","","","0","","0","","40 24:42.920","","0","79 50:08.120","0","0","0","0","2431","0","0","0","N","0","0","0","1","02431","0","","1.0","","1","N","N","","0","","0","0","0","0","0","","","2","0","0","0","0","0","0","2","0","2","","","","N","","","","","","","","","",""
"2007116118","","0","0","0","0","0","0","0","0","0","1","0","","02","11","2007","4","40.434061","-79.848853","1422","11","0","2","0","0","0","0","0","0","1","0","0","0","","","0","","2","","40 26:02.619","3","0","79 50:55.870","0","0","0","0","2431","0","0","0","N","0","0","0","5","02431","0","","1.0","","1","N","N","","0","","0","0","2","3","2","N","","2","0","0","0","0","0","0","2","0","2","","","","N","","","","","","","","","",""
"2007116119","","1","0","0","0","0","0","0","0","0","7","0","","02","11","2007","1","40.421834","-79.854788","1220","11","0","0","0","0","0","0","0","1","","0","0","0","","","0","","0","","40 25:18.602","","0","79 51:17.236","0","0","0","0","2431","0","0","0","N","0","0","0","2","02431","0","","5.0","","1","N","N","","0","","0","0","0","0","0","","","1","0","0","0","0","0","0","2","0","1","","","","N","","","","","","","","","",""
"2007116120","","2","0","0","0","0","0","0","0","0","1","0","","02","11","2007","3","40.4266","-79.8627","0939","11","0","0","0","0","0","0","0","0","1","0","0","0","","","0","","0","","40 25:35.760","4","0","79 51:45.720","0","0","0","0","2431","0","0","0","N","0","0","0","6","02431","0","","1.0","","1","N","N","","0","","0","0","1","0","0","N","","3","0","0","0","0","0","0","2","0","3","","","","N","","","","","","","","","",""
"2007116121","","2","0","0","0","0","0","0","0","0","4","0","","02","11","2007","4","40.420278","-79.851325","0746","11","0","1","0","0","0","0","0","0","2","0","0","0","","","0","","2","","40 25:13.000","4","0","79 51:04.770","0","0","0","0","2431","0","0","0","N","0","0","0","2","02431","0","","1.0","","1","N","N","","0","","0","0","0","0","0","N","","2","0","0","0","0","0","0","2","0","2","","","","N","","","","","","","","","",""
"2007116288","","1","0","0","0","0","0","0","0","0","0","0","","02","11","2007","1","40.306944","-79.861431","1954","11","0","0","0","0","0","0","0","0","2","0","0","0","","","0","","0","","40 18:25.000","7","0","79 51:41.153","0","0","0","0","2443","0","0","0","N","0","0","0","1","02443","0","","5.0","","1","N","N","","0","","0","0","0","","0","Y","","1","0","0","0","0","0","0","1","0","1","","","","N","","","","","","","","","",""
"2007116333","","1","0","0","0","0","0","0","0","0","0","0","","02","11","2007","3","40.445704","-79.927024","1947","11","0","0","0","1","0","0","0","0","1","0","0","0","","","1","","0","","40 26:44.534","5","0","79 55:37.286","4","0","0","0","2301","0","0","0","N","0","0","0","1","02301","1","","1.0","","1","N","N","","0","","0","0","0","","0","N","","2","1","0","0","0","0","0","2","1","2","","","","N","","","","","","","","","",""
"2007116335","","1","0","0","0","0","0","0","0","0","4","0","","02","11","2007","2","40.444202","-80.028173","0128","11","0","0","0","0","0","0","0","0","1","0","0","0","","","1","","10","","40 26:39.126","2","3","80 01:41.424","8","0","0","0","2301","0","0","0","N","0","0","0","3","02301","0","","1.0","","9","N","N","","0","","0","0","0","","2","N","","2","1","0","0","0","1","0","2","1","2","","","","N","","","","","","","","","",""
"2007116336","","2","0","0","0","0","0","0","0","0","4","0","","02","11","2007","5","40.3825","-79.995922","2255","11","0","0","0","0","0","0","1","0","","0","0","0","","","2","","5","","40 22:57.000","","0","79 59:45.320","4","0","0","0","2301","0","0","0","","0","0","0","3","02301","2","","1.0","","1","N","N","","0","","0","0","0","","2","","","2","2","0","0","0","0","0","2","0","2","","","","N","","","","","","","","","",""
"2007116337","","0","0","0","0","0","0","0","0","0","1","0","","02","11","2007","3","40.421405","-79.988249","2139","11","0","0","0","0","0","0","0","0","","0","0","0","","","0","","2","","40 25:17.058","","0","79 59:17.696","0","0","0","0","2301","0","0","0","N","0","0","0","2","02301","0","","5.0","","1","N","N","","1","","0","0","0","","0","","","2","0","0","0","0","0","0","2","1","2","","","","N","","","","","","","","","",""
"2007116338","","2","0","0","0","0","0","0","0","0","4","0","","02","11","2007","5","40.388912","-80.011936","1648","11","0","0","0","0","0","0","0","1","","0","0","0","","","0","","1","","40 23:20.083","","0","80 00:42.969","0","0","0","0","2301","0","0","0","N","0","0","0","3","02301","0","","1.0","","1","N","N","","0","","0","0","0","","3","","","2","0","0","0","0","0","0","2","0","2","","","","N","","","","","","","","","",""
"2007116339","","1","0","0","0","0","0","0","0","0","0","0","","02","11","2007","6","40.435","-79.9731","0855","11","0","0","0","0","0","0","0","0","","0","0","0","","","0","","7","","40 26:06.000","","2","79 58:23.160","0","0","0","0","2301","0","0","0","","0","0","0","3","02301","0","","7.0","","9","N","N","","0","","0","0","0","","0","","","1","0","0","0","0","0","0","2","0","1","","","","N","","","","","","","","","",""
"2007116340","","1","0","0","0","0","0","0","0","0","7","0","","02","11","2007","3","40.434624","-79.990426","0747","11","0","0","0","0","0","0","0","0","1","0","0","0","","","0","","0","","40 26:04.647","6","0","79 59:25.535","0","0","0","0","2301","0","0","0","N","0","0","0","1","02301","0","","2.0","","1","N","N","","0","","0","0","0","","0","N","","1","0","0","0","0","0","0","2","0","1","","","","N","","","","","","","","","",""
"2007116344","","1","0","0","0","0","0","0","0","0","1","0","","02","11","2007","1","40.455424","-79.887536","0229","11","0","0","0","0","0","0","0","0","","0","0","0","","","0","","0","","40 27:19.525","","0","79 53:15.131","9","0","0","0","2301","0","0","0","N","0","0","0","2","02301","0","","1.0","","1","N","N","","0","","0","0","0","","0","","","2","0","0","0","0","0","1","2","0","2","","","","N","","","","","","","","","",""
"2007116345","","1","0","0","0","0","0","0","0","0","7","0","","02","11","2007","3","40.369414","-79.911003","0805","11","0","0","0","0","0","0","0","0","2","0","0","0","","","2","","0","","40 22:09.892","4","0","79 54:39.610","3","0","0","0","2301","0","0","0","N","0","0","0","2","02301","1","","2.0","","1","N","N","","0","","1","0","0","","0","N","","1","2","0","0","0","0","0","2","0","1","","","","N","","","","","","","","","",""
"2007116357","","0","0","0","0","0","0","0","0","0","7","0","","02","8","2007","7","40.610833","-79.894566","1056","11","0","0","0","0","0","1","0","0","2","0","0","0","","","1","","0","","40 36:39.000","6","0","79 53:40.437","2","0","1","1","2220","0","0","0","N","0","0","0","1","02220","0","","2.0","","1","N","N","","0","","0","1","0","","0","Y","","1","1","0","0","0","0","0","1","0","1","","","","N","","","","","","","","","",""
"2007116384","","1","0","0","0","0","0","0","0","0","5","0","","02","11","2007","2","40.4747","-80.0601","1655","11","0","0","0","0","1","0","0","0","","0","0","0","","","0","","0","","40 28:28.920","","3","80 03:36.360","0","0","0","0","2444","0","0","0","N","0","0","0","5","02444","0","","1.0","","9","N","N","","2","","0","0","1","","3","","","4","0","0","0","0","0","0","2","0","4","","","","N","","","","","","","","","",""
"2007116443","","2","0","0","0","0","0","0","0","0","1","0","","02","11","2007","5","40.5674","-80.2127","0649","11","0","0","0","1","0","0","0","0","","0","0","0","","","1","","2","","40 34:02.640","","0","80 12:45.720","8","0","0","0","2441","0","0","0","N","0","0","0","2","02441","0","","1.0","","1","N","N","","0","","0","0","0","","2","","","2","1","0","0","0","1","0","2","0","2","","","","N","","","","","","","","","",""
"2007116444","","1","0","0","0","0","0","0","0","0","99","0","","02","11","2007","4","40.557778","-80.204777","1120","11","0","0","0","0","0","1","0","0","","0","0","0","","","0","","2","","40 33:28.000","","0","80 12:17.197","0","0","0","0","2441","0","0","0","N","0","0","0","1","02441","0","","5.0","","1","N","N","","0","","0","0","0","","2","","","1","0","0","0","0","0","0","2","0","1","","","","N","","","","","","","","","",""
"2007116445","","1","0","0","0","0","0","0","0","0","1","0","","02","11","2007","7","40.5619","-80.2068","1316","11","0","0","0","0","0","0","0","0","","0","0","0","","","1","","0","","40 33:42.840","","0","80 12:24.480","8","0","0","0","2441","0","0","0","N","0","0","0","6","02441","0","","1.0","","1","N","N","","1","","0","0","0","","0","","","2","1","2","0","0","1","0","2","0","2","","","","N","","","","","","","","","",""
"2007116487","","0","0","0","0","0","0","0","0","0","7","0","","02","11","2007","3","40.395633","-80.2575","0009","11","0","0","0","0","0","0","0","0","","0","0","0","","","0","","2","","40 23:44.277","","0","80 15:26.999","0","0","0","0","2214","0","0","0","N","0","0","0","2","02214","0","","5.0","","1","N","N","","1","","0","0","0","","3","","","1","0","2","0","0","0","0","1","0","1","","","","N","","","","","","","","","",""
"2007116489","","1","0","0","0","0","0","0","0","0","1","0","","02","11","2007","2","40.295","-79.874595","1100","11","0","0","0","0","1","0","0","0","","0","0","0","","","0","","0","","40 17:42.000","","0","79 52:28.541","0","0","0","0","2302","0","0","0","N","0","0","0","2","02302","0","","1.0","","1","N","N","","1","","0","0","0","","0","","","2","0","0","0","0","0","0","2","0","2","","","","N","","","","","","","","","",""
"2007116490","","0","0","0","0","0","0","0","0","0","4","0","","02","11","2007","5","40.330562","-79.987503","0708","11","0","0","0","0","0","1","0","0","1","0","0","0","","","0","","5","","40 19:50.024","1","0","79 59:15.011","0","0","0","0","2219","0","0","0","N","0","0","0","2","02219","0","","1.0","","1","N","N","","1","","0","0","1","","3","N","","2","0","1","0","0","0","0","2","0","2","","","","N","","","","","","","","","",""
"2007116495","","1","0","0","0","0","0","0","0","0","7","0","","02","11","2007","1","40.507401","-80.155613","2058","11","0","0","0","0","0","1","0","0","","0","0","0","","","0","","0","","40 30:26.645","","0","80 09:20.205","0","0","0","0","2420","0","0","0","N","0","0","0","1","02420","0","","4.0","","9","N","N","","0","","0","0","0","","0","","","1","0","0","0","0","0","0","2","0","1","","","","N","","","","","","","","","",""
"2007116506","","1","0","0","0","0","0","0","0","0","7","0","","02","11","2007","4","40.37873","-80.024907","2216","11","0","0","0","0","0","0","0","0","2","0","0","0","","","1","","0","","40 22:43.428","5","0","80 01:29.665","8","0","0","0","2109","0","0","0","N","0","0","0","1","02109","0","","4.0","","1","N","N","","0","","0","0","0","","0","Y","","1","1","1","0","0","1","0","2","0","1","","","","N","","","","","","","","","",""
"2007116583","","1","0","0","0","0","0","0","0","0","1","0","","02","10","2007","5","40.327778","-79.840564","1316","11","0","0","0","0","0","1","0","0","","0","0","0","","","0","","2","","40 19:40.000","","0","79 50:26.032","0","0","0","0","2304","0","0","0","N","0","0","0","2","02304","0","","1.0","","1","N","N","","1","","0","0","0","","3","","","2","0","0","0","0","0","0","2","0","2","","","","N","","","","","","","","","",""
"2007116584","","1","0","0","0","0","0","0","0","0","7","0","","02","10","2007","5","40.361024","-79.832862","1929","11","0","0","0","0","0","1","0","0","","0","0","0","","","1","","0","","40 21:39.686","","0","79 49:58.303","3","0","0","0","2304","0","0","0","N","0","0","0","1","02304","0","","5.0","","1","N","N","","0","","1","0","0","","0","","","1","1","0","0","0","0","0","2","0","1","","","","N","","","","","","","","","",""
"2007116596","","0","0","0","0","0","0","0","0","0","0","0","","02","10","2007","1","40.443333","-80.175983","1643","11","0","0","0","0","0","1","0","0","","0","0","0","","","1","","0","","40 26:36.000","","0","80 10:33.539","4","0","0","1","2214","0","0","0","N","0","0","0","2","02214","1","","1.0","","1","N","N","","0","","0","0","1","","0","","","2","1","0","0","0","0","0","1","0","2","","","","N","","","","","","","","","",""
"2007116597","","1","0","0","0","0","0","0","0","0","4","0","","02","11","2007","6","40.448105","-80.181274","1322","11","0","0","0","0","0","0","1","1","","0","0","0","","","0","","1","","40 26:53.178","","0","80 10:52.586","0","0","0","0","2214","0","0","0","N","0","0","0","3","02214","0","","1.0","","1","N","N","","0","","0","0","1","","2","","","2","0","0","0","0","0","0","2","0","2","","","","N","","","","","","","","","",""
"2007116598","","0","0","0","0","0","0","0","0","0","99","0","","02","11","2007","6","40.402578","-80.241718","2232","11","0","0","0","0","0","1","0","0","","0","0","0","","","0","","0","","40 24:09.279","","0","80 14:30.184","0","0","0","0","2214","0","0","0","N","0","0","0","1","02214","0","","1.0","","1","N","N","","0","","0","0","0","","0","","","1","0","0","0","0","0","0","1","1","1","","","","N","","","","","","","","","",""
"2007116599","","3","0","0","0","0","0","0","0","0","1","0","","02","10","2007","5","40.424722","-80.191782","1431","11","0","0","2","0","1","0","0","0","","0","0","0","","","2","","2","","40 25:29.000","","0","80 11:30.414","4","0","0","0","2214","0","0","0","N","0","0","0","7","02214","2","","1.0","","1","N","N","","0","","0","0","0","","0","","","3","2","0","0","0","0","1","1","0","3","","","","N","","","","","","","","","",""
"2007116639","","1","0","0","0","0","0","0","0","0","7","0","","02","9","2007","4","40.619861","-79.905","1008","11","0","0","0","0","0","0","0","0","5","0","0","0","","","1","","0","","40 37:11.500","5","0","79 54:18.000","2","0","0","0","2220","0","0","0","N","0","0","0","1","02220","0","","4.0","","1","N","N","","0","","0","1","0","","0","Y","","1","1","0","0","0","0","0","1","0","1","","","","N","","","","","","","","","",""
"2007116640","","1","0","0","0","0","0","0","0","0","7","0","","02","8","2007","5","40.617906","-79.852943","2237","11","0","0","0","0","0","1","0","0","2","0","0","0","","","1","","0","","40 37:04.462","6","0","79 51:10.594","8","0","0","0","2220","0","0","0","N","0","0","0","1","02220","0","","5.0","","1","N","N","","0","","0","0","0","","0","Y","","1","1","0","0","0","1","0","2","0","1","","","","N","","","","","","","","","",""
"2007116653","","2","0","0","0","0","0","0","0","0","2","0","","02","11","2007","6","40.496839","-79.84438","1723","11","0","1","0","0","0","0","0","0","","0","0","0","","","2","","2","","40 29:48.621","","0","79 50:39.769","8","0","0","0","2113","0","0","0","N","0","0","0","3","02113","0","","1.0","","1","N","N","","0","","0","0","0","","0","","","2","2","0","0","0","2","0","2","0","2","","","","N","","","","","","","","","",""
"2007116706","","3","0","0","0","0","0","0","0","0","1","0","","02","10","2007","2","40.420748","-79.889686","1245","11","0","0","0","0","0","1","0","1","","0","0","0","","","0","","2","","40 25:14.692","","0","79 53:22.869","0","0","0","0","2463","0","0","0","N","0","0","0","3","02463","0","","1.0","","1","N","N","","0","","0","0","0","","0","","","3","0","0","0","0","0","0","2","0","3","","","","N","","","","","","","","","",""
"2007116725","","3","0","0","0","0","0","0","0","0","1","0","","02","11","2007","1","40.326012","-79.892485","0407","11","0","0","0","0","0","0","0","0","2","0","0","0","","","0","","1","","40 19:33.643","5","0","79 53:32.946","0","0","0","0","2433","0","0","0","N","0","0","0","3","02433","0","","1.0","","1","N","N","","0","","0","0","0","","2","Y","","3","0","0","0","0","0","0","2","0","3","","","","N","","","","","","","","","",""
"2007116726","","1","0","0","0","0","0","0","0","0","7","0","","02","11","2007","1","40.331922","-79.892081","2053","11","0","0","0","0","0","1","0","0","1","0","0","0","","","1","","0","","40 19:54.919","5","0","79 53:31.491","8","0","0","0","2433","0","0","0","N","0","0","0","1","02433","0","","5.0","","1","N","N","","0","","0","0","0","","3","Y","","1","1","0","0","0","1","0","2","0","1","","","","N","","","","","","","","","",""
"2007116789","","1","0","0","0","0","0","0","0","0","7","0","","02","11","2007","7","40.4013","-79.8806","0347","11","0","0","0","0","0","0","0","0","","0","0","0","","","2","","7","","40 24:04.680","","8","79 52:50.160","8","0","0","0","2303","0","0","0","N","0","0","0","2","02303","0","","9.0","","1","N","N","","0","","0","0","0","","0","","","1","2","0","0","0","2","0","2","0","1","","","","N","","","","","","","","","",""
"2007116805","","1","0","0","0","0","0","0","0","0","4","0","","02","11","2007","5","40.583889","-79.881773","0922","11","0","0","0","0","0","0","1","0","","0","0","0","","","0","","1","","40 35:02.000","","0","79 52:54.382","0","0","0","0","2209","0","0","0","N","0","0","0","2","02209","0","","1.0","","1","N","N","","1","","0","0","0","","2","","","2","0","0","0","0","0","0","2","0","2","","","","N","","","","","","","","","",""
"2007116807","","0","0","0","0","0","0","0","0","0","0","0","","02","11","2007","4","40.35568","-80.029152","1601","11","0","0","0","0","0","1","0","0","2","0","0","0","","","1","","0","","40 21:20.449","3","3","80 01:44.946","4","0","0","1","2407","0","0","0","N","0","0","0","1","02407","1","","1.0","","1","N","N","","0","","0","0","0","","0","N","","1","1","0","0","0","0","0","2","0","1","","","","N","","","","","","","","","",""
"2007116808","","0","0","0","0","0","0","0","0","0","1","0","","02","11","2007","7","40.349131","-80.049933","1230","11","0","0","0","0","0","1","0","0","1","0","0","0","","","1","","2","","40 20:56.871","1","0","80 02:59.758","8","0","0","0","2407","0","0","0","N","0","0","0","5","02407","0","","1.0","","1","N","N","","0","","0","0","2","","2","N","","2","1","1","0","0","1","0","2","0","2","","","","N","","","","","","","","","",""
"2007116809","","1","0","0","0","0","0","0","0","0","4","0","","02","11","2007","1","40.327778","-80.035438","1646","11","0","0","0","0","0","0","0","0","","0","0","0","","","2","","0","","40 19:40.000","","0","80 02:07.578","8","0","0","0","2407","0","0","0","N","0","0","0","5","02407","0","","1.0","","1","N","N","","0","","0","0","1","","0","","","2","2","2","0","0","2","0","2","0","2","","","","N","","","","","","","","","",""
"2007116810","","1","0","0","0","0","0","0","0","0","8","0","","02","11","2007","3","40.332583","-80.03077","1843","11","0","0","1","0","0","0","0","0","","0","0","0","","","1","","0","","40 19:57.298","","0","80 01:50.772","4","0","0","0","2407","1","0","0","N","1","0","0","2","02407","1","","2.0","","1","N","N","","0","","0","0","0","","0","","","2","1","0","0","0","0","0","2","0","1","","","","N","","","","","","","","","",""
"2007116811","","1","0","0","0","0","0","0","0","0","7","0","","02","11","2007","1","40.348889","-80.023535","1500","11","0","0","0","0","1","0","0","0","","0","0","0","","","1","","0","","40 20:56.000","","0","80 01:24.727","4","0","0","0","2407","0","0","0","N","0","0","0","2","02407","1","","4.0","","1","N","N","","0","","0","0","0","","0","","","1","1","0","0","0","0","0","2","0","1","","","","N","","","","","","","","","",""
"2007116812","","2","0","0","0","0","0","0","0","0","1","0","","02","11","2007","3","40.5512","-80.0879","1657","11","0","0","0","0","0","0","1","0","2","0","0","0","","","3","","0","","40 33:04.320","1","0","80 05:16.440","3","0","0","0","2481","0","0","0","N","0","0","0","3","02481","0","","1.0","","1","N","N","","0","","1","0","0","","0","N","","2","3","0","0","0","2","0","2","0","2","","","","N","","","","","","","","","",""
"2007116813","","2","0","0","0","0","0","0","0","0","1","0","","02","11","2007","4","40.5819","-80.1056","2021","11","0","0","0","0","0","1","0","0","","0","0","0","","","2","","0","","40 34:54.840","","7","80 06:20.160","8","0","0","0","2481","0","0","0","N","0","0","0","3","02481","0","","1.0","","1","N","N","","0","","0","0","0","","0","","","2","2","0","0","0","2","0","2","0","2","","","","N","","","","","","","","","",""
"2007116814","","0","0","0","0","0","0","0","0","0","7","0","","02","11","2007","2","40.576947","-80.072223","1752","11","0","1","0","0","0","0","0","0","2","0","0","0","","","0","","0","","40 34:37.009","3","0","80 04:20.002","0","0","0","0","2481","0","0","0","N","0","0","0","3","02481","0","","2.0","","9","N","N","","0","","0","0","1","","0","N","","1","0","0","0","0","0","0","2","0","1","","","","N","","","","","","","","","",""
"2007116815","","1","0","0","0","0","0","0","0","0","7","0","","02","11","2007","6","40.556111","-80.078857","2251","11","0","0","0","0","0","0","0","0","1","0","0","0","","","1","","0","","40 33:22.000","5","0","80 04:43.886","4","0","0","0","2481","0","0","0","N","0","0","0","1","02481","1","","5.0","","1","N","N","","0","","0","0","0","","0","Y","","1","1","1","0","0","0","0","2","0","1","","","","N","","","","","","","","","",""