"CRN","ARRIVAL_TM","AUTOMOBILE_COUNT","BELTED_DEATH_COUNT","BELTED_SUSP_SERIOUS_INJ_COUNT","BICYCLE_COUNT","BICYCLE_DEATH_COUNT","BICYCLE_SUSP_SERIOUS_INJ_COUNT","BUS_COUNT","CHLDPAS_DEATH_COUNT","CHLDPAS_SUSP_SERIOUS_INJ_COUNT","COLLISION_TYPE","COMM_VEH_COUNT","CONS_ZONE_SPD_LIM","COUNTY","CRASH_MONTH","CRASH_YEAR","DAY_OF_WEEK","DEC_LATITUDE","DEC_LONGITUDE","DISPATCH_TM","DISTRICT","DRIVER_COUNT_16YR","DRIVER_COUNT_17YR","DRIVER_COUNT_18YR","DRIVER_COUNT_19YR","DRIVER_COUNT_20YR","DRIVER_COUNT_50_64YR","DRIVER_COUNT_65_74YR","DRIVER_COUNT_75PLUS","EST_HRS_CLOSED","FATAL_COUNT","HEAVY_TRUCK_COUNT","HORSE_BUGGY_COUNT","HOUR_OF_DAY","ILLUMINATION","INJURY_COUNT","INTERSECTION_RELATED","INTERSECT_TYPE","LANE_CLOSED","LATITUDE","LN_CLOSE_DIR","LOCATION_TYPE","LONGITUDE","MAX_SEVERITY_LEVEL","MCYCLE_DEATH_COUNT","MCYCLE_SUSP_SERIOUS_INJ_COUNT","MOTORCYCLE_COUNT","MUNICIPALITY","NONMOTR_COUNT","NONMOTR_DEATH_COUNT","NONMOTR_SUSP_SERIOUS_INJ_COUNT","NTFY_HIWY_MAINT","PED_COUNT","PED_DEATH_COUNT","PED_SUSP_SERIOUS_INJ_COUNT","PERSON_COUNT","POLICE_AGCY","POSSIBLE_INJ_COUNT","RDWY_SURF_TYPE_CD","RELATION_TO_ROAD","ROADWAY_CLEARED","ROAD_CONDITION","SCH_BUS_IND","SCH_ZONE_IND","SECONDARY_CRASH","SMALL_TRUCK_COUNT","SPEC_JURIS_CD","SUSP_MINOR_INJ_COUNT","SUSP_SERIOUS_INJ_COUNT","SUV_COUNT","TCD_FUNC_CD","TCD_TYPE","TFC_DETOUR_IND","TIME_OF_DAY","TOTAL_UNITS","TOT_INJ_COUNT","UNBELTED_OCC_COUNT","UNB_DEATH_COUNT","UNB_SUSP_SERIOUS_INJ_COUNT","UNK_INJ_DEG_COUNT","UNK_INJ_PER_COUNT","URBAN_RURAL","VAN_COUNT","VEHICLE_COUNT","WEATHER1","WEATHER2","WORKERS_PRES","WORK_ZONE_IND","WORK_ZONE_LOC","WORK_ZONE_TYPE","WZ_CLOSE_DETOUR","WZ_FLAGGER","WZ_LAW_OFFCR_IND","WZ_LN_CLOSURE","WZ_MOVING","WZ_OTHER","WZ_SHLDER_MDN","WZ_WORKERS_INJ_KILLED"
"2007117097","","0","0","0","0","0","0","0","0","0","0","0","","02","11","2007","6","40.543927","-79.756976","2142","11","0","0","0","0","0","0","0","0","2","0","0","0","","","0","","0","","40 32:38.137","1","0","79 45:25.113","0","0","0","0","2466","0","0","0","N","0","0","0","1","02466","0","","4.0","","1","N","N","","0","","0","0","1","","0","N","","1","0","0","0","0","0","0","1","0","1","","","","N","","","","","","","","","",""
"2007117102","","0","0","0","0","0","0","0","0","0","1","0","","02","12","2007","7","40.434463","-79.787278","1608","11","0","1","0","0","0","0","0","0","2","0","0","0","","","1","","0","","40 26:04.066","4","0","79 47:14.200","8","0","0","0","2446","0","0","0","N","0","0","0","2","02446","0","","1.0","","1","N","N","","0","","0","0","1","","0","N","","2","1","0","0","0","1","0","2","1","2","","","","N","","","","","","","","","",""
"2007117106","","2","0","0","0","0","0","0","0","0","1","0","","02","12","2007","7","40.3077","-79.8877","1820","11","0","0","0","0","0","0","0","0","","0","0","0","","","0","","0","","40 18:27.720","","0","79 53:15.720","0","0","0","0","2302","0","0","0","N","0","0","0","1","02302","0","","1.0","","1","N","N","","0","","0","0","0","","0","","","2","0","0","0","0","0","0","2","0","2","","","","N","","","","","","","","","",""
"2007117108","","1","0","0","0","0","0","0","0","0","7","0","","02","12","2007","7","40.408831","-80.051997","1530","11","0","0","0","1","0","0","0","0","1","0","0","0","","","1","","0","","40 24:31.791","2","0","80 03:07.189","8","0","0","0","2435","0","0","0","N","0","0","0","1","02435","0","","5.0","","1","N","N","","0","","0","0","0","","0","N","","1","1","0","0","0","1","0","2","0","1","","","","N","","","","","","","","","",""
"2007117111","","2","0","0","0","0","0","0","0","0","1","0","","02","12","2007","7","","","1717","11","0","0","0","1","0","0","0","0","1","0","0","0","","","0","","0","","","4","7","","0","0","0","0","2116","0","0","0","N","0","0","0","3","02116","0","","1.0","","1","N","N","","0","","0","0","0","","0","N","","2","0","0","0","0","0","0","1","0","2","","","","N","","","","","","","","","",""
"2007117118","","1","0","0","0","0","0","0","0","0","7","0","","02","12","2007","7","40.5127","-79.9612","2203","11","0","0","0","0","0","0","0","0","1","0","0","0","","","1","","0","","40 30:45.720","3","0","79 57:40.320","3","0","0","0","2118","0","0","0","N","0","0","0","1","02118","0","","4.0","","2","N","N","","0","","1","0","0","","0","N","","1","1","0","0","0","0","0","2","0","1","","","","N","","","","","","","","","",""
"2007117123","","1","0","0","0","0","0","0","0","0","7","0","","02","12","2007","7","40.652222","-79.792583","2245","11","0","0","0","0","0","0","0","0","","0","0","0","","","0","","10","","40 39:08.000","","0","79 47:33.297","0","0","0","0","2202","0","0","0","N","0","0","0","1","02202","0","","2.0","","2","N","N","","0","","0","0","0","","0","","","1","0","0","0","0","0","0","1","0","1","","","","N","","","","","","","","","",""
"2007117126","","1","0","0","0","0","0","0","0","0","7","0","","02","12","2007","7","40.544167","-79.954658","2330","11","0","0","0","0","1","0","0","0","3","0","0","0","","","0","","2","","40 32:39.000","6","0","79 57:16.767","0","0","0","0","2118","0","0","0","N","0","0","0","1","02118","0","","5.0","","2","N","N","","0","","0","0","0","","0","Y","","1","0","1","0","0","0","0","2","0","1","","","","N","","","","","","","","","",""
"2007117150","","3","0","0","0","0","0","0","0","0","1","0","","02","11","2007","1","40.4562","-79.9914","1754","11","0","0","0","0","1","0","0","0","2","0","0","0","","","0","","0","","40 27:22.320","2","0","79 59:29.040","0","0","0","0","2301","0","0","0","N","0","0","0","6","02301","0","","1.0","","9","N","N","","0","","0","0","0","","0","Y","","3","0","0","0","0","0","0","2","0","3","","","","N","","","","","","","","","",""
"2007117151","","2","0","0","0","0","0","0","0","0","4","0","","02","11","2007","3","40.447682","-80.007676","0152","11","0","0","0","0","0","0","0","0","","0","0","0","","","1","","1","","40 26:51.655","","0","80 00:27.633","4","0","0","0","2301","0","0","0","N","0","0","0","2","02301","1","","1.0","","9","N","N","","0","","0","0","0","","2","","","2","1","0","0","0","0","0","2","0","2","","","","N","","","","","","","","","",""
"2007117153","","1","0","0","0","0","0","0","0","0","1","0","","02","11","2007","3","40.478611","-80.04312","1056","11","0","0","0","0","0","1","0","0","","0","0","0","","","1","","1","","40 28:43.000","","3","80 02:35.232","8","0","0","0","2301","0","0","0","N","0","0","0","4","02301","0","","1.0","","1","N","N","","0","","0","0","1","","4","","","2","1","0","0","0","1","0","2","0","2","","","","N","","","","","","","","","",""
"2007117154","","1","0","0","0","0","0","0","0","0","7","0","","02","11","2007","5","40.4601","-79.9997","0127","11","0","0","0","0","0","1","0","0","","0","0","0","","","0","","0","","40 27:36.360","","2","79 59:58.920","0","0","0","0","2301","0","0","0","Y","0","0","0","1","02301","0","","7.0","","9","N","N","","0","","0","0","0","","0","","","1","0","0","0","0","0","0","2","0","1","","","","N","","","","","","","","","",""
"2007117250","","1","0","0","0","0","0","0","0","0","7","0","","02","11","2007","6","40.5353","-79.8426","1511","11","0","0","0","0","0","0","0","0","","0","0","0","","","0","","0","","40 32:07.080","","0","79 50:33.360","0","0","0","0","2208","0","0","0","N","0","0","0","1","02208","0","","5.0","","1","N","N","","0","","0","0","0","","0","","","1","0","0","0","0","0","0","2","0","1","","","","N","","","","","","","","","",""
"2007117308","","2","0","0","0","0","0","0","0","0","4","0","","02","11","2007","6","40.228333","-79.855219","1735","11","0","0","1","0","0","0","0","0","3","0","0","0","","","3","","1","","40 13:42.000","2","0","79 51:18.788","8","0","0","0","2204","0","0","0","N","0","0","0","3","02204","0","","1.0","","1","N","N","","0","","0","0","0","","3","N","","2","3","2","0","0","3","0","1","0","2","","","","N","","","","","","","","","",""
"2007117309","","1","0","0","0","0","0","0","0","0","4","0","","02","11","2007","4","40.396111","-80.046378","1905","11","0","0","0","0","0","1","0","0","2","0","0","0","","","0","","2","","40 23:46.000","1","0","80 02:46.962","0","0","0","0","2109","0","0","0","N","0","0","0","3","02109","0","","1.0","","1","N","N","","0","","0","0","1","","0","N","","2","0","0","0","0","0","0","2","0","2","","","","N","","","","","","","","","",""
"2007117336","","2","0","0","0","0","0","0","0","0","4","0","","02","11","2007","4","40.408903","-79.991733","1620","11","1","0","0","0","0","0","0","0","","0","0","0","","","0","","1","","40 24:32.050","","0","79 59:30.238","0","0","0","0","2301","0","0","0","N","0","0","0","4","02301","0","","1.0","","1","N","N","","0","","0","0","0","","0","","","2","0","0","0","0","0","0","2","0","2","","","","N","","","","","","","","","",""
"2007117337","","1","0","0","0","0","0","0","0","0","6","0","","02","11","2007","6","40.557778","-79.958953","0846","11","0","0","0","0","0","0","0","1","2","0","0","0","","","2","","0","","40 33:28.000","2","0","79 57:32.230","8","0","0","0","2207","0","0","0","N","0","0","0","3","02207","0","","1.0","","1","N","N","","2","","0","0","0","","0","Y","","3","2","0","0","0","2","0","2","0","3","","","","N","","","","","","","","","",""
"2007117405","","1","0","0","0","0","0","0","0","0","5","0","","02","10","2007","4","40.436821","-80.051793","0643","11","0","0","0","0","0","1","0","0","2","0","0","0","","","0","","0","","40 26:12.554","3","0","80 03:06.454","0","0","0","0","2301","0","0","0","N","0","0","0","1","02301","0","","6.0","","9","N","N","","0","","0","0","0","","0","N","","3","0","0","0","0","0","0","2","2","3","","","","N","","","","","","","","","",""
"2007117406","","1","0","0","0","0","0","0","0","0","4","0","","02","11","2007","5","40.437778","-80.054018","1324","11","0","0","0","0","0","0","1","0","","0","0","0","","","0","","2","","40 26:16.000","","0","80 03:14.465","0","0","0","0","2301","0","0","0","","0","0","0","2","02301","0","","1.0","","1","N","N","","0","","0","0","1","","0","","","2","0","0","0","0","0","0","2","0","2","","","","N","","","","","","","","","",""
"2007117407","","3","0","0","0","0","0","0","0","0","5","0","","02","11","2007","2","","","0747","11","1","0","0","0","0","0","0","0","","0","0","0","","","0","","1","","","","0","","0","0","0","0","2301","0","0","0","N","0","0","0","1","02301","0","","1.0","","1","N","N","","0","","0","0","0","","0","","","3","0","0","0","0","0","0","1","0","3","","","","N","","","","","","","","","",""
"2007117408","","2","0","0","0","0","0","0","0","0","4","0","","02","11","2007","2","40.428333","-79.977627","1205","11","0","0","0","1","0","0","0","0","","0","0","0","","","0","","1","","40 25:42.000","","0","79 58:39.457","9","0","0","0","2301","0","0","0","N","0","0","0","3","02301","0","","1.0","","1","N","N","","0","","0","0","0","","2","","","2","0","3","0","0","0","1","2","0","2","","","","N","","","","","","","","","",""
"2007117409","","2","0","0","0","0","0","0","0","0","1","0","","02","11","2007","2","","","1651","11","0","0","0","0","0","1","0","0","","0","0","0","","","0","","0","","","","0","","0","0","0","0","2301","0","0","0","N","0","0","0","2","02301","0","","1.0","","9","N","N","","0","","0","0","0","","0","","","2","0","0","0","0","0","0","1","0","2","","","","N","","","","","","","","","",""
"2007117410","","0","0","0","0","0","0","0","0","0","1","0","","02","11","2007","7","40.398889","-80.025024","1927","11","0","0","0","0","0","0","0","0","","0","0","0","","","0","","2","","40 23:56.000","","0","80 01:30.087","0","0","0","1","2301","0","0","0","N","0","0","0","2","02301","0","","1.0","","1","N","N","","0","","0","0","0","","0","","","2","0","0","0","0","0","0","2","1","2","","","","N","","","","","","","","","",""
"2007117411","","3","0","0","0","0","0","0","0","0","4","0","","02","11","2007","6","40.417277","-79.974532","2117","11","0","0","0","0","0","0","0","0","","0","0","0","","","0","","1","","40 25:02.197","","0","79 58:28.315","0","0","0","0","2301","0","0","0","N","0","0","0","6","02301","0","","1.0","","1","N","N","","0","","0","0","0","","3","","","3","0","0","0","0","0","0","2","0","3","","","","N","","","","","","","","","",""
"2007117412","","2","0","0","0","0","0","0","0","0","1","0","","02","10","2007","3","40.425833","-80.019963","1513","11","0","0","0","0","0","1","0","0","1","0","0","0","","","1","","1","","40 25:33.000","1","0","80 01:11.868","8","0","0","0","2301","0","0","0","N","0","0","0","4","02301","0","","1.0","","1","N","N","","0","","0","0","0","","2","N","","2","1","1","0","0","1","0","2","0","2","","","","N","","","","","","","","","",""
"2007117413","","1","0","0","0","0","0","0","0","0","1","0","","02","10","2007","4","40.411429","-79.98999","1430","11","0","0","0","0","0","2","0","0","","0","0","0","","","1","","2","","40 24:41.144","","0","79 59:23.964","3","0","0","0","2301","0","0","0","N","0","0","0","3","02301","0","","1.0","","9","Y","N","","0","","1","0","0","","0","","","2","1","2","0","0","0","0","2","1","2","","","","N","","","","","","","","","",""
"2007117414","","0","0","0","0","0","0","0","0","0","2","0","","02","11","2007","2","40.408678","-80.024649","1218","11","0","0","0","0","0","0","0","1","","0","0","0","","","1","","1","","40 24:31.240","","0","80 01:28.736","4","0","0","0","2301","0","0","0","N","0","0","0","2","02301","1","","1.0","","1","","","","0","","0","0","2","","0","","","2","1","0","0","0","0","0","2","0","2","","","","N","","","","","","","","","",""
"2007117415","","2","0","0","0","0","0","0","0","0","1","0","","02","11","2007","2","40.441558","-80.029886","1753","11","0","0","0","0","0","0","0","0","2","0","0","0","","","2","","0","","40 26:29.608","5","0","80 01:47.589","4","0","0","0","2301","0","0","0","N","0","0","0","6","02301","2","","1.0","","9","N","N","","0","","0","0","0","","0","Y","","2","2","0","0","0","0","0","2","0","2","","","","N","","","","","","","","","",""
"2007117416","","2","0","0","0","0","0","0","0","0","4","0","","02","11","2007","2","40.428333","-79.974621","2159","11","0","0","0","0","0","0","0","0","1","0","0","0","","","0","","1","","40 25:42.000","5","0","79 58:28.634","0","0","0","0","2301","0","0","0","N","0","0","0","2","02301","0","","1.0","","9","N","N","","0","","0","0","0","","2","N","","2","0","0","0","0","0","0","2","0","2","","","","N","","","","","","","","","",""
"2007117418","","1","0","0","0","0","0","0","0","0","6","0","","02","11","2007","3","40.450697","-80.061074","1747","11","0","0","0","1","0","0","0","0","2","0","0","0","","","0","","0","","40 27:02.509","5","0","80 03:39.866","0","0","0","0","2301","0","0","0","","0","0","0","6","02301","0","","1.0","","9","N","N","","1","","0","0","0","","0","Y","","2","0","0","0","0","0","0","2","0","2","","","","N","","","","","","","","","",""
"2007117419","","4","0","0","0","0","0","0","0","0","1","0","","02","11","2007","1","40.3735","-80.0488","1828","11","0","0","0","0","0","0","0","0","2","0","0","0","","","0","","0","","40 22:24.600","1","4","80 02:55.680","0","0","0","0","2301","0","0","0","N","0","0","0","4","02301","0","","1.0","","9","N","N","","0","","0","0","0","","0","N","","4","0","0","0","0","0","0","2","0","4","","","","N","","","","","","","","","",""
"2007117420","","2","0","0","0","0","0","0","0","0","4","0","","02","11","2007","7","40.431589","-80.006684","2054","11","0","0","0","0","1","0","0","0","","0","0","0","","","1","","2","","40 25:53.720","","0","80 00:24.062","8","0","0","0","2301","0","0","0","N","0","0","0","6","02301","0","","1.0","","1","N","N","","0","","0","0","0","","3","","","2","1","1","0","0","1","0","2","0","2","","","","N","","","","","","","","","",""
"2007117421","","1","0","0","0","0","0","0","0","0","7","0","","02","11","2007","1","40.406237","-79.978382","0215","11","0","0","0","0","0","0","0","0","1","0","0","0","","","0","","3","","40 24:22.453","2","0","79 58:42.175","9","0","0","0","2301","0","0","0","N","0","0","0","1","02301","0","","5.0","","1","N","N","","0","","0","0","0","","0","N","","2","0","0","0","0","0","1","2","0","1","","","","N","","","","","","","","","",""
"2007117422","","2","0","0","0","0","0","0","0","0","1","0","","02","11","2007","2","40.4303","-80.0285","1553","11","0","0","0","0","0","0","0","0","","0","0","0","","","1","","6","","40 25:49.080","","2","80 01:42.600","8","0","0","0","2301","0","0","0","N","0","0","0","3","02301","0","","7.0","","1","N","N","","0","","0","0","0","","4","","","2","1","0","0","0","1","0","2","0","2","","","","N","","","","","","","","","",""
"2007117423","","1","0","0","0","0","0","0","0","0","1","0","","02","11","2007","3","40.428611","-79.995046","0124","11","0","0","0","0","0","0","0","0","","0","0","0","","","0","","2","","40 25:43.000","","0","79 59:42.166","0","0","0","0","2301","0","0","0","N","0","0","0","1","02301","0","","1.0","","1","N","N","","1","","0","0","0","","0","","","2","0","0","0","0","0","0","2","0","2","","","","N","","","","","","","","","",""
"2007117424","","0","0","0","0","0","0","0","0","0","1","0","","02","11","2007","6","40.480278","-79.954367","1333","11","0","0","0","0","0","2","0","0","","0","0","0","","","0","","1","","40 28:49.000","","0","79 57:15.720","0","0","0","0","2301","0","0","0","N","0","0","0","3","02301","0","","1.0","","1","N","N","","1","","0","0","0","","2","","","2","0","0","0","0","0","0","2","1","2","","","","N","","","","","","","","","",""
"2007117425","","2","0","0","0","0","0","0","0","0","1","0","","02","10","2007","4","","","0855","11","0","0","0","0","0","0","1","0","","0","0","0","","","1","","0","","","","0","","8","0","0","0","2301","0","0","0","N","0","0","0","3","02301","0","","1.0","","1","N","N","","0","","0","0","1","","0","","","3","1","0","0","0","1","2","1","0","3","","","","N","","","","","","","","","",""
"2007117426","","1","0","0","0","0","0","0","0","0","7","0","","02","11","2007","1","40.476569","-79.932375","1630","11","0","0","0","0","0","0","0","0","","0","0","0","","","0","","0","","40 28:35.647","","0","79 55:56.550","0","0","0","0","2301","0","0","0","N","0","0","0","1","02301","0","","5.0","","1","N","N","","0","","0","0","0","","0","","","1","0","0","0","0","0","0","2","0","1","","","","N","","","","","","","","","",""
"2007117427","","2","0","0","0","0","0","0","0","0","4","0","","02","10","2007","6","40.454444","-79.888473","1246","11","0","0","0","0","1","0","0","0","2","0","0","0","","","0","","1","","40 27:16.000","6","0","79 53:18.502","0","0","0","0","2301","0","0","0","N","0","0","0","6","02301","0","","1.0","","9","N","N","","0","","0","0","0","","2","N","","2","0","0","0","0","0","0","2","0","2","","","","N","","","","","","","","","",""
"2007117428","","1","0","0","0","0","0","0","0","0","2","0","","02","11","2007","5","40.479795","-79.919677","9999","11","0","0","0","0","0","0","0","0","","0","0","0","","","0","","2","","40 28:47.262","","0","79 55:10.837","0","0","0","0","2301","0","0","0","N","0","0","0","6","02301","0","","1.0","","1","N","N","","0","","0","0","0","","3","","","2","0","1","0","0","0","0","2","1","2","","","","N","","","","","","","","","",""
"2007117429","","2","0","0","0","0","0","0","0","0","6","0","","02","11","2007","1","40.462305","-79.90566","0655","11","0","0","0","0","0","0","0","0","1","0","0","0","","","2","","0","","40 27:44.297","1","0","79 54:20.377","4","0","0","0","2301","0","0","0","N","0","0","0","4","02301","2","","1.0","","1","N","N","","0","","0","0","0","","0","N","","2","2","2","0","0","0","1","2","0","2","","","","N","","","","","","","","","",""
"2007117430","","0","0","0","0","0","0","0","0","0","8","0","","02","11","2007","3","40.456642","-79.939679","1532","11","0","0","0","0","0","1","0","0","","0","0","0","","","1","","1","","40 27:23.912","","0","79 56:22.843","8","0","0","0","2301","1","0","0","N","1","0","0","2","02301","0","","1.0","","1","N","N","","0","","0","0","1","","2","","","2","1","0","0","0","1","0","2","0","1","","","","N","","","","","","","","","",""
"2007117431","","3","0","0","0","0","0","0","0","0","5","0","","02","11","2007","5","40.460661","-79.897264","0209","11","0","0","0","0","0","0","0","0","","0","0","0","","","0","","0","","40 27:38.379","","0","79 53:50.150","0","0","0","0","2301","0","0","0","N","0","0","0","2","02301","0","","1.0","","9","N","N","","0","","0","0","0","","0","","","3","0","0","0","0","0","0","2","0","3","","","","N","","","","","","","","","",""
"2007117432","","2","0","0","0","0","0","0","0","0","2","0","","02","11","2007","2","40.448933","-80.000739","2041","11","0","0","0","1","0","0","1","0","","0","0","0","","","0","","1","","40 26:56.157","","0","80 00:02.660","0","0","0","0","2301","0","0","0","N","0","0","0","3","02301","0","","1.0","","9","N","N","","1","","0","0","0","","2","","","3","0","0","0","0","0","0","2","0","3","","","","N","","","","","","","","","",""
"2007117433","","1","0","0","0","0","0","0","0","0","4","0","","02","11","2007","1","40.456944","-79.937961","1700","11","0","0","0","0","0","1","0","0","1","0","0","0","","","2","","1","","40 27:25.000","4","0","79 56:16.661","4","0","0","0","2301","0","0","0","N","0","0","0","3","02301","2","","1.0","","1","N","N","","0","","0","0","0","","2","N","","2","2","0","0","0","0","0","2","1","2","","","","N","","","","","","","","","",""
"2007117434","","1","0","0","0","0","0","0","0","0","8","0","","02","11","2007","2","40.468748","-79.92751","2016","11","0","0","0","0","0","1","0","0","","0","0","0","","","1","","2","","40 28:07.492","","0","79 55:39.036","4","0","0","0","2301","1","0","0","N","1","0","0","2","02301","1","","1.0","","9","N","N","","0","","0","0","0","","2","","","2","1","0","0","0","0","0","2","0","1","","","","N","","","","","","","","","",""
"2007117435","","1","0","0","0","0","0","0","0","0","8","0","","02","11","2007","6","40.453046","-79.898595","2257","11","0","0","0","0","0","0","0","0","","0","0","0","","","1","","2","","40 27:10.965","","0","79 53:54.942","3","0","0","0","2301","1","0","0","N","1","0","0","2","02301","0","","1.0","","1","N","N","","0","","1","0","0","","0","","","2","1","0","0","0","0","0","2","0","1","","","","N","","","","","","","","","",""
"2007117437","","2","0","0","0","0","0","0","0","0","5","0","","02","11","2007","3","40.45555","-79.888078","1430","11","0","0","0","0","0","1","0","0","","0","0","0","","","0","","1","","40 27:19.980","","0","79 53:17.080","0","0","0","0","2301","0","0","0","N","0","0","0","4","02301","0","","2.0","","1","N","N","","0","","0","0","0","","2","","","2","0","0","0","0","0","0","2","0","2","","","","N","","","","","","","","","",""
"2007117438","","1","0","0","0","0","0","0","0","0","7","0","","02","11","2007","7","40.474692","-80.01086","1342","11","1","0","0","0","0","0","0","0","","0","0","0","","","0","","0","","40 28:28.892","","0","80 00:39.097","0","0","0","0","2301","0","0","0","N","0","0","0","2","02301","0","","4.0","","1","N","N","","0","","0","0","0","","0","","","1","0","2","0","0","0","0","2","0","1","","","","N","","","","","","","","","",""
"2007117469","","1","0","0","0","0","0","0","0","0","7","0","","02","12","2007","7","40.621775","-79.926323","2130","11","0","0","0","0","1","0","0","0","","0","0","0","","","0","","0","","40 37:18.390","","0","79 55:34.762","0","0","0","0","2217","0","0","0","N","0","0","0","1","02505","0","","2.0","","2","N","N","","0","","0","0","0","","0","","","1","0","0","0","0","0","0","2","0","1","","","","N","","","","","","","","","",""
"2007117479","","2","0","0","0","0","0","0","0","0","1","0","","02","11","2007","3","40.425908","-79.948699","1915","11","0","0","0","0","0","0","1","0","3","0","0","0","","","0","","0","","40 25:33.268","5","0","79 56:55.316","0","0","0","0","2301","0","0","0","N","0","0","0","1","02301","0","","6.0","","1","N","N","","0","","0","0","0","","0","Y","","2","0","0","0","0","0","0","2","0","2","","","","N","","","","","","","","","",""
"2007117480","","2","0","0","0","0","0","0","0","0","6","0","","02","11","2007","7","40.418446","-79.936236","1930","11","0","0","0","0","0","0","0","0","2","0","0","0","","","1","","0","","40 25:06.407","1","0","79 56:10.450","8","0","0","0","2301","0","0","0","N","0","0","0","2","02301","0","","1.0","","1","N","N","","0","","0","0","0","","0","N","","2","1","0","0","0","1","1","2","0","2","","","","N","","","","","","","","","",""
"2007117481","","1","0","0","0","0","0","0","0","0","4","0","","02","11","2007","5","40.441387","-79.963469","1229","11","0","0","0","0","1","1","0","0","","0","0","0","","","0","","1","","40 26:28.993","","0","79 57:48.488","0","0","0","0","2301","0","0","0","N","0","0","0","4","02301","0","","1.0","","1","N","N","","1","","0","0","0","","0","","","2","0","0","0","0","0","0","2","0","2","","","","N","","","","","","","","","",""
"2007117482","","1","0","0","0","0","0","0","0","0","7","0","","02","11","2007","1","40.427449","-79.923024","0400","11","0","0","0","0","0","0","0","0","","0","0","0","","","0","","2","","40 25:38.817","","0","79 55:22.887","0","0","0","0","2301","0","0","0","N","0","0","0","2","02301","0","","5.0","","1","N","N","","0","","0","0","0","","3","","","1","0","0","0","0","0","0","2","0","1","","","","N","","","","","","","","","",""
"2007117483","","2","0","0","0","0","0","0","0","0","3","0","","02","11","2007","7","40.369538","-79.916797","1915","11","0","0","1","0","0","0","0","0","","0","0","0","","","1","","0","","40 22:10.336","","0","79 55:00.469","8","0","0","0","2301","0","0","0","N","0","0","0","4","02301","0","","6.0","","1","N","N","","0","","0","0","1","","0","","","3","1","0","0","0","1","1","2","0","3","","","","N","","","","","","","","","",""
"2007117484","","2","0","0","0","0","0","0","0","0","4","0","","02","11","2007","7","40.454755","-79.932541","2232","11","0","0","0","0","0","1","1","0","1","0","0","0","","","0","","1","","40 27:17.118","4","0","79 55:57.147","0","0","0","0","2301","0","0","0","N","0","0","0","5","02301","0","","1.0","","1","N","N","","0","","0","0","0","","2","N","","2","0","0","0","0","0","0","2","0","2","","","","N","","","","","","","","","",""
"2007117485","","2","0","0","0","0","0","0","0","0","4","0","","02","11","2007","3","40.446873","-79.954817","0712","11","0","0","0","0","0","0","0","0","","0","0","0","","","0","","2","","40 26:48.742","","0","79 57:17.341","0","0","0","0","2301","0","0","0","N","0","0","0","2","02301","0","","1.0","","9","N","N","","0","","0","0","0","","0","","","2","0","0","0","0","0","0","2","0","2","","","","N","","","","","","","","","",""
"2007117486","","2","0","0","0","0","0","0","0","0","4","0","","02","11","2007","4","40.449819","-79.929656","0857","11","0","0","0","0","0","0","0","0","1","0","0","0","","","0","","1","","40 26:59.348","4","0","79 55:46.761","0","0","0","0","2301","0","0","0","N","0","0","0","3","02301","0","","1.0","","1","N","N","","0","","0","0","0","","2","N","","2","0","0","0","0","0","0","2","0","2","","","","N","","","","","","","","","",""
"2007117487","","1","0","0","0","0","0","0","0","0","8","0","","02","11","2007","3","40.447353","-79.98985","1809","11","0","0","0","0","0","0","0","0","","0","0","0","","","1","","1","","40 26:50.470","","0","79 59:23.460","4","0","0","0","2301","1","0","0","N","1","0","0","2","02301","1","","1.0","","9","N","N","","0","","0","0","0","","3","","","2","1","0","0","0","0","1","2","0","1","","","","N","","","","","","","","","",""
"2007117488","","1","0","0","0","0","0","0","0","0","8","0","","02","11","2007","4","40.441807","-79.998627","1256","11","0","0","0","0","0","1","0","0","","0","0","0","","","1","","0","","40 26:30.505","","0","79 59:55.057","3","0","0","0","2301","1","0","0","N","1","0","0","2","02301","0","","1.0","","1","N","N","","0","","1","0","0","","0","","","2","1","0","0","0","0","0","2","0","1","","","","N","","","","","","","","","",""
"2007117489","","2","0","0","0","0","0","0","0","0","4","0","","02","11","2007","1","40.443997","-80.002735","1845","11","0","0","0","0","0","0","0","0","","0","0","0","","","0","","1","","40 26:38.389","","0","80 00:09.846","9","0","0","0","2301","0","0","0","N","0","0","0","5","02301","0","","1.0","","9","N","N","","0","","0","0","0","","2","","","2","0","0","0","0","0","2","2","0","2","","","","N","","","","","","","","","",""
"2007117490","","2","0","0","0","0","0","0","0","0","1","0","","02","11","2007","1","40.447922","-79.990492","2249","11","0","0","0","0","0","0","0","0","","0","0","0","","","0","","0","","40 26:52.519","","0","79 59:25.771","9","0","0","0","2301","0","0","0","N","0","0","0","4","02301","0","","1.0","","9","N","N","","0","","0","0","0","","0","","","2","0","2","0","0","0","1","2","0","2","","","","N","","","","","","","","","",""
"2007117491","","1","0","0","0","0","0","0","0","0","4","0","","02","11","2007","4","40.4343","-79.9956","0916","11","0","0","0","0","0","1","0","0","1","0","0","0","","","2","","0","","40 26:03.480","5","0","79 59:44.160","3","0","0","0","2301","0","0","0","Y","0","0","0","3","02301","0","","1.0","","1","N","N","","1","","2","0","1","","0","N","","3","2","0","0","0","0","0","2","0","3","","","","N","","","","","","","","","",""