"CRN","ARRIVAL_TM","AUTOMOBILE_COUNT","BELTED_DEATH_COUNT","BELTED_SUSP_SERIOUS_INJ_COUNT","BICYCLE_COUNT","BICYCLE_DEATH_COUNT","BICYCLE_SUSP_SERIOUS_INJ_COUNT","BUS_COUNT","CHLDPAS_DEATH_COUNT","CHLDPAS_SUSP_SERIOUS_INJ_COUNT","COLLISION_TYPE","COMM_VEH_COUNT","CONS_ZONE_SPD_LIM","COUNTY","CRASH_MONTH","CRASH_YEAR","DAY_OF_WEEK","DEC_LATITUDE","DEC_LONGITUDE","DISPATCH_TM","DISTRICT","DRIVER_COUNT_16YR","DRIVER_COUNT_17YR","DRIVER_COUNT_18YR","DRIVER_COUNT_19YR","DRIVER_COUNT_20YR","DRIVER_COUNT_50_64YR","DRIVER_COUNT_65_74YR","DRIVER_COUNT_75PLUS","EST_HRS_CLOSED","FATAL_COUNT","HEAVY_TRUCK_COUNT","HORSE_BUGGY_COUNT","HOUR_OF_DAY","ILLUMINATION","INJURY_COUNT","INTERSECTION_RELATED","INTERSECT_TYPE","LANE_CLOSED","LATITUDE","LN_CLOSE_DIR","LOCATION_TYPE","LONGITUDE","MAX_SEVERITY_LEVEL","MCYCLE_DEATH_COUNT","MCYCLE_SUSP_SERIOUS_INJ_COUNT","MOTORCYCLE_COUNT","MUNICIPALITY","NONMOTR_COUNT","NONMOTR_DEATH_COUNT","NONMOTR_SUSP_SERIOUS_INJ_COUNT","NTFY_HIWY_MAINT","PED_COUNT","PED_DEATH_COUNT","PED_SUSP_SERIOUS_INJ_COUNT","PERSON_COUNT","POLICE_AGCY","POSSIBLE_INJ_COUNT","RDWY_SURF_TYPE_CD","RELATION_TO_ROAD","ROADWAY_CLEARED","ROAD_CONDITION","SCH_BUS_IND","SCH_ZONE_IND","SECONDARY_CRASH","SMALL_TRUCK_COUNT","SPEC_JURIS_CD","SUSP_MINOR_INJ_COUNT","SUSP_SERIOUS_INJ_COUNT","SUV_COUNT","TCD_FUNC_CD","TCD_TYPE","TFC_DETOUR_IND","TIME_OF_DAY","TOTAL_UNITS","TOT_INJ_COUNT","UNBELTED_OCC_COUNT","UNB_DEATH_COUNT","UNB_SUSP_SERIOUS_INJ_COUNT","UNK_INJ_DEG_COUNT","UNK_INJ_PER_COUNT","URBAN_RURAL","VAN_COUNT","VEHICLE_COUNT","WEATHER1","WEATHER2","WORKERS_PRES","WORK_ZONE_IND","WORK_ZONE_LOC","WORK_ZONE_TYPE","WZ_CLOSE_DETOUR","WZ_FLAGGER","WZ_LAW_OFFCR_IND","WZ_LN_CLOSURE","WZ_MOVING","WZ_OTHER","WZ_SHLDER_MDN","WZ_WORKERS_INJ_KILLED"
"2007118663","","1","0","0","0","0","0","0","0","0","7","0","","02","12","2007","5","40.4672","-79.978","1618","11","0","0","0","1","0","0","0","0","","0","0","0","","","0","","0","","40 28:01.920","","3","79 58:40.800","0","0","0","0","2430","0","0","0","N","0","0","0","1","02430","0","","2.0","","2","N","N","","0","","0","0","0","","0","","","1","0","1","0","0","0","0","2","0","1","","","","N","","","","","","","","","",""
"2007118670","","1","0","0","0","0","0","0","0","0","7","0","","02","12","2007","5","40.486297","-80.079883","0504","11","0","0","0","0","0","1","0","0","","0","0","0","","","0","","0","","40 29:10.668","","0","80 04:47.578","0","0","0","0","2122","0","0","0","N","0","0","0","1","02122","0","","4.0","","9","N","N","","0","","0","0","0","","0","","","1","0","0","0","0","0","0","2","0","1","","","","N","","","","","","","","","",""
"2007118671","","2","0","0","0","0","0","0","0","0","4","0","","02","12","2007","2","40.4694","-80.1623","2254","11","0","0","1","0","0","0","0","0","","0","0","0","","","0","","0","","40 28:09.840","","7","80 09:44.280","0","0","0","0","2213","0","0","0","N","0","0","0","3","02213","0","","1.0","","2","N","N","","0","","0","0","0","","0","","","2","0","0","0","0","0","0","2","0","2","","","","N","","","","","","","","","",""
"2007118672","","1","0","0","0","0","0","0","0","0","99","0","","02","11","2007","6","40.4777","-80.2007","1819","11","0","0","0","0","0","0","0","0","","0","0","0","","","0","","0","","40 28:39.720","","0","80 12:02.520","0","0","0","0","2213","0","0","0","N","0","0","0","1","02213","0","","1.0","","1","N","N","","0","","0","0","0","","0","","","1","0","0","0","0","0","0","2","0","1","","","","N","","","","","","","","","",""
"2007118673","","1","0","0","0","0","0","0","0","0","1","0","","02","11","2007","4","40.2761","-79.8909","1804","11","0","0","0","0","0","1","0","0","","0","0","0","","","0","","6","","40 16:33.960","","2","79 53:27.240","0","0","0","0","2428","0","0","0","N","0","0","0","2","02428","0","","1.0","","1","N","N","","0","","0","0","1","","3","","","2","0","0","0","0","0","0","2","0","2","","","","N","","","","","","","","","",""
"2007118674","","2","0","0","0","0","0","0","0","0","1","0","","02","12","2007","3","40.329444","-80.023423","1805","11","0","0","0","0","1","1","0","0","","0","0","0","","","3","","0","","40 19:46.000","","0","80 01:24.324","4","0","0","0","2407","0","0","0","N","0","0","0","3","02407","3","","1.0","","1","N","N","","0","","0","0","0","","0","","","2","3","0","0","0","0","0","2","0","2","","","","N","","","","","","","","","",""
"2007118675","","1","0","0","0","0","0","0","0","0","4","0","","02","12","2007","4","40.344437","-80.049726","1038","11","0","0","0","0","0","0","0","1","1","0","0","0","","","0","","0","","40 20:39.973","4","0","80 02:59.013","0","0","0","0","2407","0","0","0","N","0","0","0","3","02407","0","","1.0","","9","N","N","","0","","0","0","0","","0","N","","2","0","0","0","0","0","0","2","1","2","","","","N","","","","","","","","","",""
"2007118720","","0","0","0","0","0","0","0","0","0","5","1","","02","8","2007","7","","","0248","11","0","0","0","0","0","0","0","0","3","1","1","0","","","0","","0","","40 26:39.84","3","0","79 46:06.96","1","0","0","0","2446","0","0","0","Y","0","0","0","1","68B03","0","2","2.0","","1","N","N","","1","0","0","0","0","","0","Y","","2","0","1","1","0","0","0","2","0","2","","","","N","","","","","","","","","",""
"2007118725","","1","0","0","0","0","0","0","0","0","1","0","","02","12","2007","5","40.38148","-79.912001","1835","11","0","0","0","0","0","0","0","0","","0","0","0","","","1","","0","","40 22:53.328","","0","79 54:43.203","4","0","0","0","2448","0","0","0","N","0","0","0","1","02448","1","","2.0","","2","N","N","","0","","0","0","2","","0","","","3","1","0","0","0","0","0","2","0","3","","","","N","","","","","","","","","",""
"2007118729","","1","0","0","0","0","0","0","0","0","8","0","","02","12","2007","5","40.377222","-79.986584","1806","11","0","0","0","0","0","0","0","0","1","0","0","0","","","2","","0","","40 22:38.000","5","0","79 59:11.704","8","0","0","0","2476","2","0","0","N","2","0","0","3","02476","0","","1.0","","1","N","N","","0","","0","0","0","","0","N","","3","2","0","0","0","2","0","2","0","1","","","","N","","","","","","","","","",""
"2007118732","","0","0","0","0","0","0","0","0","0","7","0","","02","12","2007","3","40.618889","-80.084346","1531","11","0","0","1","0","0","0","0","0","","0","0","0","","","0","","0","","40 37:08.000","","0","80 05:03.644","0","0","0","0","2212","0","0","0","N","0","0","0","1","02505","0","","2.0","","1","N","N","","1","","0","0","0","","0","","","1","0","0","0","0","0","0","2","0","1","","","","N","","","","","","","","","",""
"2007118736","","0","0","0","0","0","0","0","0","0","7","0","","02","12","2007","4","40.6503","-80.0389","1952","11","0","0","0","0","0","0","0","0","","0","0","0","","","0","","0","","40 39:01.080","","0","80 02:20.040","0","0","0","0","2216","0","0","0","N","0","0","0","1","02505","0","","2.0","","7","N","N","","0","","0","0","0","","0","","","1","0","0","0","0","0","0","2","1","1","","","","N","","","","","","","","","",""
"2007118753","","1","0","0","0","0","0","0","0","0","1","2","55","02","10","2007","2","40.5307","-79.8214","0715","11","0","0","0","0","0","1","0","0","2","0","2","0","","","0","","0","","40 31:50.520","4","0","79 49:17.040","0","0","0","0","2466","0","0","0","N","0","0","0","3","68T02","0","","1.0","","1","N","N","","0","","0","0","0","","0","N","","3","0","0","0","0","0","0","1","0","3","","","N","Y","8","1","","","N","","Y","","Y",""
"2007118757","","1","0","0","0","0","0","0","0","0","99","0","","02","10","2007","5","40.373996","-80.103664","0355","11","0","0","0","0","0","0","0","0","","0","0","0","","","0","","0","","40 22:26.387","","0","80 06:13.192","0","0","0","0","2119","0","0","0","N","0","0","0","1","68B03","0","","1.0","","1","N","N","","0","","0","0","0","","0","","","1","0","0","0","0","0","0","2","0","1","","","","N","","","","","","","","","",""
"2007118796","","1","0","0","0","0","0","0","0","0","7","0","","02","10","2007","5","40.5217","-79.8143","1145","11","0","0","0","0","0","0","0","0","","0","0","0","","","0","","0","","40 31:18.120","","0","79 48:51.480","0","0","0","0","2466","0","0","0","N","0","0","0","2","68T02","0","","1.0","","1","N","N","","0","","0","0","0","","0","","","1","0","0","0","0","0","0","2","0","1","","","","N","","","","","","","","","",""
"2007118798","","0","0","0","0","0","0","0","0","0","99","1","","02","10","2007","2","40.6175","-79.9804","0410","11","0","0","0","0","0","0","0","0","","0","1","0","","","0","","0","","40 37:03.000","","0","79 58:49.440","0","0","0","0","2217","0","0","0","N","0","0","0","1","68T02","0","","1.0","","1","N","N","","0","","0","0","0","","0","","","1","0","0","0","0","0","0","1","0","1","","","","N","","","","","","","","","",""
"2007118799","","0","0","0","0","0","0","0","0","0","99","0","","02","10","2007","7","40.6047","-79.9381","9999","11","0","0","0","0","0","0","0","0","","0","0","0","","","0","","0","","40 36:16.920","","0","79 56:17.160","0","0","0","0","2207","0","0","0","N","0","0","0","2","68T02","0","","1.0","","1","N","N","","0","","0","0","0","","0","","","1","0","0","0","0","0","0","2","1","1","","","","N","","","","","","","","","",""
"2007118833","","0","0","0","0","0","0","0","0","0","1","3","","02","9","2007","6","","","0626","11","0","0","0","0","0","3","0","0","3","0","2","0","","","2","","0","","40 26:18.24","1","3","80 00:43.92","3","0","0","0","2301","0","0","0","N","0","0","0","3","68B03","1","","1.0","","1","N","N","","0","","1","0","0","","0","N","","3","2","0","0","0","0","0","2","0","3","","","","N","","","","","","","","","",""
"2007118834","","1","0","0","0","0","0","0","0","0","1","0","","02","9","2007","3","40.609722","-80.094983","0835","11","0","0","0","0","0","0","0","0","","0","0","0","","","0","","0","","40 36:35.000","","0","80 05:41.938","0","0","0","0","2212","0","0","0","N","0","0","0","2","68B03","0","","1.0","","1","N","N","","0","","0","0","1","","0","","","2","0","0","0","0","0","0","2","0","2","","","","N","","","","","","","","","",""
"2007118835","","2","0","0","0","0","0","0","0","0","1","0","","02","10","2007","3","40.4964","-80.0126","1431","11","0","0","0","0","0","1","1","0","","0","0","0","","","3","","0","","40 29:47.040","","2","80 00:45.360","4","0","0","0","2301","0","0","0","N","0","0","0","3","68B03","3","","1.0","","1","N","N","","0","","0","0","0","","0","","","3","3","0","0","0","0","0","2","1","3","","","","N","","","","","","","","","",""
"2007118836","","2","0","0","0","0","0","0","0","0","1","0","","02","10","2007","6","40.6219","-80.0966","0730","11","0","0","0","0","0","0","0","0","9","0","0","0","","","1","","0","","40 37:18.840","2","2","80 05:47.760","4","0","0","0","2481","0","0","0","N","0","0","0","2","68B03","1","","1.0","","1","N","N","","0","","0","0","0","","0","N","","2","1","0","0","0","0","0","1","0","2","","","","N","","","","","","","","","",""
"2007118837","","4","0","0","0","0","0","0","0","0","1","0","","02","10","2007","7","","","1945","11","0","0","1","1","0","0","0","0","","0","0","0","","","1","","0","","40 26:33.72","","0","80 09:36.72","4","0","0","0","2115","0","0","0","N","0","0","0","4","68B03","1","","1.0","","1","N","N","","0","","0","0","0","","0","","","4","1","0","0","0","0","0","2","0","4","","","","N","","","","","","","","","",""
"2007118838","","3","0","0","0","0","0","0","0","0","1","0","","02","10","2007","2","40.629444","-80.097104","0725","11","0","0","0","0","0","0","0","0","","0","0","0","","","1","","0","","40 37:46.000","","0","80 05:49.575","3","0","0","0","2212","0","0","0","N","0","0","0","3","68B03","0","","1.0","","1","N","N","","0","","1","0","0","","0","","","3","1","0","0","0","0","0","2","0","3","","","","N","","","","","","","","","",""
"2007118860","","2","0","0","0","0","0","0","0","0","4","0","","02","12","2007","5","40.620556","-80.05469","1501","11","0","0","0","0","0","1","0","0","1","0","0","0","","","1","","2","","40 37:14.000","2","0","80 03:16.885","4","0","0","0","2216","0","0","0","N","0","0","0","3","02505","1","","1.0","","1","N","N","","0","","0","0","0","","0","N","","2","1","0","0","0","0","0","2","0","2","","","","N","","","","","","","","","",""
"2007118884","","1","0","0","0","0","0","0","0","0","1","0","","02","10","2007","1","","","1525","11","0","0","0","1","0","0","0","0","2","0","0","0","","","0","","6","","40 26:53.52","1","8","80 00:29.16","9","0","0","0","2301","0","0","0","N","0","0","0","2","68B03","0","","1.0","","1","N","N","","0","","0","0","1","","4","N","","2","0","0","0","0","0","1","2","0","2","","","","N","","","","","","","","","",""
"2007118885","","2","0","0","0","0","0","0","0","0","1","0","","02","10","2007","3","40.608056","-80.094736","0720","11","1","0","0","0","1","0","0","0","","0","0","0","","","0","","0","","40 36:29.000","","0","80 05:41.051","0","0","0","0","2481","0","0","0","N","0","0","0","3","68B03","0","","1.0","","1","N","N","","0","","0","0","0","","0","","","2","0","1","0","0","0","0","2","0","2","","","","N","","","","","","","","","",""
"2007118886","","1","0","0","0","0","0","0","0","0","8","0","","02","6","2007","5","","","2221","11","0","0","0","0","0","0","0","0","4","0","0","0","","","1","","0","","40 26:32.28","3","0","79 49:22.80","2","0","0","0","2446","1","0","1","N","1","0","1","2","68B03","0","","2.0","","1","N","N","","1","","0","1","0","","0","N","","3","1","0","0","0","0","0","2","0","2","","","","N","","","","","","","","","",""
"2007118887","","1","0","0","0","0","0","0","0","0","5","1","50","02","10","2007","6","","","0721","11","0","0","0","0","0","2","0","0","2","0","1","0","","","1","","0","","40 25:26.76","4","0","80 06:33.84","8","0","0","0","2102","0","0","0","N","0","0","0","3","68B03","0","","1.0","","9","N","N","","0","","0","0","1","","0","N","","3","1","0","0","0","1","0","2","0","3","","","N","Y","2","1","","","N","","","","",""
"2007118891","","2","0","0","0","0","0","0","0","0","1","0","","02","10","2007","2","40.619444","-80.095828","0729","11","0","0","0","0","0","1","0","0","","0","0","0","","","0","","0","","40 37:10.000","","0","80 05:44.980","0","0","0","0","2481","0","0","0","N","0","0","0","2","68B03","0","","1.0","","1","N","N","","0","","0","0","0","","0","","","2","0","0","0","0","0","0","2","0","2","","","","N","","","","","","","","","",""
"2007118892","","1","0","0","0","0","0","0","0","0","99","0","","02","10","2007","2","","","0720","11","0","0","0","0","0","1","0","0","","0","0","0","","","0","","0","","40 35:09.96","","0","80 06:00.00","0","0","0","0","2481","0","0","0","N","0","0","0","1","68B03","0","","1.0","","1","N","N","","0","","0","0","0","","0","","","1","0","0","0","0","0","0","2","0","1","","","","N","","","","","","","","","",""
"2007118893","","2","0","0","0","0","0","0","0","0","5","0","","02","10","2007","5","","","0810","11","0","0","0","0","0","0","0","0","2","0","0","0","","","1","","0","","40 26:39.48","2","3","80 00:33.12","4","0","0","0","2301","0","0","0","N","0","0","0","2","68B03","1","","1.0","","1","N","N","","0","","0","0","0","","0","N","","2","1","0","0","0","0","0","2","0","2","","","","N","","","","","","","","","",""
"2007118907","","3","0","0","0","0","0","0","0","0","1","0","","02","10","2007","1","","","1412","11","0","0","0","0","0","0","0","0","","0","0","0","","","0","","0","","40 25:36.84","","0","79 55:10.20","0","0","0","0","2301","0","0","0","N","0","0","0","5","68B03","0","","1.0","","1","N","N","","0","","0","0","0","","2","","","3","0","0","0","0","0","0","2","0","3","","","","N","","","","","","","","","",""
"2007118908","","3","0","0","0","0","0","0","0","0","1","0","","02","10","2007","7","","","1631","11","0","0","0","0","0","1","0","0","","0","0","0","","","2","","0","","40 26:38.04","","0","80 00:32.76","8","0","0","0","2301","0","0","0","N","0","0","0","5","68B03","0","","1.0","","1","N","N","","0","","0","0","0","","0","","","3","2","0","0","0","2","0","2","0","3","","","","N","","","","","","","","","",""
"2007118909","","1","0","0","0","0","0","0","0","0","1","0","","02","10","2007","4","","","0823","11","0","0","0","1","0","0","0","0","","0","0","0","","","3","","0","","40 25:23.88","","0","80 06:17.64","8","0","0","0","2115","0","0","0","N","0","0","0","3","68B03","0","","1.0","","1","N","N","","0","","0","0","0","","0","","","3","3","0","0","0","3","0","2","2","3","","","","N","","","","","","","","","",""
"2007118910","","2","0","0","0","0","0","0","0","0","1","0","","02","8","2007","5","","","1642","11","0","0","0","0","0","0","0","0","","0","0","0","","","0","","6","","40 25:15.96","","2","80 02:40.92","0","0","0","0","2435","0","0","0","N","0","0","0","4","68B03","0","","1.0","","9","N","N","","0","","0","0","0","","0","","","2","0","0","0","0","0","0","2","0","2","","","","N","","","","","","","","","",""
"2007118911","","1","0","0","0","0","0","0","0","0","7","0","","02","12","2007","5","40.493333","-80.108452","2327","11","0","0","0","0","0","0","0","0","","0","0","0","","","1","","0","","40 29:36.000","","0","80 06:30.428","4","0","0","0","2126","0","0","0","Y","0","0","0","2","02126","1","","4.0","","2","N","N","","0","","0","0","0","","0","","","1","1","1","0","0","0","0","2","0","1","","","","N","","","","","","","","","",""
"2007118912","","1","0","0","0","0","0","0","0","0","1","0","","02","8","2007","1","","","1406","11","0","0","0","0","0","1","0","0","","0","0","0","","","0","","0","","40 25:03.72","","0","80 05:14.64","0","0","0","0","2457","0","0","0","N","0","0","0","2","68B03","0","","1.0","","1","N","N","","1","","0","0","0","","0","","","2","0","0","0","0","0","0","2","0","2","","","","N","","","","","","","","","",""
"2007118913","","2","0","0","0","0","0","0","0","0","1","0","","02","8","2007","5","","","1510","11","0","0","0","0","0","0","0","0","","0","0","0","","","1","","6","","40 24:42.12","","2","80 04:34.68","4","0","0","0","2415","0","0","0","N","0","0","0","2","68B03","1","","1.0","","1","N","N","","0","","0","0","0","","4","","","2","1","0","0","0","0","0","2","0","2","","","","N","","","","","","","","","",""
"2007118914","","2","0","0","0","0","0","0","0","0","1","0","","02","9","2007","3","","","0644","11","0","0","0","0","0","1","0","0","","0","0","0","","","0","","6","","40 24:42.48","","2","80 04:35.04","0","0","0","0","2415","0","0","0","N","0","0","0","2","68B03","0","","1.0","","1","N","N","","0","","0","0","0","","0","","","2","0","0","0","0","0","0","2","0","2","","","","N","","","","","","","","","",""
"2007118915","","1","0","0","0","0","0","0","0","0","5","0","","02","10","2007","5","","","1905","11","0","0","0","0","0","0","0","0","1","0","0","0","","","0","","0","","40 25:39.00","4","0","79 57:03.60","0","0","0","0","2301","0","0","0","N","0","0","0","3","68B03","0","","1.0","","1","N","N","","1","","0","0","0","","0","N","","2","0","0","0","0","0","0","2","0","2","","","","N","","","","","","","","","",""
"2007118916","","1","0","0","0","0","0","0","0","0","1","0","","02","10","2007","6","","","0944","11","0","0","0","0","0","2","0","0","1","0","0","0","","","1","","6","","40 26:53.52","1","8","80 00:29.16","4","0","0","0","2301","0","0","0","N","0","0","0","2","68B03","1","","1.0","","1","N","N","","0","","0","0","1","","4","N","","2","1","0","0","0","0","0","2","0","2","","","","N","","","","","","","","","",""
"2007118918","","3","0","0","0","0","0","0","0","0","1","0","","02","10","2007","4","40.373889","-80.103705","1753","11","0","0","0","0","0","1","1","1","2","0","0","0","","","3","","0","","40 22:26.000","2","0","80 06:13.337","4","0","0","0","2102","0","0","0","N","0","0","0","5","68B03","2","","1.0","","1","N","N","","0","","0","0","2","","0","N","","5","3","0","0","0","1","0","2","0","5","","","","N","","","","","","","","","",""
"2007118919","","3","0","0","0","0","0","0","0","0","1","0","","02","10","2007","5","40.403056","-80.106914","0735","11","0","0","0","0","1","1","0","0","","0","0","0","","","0","","0","","40 24:11.000","","0","80 06:24.889","0","0","0","0","2102","0","0","0","N","0","0","0","3","68B03","0","","1.0","","1","N","N","","0","","0","0","0","","0","","","3","0","0","0","0","0","0","2","0","3","","","","N","","","","","","","","","",""
"2007118927","","1","0","0","0","0","0","0","0","0","1","0","","02","11","2007","5","40.510833","-80.09928","0632","11","0","0","0","0","0","0","0","0","","0","0","0","","","0","","0","","40 30:39.000","","0","80 05:57.409","0","0","0","0","2429","0","0","0","N","0","0","0","2","02215","0","","1.0","","9","N","N","","1","","0","0","0","","2","","","2","0","0","0","0","0","0","2","0","2","","","","N","","","","","","","","","",""
"2007118933","","1","0","0","0","0","0","0","0","0","7","0","","02","12","2007","5","40.624499","-79.942486","0019","11","0","0","0","0","0","0","0","0","1","0","0","0","","","0","","0","","40 37:28.196","3","0","79 56:32.951","0","0","0","0","2217","0","0","0","N","0","0","0","1","02505","0","","4.0","","2","N","N","","0","","0","0","0","","0","N","","1","0","0","0","0","0","0","2","0","1","","","","N","","","","","","","","","",""
"2007118938","","1","0","0","0","0","0","0","0","0","4","0","","02","12","2007","5","40.418333","-80.045728","1210","11","0","0","0","0","0","0","0","0","","0","0","0","","","0","","1","","40 25:06.000","","0","80 02:44.619","0","0","0","0","2435","0","0","0","N","0","0","0","5","02435","0","","1.0","","1","N","N","","0","","0","0","0","","2","","","2","0","0","0","0","0","0","2","1","2","","","","N","","","","","","","","","",""
"2007118947","","1","0","0","0","0","0","0","0","0","7","0","","02","12","2007","6","40.430652","-79.890202","0617","11","0","0","0","0","0","0","0","0","","0","0","0","","","0","","2","","40 25:50.348","","1","79 53:24.726","0","0","0","0","2426","0","0","0","N","0","0","0","1","02426","0","","5.0","","9","N","N","","0","","0","0","0","","0","","","1","0","0","0","0","0","0","2","0","1","","","","N","","","","","","","","","",""
"2007118948","","1","0","0","0","0","0","0","0","0","1","0","","02","12","2007","5","40.460833","-79.706368","1358","11","0","0","0","0","0","0","1","0","","0","0","0","","","0","","0","","40 27:39.000","","0","79 42:22.924","0","0","0","0","2466","0","0","0","N","0","0","0","2","02466","0","","1.0","","9","N","N","","0","","0","0","1","","0","","","2","0","0","0","0","0","0","2","0","2","","","","N","","","","","","","","","",""
"2007118953","","1","0","0","0","0","0","0","0","0","7","0","","02","12","2007","6","","","0745","11","0","0","0","0","0","0","0","0","","0","0","0","","","0","","0","","","","0","","0","0","0","0","2208","0","0","0","N","0","0","0","1","02208","0","","5.0","","7","N","N","","0","","0","0","0","","0","","","1","0","0","0","0","0","0","1","0","1","","","","N","","","","","","","","","",""
"2007118955","","0","0","0","0","0","0","0","0","0","7","0","","02","12","2007","6","40.49824","-79.966802","0756","11","0","0","0","0","0","0","0","0","","0","0","0","","","1","","2","","40 29:53.664","","0","79 58:00.487","3","0","0","0","2118","0","0","0","N","0","0","0","1","02118","0","","5.0","","7","N","N","","0","","1","0","0","","3","","","1","1","0","0","0","0","0","2","1","1","","","","N","","","","","","","","","",""
"2007118957","","1","0","0","0","0","0","0","0","0","7","0","","02","12","2007","6","40.303676","-79.956527","0749","11","0","0","0","0","0","0","0","0","2","0","0","0","","","0","","0","","40 18:13.232","3","0","79 57:23.498","0","0","0","0","2440","0","0","0","N","0","0","0","1","02440","0","","4.0","","7","N","N","","0","","0","0","0","","0","Y","","1","0","0","0","0","0","0","2","0","1","","","","N","","","","","","","","","",""
"2007118966","","1","0","0","0","0","0","1","0","0","6","1","","02","12","2007","6","40.491523","-80.047808","0910","11","0","0","0","0","0","1","0","0","1","0","0","0","","","0","","0","","40 29:29.481","4","0","80 02:52.108","0","0","0","0","2404","0","0","0","N","0","0","0","2","02404","0","","1.0","","7","N","N","","0","","0","0","0","","0","N","","2","0","0","0","0","0","0","2","0","2","","","","N","","","","","","","","","",""
"2007118968","","2","0","0","0","0","0","0","0","0","1","0","","02","12","2007","4","40.407196","-80.082818","0755","11","0","0","0","0","1","1","0","0","","0","0","0","","","0","","2","","40 24:25.905","","0","80 04:58.144","0","0","0","0","2415","0","0","0","N","0","0","0","2","02415","0","","4.0","","7","N","N","","0","","0","0","0","","0","","","2","0","0","0","0","0","0","2","0","2","","","","N","","","","","","","","","",""
"2007118969","","0","0","0","0","0","0","0","0","0","7","0","","02","12","2007","6","40.575","-79.954651","1029","11","0","0","0","0","0","0","0","0","1","0","0","0","","","1","","0","","40 34:30.000","1","99","79 57:16.745","4","0","0","0","2207","0","0","0","N","0","0","0","1","02207","1","","5.0","","7","N","N","","0","","0","0","1","","0","N","","1","1","0","0","0","0","0","2","0","1","","","","N","","","","","","","","","",""
"2007118974","","0","0","0","0","0","0","0","0","0","7","0","","02","12","2007","6","40.650278","-80.039989","0859","11","0","0","0","0","0","0","0","0","2","0","0","0","","","2","","0","","40 39:01.000","6","1","80 02:23.961","3","0","0","0","2216","0","0","0","N","0","0","0","2","02505","1","","5.0","","7","N","N","","0","","1","0","0","","0","Y","","1","2","0","0","0","0","0","2","1","1","","","","N","","","","","","","","","",""
"2007118990","","0","0","0","0","0","0","0","0","0","0","0","","02","12","2007","5","40.4404","-79.8338","2221","11","0","0","0","0","0","0","1","0","","0","0","0","","","2","","0","","40 26:25.440","","0","79 50:01.680","3","0","0","0","2419","0","0","0","N","0","0","0","2","02419","1","","5.0","","2","N","N","","0","","1","0","1","","0","","","1","2","1","0","0","0","0","2","0","1","","","","N","","","","","","","","","",""
"2007119005","","1","0","0","0","0","0","0","0","0","4","0","","02","12","2007","6","40.3865","-80.0923","1619","11","0","0","0","0","0","0","0","0","","0","0","0","","","0","","0","","40 23:11.400","","7","80 05:32.280","0","0","0","0","2117","0","0","0","N","0","0","0","4","02117","0","","7.0","","9","N","N","","0","","0","0","0","","2","","","2","0","0","0","0","0","0","2","1","2","","","","N","","","","","","","","","",""
"2007119009","","1","0","0","0","0","0","0","0","0","7","0","","02","12","2007","2","40.6539","-80.068","1836","11","0","0","0","0","0","1","0","0","","0","0","0","","","0","","0","","40 39:14.040","","3","80 04:04.800","0","0","0","0","2216","0","0","0","N","0","0","0","1","02505","0","","2.0","","7","N","N","","0","","0","0","0","","0","","","1","0","0","0","0","0","0","2","0","1","","","","N","","","","","","","","","",""
"2007119012","","0","0","0","0","0","0","0","0","0","4","1","","02","12","2007","2","40.668","-80.1432","2147","11","0","1","0","0","0","0","0","0","2","0","1","0","","","1","","2","","40 40:04.800","6","0","80 08:35.520","4","0","0","0","2212","0","0","0","N","0","0","0","2","02505","1","","1.0","","7","N","N","","0","","0","0","1","","2","N","","2","1","0","0","0","0","0","1","0","2","","","","N","","","","","","","","","",""
"2007119013","","2","0","0","0","0","0","0","0","0","1","0","","02","12","2007","3","40.508889","-80.202518","1059","11","0","0","1","1","0","1","0","0","1","0","0","0","","","1","","0","","40 30:32.000","1","0","80 12:09.066","8","0","0","0","2213","0","0","0","N","0","0","0","4","02213","0","","1.0","","1","N","N","","0","","0","0","1","","0","N","","3","1","0","0","0","1","0","2","0","3","","","","N","","","","","","","","","",""
"2007119014","","1","0","0","0","0","0","0","0","0","1","0","","02","11","2007","6","40.328889","-80.027654","1505","11","0","0","0","0","0","0","1","0","1","0","0","0","","","1","","0","","40 19:44.000","4","0","80 01:39.554","4","0","0","0","2407","0","0","0","N","0","0","0","2","02407","1","","1.0","","1","N","N","","1","","0","0","0","","0","N","","2","1","0","0","0","0","0","2","0","2","","","","N","","","","","","","","","",""
"2007119015","","1","0","0","0","0","0","0","0","0","7","0","","02","11","2007","4","40.349176","-80.048415","1038","11","0","0","0","0","0","1","0","0","","0","0","0","","","1","","0","","40 20:57.033","","0","80 02:54.294","4","0","0","0","2407","0","0","0","N","0","0","0","1","02407","1","","4.0","","1","N","N","","0","","0","0","0","","0","","","1","1","1","0","0","0","0","2","0","1","","","","N","","","","","","","","","",""
"2007119016","","2","0","0","0","0","0","0","0","0","4","0","","02","12","2007","7","40.319528","-80.02695","1103","11","0","0","0","0","0","0","0","1","1","0","0","0","","","0","","3","","40 19:10.301","1","0","80 01:37.019","0","0","0","0","2407","0","0","0","N","0","0","0","2","02407","0","","1.0","","1","N","N","","0","","0","0","0","","3","N","","2","0","0","0","0","0","0","2","0","2","","","","N","","","","","","","","","",""