"CRN","ARRIVAL_TM","AUTOMOBILE_COUNT","BELTED_DEATH_COUNT","BELTED_SUSP_SERIOUS_INJ_COUNT","BICYCLE_COUNT","BICYCLE_DEATH_COUNT","BICYCLE_SUSP_SERIOUS_INJ_COUNT","BUS_COUNT","CHLDPAS_DEATH_COUNT","CHLDPAS_SUSP_SERIOUS_INJ_COUNT","COLLISION_TYPE","COMM_VEH_COUNT","CONS_ZONE_SPD_LIM","COUNTY","CRASH_MONTH","CRASH_YEAR","DAY_OF_WEEK","DEC_LATITUDE","DEC_LONGITUDE","DISPATCH_TM","DISTRICT","DRIVER_COUNT_16YR","DRIVER_COUNT_17YR","DRIVER_COUNT_18YR","DRIVER_COUNT_19YR","DRIVER_COUNT_20YR","DRIVER_COUNT_50_64YR","DRIVER_COUNT_65_74YR","DRIVER_COUNT_75PLUS","EST_HRS_CLOSED","FATAL_COUNT","HEAVY_TRUCK_COUNT","HORSE_BUGGY_COUNT","HOUR_OF_DAY","ILLUMINATION","INJURY_COUNT","INTERSECTION_RELATED","INTERSECT_TYPE","LANE_CLOSED","LATITUDE","LN_CLOSE_DIR","LOCATION_TYPE","LONGITUDE","MAX_SEVERITY_LEVEL","MCYCLE_DEATH_COUNT","MCYCLE_SUSP_SERIOUS_INJ_COUNT","MOTORCYCLE_COUNT","MUNICIPALITY","NONMOTR_COUNT","NONMOTR_DEATH_COUNT","NONMOTR_SUSP_SERIOUS_INJ_COUNT","NTFY_HIWY_MAINT","PED_COUNT","PED_DEATH_COUNT","PED_SUSP_SERIOUS_INJ_COUNT","PERSON_COUNT","POLICE_AGCY","POSSIBLE_INJ_COUNT","RDWY_SURF_TYPE_CD","RELATION_TO_ROAD","ROADWAY_CLEARED","ROAD_CONDITION","SCH_BUS_IND","SCH_ZONE_IND","SECONDARY_CRASH","SMALL_TRUCK_COUNT","SPEC_JURIS_CD","SUSP_MINOR_INJ_COUNT","SUSP_SERIOUS_INJ_COUNT","SUV_COUNT","TCD_FUNC_CD","TCD_TYPE","TFC_DETOUR_IND","TIME_OF_DAY","TOTAL_UNITS","TOT_INJ_COUNT","UNBELTED_OCC_COUNT","UNB_DEATH_COUNT","UNB_SUSP_SERIOUS_INJ_COUNT","UNK_INJ_DEG_COUNT","UNK_INJ_PER_COUNT","URBAN_RURAL","VAN_COUNT","VEHICLE_COUNT","WEATHER1","WEATHER2","WORKERS_PRES","WORK_ZONE_IND","WORK_ZONE_LOC","WORK_ZONE_TYPE","WZ_CLOSE_DETOUR","WZ_FLAGGER","WZ_LAW_OFFCR_IND","WZ_LN_CLOSURE","WZ_MOVING","WZ_OTHER","WZ_SHLDER_MDN","WZ_WORKERS_INJ_KILLED"
"2007119794","","1","0","0","0","0","0","0","0","0","1","0","","02","10","2007","3","","","1336","11","0","0","0","0","0","1","0","0","1","0","0","0","","","1","","0","","40 25:42.96","3","0","79 53:21.12","4","0","0","0","2478","0","0","0","N","0","0","0","2","68B03","1","","1.0","","1","N","N","","1","","0","0","0","","0","N","","2","1","0","0","0","0","0","2","0","2","","","","N","","","","","","","","","",""
"2007119795","","4","0","0","0","0","0","0","0","0","1","0","","02","10","2007","3","","","1442","11","0","0","0","0","0","0","0","0","","0","0","0","","","0","","0","","40 24:50.76","","0","80 04:56.28","0","0","0","0","2415","0","0","0","N","0","0","0","4","68B03","0","","1.0","","1","N","N","","0","","0","0","0","","0","","","4","0","0","0","0","0","0","2","0","4","","","","N","","","","","","","","","",""
"2007119796","","2","0","0","0","0","0","0","0","0","7","0","","02","10","2007","7","","","0035","11","0","0","0","0","0","0","0","0","1","0","0","0","","","0","","0","","40 26:17.52","2","4","80 00:45.72","0","0","0","0","2301","0","0","0","N","0","0","0","2","68B03","0","","4.0","","1","N","N","","0","","0","0","0","","0","N","","2","0","0","0","0","0","0","2","0","2","","","","N","","","","","","","","","",""
"2007119805","","1","0","0","0","0","0","0","0","0","1","0","","02","10","2007","4","40.656389","-80.092582","1048","11","0","0","0","0","0","1","0","0","1","0","0","0","","","2","","0","","40 39:23.000","1","3","80 05:33.295","8","0","0","0","2212","0","0","0","N","0","0","0","3","68B03","0","","1.0","","1","N","N","","0","","0","0","0","","0","N","","2","2","0","0","0","2","0","2","0","2","","","","N","","","","","","","","","",""
"2007119825","","2","0","0","0","0","0","0","0","0","1","0","","02","10","2007","6","","","0654","11","0","0","0","0","0","0","0","0","","0","0","0","","","0","","0","","40 24:56.16","","0","80 05:04.20","0","0","0","0","2457","0","0","0","N","0","0","0","3","68B03","0","","1.0","","1","N","N","","0","","0","0","0","","0","","","3","0","0","0","0","0","0","2","1","3","","","","N","","","","","","","","","",""
"2007119826","","2","0","0","0","0","0","0","0","0","1","0","","02","10","2007","6","","","0910","11","0","0","0","0","0","0","0","0","","0","0","0","","","0","","0","","40 26:10.32","","4","80 00:59.04","0","0","0","0","2301","0","0","0","N","0","0","0","4","68B03","0","","1.0","","1","N","N","","0","","0","0","0","","0","","","3","0","1","0","0","0","0","2","1","3","","","","N","","","","","","","","","",""
"2007119880","","2","0","0","0","0","0","0","0","0","5","0","","02","12","2007","1","40.397378","-80.096157","0319","11","0","0","0","0","0","0","0","0","","0","0","0","","","0","","0","","40 23:50.560","","0","80 05:46.165","9","0","0","0","2117","0","0","0","N","0","0","0","1","02117","0","","1.0","","9","N","N","","1","","0","0","0","","0","","","3","0","0","0","0","0","1","2","0","3","","","","N","","","","","","","","","",""
"2007119890","","1","0","0","0","0","0","0","0","0","5","0","","02","12","2007","7","40.515429","-79.87644","1802","11","0","0","0","0","0","0","0","1","3","0","0","0","","","2","","0","","40 30:55.544","5","0","79 52:35.184","3","0","0","0","2432","0","0","0","Y","0","0","0","2","02432","0","","1.0","","9","N","N","","0","","2","0","1","","0","Y","","2","2","0","0","0","0","0","2","0","2","","","","N","","","","","","","","","",""
"2007119895","","2","0","0","0","0","0","0","0","0","4","0","","02","12","2007","6","40.432533","-79.790208","2230","11","0","0","1","0","0","0","0","0","","0","0","0","","","4","","0","","40 25:57.120","","7","79 47:24.750","4","0","0","0","2446","0","0","0","N","0","0","0","4","02446","4","","1.0","","9","N","N","","0","","0","0","0","","2","","","2","4","0","0","0","0","0","2","0","2","","","","N","","","","","","","","","",""
"2007119905","","2","0","0","0","0","0","0","0","0","2","0","","02","12","2007","5","40.5147","-80.0543","2212","11","0","0","0","0","0","0","0","0","1","0","0","0","","","2","","0","","40 30:52.920","6","0","80 03:15.480","8","0","0","0","2116","0","0","0","N","0","0","0","2","02116","0","","1.0","","2","N","N","","0","","0","0","0","","0","Y","","2","2","0","0","0","2","0","2","0","2","","","","N","","","","","","","","","",""
"2007119911","","0","0","0","0","0","0","0","0","0","7","0","","02","12","2007","6","40.513525","-80.210872","0950","11","0","0","0","0","1","0","0","0","2","0","0","0","","","1","","0","","40 30:48.690","4","0","80 12:39.139","4","0","0","0","2213","0","0","0","N","0","0","0","1","02213","1","","2.0","","6","N","N","","0","","0","0","1","","0","N","","1","1","0","0","0","0","0","2","0","1","","","","N","","","","","","","","","",""
"2007119912","","1","0","0","0","0","0","0","0","0","7","0","","02","12","2007","7","40.461937","-80.170223","0632","11","0","0","0","0","0","0","0","0","2","0","0","0","","","0","","0","","40 27:42.973","3","0","80 10:12.802","0","0","0","0","2213","0","0","0","N","0","0","0","2","02213","0","","4.0","","2","N","N","","0","","0","0","0","","0","N","","1","0","0","0","0","0","0","2","0","1","","","","N","","","","","","","","","",""
"2007119913","","1","0","0","0","0","0","0","0","0","7","0","","02","11","2007","6","40.543027","-80.217728","1713","11","0","0","0","0","0","0","0","0","2","0","0","0","","","1","","0","","40 32:34.898","1","0","80 13:03.820","3","0","0","0","2213","0","0","0","N","0","0","0","1","02213","0","","5.0","","9","N","N","","0","","1","0","0","","0","N","","1","1","0","0","0","0","0","2","0","1","","","","N","","","","","","","","","",""
"2007119915","","1","0","0","0","0","0","0","0","0","2","0","","02","12","2007","2","40.382778","-79.857483","1804","11","0","0","0","0","0","0","0","0","1","0","0","0","","","4","","1","","40 22:58.000","4","0","79 51:26.939","4","0","0","0","2303","0","0","0","N","0","0","0","5","02303","4","","1.0","","1","N","N","","1","","0","0","0","","2","N","","2","4","4","0","0","0","0","2","0","2","","","","N","","","","","","","","","",""
"2007119992","","2","0","0","0","0","0","0","0","0","99","0","","02","11","2007","2","40.3503","-79.8852","1436","11","0","0","0","0","0","0","0","0","","0","0","0","","","0","","0","","40 21:01.080","","0","79 53:06.720","0","0","0","0","2423","0","0","0","N","0","0","0","2","02304","0","","1.0","","1","N","N","","0","","0","0","0","","0","","","2","0","0","0","0","0","0","2","0","2","","","","N","","","","","","","","","",""
"2007120001","","1","0","0","0","0","0","0","0","0","7","0","","02","10","2007","5","40.4923","-79.7822","0851","11","0","0","0","0","0","0","0","0","1","0","0","0","","","1","","0","","40 29:32.280","4","0","79 46:55.920","3","0","0","0","2466","0","0","0","N","0","0","0","1","68T02","0","","4.0","","1","N","N","","0","","1","0","0","","0","N","","1","1","1","0","0","0","0","2","0","1","","","","N","","","","","","","","","",""
"2007120035","","1","0","0","0","0","0","0","0","0","1","0","","02","12","2007","6","40.645121","-79.943459","1729","11","0","0","0","0","0","0","0","0","","0","0","0","","","0","","2","","40 38:42.435","","0","79 56:36.452","0","0","0","0","2217","0","0","0","N","0","0","0","4","02505","0","","1.0","","9","N","N","","0","","0","0","1","","0","","","2","0","0","0","0","0","0","2","0","2","","","","N","","","","","","","","","",""
"2007120071","","1","0","0","0","0","0","0","0","0","7","0","","02","12","2007","2","40.356267","-79.826767","1855","11","0","1","0","0","0","0","0","0","","0","0","0","","","1","","0","","40 21:22.560","","0","79 49:36.360","4","0","0","0","2477","0","0","0","N","0","0","0","1","02477","1","","5.0","","9","N","N","","0","","0","0","0","","0","","","1","1","0","0","0","0","0","2","0","1","","","","N","","","","","","","","","",""
"2007120205","","1","0","0","0","0","0","0","0","0","7","0","","02","12","2007","7","40.532862","-80.102231","0311","11","0","0","0","0","0","0","0","0","","0","0","0","","","0","","2","","40 31:58.303","","0","80 06:08.032","0","0","0","0","2215","0","0","0","N","0","0","0","1","02215","0","","5.0","","2","N","N","","0","","0","0","0","","0","","","1","0","0","0","0","0","0","2","0","1","","","","N","","","","","","","","","",""
"2007120355","","0","0","0","0","0","0","0","0","0","99","0","","02","10","2007","5","40.6525","-80.0467","0042","11","0","0","0","0","0","0","0","0","","0","0","0","","","0","","0","","40 39:09.000","","0","80 02:48.120","0","0","0","0","2216","0","0","0","N","0","0","0","4","68T02","0","","1.0","","1","N","N","","0","","0","0","0","","0","","","1","0","0","0","0","0","0","2","1","1","","","","N","","","","","","","","","",""
"2007120356","","1","0","0","0","0","0","0","0","0","7","0","","02","12","2007","2","40.365247","-79.793883","0550","11","0","0","0","0","0","0","0","0","","0","0","0","","","1","","0","","40 21:54.889","","0","79 47:37.980","8","0","0","0","2111","0","0","0","N","0","0","0","1","02111","0","","5.0","","9","N","N","","0","","0","0","0","","0","","","1","1","0","0","0","1","0","2","0","1","","","","N","","","","","","","","","",""
"2007120363","","1","0","0","0","0","0","0","0","0","5","0","","02","11","2007","7","40.413072","-79.988957","0335","11","0","0","0","0","0","0","0","0","2","0","0","0","","","2","","0","","40 24:47.059","1","0","79 59:20.245","8","0","0","0","2447","0","0","0","N","0","0","0","3","02447","0","","1.0","","1","N","N","","0","","0","0","1","","0","N","","2","2","0","0","0","2","0","2","0","2","","","","N","","","","","","","","","",""
"2007120598","","1","0","0","0","0","0","0","0","0","7","0","","02","12","2007","6","40.6677","-79.7266","1306","11","0","0","0","0","1","0","0","0","","0","0","0","","","0","","0","","40 40:03.720","","0","79 43:35.760","0","0","0","0","2202","0","0","0","N","0","0","0","2","02202","0","","4.0","","7","N","N","","0","","0","0","0","0","0","","","1","0","0","0","0","0","0","1","0","1","","","","N","","","","","","","","","",""
"2007120749","","3","0","0","0","0","0","0","0","0","1","0","","02","9","2007","5","","","1747","11","0","0","0","0","0","1","0","0","","0","0","0","","","0","","0","","40 26:13.92","","0","80 08:57.48","0","0","0","0","2115","0","0","0","N","0","0","0","6","68B03","0","","1.0","","1","Y","N","","1","","0","0","1","0","0","","","5","0","0","0","0","0","0","2","0","5","","","","N","","","","","","","","","",""
"2007120783","","1","0","0","0","0","0","0","0","0","7","0","","02","11","2007","2","40.586667","-80.041629","1116","11","0","0","0","0","0","0","0","0","1","0","0","0","","","1","","1","","40 35:12.000","1","0","80 02:29.866","4","0","0","0","2108","0","0","0","N","0","0","0","1","02108","1","","5.0","","9","N","N","","0","","0","0","0","3","2","Y","","1","1","0","0","0","0","0","2","0","1","","","","N","","","","","","","","","",""
"2007120784","","3","0","0","0","0","0","0","0","0","4","0","","02","11","2007","4","40.588056","-80.048651","1717","11","0","0","0","0","0","0","0","0","1","0","0","0","","","2","","2","","40 35:17.000","5","0","80 02:55.144","4","0","0","0","2108","0","0","0","N","0","0","0","4","02108","2","","1.0","","9","N","N","","0","","0","0","0","0","0","Y","","3","2","0","0","0","0","0","2","0","3","","","","N","","","","","","","","","",""
"2007120785","","2","0","0","0","0","0","0","0","0","4","0","","02","11","2007","4","40.5987","-80.0476","1444","11","0","1","0","0","0","0","0","0","","0","0","0","","","0","","0","","40 35:55.320","","0","80 02:51.360","0","0","0","0","2108","0","0","0","N","0","0","0","2","02108","0","","1.0","","1","N","N","","0","","0","0","0","0","0","","","2","0","0","0","0","0","0","2","0","2","","","","N","","","","","","","","","",""
"2007120786","","1","0","0","0","0","0","0","0","0","1","0","","02","11","2007","4","40.566944","-80.016471","1418","11","0","0","0","0","0","1","0","0","1","0","0","0","","","1","","1","","40 34:01.000","1","0","80 00:59.295","4","0","0","0","2108","0","0","0","N","0","0","0","4","02108","1","","1.0","","9","N","N","","1","","0","0","0","3","3","N","","2","1","1","0","0","0","0","2","0","2","","","","N","","","","","","","","","",""
"2007120787","","1","0","0","0","0","0","0","0","0","7","0","","02","11","2007","7","40.593056","-80.060977","1712","11","0","0","1","0","0","0","0","0","","0","0","0","","","0","","2","","40 35:35.000","","0","80 03:39.517","0","0","0","0","2108","0","0","0","N","0","0","0","2","02108","0","","4.0","","9","N","N","","0","","0","0","0","0","0","","","1","0","0","0","0","0","0","2","0","1","","","","N","","","","","","","","","",""
"2007120788","","1","0","0","0","0","0","0","0","0","1","0","","02","11","2007","1","40.567778","-80.006263","1620","11","0","0","0","0","0","2","0","0","1","0","0","0","","","3","","2","","40 34:04.000","1","0","80 00:22.546","3","0","0","0","2108","0","0","0","N","0","0","0","3","02108","2","","1.0","","9","N","N","","0","","1","0","1","0","0","N","","2","3","1","0","0","0","0","2","0","2","","","","N","","","","","","","","","",""
"2007120789","","1","0","0","0","0","0","0","0","0","7","0","","02","11","2007","1","40.576111","-80.014779","0246","11","0","0","0","0","0","0","0","0","","0","0","0","","","0","","3","","40 34:34.000","","0","80 00:53.204","0","0","0","0","2108","0","0","0","N","0","0","0","1","02108","0","","5.0","","1","N","N","","0","","0","0","0","3","3","","","1","0","0","0","0","0","0","2","0","1","","","","N","","","","","","","","","",""
"2007120799","","2","0","0","0","0","0","0","0","0","1","0","","02","12","2007","3","40.433333","-79.75864","0903","11","0","0","0","0","1","0","0","0","","0","0","0","","","1","","1","","40 26:00.000","","0","79 45:31.105","4","0","0","0","2446","0","0","0","N","0","0","0","2","02446","1","","1.0","","9","N","N","","0","","0","0","0","0","0","","","2","1","1","0","0","0","0","2","0","2","","","","N","","","","","","","","","",""
"2007120802","","2","0","0","0","0","0","0","0","0","1","0","","02","12","2007","2","40.367031","-80.105232","1540","11","0","0","0","0","0","1","0","0","1","0","0","0","","","1","","0","","40 22:01.313","4","0","80 06:18.834","4","0","0","0","2102","0","0","0","N","0","0","0","3","02102","1","","1.0","","9","N","N","","1","","0","0","0","0","0","N","","3","1","0","0","0","0","0","2","0","3","","","","N","","","","","","","","","",""
"2007120804","","1","0","0","0","0","0","0","0","0","4","0","","02","12","2007","3","40.321111","-79.94215","0704","11","0","0","0","0","0","2","0","0","1","0","0","0","","","0","","1","","40 19:16.000","1","0","79 56:31.740","0","0","0","0","2454","0","0","0","N","0","0","0","2","02454","0","","1.0","","9","N","N","","1","","0","0","0","3","2","N","","2","0","0","0","0","0","0","2","0","2","","","","N","","","","","","","","","",""
"2007120810","","1","0","0","0","0","0","0","0","0","7","0","","02","12","2007","7","40.372778","-79.800917","0653","11","0","0","0","0","0","0","0","0","","0","0","0","","","0","","0","","40 22:22.000","","0","79 48:03.300","9","0","0","0","2111","0","0","0","N","0","0","0","1","02111","0","","5.0","","2","N","N","","0","","0","0","0","0","0","","","1","0","0","0","0","0","1","2","0","1","","","","N","","","","","","","","","",""
"2007120818","","2","0","0","0","0","0","0","0","0","4","0","","02","12","2007","2","40.527167","-80.017264","1735","11","0","0","0","0","0","0","1","0","","0","0","0","","","1","","0","","40 31:37.800","","0","80 01:02.150","8","0","0","0","2116","0","0","0","N","0","0","0","2","02116","0","","1.0","","9","N","N","","0","","0","0","0","0","0","","","2","1","0","0","0","1","0","2","0","2","","","","N","","","","","","","","","",""
"2007120829","","1","0","0","0","0","0","0","0","0","2","0","","02","10","2007","4","40.398056","-79.789234","1545","11","0","0","0","0","0","0","0","0","3","0","0","0","","","3","","0","","40 23:53.000","6","0","79 47:21.244","2","0","0","0","2446","0","0","0","N","0","0","0","3","02446","2","","1.0","","1","N","N","","0","","0","1","1","0","0","Y","","2","3","1","0","1","0","0","2","0","2","","","","N","","","","","","","","","",""
"2007120840","","3","0","0","0","0","0","0","0","0","4","0","","02","12","2007","2","40.330556","-79.945519","1610","11","0","0","0","0","0","3","0","0","1","0","0","0","","","1","","0","","40 19:50.000","2","0","79 56:43.869","4","0","0","0","2454","0","0","0","N","0","0","0","4","02454","1","","1.0","","9","N","N","","0","","0","0","0","3","2","N","","3","1","0","0","0","0","0","2","0","3","","","","N","","","","","","","","","",""
"2007120843","","1","0","0","0","0","0","0","0","0","4","0","","02","12","2007","3","40.334722","-79.811539","1623","11","0","0","0","0","0","1","0","1","","0","0","0","","","0","","1","","40 20:05.000","","0","79 48:41.541","0","0","0","0","2477","0","0","0","N","0","0","0","3","02477","0","","1.0","","1","N","N","","0","","0","0","1","0","0","","","2","0","0","0","0","0","0","2","0","2","","","","N","","","","","","","","","",""
"2007120846","","2","0","0","0","0","0","0","0","0","1","0","","02","12","2007","5","40.390556","-80.074202","1630","11","0","0","0","0","0","0","0","0","","0","0","0","","","0","","5","","40 23:26.000","","0","80 04:27.127","0","0","0","0","2117","0","0","0","N","0","0","0","2","02117","0","","1.0","","9","N","N","","0","","0","0","0","3","2","","","2","0","0","0","0","0","0","2","0","2","","","","N","","","","","","","","","",""
"2007120847","","1","0","0","0","0","0","0","0","0","7","0","","02","12","2007","2","40.661111","-80.000605","1723","11","0","0","0","0","0","0","1","0","","0","0","0","","","0","","2","","40 39:40.000","","0","80 00:02.179","0","0","0","0","2216","0","0","0","N","0","0","0","1","02505","0","","2.0","","9","N","N","","0","","0","0","0","0","0","","","1","0","0","0","0","0","0","1","0","1","","","","N","","","","","","","","","",""
"2007120849","","1","0","0","0","0","0","0","0","0","7","0","","02","12","2007","2","40.541667","-80.035953","1559","11","0","0","0","0","0","0","0","1","1","0","0","0","","","0","","0","","40 32:30.000","2","0","80 02:09.430","0","0","0","0","2116","0","0","0","N","0","0","0","1","02116","0","","4.0","","9","N","N","","0","","0","0","0","0","0","N","","1","0","0","0","0","0","0","2","0","1","","","","N","","","","","","","","","",""
"2007120858","","2","0","0","0","0","0","0","0","0","1","0","","02","10","2007","4","40.4967","-79.916","0521","11","0","0","0","0","0","0","0","0","1","0","0","0","","","0","","0","","40 29:48.120","2","0","79 54:57.600","0","0","0","0","2112","0","0","0","N","0","0","0","2","68D02","0","","1.0","","1","N","N","","0","","0","0","0","0","0","N","","2","0","0","0","0","0","0","2","0","2","","","","N","","","","","","","","","",""
"2007120940","","1","0","0","0","0","0","0","0","0","7","0","","02","12","2007","6","40.550056","-80.0857","1026","11","0","0","0","0","0","0","0","0","","0","0","0","","","0","","10","","40 33:00.203","","0","80 05:08.520","0","0","0","0","2215","0","0","0","N","0","0","0","1","02215","0","","2.0","","6","N","N","","0","","0","0","0","0","0","","","1","0","0","0","0","0","0","2","0","1","","","","N","","","","","","","","","",""
"2007120944","","1","0","0","0","0","0","0","0","0","4","0","","02","12","2007","2","40.467589","-80.207958","1621","11","0","0","0","0","0","0","1","0","2","0","0","0","","","1","","0","","40 28:03.320","2","0","80 12:28.650","4","0","0","0","2203","0","0","0","N","0","0","0","2","02203","1","","1.0","","2","N","N","","0","","0","0","1","0","0","N","","2","1","0","0","0","0","0","2","0","2","","","","N","","","","","","","","","",""
"2007120949","","1","0","0","0","0","0","0","0","0","7","0","","02","12","2007","3","40.665415","-79.928277","2008","11","0","0","0","0","0","1","0","0","1","0","0","0","","","1","","2","","40 39:55.494","3","0","79 55:41.797","8","0","0","0","2217","0","0","0","N","0","0","0","1","02505","0","","2.0","","9","","N","","0","","0","0","0","0","0","Y","","1","1","0","0","0","1","0","1","0","1","","","","N","","","","","","","","","",""
"2007120965","","4","0","0","0","0","0","0","0","0","4","0","","02","12","2007","3","40.514448","-80.095384","2312","11","0","0","0","0","0","0","0","0","","0","0","0","","","0","","2","","40 30:52.012","","0","80 05:43.382","0","0","0","0","2429","0","0","0","N","0","0","0","1","02215","0","","3.0","","9","N","N","","0","","0","0","0","0","0","","","4","0","0","0","0","0","0","2","0","4","","","","N","","","","","","","","","",""
"2007120970","","1","0","0","0","0","0","0","0","0","7","0","","02","12","2007","4","40.5187","-80.2187","1635","11","0","0","0","0","0","0","0","0","1","0","0","0","","","0","","0","","40 31:07.320","1","0","80 13:07.320","0","0","0","0","2213","0","0","0","N","0","0","0","1","02213","0","","2.0","","6","N","N","","0","","0","0","0","0","0","Y","","1","0","0","0","0","0","0","2","0","1","","","","N","","","","","","","","","",""
"2007120971","","2","0","0","0","0","0","0","0","0","4","0","","02","12","2007","5","","","1244","11","0","0","0","0","0","0","0","1","","0","0","0","","","1","","2","","40 31:29.28","","0","80 16:20.64","8","0","0","0","2213","0","0","0","N","0","0","0","2","02213","0","","1.0","","1","N","N","","0","","0","0","0","3","3","","","2","1","0","0","0","1","0","1","0","2","","","","N","","","","","","","","","",""
"2007120972","","1","0","0","0","0","0","0","0","0","1","0","","02","12","2007","3","40.331848","-80.069854","0816","11","0","0","0","0","0","2","0","0","","0","0","0","","","0","","0","","40 19:54.651","","0","80 04:11.474","0","0","0","0","2407","0","0","0","N","0","0","0","2","02407","0","","1.0","","1","N","N","","0","","0","0","1","0","0","","","2","0","0","0","0","0","0","2","0","2","","","","N","","","","","","","","","",""
"2007120973","","2","0","0","0","0","0","0","0","0","4","0","","02","12","2007","4","40.316389","-80.040743","1512","11","0","0","0","0","0","1","0","1","","0","0","0","","","1","","2","","40 18:59.000","","0","80 02:26.674","3","0","0","0","2407","0","0","0","N","0","0","0","2","02407","0","","1.0","","9","N","N","","0","","1","0","0","3","3","","","2","1","0","0","0","0","0","2","0","2","","","","N","","","","","","","","","",""
"2007120974","","1","0","0","0","0","0","0","0","0","7","0","","02","12","2007","5","40.349131","-80.049933","2315","11","0","0","0","0","0","0","0","0","","0","0","0","","","1","","2","","40 20:56.871","","0","80 02:59.758","8","0","0","0","2407","0","0","0","N","0","0","0","1","02407","0","","4.0","","9","N","N","","0","","0","0","0","3","2","","","1","1","0","0","0","1","0","2","0","1","","","","N","","","","","","","","","",""
"2007120975","","1","0","0","0","0","0","0","0","0","4","0","","02","12","2007","7","40.3078","-80.033863","1525","11","0","1","0","0","0","0","0","0","1","0","0","0","","","0","","2","","40 18:28.080","6","0","80 02:01.906","0","0","0","0","2407","0","0","0","N","0","0","0","4","02407","0","","1.0","","1","N","N","","0","","0","0","0","3","3","N","","2","0","0","0","0","0","0","2","1","2","","","","N","","","","","","","","","",""
"2007120976","","0","0","0","0","0","0","0","0","0","0","0","","02","11","2007","3","","","1518","11","0","0","0","0","0","1","0","0","3","0","0","0","","","2","","0","","","6","0","","3","0","0","1","2407","0","0","0","N","0","0","0","2","02407","0","","2.0","","1","N","N","","0","","2","0","0","0","0","N","","1","2","0","0","0","0","0","1","0","1","","","","N","","","","","","","","","",""
"2007120977","","1","0","0","0","0","0","0","0","0","7","0","","02","12","2007","6","40.338889","-80.019445","0845","11","0","0","0","1","0","0","0","0","","0","0","0","","","0","","0","","40 20:20.000","","0","80 01:10.001","0","0","0","0","2407","0","0","0","N","0","0","0","2","02407","0","","4.0","","7","N","N","","0","","0","0","0","0","0","","","1","0","0","0","0","0","0","2","0","1","","","","N","","","","","","","","","",""
"2007120978","","2","0","0","0","0","0","0","0","0","4","0","","02","12","2007","3","40.4275","-80.053078","1310","11","0","0","0","0","0","0","1","0","","0","0","0","","","0","","0","","40 25:39.000","","0","80 03:11.082","0","0","0","0","2435","0","0","0","N","0","0","0","1","02435","0","","1.0","","9","N","N","","0","","0","0","0","0","0","","","2","0","0","0","0","0","0","2","0","2","","","","N","","","","","","","","","",""
"2007120979","","0","0","0","0","0","0","0","0","0","1","0","","02","12","2007","4","40.293006","-80.030794","1440","11","0","0","0","0","0","1","0","1","","0","0","0","","","1","","2","","40 17:34.822","","0","80 01:50.860","4","0","0","0","2407","0","0","0","N","0","0","0","3","02407","1","","1.0","","9","N","N","","0","","0","0","2","3","2","","","2","1","0","0","0","0","0","2","0","2","","","","N","","","","","","","","","",""
"2007120980","","1","0","0","0","0","0","0","0","0","7","0","","02","12","2007","6","40.601849","-80.072003","0056","11","0","0","0","0","0","0","0","0","","0","0","0","","","0","","0","","40 36:06.657","","0","80 04:19.211","0","0","0","0","2481","0","0","0","N","0","0","0","1","02481","0","","5.0","","1","N","N","","0","","0","0","0","0","0","","","1","0","0","0","0","0","0","2","0","1","","","","N","","","","","","","","","",""
"2007120981","","0","0","0","0","0","0","0","0","0","7","0","","02","12","2007","2","40.613","-80.1015","1801","11","0","0","0","0","0","0","0","0","","0","0","0","","","1","","0","","40 36:46.800","","7","80 06:05.400","8","0","0","0","2481","0","0","0","N","0","0","0","6","02481","0","","2.0","","7","N","N","","1","","0","0","1","0","0","","","2","1","0","0","0","1","0","2","0","2","","","","N","","","","","","","","","",""
"2007120982","","2","0","0","0","0","0","0","0","0","1","0","","02","12","2007","6","40.591134","-80.104279","0811","11","0","0","0","0","0","0","0","0","","0","0","0","","","0","","0","","40 35:28.082","","0","80 06:15.404","0","0","0","0","2481","0","0","0","N","0","0","0","1","02481","0","","4.0","","7","N","N","","0","","0","0","0","0","0","","","2","0","0","0","0","0","0","2","0","2","","","","N","","","","","","","","","",""
"2007120992","","1","0","0","0","0","0","0","0","0","7","0","","02","12","2007","4","40.369157","-79.845313","0921","11","0","0","0","0","1","0","0","0","","0","0","0","","","0","","2","","40 22:08.965","","0","79 50:43.126","0","0","0","0","2303","0","0","0","N","0","0","0","1","02303","0","","5.0","","7","N","N","","0","","0","0","0","3","3","","","1","0","0","0","0","0","0","2","0","1","","","","N","","","","","","","","","",""
"2007121047","","1","0","0","0","0","0","0","0","0","4","0","","02","12","2007","4","40.537222","-80.186064","1010","11","0","0","0","0","0","0","0","0","","0","0","0","","","1","","0","","40 32:14.000","","0","80 11:09.830","4","0","0","0","2452","0","0","0","Y","0","0","0","2","02458","1","","1.0","","9","N","N","","0","","0","0","0","0","0","","","2","1","0","0","0","0","0","2","1","2","","","","N","","","","","","","","","",""