"CRN","ARRIVAL_TM","AUTOMOBILE_COUNT","BELTED_DEATH_COUNT","BELTED_SUSP_SERIOUS_INJ_COUNT","BICYCLE_COUNT","BICYCLE_DEATH_COUNT","BICYCLE_SUSP_SERIOUS_INJ_COUNT","BUS_COUNT","CHLDPAS_DEATH_COUNT","CHLDPAS_SUSP_SERIOUS_INJ_COUNT","COLLISION_TYPE","COMM_VEH_COUNT","CONS_ZONE_SPD_LIM","COUNTY","CRASH_MONTH","CRASH_YEAR","DAY_OF_WEEK","DEC_LATITUDE","DEC_LONGITUDE","DISPATCH_TM","DISTRICT","DRIVER_COUNT_16YR","DRIVER_COUNT_17YR","DRIVER_COUNT_18YR","DRIVER_COUNT_19YR","DRIVER_COUNT_20YR","DRIVER_COUNT_50_64YR","DRIVER_COUNT_65_74YR","DRIVER_COUNT_75PLUS","EST_HRS_CLOSED","FATAL_COUNT","HEAVY_TRUCK_COUNT","HORSE_BUGGY_COUNT","HOUR_OF_DAY","ILLUMINATION","INJURY_COUNT","INTERSECTION_RELATED","INTERSECT_TYPE","LANE_CLOSED","LATITUDE","LN_CLOSE_DIR","LOCATION_TYPE","LONGITUDE","MAX_SEVERITY_LEVEL","MCYCLE_DEATH_COUNT","MCYCLE_SUSP_SERIOUS_INJ_COUNT","MOTORCYCLE_COUNT","MUNICIPALITY","NONMOTR_COUNT","NONMOTR_DEATH_COUNT","NONMOTR_SUSP_SERIOUS_INJ_COUNT","NTFY_HIWY_MAINT","PED_COUNT","PED_DEATH_COUNT","PED_SUSP_SERIOUS_INJ_COUNT","PERSON_COUNT","POLICE_AGCY","POSSIBLE_INJ_COUNT","RDWY_SURF_TYPE_CD","RELATION_TO_ROAD","ROADWAY_CLEARED","ROAD_CONDITION","SCH_BUS_IND","SCH_ZONE_IND","SECONDARY_CRASH","SMALL_TRUCK_COUNT","SPEC_JURIS_CD","SUSP_MINOR_INJ_COUNT","SUSP_SERIOUS_INJ_COUNT","SUV_COUNT","TCD_FUNC_CD","TCD_TYPE","TFC_DETOUR_IND","TIME_OF_DAY","TOTAL_UNITS","TOT_INJ_COUNT","UNBELTED_OCC_COUNT","UNB_DEATH_COUNT","UNB_SUSP_SERIOUS_INJ_COUNT","UNK_INJ_DEG_COUNT","UNK_INJ_PER_COUNT","URBAN_RURAL","VAN_COUNT","VEHICLE_COUNT","WEATHER1","WEATHER2","WORKERS_PRES","WORK_ZONE_IND","WORK_ZONE_LOC","WORK_ZONE_TYPE","WZ_CLOSE_DETOUR","WZ_FLAGGER","WZ_LAW_OFFCR_IND","WZ_LN_CLOSURE","WZ_MOVING","WZ_OTHER","WZ_SHLDER_MDN","WZ_WORKERS_INJ_KILLED"
"2007121947","","0","0","0","0","0","0","0","0","0","7","0","","02","11","2007","4","40.423611","-79.961989","1829","11","0","0","0","0","0","0","0","0","1","0","0","0","","","1","","0","","40 25:25.000","4","0","79 57:43.162","8","0","0","0","2301","0","0","0","N","0","0","0","1","02301","0","","4.0","","9","N","N","","0","","0","0","1","0","0","N","","1","1","0","0","0","1","0","2","0","1","","","","N","","","","","","","","","",""
"2007121948","","1","0","0","0","0","0","0","0","0","1","0","","02","11","2007","4","40.403611","-80.040414","2119","11","0","0","0","0","0","1","0","0","","0","0","0","","","0","","1","","40 24:13.000","","0","80 02:25.491","0","0","0","0","2301","0","0","0","N","0","0","0","4","02301","0","","1.0","","9","N","N","","0","","0","0","1","3","2","","","2","0","0","0","0","0","0","2","0","2","","","","N","","","","","","","","","",""
"2007121949","","1","0","0","0","0","0","0","0","0","7","0","","02","11","2007","7","40.416577","-80.013118","0321","11","0","0","0","0","0","0","0","0","","0","0","0","","","0","","0","","40 24:59.677","","0","80 00:47.224","0","0","0","0","2301","0","0","0","N","0","0","0","1","02301","0","","4.0","","9","N","N","","0","","0","0","0","0","0","","","1","0","0","0","0","0","0","2","0","1","","","","N","","","","","","","","","",""
"2007121968","","2","0","0","0","0","0","0","0","0","1","0","","02","11","2007","4","40.430823","-79.923341","2117","11","0","0","0","0","0","0","0","0","1","0","0","0","","","0","","0","","40 25:50.962","1","0","79 55:24.027","0","0","0","0","2301","0","0","0","N","0","0","0","2","02301","0","","6.0","","9","N","N","","0","","0","0","0","0","0","N","","2","0","0","0","0","0","0","2","0","2","","","","N","","","","","","","","","",""
"2007121969","","0","0","0","0","0","0","0","0","0","7","0","","02","11","2007","6","40.4359","-79.9597","0757","11","0","0","0","0","0","0","0","0","","0","0","0","","","0","","0","","40 26:09.240","","0","79 57:34.920","0","0","0","0","2301","0","0","0","N","0","0","0","1","02301","0","","3.0","","2","N","N","","0","","0","0","1","0","0","","","1","0","0","0","0","0","0","2","0","1","","","","N","","","","","","","","","",""
"2007121970","","1","0","0","0","0","0","0","0","0","4","0","","02","11","2007","7","40.45194","-79.923965","1222","11","0","0","2","0","0","0","0","0","","0","0","0","","","0","","1","","40 27:06.984","","0","79 55:26.274","0","0","0","0","2301","0","0","0","N","0","0","0","2","02301","0","","1.0","","1","N","N","","0","","0","0","1","3","2","","","2","0","0","0","0","0","0","2","0","2","","","","N","","","","","","","","","",""
"2007121971","","1","0","0","0","0","0","0","0","0","2","0","","02","11","2007","7","40.450915","-79.954954","1821","11","0","0","0","0","0","0","0","0","","0","0","0","","","2","","1","","40 27:03.294","","0","79 57:17.834","3","0","0","0","2301","0","0","0","","0","0","0","2","02301","0","","1.0","","1","N","N","","1","","2","0","0","3","2","","","2","2","0","0","0","0","0","2","0","2","","","","N","","","","","","","","","",""
"2007121972","","1","0","0","1","0","0","0","0","0","8","0","","02","11","2007","1","40.435556","-79.966115","1808","11","0","0","0","0","0","0","0","0","","0","0","0","","","1","","3","","40 26:08.000","","0","79 57:58.013","4","0","0","0","2301","1","0","0","N","0","0","0","2","02301","1","","1.0","","9","N","N","","0","","0","0","0","0","0","","","2","1","0","0","0","0","0","2","0","1","","","","N","","","","","","","","","",""
"2007121973","","2","0","0","0","0","0","0","0","0","1","0","","02","11","2007","5","40.484334","-80.035812","2136","11","0","0","0","0","0","1","0","0","","0","0","0","","","1","","1","","40 29:03.602","","0","80 02:08.923","8","0","0","0","2301","0","0","0","N","0","0","0","3","02301","0","","1.0","","2","N","N","","0","","0","0","0","3","2","","","2","1","0","0","0","1","0","2","0","2","","","","N","","","","","","","","","",""
"2007121975","","1","0","0","0","0","0","0","0","0","99","0","","02","11","2007","7","40.45421","-79.953506","0156","11","0","0","0","0","0","0","0","0","2","0","0","0","","","0","","0","","40 27:15.155","2","0","79 57:12.621","0","0","0","0","2301","0","0","0","N","0","0","0","1","02301","0","","9.0","","1","N","N","","0","","0","0","0","0","0","N","","1","0","0","0","0","0","0","2","0","1","","","","N","","","","","","","","","",""
"2007121976","","1","0","0","0","0","0","0","0","0","7","0","","02","11","2007","2","40.458333","-79.957119","0224","11","0","0","0","0","0","0","0","0","1","0","0","0","","","0","","1","","40 27:30.000","4","0","79 57:25.630","0","0","0","0","2301","0","0","0","N","0","0","0","1","02301","0","","3.0","","9","N","N","","0","","0","0","0","3","2","N","","1","0","0","0","0","0","0","2","0","1","","","","N","","","","","","","","","",""
"2007121977","","4","0","0","0","0","0","0","0","0","1","0","","02","11","2007","7","40.451113","-79.983988","0135","11","0","0","0","0","0","0","0","0","","0","0","0","","","1","","1","","40 27:04.006","","0","79 59:02.356","4","0","0","0","2301","0","0","0","N","0","0","0","6","02301","1","","1.0","","1","N","N","","0","","0","0","0","0","0","","","4","1","1","0","0","0","0","2","0","4","","","","N","","","","","","","","","",""
"2007121980","","1","0","0","0","0","0","0","0","0","99","0","","02","11","2007","4","","","2123","11","0","0","0","0","0","0","1","0","1","0","0","0","","","0","","0","","","3","0","","0","0","0","0","2302","0","0","0","N","0","0","0","1","02301","0","","1.0","","9","N","N","","0","","0","0","0","0","0","N","","1","0","1","0","0","0","0","1","0","1","","","","N","","","","","","","","","",""
"2007121981","","1","0","0","0","0","0","0","0","0","4","0","","02","11","2007","7","40.487222","-79.918233","1739","11","0","0","0","0","0","0","0","0","","0","0","0","","","0","","2","","40 29:14.000","","0","79 55:05.637","0","0","0","0","2301","0","0","0","N","0","0","0","3","02301","0","","1.0","","1","N","N","","0","","0","0","1","3","2","","","2","0","0","0","0","0","0","2","0","2","","","","N","","","","","","","","","",""
"2007121982","","2","0","0","0","0","0","0","0","0","4","0","","02","11","2007","4","40.461142","-79.870253","1108","11","0","0","0","0","0","1","0","1","","0","0","0","","","0","","1","","40 27:40.110","","0","79 52:12.912","0","0","0","0","2301","0","0","0","N","0","0","0","2","02301","0","","1.0","","1","N","N","","1","","0","0","0","3","2","","","3","0","0","0","0","0","0","2","0","3","","","","N","","","","","","","","","",""
"2007121983","","1","0","0","0","0","0","0","0","0","4","0","","02","11","2007","1","40.459214","-79.927463","0002","11","0","0","0","0","0","0","0","0","2","0","0","0","","","0","","1","","40 27:33.170","6","0","79 55:38.866","0","0","0","0","2301","0","0","0","N","0","0","0","4","02301","0","","1.0","","9","N","N","","0","","0","0","1","3","3","N","","2","0","0","0","0","0","0","2","0","2","","","","N","","","","","","","","","",""
"2007121984","","2","0","0","0","0","0","0","0","0","6","0","","02","11","2007","6","40.442442","-80.00323","1933","11","0","0","0","0","0","1","1","0","1","0","0","0","","","0","","1","","40 26:32.791","7","0","80 00:11.628","0","0","0","0","2301","0","0","0","N","0","0","0","2","02301","0","","1.0","","9","N","N","","0","","0","0","0","3","2","Y","","2","0","0","0","0","0","0","2","0","2","","","","N","","","","","","","","","",""
"2007121985","","1","0","0","0","0","0","0","0","0","1","0","","02","11","2007","7","40.487222","-79.895469","1620","11","0","0","2","0","0","0","0","0","9","0","0","0","","","2","","2","","40 29:14.000","1","0","79 53:43.687","4","0","0","0","2301","0","0","0","N","0","0","0","4","02301","1","","1.0","","1","N","N","","0","","0","0","2","3","2","N","","3","2","0","0","0","1","0","2","0","3","","","","N","","","","","","","","","",""
"2007121986","","2","0","0","0","0","0","0","0","0","1","0","","02","11","2007","7","40.451039","-79.982601","0830","11","0","0","0","0","0","1","0","0","1","0","0","0","","","0","","0","","40 27:03.739","6","0","79 58:57.362","0","0","0","0","2301","0","0","0","N","0","0","0","3","02301","0","","1.0","","1","N","N","","0","","0","0","0","0","0","N","","2","0","0","0","0","0","0","2","0","2","","","","N","","","","","","","","","",""
"2007121987","","2","0","0","0","0","0","0","0","0","4","0","","02","11","2007","5","","","0900","11","0","0","0","0","0","1","0","0","","0","0","0","","","0","","0","","","","7","","0","0","0","0","2301","0","0","0","N","0","0","0","2","02301","0","","1.0","","1","N","N","","0","","0","0","0","3","2","","","2","0","0","0","0","0","0","2","0","2","","","","N","","","","","","","","","",""
"2007121988","","2","0","0","0","0","0","0","0","0","1","0","","02","11","2007","6","40.442398","-79.994844","0725","11","0","0","0","0","0","2","1","0","","0","0","0","","","0","","0","","40 26:32.634","","0","79 59:41.438","0","0","0","0","2301","0","0","0","N","0","0","0","3","02301","0","","1.0","","9","N","N","","0","","0","0","1","0","0","","","3","0","0","0","0","0","0","2","0","3","","","","N","","","","","","","","","",""
"2007121989","","1","0","0","0","0","0","0","0","0","8","0","","02","11","2007","2","40.475833","-79.957633","1612","11","0","0","0","0","0","0","0","0","","0","0","0","","","1","","1","","40 28:33.000","","0","79 57:27.479","8","0","0","0","2301","1","0","0","N","1","0","0","4","02301","0","","1.0","","1","N","N","","0","","0","0","0","3","2","","","2","1","0","0","0","1","0","2","0","1","","","","N","","","","","","","","","",""
"2007121990","","1","0","0","0","0","0","0","0","0","8","0","","02","11","2007","2","40.440743","-79.995968","1943","11","0","0","0","0","0","1","0","0","","0","0","0","","","1","","1","","40 26:26.674","","0","79 59:45.484","4","0","0","0","2301","1","0","0","N","1","0","0","2","02301","1","","1.0","","9","N","N","","0","","0","0","0","3","2","","","2","1","1","0","0","0","0","2","0","1","","","","N","","","","","","","","","",""
"2007121991","","0","0","0","0","0","0","0","0","0","5","0","","02","11","2007","2","40.437778","-79.994155","1945","11","0","0","0","1","0","0","0","0","3","0","0","0","","","0","","1","","40 26:16.000","1","0","79 59:38.959","0","0","0","0","2301","0","0","0","N","0","0","0","9","02301","0","","1.0","","9","N","N","","0","","0","0","1","0","0","N","","2","0","0","0","0","0","0","2","1","2","","","","N","","","","","","","","","",""
"2007121992","","1","0","0","0","0","0","0","0","0","7","0","","02","11","2007","7","40.453921","-79.955731","1852","11","0","0","0","0","0","0","0","0","","0","0","0","","","1","","10","","40 27:14.115","","0","79 57:20.631","8","0","0","0","2301","0","0","0","N","0","0","0","1","02301","0","","5.0","","9","N","N","","0","","0","0","0","0","0","","","1","1","0","0","0","1","0","2","0","1","","","","N","","","","","","","","","",""
"2007121994","","1","0","0","0","0","0","0","0","0","4","0","","02","11","2007","6","40.421801","-79.995758","0826","11","0","0","0","0","0","0","0","0","","0","0","0","","","1","","0","","40 25:18.485","","0","79 59:44.730","3","0","0","0","2301","0","0","0","N","0","0","0","4","02301","0","","1.0","","9","N","N","","0","","1","0","0","0","0","","","2","1","0","0","0","0","0","2","1","2","","","","N","","","","","","","","","",""
"2007121995","","2","0","0","0","0","0","0","0","0","4","0","","02","11","2007","6","40.413611","-80.030278","1300","11","0","0","0","0","0","0","0","0","","0","0","0","","","1","","2","","40 24:49.000","","0","80 01:48.999","4","0","0","0","2301","0","0","0","N","0","0","0","3","02301","1","","1.0","","1","N","N","","0","","0","0","0","0","0","","","2","1","0","0","0","0","0","2","0","2","","","","N","","","","","","","","","",""
"2007121996","","0","0","0","0","0","0","0","0","0","7","0","","02","11","2007","7","40.450603","-79.983184","0607","11","0","0","0","0","0","0","0","0","","0","0","0","","","1","","0","","40 27:02.170","","0","79 58:59.462","4","0","0","0","2301","0","0","0","N","0","0","0","1","02301","1","","2.0","","1","N","N","","0","","0","0","1","0","0","","","1","1","0","0","0","0","0","2","0","1","","","","N","","","","","","","","","",""
"2007121997","","2","0","0","0","0","0","0","0","0","4","0","","02","11","2007","7","40.428056","-79.973011","1628","11","0","0","0","0","0","0","0","0","","0","0","0","","","1","","1","","40 25:41.000","","0","79 58:22.841","3","0","0","0","2301","0","0","0","N","0","0","0","4","02301","0","","1.0","","1","N","N","","0","","1","0","0","3","3","","","2","1","1","0","0","0","0","2","0","2","","","","N","","","","","","","","","",""
"2007121998","","2","0","0","0","0","0","0","0","0","5","0","","02","11","2007","1","40.430511","-79.979932","0343","11","0","0","0","0","0","0","0","0","2","0","0","0","","","0","","0","","40 25:49.839","2","0","79 58:47.755","9","0","0","0","2301","0","0","0","N","0","0","0","1","02301","0","","1.0","","1","N","N","","0","","0","0","1","0","0","N","","3","0","0","0","0","0","1","2","0","3","","","","N","","","","","","","","","",""
"2007121999","","2","0","0","0","0","0","0","0","0","1","0","","02","11","2007","1","","","2149","11","0","0","0","0","0","0","0","0","","0","0","0","","","0","","6","","40 25:27.84","","2","80 01:50.88","0","0","0","0","2301","0","0","0","N","0","0","0","4","02301","0","","1.0","","9","N","N","","0","","0","0","0","3","4","","","2","0","0","0","0","0","0","2","0","2","","","","N","","","","","","","","","",""
"2007122000","","2","0","0","0","0","0","0","0","0","4","0","","02","11","2007","1","40.441045","-79.996808","1410","11","0","0","0","0","0","0","0","0","","0","0","0","","","0","","1","","40 26:27.762","","0","79 59:48.508","0","0","0","0","2301","0","0","0","N","0","0","0","2","02301","0","","1.0","","1","N","N","","0","","0","0","0","3","2","","","2","0","0","0","0","0","0","2","0","2","","","","N","","","","","","","","","",""
"2007122001","","2","0","0","0","0","0","0","0","0","4","0","","02","11","2007","7","40.454444","-79.888473","1232","11","0","0","0","0","0","0","1","0","6","0","0","0","","","1","","1","","40 27:16.000","3","0","79 53:18.502","8","0","0","0","2301","0","0","0","N","0","0","0","3","02301","0","","1.0","","1","N","N","","0","","0","0","0","3","2","N","","2","1","0","0","0","1","0","2","0","2","","","","N","","","","","","","","","",""
"2007122002","","1","0","0","0","0","0","0","0","0","4","0","","02","11","2007","3","40.455556","-79.965864","2309","11","0","0","1","0","0","0","0","0","1","0","0","0","","","1","","5","","40 27:20.000","4","0","79 57:57.109","8","0","0","0","2301","0","0","0","N","0","0","0","5","02301","0","","1.0","","1","N","N","","0","","0","0","1","3","2","N","","2","1","1","0","0","1","0","2","0","2","","","","N","","","","","","","","","",""
"2007122003","","0","0","0","0","0","0","0","0","0","4","0","","02","11","2007","4","","","2219","11","0","0","0","0","0","0","1","0","","0","0","0","","","0","","0","","","","0","","0","0","0","0","2301","0","0","0","N","0","0","0","4","02301","0","","1.0","","9","N","N","","0","","0","0","2","0","0","","","2","0","1","0","0","0","0","1","0","2","","","","N","","","","","","","","","",""
"2007122004","","1","0","1","0","0","0","0","0","0","7","0","","02","11","2007","5","40.448809","-79.987534","1758","11","0","0","0","0","0","0","0","0","","0","0","0","","","1","","1","","40 26:55.712","","0","79 59:15.122","2","0","0","0","2301","0","0","0","","0","0","0","1","02301","0","","5.0","","9","N","N","","0","","0","1","0","3","2","","","1","1","0","0","0","0","0","2","0","1","","","","N","","","","","","","","","",""
"2007122005","","2","0","0","0","0","0","0","0","0","4","0","","02","11","2007","6","40.437337","-80.002805","2043","11","0","0","0","0","0","0","0","0","1","0","0","0","","","0","","2","","40 26:14.413","3","0","80 00:10.097","0","0","0","0","2301","0","0","0","N","0","0","0","3","02301","0","","1.0","","1","N","N","","0","","0","0","0","3","2","N","","2","0","0","0","0","0","0","2","0","2","","","","N","","","","","","","","","",""
"2007122006","","2","0","0","0","0","0","0","0","0","1","0","","02","11","2007","7","40.4363","-79.9945","0139","11","0","0","0","0","0","0","0","0","","0","0","0","","","2","","6","","40 26:10.680","","2","79 59:40.200","4","0","0","0","2301","0","0","0","N","0","0","0","2","02301","2","","1.0","","1","N","N","","0","","0","0","0","3","2","","","2","2","0","0","0","0","0","2","0","2","","","","N","","","","","","","","","",""
"2007122033","","0","0","0","0","0","0","0","0","0","6","0","","02","12","2007","6","40.2876","-79.8769","0219","11","0","0","0","0","0","1","0","0","2","0","0","0","","","3","","0","","40 17:15.360","1","0","79 52:36.840","3","0","0","0","2302","0","0","0","N","0","0","0","4","02302","2","","1.0","","1","N","N","","0","","1","0","2","3","8","N","","2","3","1","0","0","0","0","2","0","2","","","","N","","","","","","","","","",""
"2007122034","","2","0","0","0","0","0","0","0","0","1","0","","02","11","2007","6","40.58","-80.079084","1740","11","1","1","0","0","0","0","0","0","2","0","0","0","","","0","","0","","40 34:48.000","2","0","80 04:44.703","0","0","0","0","2481","0","0","0","N","0","0","0","2","02481","0","","1.0","","1","N","N","","0","","0","0","0","0","0","N","","2","0","0","0","0","0","0","2","0","2","","","","N","","","","","","","","","",""
"2007122042","","0","0","0","0","0","0","0","0","0","7","0","","02","12","2007","7","40.307678","-79.889799","0617","11","0","0","0","0","0","0","0","0","1","0","0","0","","","1","","0","","40 18:27.640","3","0","79 53:23.277","3","0","0","0","2302","0","0","0","N","0","0","0","1","02302","0","","2.0","","9","N","N","","0","","1","0","1","3","8","N","","1","1","1","0","0","0","0","2","0","1","","","","N","","","","","","","","","",""
"2007122096","","0","0","0","0","0","0","0","0","0","7","0","","02","12","2007","2","40.23862","-79.88324","1506","11","0","0","0","0","0","0","0","1","2","0","0","0","","","1","","0","","40 14:19.032","5","0","79 52:59.664","4","0","0","0","2204","0","0","0","N","0","0","0","1","02204","1","","2.0","","9","N","N","","1","","0","0","0","0","0","Y","","1","1","0","0","0","0","0","1","0","1","","","","N","","","","","","","","","",""
"2007122121","","1","0","0","0","0","0","0","0","0","7","0","","02","12","2007","6","40.352831","-79.798865","1234","11","0","0","0","0","0","1","0","0","2","0","0","0","","","1","","0","","40 21:10.193","6","0","79 47:55.915","8","0","0","0","2477","0","0","0","N","0","0","0","1","02477","0","","2.0","","1","N","N","","0","","0","0","0","0","0","Y","","1","1","0","0","0","1","0","2","0","1","","","","N","","","","","","","","","",""
"2007122128","","0","0","0","0","0","0","0","0","0","7","0","","02","12","2007","6","","","0925","11","0","1","0","0","0","0","0","0","2","0","0","0","","","0","","2","","","2","0","","0","0","0","0","2102","0","0","0","N","0","0","0","1","02102","0","","5.0","","1","N","Y","","0","","0","0","1","0","0","Y","","1","0","0","0","0","0","0","1","0","1","","","","N","","","","","","","","","",""
"2007122135","","1","0","0","0","0","0","0","0","0","5","0","","02","12","2007","6","40.451389","-79.715132","1506","11","0","0","1","0","0","0","0","0","2","0","0","0","","","1","","0","","40 27:05.000","5","0","79 42:54.474","4","0","0","0","2466","0","0","0","N","0","0","0","2","02466","1","","1.0","","1","N","N","","0","","0","0","1","0","0","Y","","2","1","0","0","0","0","0","2","0","2","","","","N","","","","","","","","","",""
"2007122146","","1","0","0","0","0","0","0","0","0","4","0","","02","12","2007","6","","","1805","11","0","0","0","0","0","0","0","0","","0","0","0","","","2","","10","","","","7","","4","0","0","0","2126","0","0","0","N","0","0","0","2","02126","1","","1.0","","1","N","N","","0","","0","0","1","0","0","","","2","2","0","0","0","1","0","1","0","2","","","","N","","","","","","","","","",""
"2007122147","","2","0","0","0","0","0","0","0","0","2","0","","02","12","2007","6","40.357222","-79.79735","1718","11","0","0","0","0","0","1","0","0","2","0","0","0","","","2","","0","","40 21:26.000","6","0","79 47:50.460","8","0","0","0","2477","0","0","0","N","0","0","0","2","02477","0","","1.0","","9","N","N","","0","","0","0","0","0","0","Y","","2","2","1","0","0","2","0","2","0","2","","","","N","","","","","","","","","",""
"2007122152","","1","0","0","0","0","0","0","0","0","7","0","","02","11","2007","2","40.438038","-79.906723","1322","11","0","0","0","0","0","0","0","0","9","0","0","0","","","1","","0","","40 26:16.938","4","0","79 54:24.202","8","0","0","0","2301","0","0","0","N","0","0","0","1","02301","0","","5.0","","1","N","N","","0","","0","0","0","0","0","N","","1","1","0","0","0","1","0","2","0","1","","","","N","","","","","","","","","",""
"2007122219","","3","0","0","0","0","0","0","0","0","1","0","","02","10","2007","5","40.4445","-79.8429","0900","11","0","0","0","0","0","2","2","0","","0","0","0","","","1","","0","","40 26:40.200","","2","79 50:34.440","8","0","0","0","2419","0","0","0","N","0","0","0","4","68B03","0","","1.0","","1","N","N","","0","","0","0","1","0","0","","","4","1","0","0","0","1","0","2","0","4","","","","N","","","","","","","","","",""
"2007122269","","0","0","0","0","0","0","0","0","0","1","0","","02","11","2007","4","40.3919","-79.9348","1821","11","0","0","0","0","0","0","0","0","1","0","0","0","","","0","","6","","40 23:30.840","3","2","79 56:05.280","0","0","0","0","2301","0","0","0","N","0","0","0","2","02301","0","","1.0","","1","N","N","","2","","0","0","0","3","4","N","","2","0","0","0","0","0","0","2","0","2","","","","N","","","","","","","","","",""
"2007122270","","1","0","0","0","0","0","0","0","0","1","0","","02","11","2007","2","40.453611","-79.978802","1853","11","0","0","0","0","0","0","0","0","1","0","0","0","","","0","","0","","40 27:12.999","2","0","79 58:43.687","0","0","0","0","2301","0","0","0","N","0","0","0","2","02301","0","","1.0","","9","N","N","","0","","0","0","1","0","0","N","","2","0","0","0","0","0","0","2","0","2","","","","N","","","","","","","","","",""
"2007122271","","1","0","0","0","0","0","0","0","0","4","0","","02","11","2007","2","40.438078","-79.994416","0903","11","0","0","0","0","0","1","0","0","","0","0","0","","","0","","1","","40 26:17.079","","0","79 59:39.896","0","0","0","0","2301","0","0","0","N","0","0","0","2","02301","0","","1.0","","9","N","N","","0","","0","0","1","3","2","","","2","0","0","0","0","0","0","2","0","2","","","","N","","","","","","","","","",""
"2007122272","","1","0","0","0","0","0","0","0","0","7","0","","02","11","2007","6","40.450573","-79.965213","2315","11","0","0","0","0","0","0","0","0","1","0","0","0","","","0","","2","","40 27:02.062","1","0","79 57:54.766","9","0","0","0","2301","0","0","0","N","0","0","0","1","02301","0","","4.0","","1","N","N","","0","","0","0","0","0","0","N","","1","0","0","0","0","0","1","2","0","1","","","","N","","","","","","","","","",""
"2007122275","","0","0","0","0","0","0","0","0","0","5","0","","02","11","2007","5","40.4534","-80.0013","0045","11","0","0","0","0","0","0","0","0","","0","0","0","","","0","","0","","40 27:12.240","","0","80 00:04.680","0","0","0","0","2301","0","0","0","N","0","0","0","4","02301","0","","1.0","","9","N","N","","1","","0","0","0","0","0","","","2","0","0","0","0","0","0","2","1","2","","","","N","","","","","","","","","",""
"2007122316","","1","0","0","0","0","0","0","0","0","6","0","","02","11","2007","1","40.366389","-80.048862","1213","11","0","0","0","0","0","0","0","1","2","0","0","0","","","1","","1","","40 21:59.000","2","0","80 02:55.904","4","0","0","0","2109","0","0","0","N","0","0","0","2","02109","1","","1.0","","1","N","N","","0","","0","0","1","3","2","N","","2","1","0","0","0","0","0","2","0","2","","","","N","","","","","","","","","",""
"2007122318","","1","0","0","0","0","0","0","0","0","7","0","","02","10","2007","4","40.273333","-79.958236","1017","11","0","0","0","0","0","0","0","0","","0","0","0","","","0","","0","","40 16:24.000","","0","79 57:29.648","0","0","0","0","2440","0","0","0","N","0","0","0","1","68T09","0","","3.0","","1","N","N","","0","","0","0","0","0","0","","","1","0","0","0","0","0","0","1","0","1","","","","N","","","","","","","","","",""
"2007122321","","1","0","0","0","0","0","0","0","0","7","0","","02","10","2007","1","40.5926","-79.8914","0111","11","0","0","0","0","1","0","0","0","","0","0","0","","","0","","0","","40 35:33.360","","0","79 53:29.040","0","0","0","0","2209","0","0","0","N","0","0","0","1","68T02","0","","3.0","","1","N","N","","0","","0","0","0","0","0","","","1","0","0","0","0","0","0","1","0","1","","","","N","","","","","","","","","",""
"2007122418","","1","0","0","0","0","0","0","0","0","7","0","","02","10","2007","6","40.4355","-79.7488","2228","11","0","0","0","0","0","0","0","0","","0","0","0","","","0","","0","","40 26:07.800","","0","79 44:55.680","0","0","0","0","2446","0","0","0","N","0","0","0","1","68T09","0","","4.0","","1","N","N","","0","","0","0","0","3","8","","","1","0","0","0","0","0","0","2","0","1","","","","N","","","","","","","","","",""
"2007122447","","1","0","0","0","0","0","0","0","0","1","0","","02","10","2007","6","40.651111","-80.093982","1702","11","0","0","0","0","1","0","0","0","","0","0","0","","","0","","0","","40 39:04.000","","0","80 05:38.336","0","0","0","0","2212","0","0","0","N","0","0","0","8","68B03","0","","1.0","","1","N","N","","0","","0","0","3","0","0","","","5","0","0","0","0","0","0","2","1","5","","","","N","","","","","","","","","",""
"2007122448","","0","0","0","0","0","0","0","0","0","7","0","","02","8","2007","5","","","0115","11","0","0","0","0","0","0","0","0","","0","0","0","","","1","","0","","40 27:32.04","","3","79 59:56.04","4","0","0","1","2301","0","0","0","N","0","0","0","1","68B03","1","","4.0","","1","N","N","","0","","0","0","0","0","0","","","1","1","0","0","0","0","0","2","0","1","","","","N","","","","","","","","","",""
"2007122449","","1","0","0","0","0","0","0","0","0","1","0","","02","10","2007","3","","","2129","11","0","0","0","0","0","0","0","0","","0","0","0","","","0","","6","","40 26:53.52","","8","80 00:29.16","0","0","0","0","2301","0","0","0","N","0","0","0","2","68B03","0","","1.0","","9","N","N","","1","","0","0","0","3","4","","","2","0","1","0","0","0","0","2","0","2","","","","N","","","","","","","","","",""
"2007122450","","2","0","0","0","0","0","0","0","0","5","0","","02","10","2007","4","","","1752","11","0","0","0","0","1","0","0","0","","0","0","0","","","0","","0","","40 31:11.64","","0","80 03:42.84","0","0","0","0","2215","0","0","0","Y","0","0","0","4","68B03","0","","1.0","","1","N","N","","0","","0","0","0","0","0","","","2","0","0","0","0","0","0","2","0","2","","","","N","","","","","","","","","",""
"2007122487","","1","0","0","0","0","0","0","0","0","99","0","","02","10","2007","6","","","0402","11","0","0","0","0","0","0","0","0","","0","0","0","","","0","","0","","40 31:31.80","","0","80 04:14.16","0","0","0","0","2215","0","0","0","N","0","0","0","1","68B03","0","","1.0","","1","N","N","","0","","0","0","0","0","0","","","1","0","0","0","0","0","0","2","0","1","","","","N","","","","","","","","","",""