"CRN","ARRIVAL_TM","AUTOMOBILE_COUNT","BELTED_DEATH_COUNT","BELTED_SUSP_SERIOUS_INJ_COUNT","BICYCLE_COUNT","BICYCLE_DEATH_COUNT","BICYCLE_SUSP_SERIOUS_INJ_COUNT","BUS_COUNT","CHLDPAS_DEATH_COUNT","CHLDPAS_SUSP_SERIOUS_INJ_COUNT","COLLISION_TYPE","COMM_VEH_COUNT","CONS_ZONE_SPD_LIM","COUNTY","CRASH_MONTH","CRASH_YEAR","DAY_OF_WEEK","DEC_LATITUDE","DEC_LONGITUDE","DISPATCH_TM","DISTRICT","DRIVER_COUNT_16YR","DRIVER_COUNT_17YR","DRIVER_COUNT_18YR","DRIVER_COUNT_19YR","DRIVER_COUNT_20YR","DRIVER_COUNT_50_64YR","DRIVER_COUNT_65_74YR","DRIVER_COUNT_75PLUS","EST_HRS_CLOSED","FATAL_COUNT","HEAVY_TRUCK_COUNT","HORSE_BUGGY_COUNT","HOUR_OF_DAY","ILLUMINATION","INJURY_COUNT","INTERSECTION_RELATED","INTERSECT_TYPE","LANE_CLOSED","LATITUDE","LN_CLOSE_DIR","LOCATION_TYPE","LONGITUDE","MAX_SEVERITY_LEVEL","MCYCLE_DEATH_COUNT","MCYCLE_SUSP_SERIOUS_INJ_COUNT","MOTORCYCLE_COUNT","MUNICIPALITY","NONMOTR_COUNT","NONMOTR_DEATH_COUNT","NONMOTR_SUSP_SERIOUS_INJ_COUNT","NTFY_HIWY_MAINT","PED_COUNT","PED_DEATH_COUNT","PED_SUSP_SERIOUS_INJ_COUNT","PERSON_COUNT","POLICE_AGCY","POSSIBLE_INJ_COUNT","RDWY_SURF_TYPE_CD","RELATION_TO_ROAD","ROADWAY_CLEARED","ROAD_CONDITION","SCH_BUS_IND","SCH_ZONE_IND","SECONDARY_CRASH","SMALL_TRUCK_COUNT","SPEC_JURIS_CD","SUSP_MINOR_INJ_COUNT","SUSP_SERIOUS_INJ_COUNT","SUV_COUNT","TCD_FUNC_CD","TCD_TYPE","TFC_DETOUR_IND","TIME_OF_DAY","TOTAL_UNITS","TOT_INJ_COUNT","UNBELTED_OCC_COUNT","UNB_DEATH_COUNT","UNB_SUSP_SERIOUS_INJ_COUNT","UNK_INJ_DEG_COUNT","UNK_INJ_PER_COUNT","URBAN_RURAL","VAN_COUNT","VEHICLE_COUNT","WEATHER1","WEATHER2","WORKERS_PRES","WORK_ZONE_IND","WORK_ZONE_LOC","WORK_ZONE_TYPE","WZ_CLOSE_DETOUR","WZ_FLAGGER","WZ_LAW_OFFCR_IND","WZ_LN_CLOSURE","WZ_MOVING","WZ_OTHER","WZ_SHLDER_MDN","WZ_WORKERS_INJ_KILLED"
"2007123623","","0","0","0","0","0","0","0","0","0","1","0","","02","12","2007","6","40.4975","-80.069703","2100","11","0","0","0","0","0","0","0","0","","0","0","0","","","1","","0","","40 29:51.000","","0","80 04:10.932","4","0","0","0","2402","0","0","0","N","0","0","0","2","02402","1","","1.0","","1","N","N","","0","","0","0","2","0","0","","","2","1","0","0","0","0","0","2","0","2","","","","N","","","","","","","","","",""
"2007123637","","2","0","0","0","0","0","0","0","0","6","0","","02","12","2007","3","40.530739","-79.876302","2315","11","0","0","0","0","1","0","0","0","","0","0","0","","","0","","0","","40 31:50.662","","0","79 52:34.687","0","0","0","0","2209","0","0","0","N","0","0","0","2","02209","0","","1.0","","1","N","N","","0","","0","0","0","0","0","","","2","0","0","0","0","0","0","2","0","2","","","","N","","","","","","","","","",""
"2007123638","","2","0","0","0","0","0","0","0","0","1","0","","02","12","2007","6","40.319221","-80.061659","1648","11","0","0","1","0","0","1","0","0","1","0","0","0","","","2","","2","","40 19:09.196","4","0","80 03:41.971","4","0","0","0","2407","0","0","0","N","0","0","0","4","02407","2","","1.0","","1","N","N","","0","","0","0","0","0","0","Y","","2","2","0","0","0","0","0","2","0","2","","","","N","","","","","","","","","",""
"2007123654","","2","0","0","0","0","0","0","0","0","4","0","","02","12","2007","3","40.3675","-79.780306","1315","11","0","0","0","0","0","0","1","0","1","0","0","0","","","2","","2","","40 22:03.000","5","0","79 46:49.101","8","0","0","0","2111","0","0","0","N","0","0","0","2","02111","0","","1.0","","1","N","N","","0","","0","0","0","0","0","Y","","2","2","0","0","0","2","0","2","0","2","","","","N","","","","","","","","","",""
"2007123663","","1","0","0","0","0","0","0","0","0","4","0","","02","12","2007","3","40.305099","-80.088679","1053","11","0","0","0","0","0","0","1","0","","0","0","0","","","0","","0","","40 18:18.356","","0","80 05:19.244","0","0","0","0","2123","0","0","0","N","0","0","0","2","02123","0","","1.0","","2","N","N","","1","","0","0","0","0","0","","","2","0","0","0","0","0","0","2","0","2","","","","N","","","","","","","","","",""
"2007123668","","1","0","0","0","0","0","0","0","0","1","0","","02","12","2007","2","40.633265","-79.876453","1343","11","0","0","0","0","1","0","0","0","2","0","0","0","","","2","","2","","40 37:59.754","3","0","79 52:35.230","4","0","0","0","2220","0","0","0","N","0","0","0","3","02220","2","","1.0","","1","N","N","","0","","0","0","1","0","0","N","","2","2","1","0","0","0","0","2","0","2","","","","N","","","","","","","","","",""
"2007123674","","2","0","0","0","0","0","0","0","0","4","0","","02","12","2007","2","40.540833","-79.802633","1601","11","0","0","0","0","0","1","1","0","","0","0","0","","","1","","0","","40 32:27.000","","0","79 48:09.479","8","0","0","0","2418","0","0","0","N","0","0","0","3","02418","0","","1.0","","1","N","N","","0","","0","0","0","0","0","","","2","1","0","0","0","1","0","2","0","2","","","","N","","","","","","","","","",""
"2007123675","","1","0","0","0","0","0","0","0","0","7","0","","02","12","2007","3","40.534659","-79.977871","0825","11","0","0","1","0","0","0","0","0","1","0","0","0","","","0","","0","","40 32:04.773","4","0","79 58:40.336","0","0","0","0","2118","0","0","0","N","0","0","0","1","02118","0","","2.0","","2","N","N","","0","","0","0","0","0","0","N","","1","0","0","0","0","0","0","2","0","1","","","","N","","","","","","","","","",""
"2007123679","","1","0","0","0","0","0","0","0","0","1","0","","02","12","2007","3","40.356586","-79.980388","0910","11","0","0","0","1","0","1","0","0","1","0","0","0","","","0","","2","","40 21:23.711","2","0","79 58:49.397","0","0","0","0","2476","0","0","0","N","0","0","0","2","02476","0","","1.0","","9","N","N","","0","","0","0","1","3","2","N","","2","0","0","0","0","0","0","2","0","2","","","","N","","","","","","","","","",""
"2007123681","","1","0","0","0","0","0","0","0","0","7","0","","02","12","2007","3","40.537733","-79.984323","1242","11","0","0","0","0","0","1","0","0","2","0","0","0","","","0","","10","","40 32:15.838","3","0","79 59:03.562","0","0","0","0","2118","0","0","0","N","0","0","0","1","02118","0","","2.0","","2","N","N","","0","","0","0","0","0","0","N","","1","0","0","0","0","0","0","2","0","1","","","","N","","","","","","","","","",""
"2007123682","","1","0","0","0","0","0","0","0","0","6","0","","02","12","2007","3","40.311982","-79.940162","0828","11","0","0","0","0","0","1","0","0","2","0","0","0","","","1","","0","","40 18:43.134","6","0","79 56:24.582","3","0","0","0","2440","0","0","0","N","0","0","0","5","02440","0","","1.0","","2","N","N","","0","","1","0","2","0","0","Y","","3","1","0","0","0","0","2","2","0","3","","","","N","","","","","","","","","",""
"2007123683","","0","0","0","0","0","0","0","0","0","5","0","","02","12","2007","3","40.343056","-79.96394","0915","11","0","0","0","1","0","0","0","0","1","0","0","0","","","0","","2","","40 20:35.000","3","0","79 57:50.185","0","0","0","0","2454","0","0","0","N","0","0","0","4","02454","0","","1.0","","1","N","N","","1","","0","0","1","3","3","N","","3","0","0","0","0","0","0","2","1","3","","","","N","","","","","","","","","",""
"2007123685","","1","0","0","0","0","0","0","0","0","4","1","","02","12","2007","4","40.430278","-79.710757","0657","11","1","0","0","0","0","1","0","0","","0","1","0","","","0","","1","","40 25:49.000","","0","79 42:38.724","0","0","0","0","2446","0","0","0","N","0","0","0","2","02446","0","","1.0","","1","N","N","","0","","0","0","0","3","2","","","2","0","0","0","0","0","0","2","0","2","","","","N","","","","","","","","","",""
"2007123699","","3","0","0","0","0","0","0","0","0","1","0","","02","12","2007","3","40.437392","-79.77624","1312","11","0","0","0","0","1","1","0","0","","0","0","0","","","1","","0","","40 26:14.611","","0","79 46:34.464","4","0","0","0","2446","0","0","0","N","0","0","0","3","02446","1","","1.0","","1","N","N","","0","","0","0","0","0","0","","","3","1","0","0","0","0","0","2","0","3","","","","N","","","","","","","","","",""
"2007123704","","1","0","0","0","0","0","0","0","0","4","0","","02","12","2007","4","40.545556","-80.193944","9999","11","0","0","0","0","0","1","1","0","","0","0","0","","","0","","1","","40 32:44.000","","0","80 11:38.200","0","0","0","0","2427","0","0","0","N","0","0","0","2","02427","0","","1.0","","1","N","N","","1","","0","0","0","3","2","","","2","0","0","0","0","0","0","2","0","2","","","","N","","","","","","","","","",""
"2007123708","","2","0","0","0","0","0","0","0","0","4","0","","02","12","2007","2","40.382778","-79.857411","1530","11","0","0","0","0","0","0","0","0","","0","0","0","","","1","","1","","40 22:58.000","","0","79 51:26.679","4","0","0","0","2303","0","0","0","N","0","0","0","2","02303","1","","1.0","","9","N","N","","0","","0","0","0","0","0","","","2","1","0","0","0","0","0","2","0","2","","","","N","","","","","","","","","",""
"2007123709","","2","0","0","0","0","0","0","0","0","1","0","","02","12","2007","4","40.6343","-80.005","1445","11","1","0","1","0","0","0","0","0","1","0","0","0","","","0","","0","","40 38:03.480","2","0","80 00:18.000","0","0","0","0","2216","0","0","0","N","0","0","0","7","02505","0","","1.0","","9","N","N","","1","","0","0","0","0","0","N","","3","0","0","0","0","0","0","2","0","3","","","","N","","","","","","","","","",""
"2007123710","","1","0","0","0","0","0","0","0","0","7","0","","02","12","2007","1","40.444433","-79.779637","1621","11","0","0","0","0","0","1","0","0","1","0","0","0","","","1","","2","","40 26:39.958","4","0","79 46:46.693","4","0","0","0","2446","0","0","0","N","0","0","0","2","02446","1","","2.0","","2","N","N","","0","","0","0","0","0","0","Y","","1","1","0","0","0","0","0","2","0","1","","","","N","","","","","","","","","",""
"2007123716","","2","0","0","0","0","0","0","0","0","4","0","","02","11","2007","4","40.430529","-79.79243","2232","11","0","0","0","0","0","0","0","0","","0","0","0","","","1","","2","","40 25:49.904","","0","79 47:32.748","4","0","0","0","2446","0","0","0","N","0","0","0","2","02446","1","","1.0","","1","N","N","","0","","0","0","0","3","2","","","2","1","0","0","0","0","0","2","0","2","","","","N","","","","","","","","","",""
"2007123723","","2","0","0","0","0","0","0","0","0","4","0","","02","12","2007","1","40.403732","-79.756971","1621","11","0","0","0","0","0","0","0","1","2","0","0","0","","","3","","2","","40 24:13.435","7","0","79 45:25.095","8","0","0","0","2446","0","0","0","N","0","0","0","3","02446","0","","1.0","","9","N","N","","0","","0","0","0","3","3","Y","","2","3","0","0","0","3","0","2","0","2","","","","N","","","","","","","","","",""
"2007123727","","2","0","0","0","0","0","0","0","0","4","0","","02","12","2007","3","40.440684","-79.767465","1715","11","0","0","0","0","1","1","0","0","1","0","0","0","","","0","","2","","40 26:26.462","1","0","79 46:02.874","0","0","0","0","2446","0","0","0","N","0","0","0","3","02446","0","","1.0","","1","N","N","","0","","0","0","1","3","3","Y","","3","0","1","0","0","0","0","2","0","3","","","","N","","","","","","","","","",""
"2007123735","","1","0","0","0","0","0","0","0","0","7","0","","02","11","2007","2","40.453085","-79.919494","2132","11","0","0","0","0","0","0","0","0","2","0","0","0","","","1","","0","","40 27:11.106","6","0","79 55:10.178","8","0","0","0","2301","0","0","0","N","0","0","0","1","02301","0","","4.0","","9","N","N","","0","","0","0","0","0","0","Y","","1","1","0","0","0","1","0","2","0","1","","","","N","","","","","","","","","",""
"2007123740","","1","0","0","0","0","0","0","0","0","7","0","","02","11","2007","4","40.452271","-79.980808","2031","11","0","0","0","0","0","0","0","0","","0","0","0","","","0","","2","","40 27:08.175","","0","79 58:50.908","0","0","0","0","2301","0","0","0","N","0","0","0","2","02301","0","","5.0","","1","N","N","","0","","0","0","0","3","3","","","2","0","0","0","0","0","0","2","0","1","","","","N","","","","","","","","","",""
"2007123746","","2","0","0","0","0","0","0","0","0","4","0","","02","11","2007","1","40.4612","-79.8657","1541","11","0","1","0","0","0","0","0","0","","0","0","0","","","1","","0","","40 27:40.320","","0","79 51:56.520","4","0","0","0","2113","0","0","0","N","0","0","0","3","02113","1","","1.0","","1","N","N","","0","","0","0","0","0","0","","","2","1","0","0","0","0","0","2","0","2","","","","N","","","","","","","","","",""
"2007123747","","0","0","0","0","0","0","0","0","0","7","0","","02","11","2007","5","40.460419","-79.806966","0200","11","0","0","0","0","0","0","0","0","9","0","0","0","","","0","","0","","40 27:37.508","7","0","79 48:25.077","0","0","0","0","2113","0","0","0","N","0","0","0","1","02113","0","","5.0","","9","N","N","","0","","0","0","1","0","0","Y","","1","0","0","0","0","0","0","2","0","1","","","","N","","","","","","","","","",""
"2007123748","","1","0","0","0","0","0","0","0","0","5","0","","02","11","2007","3","40.462295","-79.874218","0659","11","0","0","0","0","0","0","0","0","","0","0","0","","","0","","0","","40 27:44.262","","0","79 52:27.184","0","0","0","0","2113","0","0","0","N","0","0","0","1","02113","0","","4.0","","1","N","N","","2","","0","0","0","0","0","","","3","0","0","0","0","0","0","2","0","3","","","","N","","","","","","","","","",""
"2007123749","","2","0","0","0","0","0","0","0","0","6","0","","02","11","2007","5","40.449722","-79.826984","1813","11","0","0","0","0","0","2","0","0","","0","0","0","","","0","","1","","40 26:59.000","","0","79 49:37.142","0","0","0","0","2113","0","0","0","N","0","0","0","5","02113","0","","1.0","","9","N","N","","0","","0","0","1","0","0","","","3","0","0","0","0","0","0","2","0","3","","","","N","","","","","","","","","",""
"2007123766","","3","0","0","0","0","0","0","0","0","1","0","","02","11","2007","2","40.446111","-79.827916","1607","11","0","0","0","0","0","2","0","0","2","0","0","0","","","2","","1","","40 26:46.000","3","0","79 49:40.498","3","0","0","0","2113","0","0","0","N","0","0","0","5","02113","0","","1.0","","1","N","N","","0","","1","0","0","3","2","N","","3","2","0","0","0","1","0","2","0","3","","","","N","","","","","","","","","",""
"2007123864","","1","0","0","0","0","0","0","0","0","7","0","","02","12","2007","1","40.390888","-79.982095","0009","11","0","0","0","0","0","0","0","0","1","0","0","0","","","0","","0","","40 23:27.197","2","0","79 58:55.543","0","0","0","0","2301","0","0","0","N","0","0","0","2","02301","0","","5.0","","2","N","N","","0","","0","0","0","0","0","N","","1","0","0","0","0","0","0","2","0","1","","","","N","","","","","","","","","",""
"2007123865","","1","0","0","0","0","0","0","0","0","1","0","","02","11","2007","5","","","0720","11","0","1","0","0","0","0","0","0","1","0","0","0","","","1","","0","","","1","0","","8","0","0","0","2301","0","0","0","N","0","0","0","3","02301","0","","1.0","","9","N","N","","0","","0","0","1","0","0","N","","2","1","0","0","0","1","0","1","0","2","","","","N","","","","","","","","","",""
"2007123977","","2","0","0","0","0","0","0","0","0","4","0","","02","11","2007","3","40.46138","-79.862199","1757","11","0","0","0","0","0","0","0","0","1","0","0","0","","","1","","2","","40 27:40.968","4","0","79 51:43.918","4","0","0","0","2113","0","0","0","N","0","0","0","2","02113","1","","1.0","","1","N","N","","0","","0","0","0","3","3","Y","","2","1","0","0","0","0","0","2","0","2","","","","N","","","","","","","","","",""
"2007123978","","1","0","0","0","0","0","0","0","0","4","1","","02","11","2007","5","40.4775","-79.799615","0837","11","0","0","0","1","0","0","0","0","1","0","1","0","","","1","","2","","40 28:39.000","5","0","79 47:58.613","4","0","0","0","2113","0","0","0","N","0","0","0","2","02113","1","","1.0","","9","N","N","","0","","0","0","0","0","0","N","","2","1","1","0","0","0","0","2","0","2","","","","N","","","","","","","","","",""
"2007123979","","1","0","0","0","0","0","0","0","0","4","0","","02","10","2007","4","40.445","-79.828207","1617","11","0","0","0","0","0","0","0","1","","0","0","0","","","0","","2","","40 26:42.000","","0","79 49:41.545","0","0","0","0","2113","0","0","0","N","0","0","0","2","02113","0","","1.0","","1","N","N","","0","","0","0","0","0","0","","","2","0","0","0","0","0","0","2","1","2","","","","N","","","","","","","","","",""
"2007123980","","1","0","0","0","0","0","0","0","0","99","0","","02","11","2007","3","40.4888","-79.8008","0259","11","0","0","0","0","0","0","0","0","2","0","0","0","","","0","","0","","40 29:19.680","5","0","79 48:02.880","0","0","0","0","2113","0","0","0","N","0","0","0","2","02113","0","","1.0","","9","N","N","","0","","0","0","0","0","0","Y","","1","0","0","0","0","0","0","2","0","1","","","","N","","","","","","","","","",""
"2007123981","","1","0","0","0","0","0","0","0","0","1","0","","02","11","2007","4","40.500613","-79.819018","2146","11","0","0","0","0","0","0","0","0","","0","0","0","","","1","","0","","40 30:02.206","","0","79 49:08.464","4","0","0","0","2113","0","0","0","N","0","0","0","1","02113","1","","1.0","","1","N","N","","0","","0","0","1","0","0","","","2","1","0","0","0","0","0","2","0","2","","","","N","","","","","","","","","",""
"2007123982","","1","0","0","0","0","0","0","0","0","8","0","","02","11","2007","5","40.4594","-79.8428","1627","11","0","0","0","1","0","0","0","0","5","0","0","0","","","2","","0","","40 27:33.840","5","0","79 50:34.080","3","0","0","0","2113","1","0","0","N","1","0","0","2","02113","1","","5.0","","1","N","N","","0","","1","0","0","0","0","Y","","2","2","1","0","0","0","0","2","0","1","","","","N","","","","","","","","","",""
"2007123998","","1","0","0","0","0","0","0","0","0","7","0","","02","11","2007","5","40.4593","-79.8744","0149","11","0","0","0","0","0","0","0","0","4","0","0","0","","","0","","0","","40 27:33.480","4","0","79 52:27.840","9","0","0","0","2113","0","0","0","N","0","0","0","2","02113","0","","5.0","","9","N","N","","0","","0","0","1","0","0","N","","2","0","0","0","0","0","2","2","0","2","","","","N","","","","","","","","","",""
"2007123999","","1","0","0","0","0","0","0","0","0","7","0","","02","11","2007","1","40.4651","-79.8247","0415","11","0","0","0","0","0","0","0","0","","0","0","0","","","0","","0","","40 27:54.360","","0","79 49:28.920","0","0","0","0","2113","0","0","0","N","0","0","0","1","02113","0","","5.0","","9","N","N","","0","","0","0","0","0","0","","","1","0","0","0","0","0","0","2","0","1","","","","N","","","","","","","","","",""
"2007124000","","2","0","0","0","0","0","0","0","0","6","0","","02","11","2007","7","40.4579","-79.8763","0316","11","0","0","0","0","1","0","0","0","2","0","0","0","","","0","","0","","40 27:28.440","4","0","79 52:34.680","0","0","0","0","2113","0","0","0","N","0","0","0","3","02113","0","","1.0","","1","N","N","","0","","0","0","0","0","0","N","","2","0","0","0","0","0","0","2","0","2","","","","N","","","","","","","","","",""
"2007124001","","1","0","0","0","0","0","0","0","0","7","0","","02","11","2007","2","40.475","-79.79244","2340","11","0","0","0","0","1","0","0","0","","0","0","0","","","0","","0","","40 28:30.000","","0","79 47:32.783","9","0","0","0","2113","0","0","0","N","0","0","0","1","02113","0","","2.0","","9","N","N","","0","","0","0","0","0","0","","","2","0","0","0","0","0","1","2","0","1","","","","N","","","","","","","","","",""
"2007124002","","1","0","0","0","0","0","0","0","0","99","0","","02","1","2007","4","40.458839","-79.860169","1500","11","0","0","0","0","0","0","0","0","","0","0","0","","","1","","0","","40 27:31.820","","0","79 51:36.608","4","0","0","0","2113","0","0","0","N","0","0","0","2","02113","1","","1.0","","1","N","N","","0","","0","0","0","0","0","","","1","1","0","0","0","0","0","2","0","1","","","","N","","","","","","","","","",""
"2007124066","","1","0","0","0","0","0","0","0","0","1","0","","02","11","2007","3","","","1454","11","0","0","0","0","0","0","0","0","","0","0","0","","","1","","0","","","","0","","4","0","0","0","2301","0","0","0","N","0","0","0","2","02301","1","","1.0","","1","N","N","","0","","0","0","1","0","0","","","2","1","0","0","0","0","0","1","0","2","","","","N","","","","","","","","","",""
"2007124067","","1","0","0","0","0","0","0","0","0","4","0","","02","12","2007","7","40.461657","-79.98756","0020","11","0","0","0","0","0","0","0","0","","0","0","0","","","0","","0","","40 27:41.965","","0","79 59:15.216","9","0","0","0","2301","0","0","0","N","0","0","0","1","02301","0","","6.0","","1","N","N","","1","","0","0","0","0","0","","","2","0","0","0","0","0","1","2","0","2","","","","N","","","","","","","","","",""
"2007124068","","1","0","0","0","0","0","0","0","0","4","0","","02","11","2007","3","40.466698","-80.025233","2033","11","0","0","0","0","0","2","0","0","","0","0","0","","","0","","0","","40 28:00.112","","7","80 01:30.839","9","0","0","0","2301","0","0","0","N","0","0","0","5","02301","0","","1.0","","1","N","N","","0","","0","0","0","0","0","","","2","0","2","0","0","0","1","2","1","2","","","","N","","","","","","","","","",""
"2007124075","","1","0","0","0","0","0","0","0","0","8","0","","02","12","2007","3","40.547614","-80.028533","2347","11","0","0","0","0","0","0","0","0","1","0","0","0","","","1","","0","","40 32:51.410","4","0","80 01:42.720","4","0","0","0","2116","1","0","0","N","1","0","0","2","02116","1","","1.0","","1","N","N","","0","","0","0","0","0","0","N","","2","1","0","0","0","0","1","2","0","1","","","","N","","","","","","","","","",""
"2007124202","","2","0","0","0","0","0","0","0","0","4","0","","02","11","2007","5","40.472778","-79.958722","1522","11","0","0","0","0","0","0","0","0","","0","0","0","","","0","","1","","40 28:22.000","","0","79 57:31.400","0","0","0","0","2301","0","0","0","N","0","0","0","5","02301","0","","1.0","","1","N","N","","0","","0","0","0","3","2","","","2","0","0","0","0","0","0","2","0","2","","","","N","","","","","","","","","",""
"2007124203","","0","0","0","0","0","0","0","0","0","4","0","","02","11","2007","4","40.447425","-79.942471","1701","11","0","0","0","0","0","1","0","0","","0","0","0","","","0","","1","","40 26:50.730","","0","79 56:32.895","0","0","0","0","2301","0","0","0","N","0","0","0","2","02301","0","","1.0","","1","N","N","","0","","0","0","2","2","2","","","2","0","0","0","0","0","0","2","0","2","","","","N","","","","","","","","","",""
"2007124289","","2","0","0","0","0","0","0","0","0","4","0","","02","11","2007","3","40.451749","-79.928776","0820","11","0","0","0","0","0","1","0","0","1","0","0","0","","","2","","2","","40 27:06.296","7","0","79 55:43.593","3","0","0","0","2301","0","0","0","N","0","0","0","3","02301","0","","1.0","","1","N","N","","0","","2","0","0","0","0","Y","","2","2","0","0","0","0","0","2","0","2","","","","N","","","","","","","","","",""
"2007124290","","1","0","0","0","0","0","0","0","0","7","0","","02","12","2007","1","40.387243","-79.966206","1021","11","0","0","0","0","0","0","0","1","1","0","0","0","","","0","","0","","40 23:14.076","1","0","79 57:58.340","0","0","0","0","2301","0","0","0","N","0","0","0","1","02301","0","","2.0","","9","N","N","","0","","0","0","0","0","0","Y","","1","0","0","0","0","0","0","2","0","1","","","","N","","","","","","","","","",""
"2007124291","","1","0","0","0","0","0","0","0","0","1","0","","02","11","2007","4","40.428056","-79.971142","1150","11","0","0","0","0","0","0","0","0","","0","0","0","","","1","","1","","40 25:41.000","","0","79 58:16.111","4","0","0","0","2301","0","0","0","N","0","0","0","2","02301","1","","1.0","","1","N","N","","0","","0","0","1","3","2","","","2","1","0","0","0","0","0","2","0","2","","","","N","","","","","","","","","",""
"2007124292","","0","0","0","0","0","0","0","0","0","1","0","","02","11","2007","5","40.489563","-79.929524","1735","11","0","0","0","0","0","1","0","0","","0","0","0","","","0","","0","","40 29:22.427","","0","79 55:46.285","0","0","0","0","2301","0","0","0","N","0","0","0","3","02301","0","","1.0","","1","N","N","","2","","0","0","1","0","0","","","3","0","0","0","0","0","0","2","0","3","","","","N","","","","","","","","","",""
"2007124293","","1","0","0","0","0","0","0","0","0","4","0","","02","11","2007","5","40.454167","-79.947673","1552","11","0","0","0","0","0","1","1","0","2","0","0","0","","","0","","1","","40 27:15.000","2","0","79 56:51.621","0","0","0","0","2301","0","0","0","N","0","0","0","3","02301","0","","1.0","","1","N","N","","1","","0","0","0","3","2","N","","2","0","0","0","0","0","0","2","0","2","","","","N","","","","","","","","","",""
"2007124294","","0","0","0","0","0","0","0","0","0","7","0","","02","11","2007","4","40.474026","-79.904429","0701","11","0","0","0","0","0","0","0","0","","0","0","0","","","1","","2","","40 28:26.493","","0","79 54:15.944","8","0","0","0","2301","0","0","0","N","0","0","0","1","02301","0","","2.0","","2","N","N","","1","","0","0","0","0","0","","","1","1","0","0","0","1","0","2","0","1","","","","N","","","","","","","","","",""
"2007124295","","1","0","0","0","0","0","0","0","0","4","0","","02","1","2007","2","40.487778","-79.920167","1701","11","1","0","0","0","0","0","0","0","","0","0","0","","","0","","2","","40 29:16.000","","0","79 55:12.602","0","0","0","0","2301","0","0","0","","0","0","0","5","02301","0","","1.0","","1","N","N","","0","","0","0","1","3","2","","","2","0","0","0","0","0","0","2","0","2","","","","N","","","","","","","","","",""
"2007124296","","1","0","0","0","0","0","0","0","0","1","0","","02","11","2007","4","","","1315","11","0","0","0","0","0","0","0","0","1","0","0","0","","","0","","0","","","6","0","","0","0","0","0","2301","0","0","0","N","0","0","0","1","02301","0","","1.0","","1","N","N","","0","","0","0","1","0","0","Y","","2","0","0","0","0","0","0","1","0","2","","","","N","","","","","","","","","",""
"2007124297","","2","0","0","0","0","0","0","0","0","5","0","","02","11","2007","2","40.428048","-79.976297","0850","11","0","0","1","0","0","0","0","0","","0","0","0","","","2","","1","","40 25:40.972","","0","79 58:34.669","4","0","0","0","2301","2","0","0","","2","0","0","3","02301","2","","1.0","","9","N","N","","0","","0","0","0","0","0","","","4","2","0","0","0","0","0","2","0","2","","","","N","","","","","","","","","",""
"2007124298","","2","0","0","0","0","0","0","0","0","4","0","","02","11","2007","3","40.401944","-80.000776","9999","11","0","0","0","0","0","0","0","0","","0","0","0","","","0","","1","","40 24:07.000","","0","80 00:02.792","0","0","0","0","2301","0","0","0","","0","0","0","2","02301","0","","1.0","","1","N","N","","0","","0","0","0","3","2","","","2","0","0","0","0","0","0","2","0","2","","","","N","","","","","","","","","",""
"2007124299","","1","0","0","0","0","0","0","0","0","8","0","","02","11","2007","4","40.457367","-80.0632","0740","11","0","0","0","0","0","0","0","0","","0","0","0","","","1","","2","","40 27:26.521","","0","80 03:47.520","4","0","0","0","2301","1","0","0","N","1","0","0","2","02301","1","","1.0","","1","N","N","","0","","0","0","0","0","0","","","2","1","0","0","0","0","0","2","0","1","","","","N","","","","","","","","","",""
"2007124300","","1","0","0","0","0","0","0","0","0","7","0","","02","11","2007","5","40.427061","-80.046874","0234","11","0","0","0","0","0","0","0","0","","0","0","0","","","1","","1","","40 25:37.419","","0","80 02:48.746","2","0","0","0","2301","0","0","0","N","0","0","0","2","02301","0","","5.0","","1","N","N","","0","","0","1","0","3","3","","","1","1","0","0","0","0","0","2","0","1","","","","N","","","","","","","","","",""
"2007124308","","4","0","0","0","0","0","0","0","0","4","0","","02","12","2007","4","40.530556","-80.010111","0655","11","0","0","0","0","0","1","0","0","","0","0","0","","","0","","0","","40 31:50.000","","0","80 00:36.401","0","0","0","0","2116","0","0","0","N","0","0","0","2","02116","0","","1.0","","9","N","N","","0","","0","0","0","0","0","","","4","0","0","0","0","0","0","2","0","4","","05","","N","","","","","","","","","",""
"2007124311","","2","0","0","0","0","0","0","0","0","1","0","","02","12","2007","4","40.4376","-80.2153","1425","11","0","0","1","0","0","0","0","0","1","0","0","0","","","1","","0","","40 26:15.360","3","3","80 12:55.080","4","0","0","0","2446","0","0","0","N","0","0","0","2","02446","1","","1.0","","9","N","N","","0","","0","0","0","0","0","N","","2","1","0","0","0","0","0","2","0","2","","","","N","","","","","","","","","",""
"2007124312","","1","0","0","0","0","0","0","0","0","4","0","","02","11","2007","5","40.426986","-79.970254","1521","11","0","0","0","0","0","1","0","0","","0","0","0","","","1","","1","","40 25:37.149","","0","79 58:12.914","8","0","0","0","2301","0","0","0","N","0","0","0","2","02301","0","","1.0","","1","N","N","","0","","0","0","1","3","3","","","2","1","0","0","0","1","0","2","0","2","","","","N","","","","","","","","","",""