"CRN","ARRIVAL_TM","AUTOMOBILE_COUNT","BELTED_DEATH_COUNT","BELTED_SUSP_SERIOUS_INJ_COUNT","BICYCLE_COUNT","BICYCLE_DEATH_COUNT","BICYCLE_SUSP_SERIOUS_INJ_COUNT","BUS_COUNT","CHLDPAS_DEATH_COUNT","CHLDPAS_SUSP_SERIOUS_INJ_COUNT","COLLISION_TYPE","COMM_VEH_COUNT","CONS_ZONE_SPD_LIM","COUNTY","CRASH_MONTH","CRASH_YEAR","DAY_OF_WEEK","DEC_LATITUDE","DEC_LONGITUDE","DISPATCH_TM","DISTRICT","DRIVER_COUNT_16YR","DRIVER_COUNT_17YR","DRIVER_COUNT_18YR","DRIVER_COUNT_19YR","DRIVER_COUNT_20YR","DRIVER_COUNT_50_64YR","DRIVER_COUNT_65_74YR","DRIVER_COUNT_75PLUS","EST_HRS_CLOSED","FATAL_COUNT","HEAVY_TRUCK_COUNT","HORSE_BUGGY_COUNT","HOUR_OF_DAY","ILLUMINATION","INJURY_COUNT","INTERSECTION_RELATED","INTERSECT_TYPE","LANE_CLOSED","LATITUDE","LN_CLOSE_DIR","LOCATION_TYPE","LONGITUDE","MAX_SEVERITY_LEVEL","MCYCLE_DEATH_COUNT","MCYCLE_SUSP_SERIOUS_INJ_COUNT","MOTORCYCLE_COUNT","MUNICIPALITY","NONMOTR_COUNT","NONMOTR_DEATH_COUNT","NONMOTR_SUSP_SERIOUS_INJ_COUNT","NTFY_HIWY_MAINT","PED_COUNT","PED_DEATH_COUNT","PED_SUSP_SERIOUS_INJ_COUNT","PERSON_COUNT","POLICE_AGCY","POSSIBLE_INJ_COUNT","RDWY_SURF_TYPE_CD","RELATION_TO_ROAD","ROADWAY_CLEARED","ROAD_CONDITION","SCH_BUS_IND","SCH_ZONE_IND","SECONDARY_CRASH","SMALL_TRUCK_COUNT","SPEC_JURIS_CD","SUSP_MINOR_INJ_COUNT","SUSP_SERIOUS_INJ_COUNT","SUV_COUNT","TCD_FUNC_CD","TCD_TYPE","TFC_DETOUR_IND","TIME_OF_DAY","TOTAL_UNITS","TOT_INJ_COUNT","UNBELTED_OCC_COUNT","UNB_DEATH_COUNT","UNB_SUSP_SERIOUS_INJ_COUNT","UNK_INJ_DEG_COUNT","UNK_INJ_PER_COUNT","URBAN_RURAL","VAN_COUNT","VEHICLE_COUNT","WEATHER1","WEATHER2","WORKERS_PRES","WORK_ZONE_IND","WORK_ZONE_LOC","WORK_ZONE_TYPE","WZ_CLOSE_DETOUR","WZ_FLAGGER","WZ_LAW_OFFCR_IND","WZ_LN_CLOSURE","WZ_MOVING","WZ_OTHER","WZ_SHLDER_MDN","WZ_WORKERS_INJ_KILLED"
"2007124313","","1","0","0","0","0","0","0","0","0","7","0","","02","12","2007","7","40.461944","-80.051241","0310","11","0","0","0","0","0","0","0","0","","0","0","0","","","0","","2","","40 27:43.000","","0","80 03:04.466","0","0","0","0","2301","0","0","0","N","0","0","0","2","02301","0","","4.0","","1","N","N","","0","","0","0","0","3","3","","","1","0","0","0","0","0","0","2","0","1","","","","N","","","","","","","","","",""
"2007124314","","1","0","0","0","0","0","0","0","0","1","0","","02","12","2007","2","40.45344","-80.039905","0017","11","0","0","0","0","0","0","0","0","","0","0","0","","","0","","0","","40 27:12.385","","0","80 02:23.658","9","0","0","0","2301","0","0","0","N","0","0","0","6","02301","0","","1.0","","9","N","N","","0","","0","0","1","3","2","","","2","0","0","0","0","0","2","2","0","2","","","","N","","","","","","","","","",""
"2007124315","","0","0","0","0","0","0","0","0","0","7","0","","02","11","2007","5","40.395233","-80.014319","1628","11","0","0","0","0","1","0","0","0","4","0","0","0","","","0","","0","","40 23:42.838","5","0","80 00:51.548","0","0","0","0","2301","0","0","0","N","0","0","0","1","02301","0","","4.0","","1","N","N","","0","","0","0","0","0","0","Y","","1","0","0","0","0","0","0","2","1","1","","","","N","","","","","","","","","",""
"2007124316","","0","0","0","0","0","0","0","0","0","8","0","","02","11","2007","5","40.433037","-80.029231","1734","11","0","0","0","0","0","0","0","0","","0","0","0","","","1","","1","","40 25:58.933","","0","80 01:45.231","3","0","0","0","2301","1","0","0","N","1","0","0","2","02301","0","","1.0","","1","N","N","","0","","1","0","0","0","0","","","2","1","0","0","0","0","1","2","1","1","","","","N","","","","","","","","","",""
"2007124317","","3","0","0","0","0","0","0","0","0","1","0","","02","11","2007","5","40.452778","-80.039262","1817","11","0","0","0","0","0","0","0","0","","0","0","0","","","2","","2","","40 27:10.000","","0","80 02:21.344","4","0","0","0","2301","0","0","0","N","0","0","0","3","02301","1","","1.0","","1","N","N","","0","","0","0","0","0","0","","","3","2","0","0","0","1","0","2","0","3","","","","N","","","","","","","","","",""
"2007124318","","2","0","0","0","0","0","0","0","0","1","0","","02","11","2007","6","40.4131","-80.0083","0958","11","0","0","0","0","0","0","0","0","","0","0","0","","","0","","6","","40 24:47.160","","2","80 00:29.880","0","0","0","0","2301","0","0","0","N","0","0","0","2","02301","0","","7.0","","1","N","N","","0","","0","0","0","0","0","","","2","0","0","0","0","0","0","2","0","2","","","","N","","","","","","","","","",""
"2007124319","","1","0","0","0","0","0","0","0","0","1","0","","02","11","2007","6","40.429979","-80.001475","1531","11","0","0","0","0","0","1","0","0","","0","0","0","","","0","","0","","40 25:47.924","","0","80 00:05.310","0","0","0","0","2301","0","0","0","N","0","0","0","3","02301","0","","1.0","","1","N","N","","2","","0","0","0","0","0","","","3","0","0","0","0","0","0","2","0","3","","","","N","","","","","","","","","",""
"2007124320","","1","0","0","0","0","0","0","0","0","7","0","","02","11","2007","6","40.397277","-80.02321","2341","11","0","0","0","0","0","0","0","0","","0","0","0","","","0","","2","","40 23:50.197","","0","80 01:23.556","0","0","0","0","2301","0","0","0","N","0","0","0","1","02301","0","","4.0","","1","N","N","","0","","0","0","0","0","0","","","1","0","0","0","0","0","0","2","0","1","","","","N","","","","","","","","","",""
"2007124321","","1","0","0","0","0","0","0","0","0","7","0","","02","12","2007","7","40.430403","-80.002408","2323","11","0","0","0","0","0","0","0","0","2","0","0","0","","","0","","0","","40 25:49.450","6","0","80 00:08.670","0","0","0","0","2301","0","0","0","N","0","0","0","2","02301","0","","4.0","","2","N","N","","0","","0","0","0","0","0","N","","1","0","0","0","0","0","0","2","0","1","","","","N","","","","","","","","","",""
"2007124349","","1","0","0","0","0","0","0","0","0","1","0","","02","12","2007","4","40.5393","-79.9722","1450","11","0","0","0","0","0","0","0","0","","0","0","0","","","2","","0","","40 32:21.480","","0","79 58:19.920","8","0","0","0","2118","0","0","0","N","0","0","0","3","02118","0","","1.0","","1","N","N","","1","","0","0","0","0","0","","","2","2","1","0","0","2","0","2","0","2","","","","N","","","","","","","","","",""
"2007124350","","0","0","0","0","0","0","0","0","0","4","0","","02","12","2007","1","40.437778","-79.776104","1255","11","0","0","1","0","0","0","0","0","1","0","0","0","","","1","","0","","40 26:16.000","3","0","79 46:33.976","4","0","0","0","2446","0","0","0","N","0","0","0","2","02446","1","","1.0","","1","N","N","","0","","0","0","2","0","0","N","","2","1","1","0","0","0","0","2","0","2","","","","N","","","","","","","","","",""
"2007124358","","0","0","0","0","0","0","0","0","0","1","0","","02","12","2007","4","40.362837","-80.082848","1800","11","0","0","0","0","0","0","1","0","","0","0","0","","","3","","0","","40 21:46.213","","0","80 04:58.252","3","0","0","0","2123","0","0","0","N","0","0","0","5","02123","0","","1.0","","1","N","N","","0","","3","0","2","0","0","","","2","3","1","0","0","0","0","2","0","2","","","","N","","","","","","","","","",""
"2007124360","","0","0","0","0","0","0","1","0","0","8","1","","02","12","2007","5","40.440091","-80.000814","0743","11","0","0","0","0","0","0","0","0","","0","0","0","","","1","","1","","40 26:24.329","","0","80 00:02.929","3","0","0","0","2301","1","0","0","N","1","0","0","2","02503","0","","1.0","","1","N","N","","0","","1","0","0","3","2","","","2","1","0","0","0","0","0","2","0","1","","","","N","","","","","","","","","",""
"2007124370","","1","0","0","0","0","0","0","0","0","7","0","","02","12","2007","3","40.438081","-80.087688","1011","11","0","0","0","0","0","0","0","0","","0","0","0","","","2","","0","","40 26:17.091","","0","80 05:15.678","3","0","0","0","2465","0","0","0","N","0","0","0","2","02421","0","","5.0","","2","N","N","","0","","2","0","0","0","0","","","1","2","2","0","0","0","0","2","0","1","","","","N","","","","","","","","","",""
"2007124392","","1","0","0","0","0","0","0","0","0","7","0","","02","12","2007","1","40.530556","-80.189754","1415","11","0","0","0","0","0","0","0","0","","0","0","0","","","2","","0","","40 31:50.000","","0","80 11:23.115","4","0","0","0","2213","0","0","0","N","0","0","0","2","02213","2","","2.0","","9","N","N","","0","","0","0","0","0","0","","","1","2","0","0","0","0","0","2","0","1","","","","N","","","","","","","","","",""
"2007124393","","1","0","0","0","0","0","0","0","0","1","0","","02","12","2007","4","40.336678","-80.024668","0923","11","0","0","0","0","0","0","1","0","","0","0","0","","","2","","2","","40 20:12.041","","0","80 01:28.805","4","0","0","0","2407","0","0","0","N","0","0","0","4","02407","2","","1.0","","9","N","N","","0","","0","0","1","3","2","","","3","2","0","0","0","0","0","2","1","3","","","","N","","","","","","","","","",""
"2007124394","","2","0","0","0","0","0","0","0","0","4","0","","02","12","2007","2","40.330833","-80.021787","1708","11","0","0","0","0","1","0","1","0","","0","0","0","","","1","","0","","40 19:51.000","","0","80 01:18.434","4","0","0","0","2407","0","0","0","N","0","0","0","2","02407","1","","1.0","","1","N","N","","0","","0","0","0","0","0","","","2","1","0","0","0","0","0","2","0","2","","","","N","","","","","","","","","",""
"2007124478","","1","0","0","0","0","0","0","0","0","4","0","","02","12","2007","7","40.613056","-79.956171","1939","11","0","0","0","0","0","0","0","1","2","0","0","0","","","0","","1","","40 36:47.000","4","0","79 57:22.215","0","0","0","0","2207","0","0","0","N","0","0","0","2","02207","0","","1.0","","1","N","N","","1","","0","0","0","3","3","Y","","2","0","0","0","0","0","0","2","0","2","","","","N","","","","","","","","","",""
"2007124487","","1","0","0","0","0","0","0","0","0","6","0","","02","12","2007","4","40.543056","-79.760767","2039","11","0","0","0","0","0","2","0","0","","0","0","0","","","1","","2","","40 32:35.000","","0","79 45:38.761","4","0","0","0","2466","0","0","0","N","0","0","0","5","02466","1","","1.0","","1","N","N","","1","","0","0","0","0","0","","","2","1","0","0","0","0","0","2","0","2","","","","N","","","","","","","","","",""
"2007124489","","0","0","0","0","0","0","0","0","0","1","0","","02","12","2007","5","40.469132","-80.102949","1942","11","0","0","0","0","0","1","1","0","2","0","0","0","","","0","","0","","40 28:08.874","6","0","80 06:10.615","0","0","0","0","2126","0","0","0","N","0","0","0","3","02126","0","","1.0","","1","N","N","","0","","0","0","2","0","0","Y","","3","0","0","0","0","0","0","2","1","3","","","","N","","","","","","","","","",""
"2007124493","","1","0","0","0","0","0","0","0","0","1","0","","02","12","2007","5","40.390556","-80.074202","2014","11","0","0","0","1","0","0","0","0","","0","0","0","","","2","","1","","40 23:26.000","","0","80 04:27.127","8","0","0","0","2117","0","0","0","N","0","0","0","3","02117","0","","1.0","","1","N","N","","0","","0","0","1","3","2","","","2","2","0","0","0","2","0","2","0","2","","","","N","","","","","","","","","",""
"2007124500","","0","0","0","0","0","0","0","0","0","8","0","","02","11","2007","3","40.422585","-79.984527","1744","11","0","0","0","0","0","0","0","0","","0","0","0","","","1","","3","","40 25:21.306","","0","79 59:04.297","8","0","0","0","2301","1","0","0","N","1","0","0","3","02301","0","","1.0","","1","N","N","","1","","0","0","0","0","0","","","2","1","0","0","0","1","0","2","0","1","","","","N","","","","","","","","","",""
"2007124501","","2","0","0","0","0","0","0","0","0","1","0","","02","11","2007","3","40.393199","-79.986548","0717","11","0","0","0","0","0","1","0","0","","0","0","0","","","0","","2","","40 23:35.516","","0","79 59:11.572","0","0","0","0","2301","0","0","0","N","0","0","0","3","02301","0","","1.0","","1","N","N","","0","","0","0","1","0","0","","","3","0","0","0","0","0","0","2","0","3","","","","N","","","","","","","","","",""
"2007124502","","1","0","0","0","0","0","0","0","0","7","0","","02","11","2007","5","40.375","-79.920674","0014","11","0","0","0","0","0","0","0","0","","0","0","0","","","0","","0","","40 22:30.000","","0","79 55:14.428","0","0","0","0","2301","0","0","0","N","0","0","0","1","02301","0","","5.0","","9","N","N","","0","","0","0","0","0","0","","","1","0","0","0","0","0","0","2","0","1","","","","N","","","","","","","","","",""
"2007124503","","1","0","0","0","0","0","0","0","0","8","0","","02","11","2007","3","40.446553","-79.915864","1243","11","0","0","0","0","0","1","0","0","","0","0","0","","","1","","2","","40 26:47.590","","0","79 54:57.110","8","0","0","0","2301","1","0","0","N","1","0","0","2","02301","0","","1.0","","1","N","N","","0","","0","0","0","3","3","","","2","1","0","0","0","1","0","2","0","1","","","","N","","","","","","","","","",""
"2007124504","","1","0","0","0","0","0","0","0","0","7","0","","02","11","2007","6","40.426973","-79.906016","2350","11","0","0","0","0","0","0","0","0","","0","0","0","","","0","","0","","40 25:37.102","","0","79 54:21.657","0","0","0","0","2301","0","0","0","N","0","0","0","1","02301","0","","4.0","","1","N","N","","0","","0","0","0","0","0","","","1","0","0","0","0","0","0","2","0","1","","","","N","","","","","","","","","",""
"2007124505","","1","0","0","0","0","0","0","0","0","4","0","","02","12","2007","7","","","1350","11","0","0","0","0","0","0","0","1","1","0","0","0","","","0","","0","","","4","0","","0","0","0","0","2301","0","0","0","N","0","0","0","5","02301","0","","1.0","","1","N","N","","0","","0","0","1","0","0","N","","2","0","0","0","0","0","0","1","0","2","","","","N","","","","","","","","","",""
"2007124506","","2","0","0","0","0","0","0","0","0","4","0","","02","12","2007","1","40.445042","-79.953969","1719","11","0","0","0","0","0","0","1","0","","0","0","0","","","0","","2","","40 26:42.151","","0","79 57:14.288","0","0","0","0","2301","0","0","0","N","0","0","0","2","02301","0","","1.0","","9","N","N","","0","","0","0","0","3","2","","","2","0","0","0","0","0","0","2","0","2","","","","N","","","","","","","","","",""
"2007124516","","1","0","0","0","0","0","0","0","0","7","0","","02","11","2007","6","40.47421","-79.850929","0001","11","0","0","0","0","0","0","0","0","1","0","0","0","","","2","","0","","40 28:27.155","6","0","79 51:03.344","4","0","0","0","2113","0","0","0","N","0","0","0","2","02113","2","","5.0","","9","N","N","","0","","0","0","0","0","0","N","","1","2","0","0","0","0","0","2","0","1","","","","N","","","","","","","","","",""
"2007124583","","1","0","0","0","0","0","0","0","0","4","0","","02","11","2007","1","40.473333","-80.063099","0218","11","0","0","0","0","0","0","0","0","","0","0","0","","","1","","2","","40 28:24.000","","3","80 03:47.156","4","0","0","0","2444","0","0","0","N","0","0","0","1","02444","1","","1.0","","9","N","N","","1","","0","0","0","0","0","","","2","1","0","0","0","0","0","2","0","2","","","","N","","","","","","","","","",""
"2007124588","","1","0","0","0","0","0","0","0","0","1","0","","02","11","2007","4","40.4607","-79.8726","1159","11","0","0","0","0","0","0","0","1","1","0","0","0","","","1","","0","","40 27:38.520","4","0","79 52:21.360","8","0","0","0","2113","0","0","0","N","0","0","0","4","02113","0","","1.0","","1","N","N","","1","","0","0","0","0","0","N","","3","1","0","0","0","1","0","2","1","3","","","","N","","","","","","","","","",""
"2007124589","","2","0","0","0","0","0","0","0","0","1","0","","02","11","2007","2","40.445","-79.828207","1900","11","0","0","0","1","0","0","0","0","","0","0","0","","","0","","2","","40 26:42.000","","0","79 49:41.545","0","0","0","0","2113","0","0","0","N","0","0","0","2","02113","0","","1.0","","9","N","N","","0","","0","0","0","0","0","","","2","0","0","0","0","0","0","2","0","2","","","","N","","","","","","","","","",""
"2007124590","","1","0","0","0","0","0","0","0","0","7","0","","02","11","2007","2","40.472778","-79.833248","2321","11","0","0","0","1","0","0","0","0","","0","0","0","","","1","","0","","40 28:22.000","","0","79 49:59.693","4","0","0","0","2113","0","0","0","N","0","0","0","1","02113","1","","5.0","","9","N","N","","0","","0","0","0","0","0","","","1","1","0","0","0","0","0","2","0","1","","","","N","","","","","","","","","",""
"2007124591","","2","0","0","0","0","0","0","0","0","4","0","","02","11","2007","3","40.4651","-79.8247","1452","11","0","0","0","0","0","1","1","0","","0","0","0","","","1","","0","","40 27:54.360","","0","79 49:28.920","4","0","0","0","2113","0","0","0","","0","0","0","3","02113","1","","1.0","","1","N","N","","0","","0","0","0","0","0","","","2","1","0","0","0","0","0","2","0","2","","","","N","","","","","","","","","",""
"2007124602","","1","0","0","0","0","0","0","0","0","7","0","","02","12","2007","2","40.248611","-79.876896","1533","11","0","1","0","0","0","0","0","0","","0","0","0","","","0","","0","","40 14:55.000","","0","79 52:36.827","0","0","0","0","2204","0","0","0","N","0","0","0","2","02204","0","","3.0","","1","N","N","","0","","0","0","0","0","0","","","1","0","0","0","0","0","0","1","0","1","","","","N","","","","","","","","","",""
"2007124664","","1","0","0","0","0","0","0","0","0","7","0","","02","12","2007","1","40.486111","-80.053823","0144","11","0","0","0","0","0","0","0","0","3","0","0","0","","","2","","0","","40 29:10.000","5","0","80 03:13.762","8","0","0","0","2404","0","0","0","N","0","0","0","2","02404","0","","5.0","","9","N","N","","0","","0","0","0","0","0","Y","","1","2","2","0","0","2","0","2","0","1","","","","N","","","","","","","","","",""
"2007124713","","1","0","0","0","0","0","0","0","0","4","0","","02","11","2007","2","40.475565","-80.028247","1903","11","0","0","0","0","0","0","0","0","1","0","0","0","","","0","","0","","40 28:32.034","6","0","80 01:41.689","0","0","0","0","2301","0","0","0","N","0","0","0","2","02301","0","","1.0","","9","N","N","","0","","0","0","0","0","0","Y","","2","0","0","0","0","0","0","2","1","2","","","","N","","","","","","","","","",""
"2007124714","","0","0","0","0","0","0","0","0","0","8","0","","02","11","2007","2","40.445305","-80.013532","2355","11","0","0","0","0","0","0","0","0","4","0","0","0","","","1","","2","","40 26:43.098","1","0","80 00:48.715","8","0","0","0","2301","1","0","0","N","1","0","0","3","02301","0","","1.0","","9","N","N","","0","","0","0","1","3","7","N","","2","1","0","0","0","1","0","2","0","1","","","","N","","","","","","","","","",""
"2007124715","","0","0","0","0","0","0","0","0","0","1","0","","02","11","2007","3","40.455376","-80.029682","1603","11","0","0","0","0","0","0","0","0","2","0","0","0","","","0","","3","","40 27:19.352","2","0","80 01:46.854","0","0","0","0","2301","0","0","0","N","0","0","0","3","02301","0","","1.0","","1","N","N","","2","","0","0","1","2","2","N","","3","0","0","0","0","0","0","2","0","3","","","","N","","","","","","","","","",""
"2007124717","","2","0","0","0","0","0","0","0","0","4","0","","02","12","2007","7","40.465165","-79.957999","0715","11","0","0","0","0","0","1","0","0","","0","0","0","","","2","","1","","40 27:54.594","","0","79 57:28.796","4","0","0","0","2301","0","0","0","N","0","0","0","2","02301","2","","1.0","","1","N","N","","0","","0","0","0","3","2","","","2","2","0","0","0","0","0","2","0","2","","","","N","","","","","","","","","",""
"2007124718","","1","0","0","0","0","0","0","0","0","4","0","","02","11","2007","6","40.480278","-79.954367","1955","11","0","0","0","0","0","2","0","0","1","0","0","0","","","1","","1","","40 28:49.000","7","0","79 57:15.720","3","0","0","0","2301","0","0","0","N","0","0","0","2","02301","0","","1.0","","1","N","N","","1","","1","0","0","3","2","N","","2","1","1","0","0","0","0","2","0","2","","","","N","","","","","","","","","",""
"2007124720","","2","0","0","0","0","0","0","0","0","4","0","","02","11","2007","6","40.352491","-79.839566","0235","11","0","0","0","0","0","0","0","0","2","0","0","0","","","1","","0","","40 21:08.969","4","0","79 50:22.439","4","0","0","0","2304","0","0","0","N","0","0","0","2","02304","1","","5.0","","1","N","N","","0","","0","0","0","0","0","N","","2","1","0","0","0","0","0","2","0","2","","","","N","","","","","","","","","",""
"2007124722","","1","0","0","0","0","0","0","0","0","8","0","","02","11","2007","4","40.345493","-79.845404","1808","11","0","0","0","0","0","0","0","1","1","0","0","0","","","1","","0","","40 20:43.774","7","0","79 50:43.454","3","0","0","0","2304","1","0","0","N","1","0","0","2","02304","0","","1.0","","1","N","N","","0","","1","0","0","0","0","N","","2","1","0","0","0","0","0","2","0","1","","","","N","","","","","","","","","",""
"2007124723","","1","0","0","0","0","0","0","0","0","4","0","","02","11","2007","4","40.349722","-79.86473","1937","11","0","0","0","0","0","0","1","0","","0","0","0","","","0","","1","","40 20:59.000","","0","79 51:53.028","0","0","0","0","2304","0","0","0","N","0","0","0","2","02304","0","","1.0","","1","N","N","","0","","0","0","1","0","0","","","2","0","0","0","0","0","0","2","0","2","","","","N","","","","","","","","","",""
"2007124822","","1","0","0","0","0","0","0","0","0","7","0","","02","10","2007","6","40.494144","-79.918512","0846","11","0","0","0","0","0","0","0","0","1","0","0","0","","","0","","0","","40 29:38.920","6","0","79 55:06.642","0","0","0","0","2461","0","0","0","N","0","0","0","1","02461","0","","5.0","","9","N","N","","0","","0","0","0","0","0","Y","","1","0","0","0","0","0","0","2","0","1","","","","N","","","","","","","","","",""
"2007124829","","1","0","0","0","0","0","0","0","0","1","0","","02","11","2007","2","40.351944","-80.050454","2145","11","0","0","0","0","0","0","0","0","1","0","0","0","","","1","","1","","40 21:07.000","1","0","80 03:01.634","8","0","0","0","2109","0","0","0","N","0","0","0","2","02109","0","","1.0","","9","N","N","","0","","0","0","1","3","2","Y","","2","1","0","0","0","1","0","2","0","2","","","","N","","","","","","","","","",""
"2007124830","","1","0","0","0","0","0","0","0","0","2","0","","02","12","2007","4","40.384591","-80.055103","1823","11","0","0","0","0","0","0","0","0","2","0","0","0","","","1","","0","","40 23:04.527","4","0","80 03:18.370","8","0","0","0","2109","0","0","0","N","0","0","0","5","02109","0","","1.0","","9","N","N","","2","","0","0","0","0","0","Y","","3","1","0","0","0","1","0","2","0","3","","","","N","","","","","","","","","",""
"2007124831","","2","0","0","0","0","0","0","0","0","5","0","","02","12","2007","7","40.369817","-80.060488","1856","11","0","0","0","0","0","0","0","1","","0","0","0","","","1","","0","","40 22:11.341","","0","80 03:37.756","4","0","0","0","2109","1","0","0","N","1","0","0","2","02109","1","","4.0","","1","N","N","","0","","0","0","0","0","0","","","3","1","0","0","0","0","0","2","0","2","","","","N","","","","","","","","","",""
"2007124832","","0","0","0","0","0","0","0","0","0","7","0","","02","2","2007","5","40.373707","-80.057673","0322","11","0","0","0","0","0","0","0","0","2","0","0","0","","","0","","0","","40 22:25.345","5","0","80 03:27.622","0","0","0","0","2109","0","0","0","N","0","0","0","1","02109","0","","5.0","","1","N","N","","0","","0","0","1","0","0","Y","","1","0","0","0","0","0","0","2","0","1","","","","N","","","","","","","","","",""
"2007124833","","2","0","0","0","0","0","0","0","0","1","0","","02","12","2007","2","40.375391","-80.026486","1659","11","0","0","0","0","0","1","0","0","1","0","0","0","","","0","","0","","40 22:31.408","1","0","80 01:35.351","0","0","0","0","2109","0","0","0","N","0","0","0","1","02109","0","","1.0","","2","N","N","","0","","0","0","0","0","0","N","","2","0","0","0","0","0","0","2","0","2","","","","N","","","","","","","","","",""
"2007124840","","1","0","0","0","0","0","0","0","0","99","0","","02","10","2007","3","40.2784","-79.9388","1854","11","0","0","0","0","0","0","0","0","","0","0","0","","","1","","0","","40 16:42.240","","0","79 56:19.680","4","0","0","0","2440","0","0","0","N","0","0","0","2","68T09","1","","1.0","","1","N","N","","0","","0","0","0","0","0","","","1","1","0","0","0","0","1","2","0","1","","","","N","","","","","","","","","",""
"2007124862","","2","0","0","0","0","0","0","0","0","1","0","","02","11","2007","7","40.349614","-79.892703","1543","11","0","0","0","0","0","1","0","0","","0","0","0","","","0","","0","","40 20:58.610","","0","79 53:33.731","0","0","0","0","2423","0","0","0","N","0","0","0","3","02304","0","","1.0","","1","N","N","","0","","0","0","0","0","0","","","2","0","0","0","0","0","0","2","0","2","","","","N","","","","","","","","","",""
"2007124863","","0","0","0","0","0","0","0","0","0","7","0","","02","11","2007","7","40.351274","-79.861774","0611","11","0","0","0","0","0","0","0","0","","0","0","0","","","0","","0","","40 21:04.586","","0","79 51:42.386","0","0","0","0","2304","0","0","0","N","0","0","0","1","02304","0","","5.0","","1","N","N","","1","","0","0","0","0","0","","","1","0","0","0","0","0","0","2","0","1","","","","N","","","","","","","","","",""
"2007124927","","0","0","0","0","0","0","0","0","0","1","0","","02","11","2007","7","","","0859","11","0","0","0","0","0","0","0","0","","0","0","0","","","1","","6","","40 25:15.96","","2","80 02:42.72","4","0","0","0","2435","0","0","0","N","0","0","0","2","68B03","1","","1.0","","1","N","N","","0","","0","0","2","","3","","","2","1","0","0","0","0","0","2","0","2","","","","N","","","","","","","","","",""
"2007124947","","0","0","0","0","0","0","0","0","0","4","0","","02","11","2007","2","40.514167","-80.155635","1044","11","0","0","0","0","0","0","1","0","","0","0","0","","","0","","2","","40 30:51.000","","0","80 09:20.286","0","0","0","0","2420","0","0","0","N","0","0","0","2","02420","0","","1.0","","9","N","N","","1","","0","0","0","","3","","","2","0","0","0","0","0","0","2","1","2","","","","N","","","","","","","","","",""
"2007124948","","1","0","0","0","0","0","0","0","0","7","0","","02","12","2007","2","40.506944","-80.155457","0650","11","0","0","0","0","0","0","0","0","1","0","0","0","","","1","","3","","40 30:25.000","1","0","80 09:19.645","8","0","0","0","2420","0","0","0","N","0","0","0","1","02420","0","","5.0","","9","N","N","","0","","0","0","0","","0","Y","","1","1","1","0","0","1","0","2","0","1","","","","N","","","","","","","","","",""
"2007124994","","1","0","0","0","0","0","0","0","0","1","0","","02","10","2007","3","","","1947","11","0","0","0","1","0","0","0","0","2","0","0","0","","","1","","0","","40 26:36.96","4","0","79 46:49.80","3","0","0","0","2446","0","0","0","N","0","0","0","2","68B03","0","","1.0","","1","N","N","","0","","1","0","1","","0","N","","2","1","0","0","0","0","0","2","0","2","","","","N","","","","","","","","","",""
"2007124995","","1","0","0","0","0","0","0","0","0","1","1","","02","10","2007","5","","","0540","11","0","0","0","0","0","1","0","0","","0","1","0","","","0","","0","","40 26:29.04","","0","79 49:42.60","0","0","0","0","2113","0","0","0","N","0","0","0","2","68B03","0","","1.0","","1","N","N","","0","","0","0","0","","0","","","2","0","0","0","0","0","0","2","0","2","","","","N","","","","","","","","","",""
"2007124996","","1","0","0","0","0","0","0","0","0","7","0","","02","10","2007","7","","","0202","11","0","0","1","0","0","0","0","0","","0","0","0","","","2","","0","","40 27:40.32","","0","80 11:32.28","4","0","0","0","2203","0","0","0","N","0","0","0","2","68B03","2","","2.0","","1","N","N","","0","","0","0","0","","0","","","1","2","2","0","0","0","0","2","0","1","","","","N","","","","","","","","","",""
"2007125015","","2","0","0","0","0","0","0","0","0","4","0","","02","11","2007","5","40.452778","-79.826029","0319","11","0","0","0","0","0","0","0","0","","0","0","0","","","1","","2","","40 27:10.000","","0","79 49:33.704","3","0","0","0","2113","0","0","0","N","0","0","0","6","02113","0","","1.0","","9","N","N","","0","","1","0","0","","3","","","2","1","0","0","0","0","0","2","0","2","","","","N","","","","","","","","","",""
"2007125016","","1","0","0","0","0","0","0","0","0","1","0","","02","11","2007","3","40.49542","-79.835573","0012","11","0","0","0","0","0","0","0","0","","0","0","0","","","0","","0","","40 29:43.512","","0","79 50:08.062","9","0","0","0","2113","0","0","0","N","0","0","0","1","02113","0","","1.0","","9","N","N","","0","","0","0","1","","0","","","2","0","0","0","0","0","1","2","0","2","","","","N","","","","","","","","","",""
"2007125033","","1","0","0","0","0","0","0","0","0","7","0","","02","11","2007","1","40.469722","-79.859386","0717","11","0","0","0","0","0","0","0","0","","0","0","0","","","0","","0","","40 28:11.000","","0","79 51:33.790","0","0","0","0","2113","0","0","0","N","0","0","0","1","02113","0","","2.0","","9","N","N","","0","","0","0","0","","0","","","1","0","0","0","0","0","0","2","0","1","","","","N","","","","","","","","","",""
"2007125034","","0","0","0","0","0","0","0","0","0","1","0","","02","11","2007","1","40.470216","-79.789495","0349","11","0","0","0","0","0","0","0","0","1","0","0","0","","","0","","0","","40 28:12.777","1","0","79 47:22.182","0","0","0","0","2113","0","0","0","N","0","0","0","1","02113","0","","2.0","","1","N","N","","1","","0","0","0","","0","N","","2","0","0","0","0","0","0","2","1","2","","","","N","","","","","","","","","",""