"CRN","ARRIVAL_TM","AUTOMOBILE_COUNT","BELTED_DEATH_COUNT","BELTED_SUSP_SERIOUS_INJ_COUNT","BICYCLE_COUNT","BICYCLE_DEATH_COUNT","BICYCLE_SUSP_SERIOUS_INJ_COUNT","BUS_COUNT","CHLDPAS_DEATH_COUNT","CHLDPAS_SUSP_SERIOUS_INJ_COUNT","COLLISION_TYPE","COMM_VEH_COUNT","CONS_ZONE_SPD_LIM","COUNTY","CRASH_MONTH","CRASH_YEAR","DAY_OF_WEEK","DEC_LATITUDE","DEC_LONGITUDE","DISPATCH_TM","DISTRICT","DRIVER_COUNT_16YR","DRIVER_COUNT_17YR","DRIVER_COUNT_18YR","DRIVER_COUNT_19YR","DRIVER_COUNT_20YR","DRIVER_COUNT_50_64YR","DRIVER_COUNT_65_74YR","DRIVER_COUNT_75PLUS","EST_HRS_CLOSED","FATAL_COUNT","HEAVY_TRUCK_COUNT","HORSE_BUGGY_COUNT","HOUR_OF_DAY","ILLUMINATION","INJURY_COUNT","INTERSECTION_RELATED","INTERSECT_TYPE","LANE_CLOSED","LATITUDE","LN_CLOSE_DIR","LOCATION_TYPE","LONGITUDE","MAX_SEVERITY_LEVEL","MCYCLE_DEATH_COUNT","MCYCLE_SUSP_SERIOUS_INJ_COUNT","MOTORCYCLE_COUNT","MUNICIPALITY","NONMOTR_COUNT","NONMOTR_DEATH_COUNT","NONMOTR_SUSP_SERIOUS_INJ_COUNT","NTFY_HIWY_MAINT","PED_COUNT","PED_DEATH_COUNT","PED_SUSP_SERIOUS_INJ_COUNT","PERSON_COUNT","POLICE_AGCY","POSSIBLE_INJ_COUNT","RDWY_SURF_TYPE_CD","RELATION_TO_ROAD","ROADWAY_CLEARED","ROAD_CONDITION","SCH_BUS_IND","SCH_ZONE_IND","SECONDARY_CRASH","SMALL_TRUCK_COUNT","SPEC_JURIS_CD","SUSP_MINOR_INJ_COUNT","SUSP_SERIOUS_INJ_COUNT","SUV_COUNT","TCD_FUNC_CD","TCD_TYPE","TFC_DETOUR_IND","TIME_OF_DAY","TOTAL_UNITS","TOT_INJ_COUNT","UNBELTED_OCC_COUNT","UNB_DEATH_COUNT","UNB_SUSP_SERIOUS_INJ_COUNT","UNK_INJ_DEG_COUNT","UNK_INJ_PER_COUNT","URBAN_RURAL","VAN_COUNT","VEHICLE_COUNT","WEATHER1","WEATHER2","WORKERS_PRES","WORK_ZONE_IND","WORK_ZONE_LOC","WORK_ZONE_TYPE","WZ_CLOSE_DETOUR","WZ_FLAGGER","WZ_LAW_OFFCR_IND","WZ_LN_CLOSURE","WZ_MOVING","WZ_OTHER","WZ_SHLDER_MDN","WZ_WORKERS_INJ_KILLED"
"2007126153","","1","0","0","0","0","0","0","0","0","1","0","","02","11","2007","1","40.3446","-79.8636","0847","11","0","0","0","0","0","1","0","0","","0","0","0","","","2","","1","","40 20:40.560","","0","79 51:48.960","4","0","0","0","2304","0","0","0","N","0","0","0","5","02304","1","","1.0","","1","N","N","","0","","0","0","0","","0","","","2","2","1","0","0","1","0","2","1","2","","","","N","","","","","","","","","",""
"2007126154","","0","0","0","0","0","0","0","0","0","0","1","","02","11","2007","2","","","1047","11","0","0","0","0","0","0","0","0","","0","1","0","","","0","","0","","","","0","","0","0","0","0","2304","0","0","0","","0","0","0","1","02304","0","","1.0","","1","N","N","","0","","0","0","0","","0","","","1","0","0","0","0","0","0","1","0","1","","","","N","","","","","","","","","",""
"2007126178","","1","0","0","0","0","0","0","0","0","1","0","","02","12","2007","2","40.503963","-79.813202","1905","11","0","0","0","0","0","1","0","0","","0","0","0","","","2","","0","","40 30:14.267","","0","79 48:47.527","8","0","0","0","2113","0","0","0","N","0","0","0","3","02113","0","","1.0","","7","N","N","","0","","0","0","1","","0","","","2","2","0","0","0","2","0","2","0","2","","","","N","","","","","","","","","",""
"2007126184","","1","0","0","0","0","0","0","0","0","7","0","","02","11","2007","4","40.496727","-80.026583","9999","11","1","0","0","0","0","0","0","0","","0","0","0","","","2","","0","","40 29:48.217","","0","80 01:35.698","4","0","0","0","2301","0","0","0","N","0","0","0","3","02301","2","","5.0","","9","N","N","","0","","0","0","0","","0","","","1","2","0","0","0","0","0","2","0","1","","","","N","","","","","","","","","",""
"2007126215","","0","0","0","0","0","0","0","0","0","2","0","","02","12","2007","1","40.465903","-80.11314","1814","11","0","0","0","0","0","0","1","0","2","0","0","0","","","2","","0","","40 27:57.250","7","0","80 06:47.303","4","0","0","0","2126","0","0","0","N","0","0","0","3","02126","2","","1.0","","1","N","N","","1","","0","0","0","","3","Y","","2","2","1","0","0","0","0","2","1","2","","","","N","","","","","","","","","",""
"2007126232","","1","0","0","0","0","0","0","0","0","7","0","","02","10","2007","3","40.4908","-79.8859","2243","11","0","0","0","0","0","0","0","0","1","0","0","0","","","1","","7","","40 29:26.880","1","2","79 53:09.240","3","0","0","0","2112","0","0","0","N","0","0","0","1","68D02","0","","7.0","","1","N","N","","0","","1","0","0","","0","N","","1","1","1","0","0","0","0","2","0","1","","","","N","","","","","","","","","",""
"2007126236","","0","0","0","0","0","0","0","0","0","7","0","","02","8","2007","6","40.414228","-79.995858","0150","11","0","0","0","0","0","0","0","0","3","1","0","0","","","0","","0","","40 24:51.220","6","0","79 59:45.088","1","1","0","1","2301","0","0","0","N","0","0","0","1","02301","0","2","4.0","","9","N","N","","0","0","0","0","0","","0","Y","","1","0","0","0","0","0","0","2","0","1","","","","N","","","","","","","","","",""
"2007126244","","1","0","0","0","0","0","0","0","0","7","0","","02","12","2007","4","40.394977","-79.777043","2307","11","0","0","0","0","0","0","0","0","","0","0","0","","","1","","2","","40 23:41.917","","0","79 46:37.354","8","0","0","0","2470","0","0","0","N","0","0","0","2","02424","0","","2.0","","1","N","N","","0","","0","0","0","","0","","","1","1","2","0","0","1","0","2","0","1","","","","N","","","","","","","","","",""
"2007126249","","0","0","0","0","0","0","0","0","0","7","0","","02","12","2007","2","40.5315","-79.866484","0322","11","0","0","0","0","0","0","0","0","","0","0","0","","","0","","0","","40 31:53.400","","0","79 51:59.344","0","0","0","0","2432","0","0","0","N","0","0","0","0","02432","0","","5.0","","1","N","N","","0","","0","0","1","","0","","","1","0","0","0","0","0","0","2","0","1","","","","N","","","","","","","","","",""
"2007126251","","1","0","0","0","0","0","0","0","0","7","0","","02","12","2007","7","40.563251","-79.967414","2105","11","0","0","0","0","0","0","1","0","","0","0","0","","","0","","0","","40 33:47.704","","0","79 58:02.692","0","0","0","0","2207","0","0","0","N","0","0","0","2","02207","0","","5.0","","2","N","N","","0","","0","0","0","","0","","","1","0","0","0","0","0","0","2","0","1","","","","N","","","","","","","","","",""
"2007126256","","2","0","0","0","0","0","0","0","0","4","0","","02","12","2007","3","40.331045","-79.986903","1159","11","0","0","1","0","0","0","0","0","","0","0","0","","","1","","2","","40 19:51.762","","0","79 59:12.849","3","0","0","0","2219","0","0","0","N","0","0","0","2","02219","0","","1.0","","1","N","N","","0","","1","0","0","","2","","","2","1","0","0","0","0","0","2","0","2","","","","N","","","","","","","","","",""
"2007126257","","0","0","0","0","0","0","0","0","0","7","0","","02","12","2007","6","40.31811","-79.813235","0211","11","0","0","0","0","0","0","0","0","3","0","0","0","","","0","","0","","40 19:05.196","6","0","79 48:47.646","0","0","0","0","2105","0","0","0","N","0","0","0","0","02105","0","","2.0","","1","N","N","","1","","0","0","0","","0","Y","","1","0","0","0","0","0","0","2","0","1","","","","N","","","","","","","","","",""
"2007126264","","2","0","0","0","0","0","0","0","0","1","0","","02","12","2007","5","40.4378","-79.7761","1425","11","0","0","0","0","0","0","0","0","","0","0","0","","","0","","0","","40 26:16.080","","3","79 46:33.960","0","0","0","0","2446","0","0","0","N","0","0","0","2","02446","0","","1.0","","9","N","N","","0","","0","0","0","","0","","","3","0","0","0","0","0","0","2","0","2","","","","N","","","","","","","","","",""
"2007126279","","1","0","0","0","0","0","0","0","0","1","0","","02","12","2007","2","40.365833","-79.949451","1713","11","0","0","0","0","0","1","0","1","","0","0","0","","","0","","0","","40 21:57.000","","0","79 56:58.024","0","0","0","0","2403","0","0","0","N","0","0","0","2","02403","0","","1.0","","1","N","N","","0","","0","0","1","","0","","","2","0","0","0","0","0","0","2","0","2","","","","N","","","","","","","","","",""
"2007126285","","1","0","0","0","0","0","0","0","0","4","0","","02","12","2007","6","40.413056","-80.07522","0655","11","0","0","0","0","0","0","1","0","1","0","0","0","","","0","","2","","40 24:47.000","1","0","80 04:30.792","0","0","0","0","2117","0","0","0","N","0","0","0","3","02117","0","","1.0","","1","N","N","","0","","0","0","0","","0","N","","2","0","1","0","0","0","0","2","1","2","","","","N","","","","","","","","","",""
"2007126297","","1","0","0","0","0","0","0","0","0","6","0","","02","12","2007","6","40.322951","-79.960644","1133","11","0","0","0","0","0","1","0","0","","0","0","0","","","0","","2","","40 19:22.623","","0","79 57:38.318","0","0","0","0","2454","0","0","0","N","0","0","0","2","02454","0","","1.0","","1","N","N","","0","","0","0","1","","3","","","2","0","0","0","0","0","0","2","0","2","","","","N","","","","","","","","","",""
"2007126300","","1","0","0","0","0","0","0","0","0","4","0","","02","12","2007","6","40.321944","-79.925998","1151","11","0","0","0","0","0","1","1","0","2","0","0","0","","","1","","2","","40 19:19.000","1","0","79 55:33.594","4","0","0","0","2440","0","0","0","N","0","0","0","3","02440","1","","1.0","","1","N","N","","0","","0","0","1","","3","N","","2","1","0","0","0","0","0","2","0","2","","","","N","","","","","","","","","",""
"2007126301","","1","0","0","0","0","0","0","0","0","4","0","","02","12","2007","6","40.338889","-79.960215","0827","11","0","0","0","0","0","1","0","0","","0","0","0","","","0","","1","","40 20:20.000","","0","79 57:36.773","0","0","0","0","2454","0","0","0","N","0","0","0","2","02454","0","","1.0","","1","N","N","","0","","0","0","1","","2","","","2","0","0","0","0","0","0","2","0","2","","","","N","","","","","","","","","",""
"2007126316","","1","0","0","0","0","0","0","0","0","7","0","","02","12","2007","6","40.494487","-79.750372","1702","11","0","0","0","0","0","0","0","1","","0","0","0","","","0","","0","","40 29:40.154","","0","79 45:01.339","0","0","0","0","2466","0","0","0","N","0","0","0","1","02466","0","","5.0","","9","N","N","","0","","0","0","0","","0","","","1","0","0","0","0","0","0","2","0","1","","","","N","","","","","","","","","",""
"2007126317","","2","0","0","0","0","0","0","0","0","1","0","","02","12","2007","6","40.519","-79.9406","1736","11","0","0","0","1","0","0","1","0","","0","0","0","","","0","","0","","40 31:08.400","","0","79 56:26.160","0","0","0","0","2118","0","0","0","N","0","0","0","2","02118","0","","1.0","","9","N","N","","0","","0","0","0","","0","","","2","0","0","0","0","0","0","2","0","2","","","","N","","","","","","","","","",""
"2007126319","","3","0","0","0","0","0","0","0","0","1","0","","02","12","2007","7","40.605987","-80.087086","1531","11","0","1","0","0","0","2","0","1","","0","0","0","","","0","","0","","40 36:21.553","","0","80 05:13.509","0","0","0","0","2481","0","0","0","N","0","0","0","6","02481","0","","1.0","","1","N","N","","0","","0","0","1","","0","","","4","0","0","0","0","0","0","2","0","4","","","","N","","","","","","","","","",""
"2007126320","","1","0","0","0","0","0","0","0","0","4","0","","02","12","2007","5","40.613611","-80.099981","0926","11","0","0","0","0","0","1","0","0","1","0","0","0","","","0","","1","","40 36:49.000","3","0","80 05:59.932","0","0","0","0","2481","0","0","0","N","0","0","0","2","02481","0","","1.0","","1","N","N","","1","","0","0","0","","2","N","","2","0","0","0","0","0","0","1","0","2","","","","N","","","","","","","","","",""
"2007126321","","0","0","0","0","0","0","0","0","0","7","0","","02","12","2007","4","40.601669","-80.129266","1840","11","0","0","0","0","0","0","0","0","","0","1","0","","","0","","0","","40 36:06.007","","3","80 07:45.357","0","0","0","0","2481","0","0","0","Y","0","0","0","1","02481","0","","5.0","","1","N","N","","0","","0","0","0","","4","","","1","0","0","0","0","0","0","1","0","1","","","","N","","","","","","","","","",""
"2007126322","","1","0","0","0","0","0","0","0","0","1","0","","02","12","2007","5","40.591944","-80.074994","1000","11","0","0","0","0","0","0","0","0","","0","0","0","","","1","","2","","40 35:31.000","","0","80 04:29.977","3","0","0","0","2481","0","0","0","N","0","0","0","3","02481","0","","1.0","","9","N","N","","0","","1","0","1","","3","","","2","1","0","0","0","0","0","2","0","2","","","","N","","","","","","","","","",""
"2007126381","","1","0","0","0","0","0","0","0","0","2","0","","02","12","2007","7","40.4467","-80.0099","0127","11","0","0","0","0","0","0","0","0","","0","0","0","","","1","","0","","40 26:48.120","","0","80 00:35.640","4","0","0","0","2405","0","0","0","N","0","0","0","3","02215","1","","1.0","","1","N","N","","1","","0","0","0","","0","","","2","1","0","0","0","0","0","2","0","2","","","","N","","","","","","","","","",""
"2007126383","","2","0","0","0","0","0","0","0","0","1","0","","02","11","2007","6","40.332778","-80.131665","9999","11","0","0","0","0","0","1","0","0","","0","0","0","","","1","","0","","40 19:58.000","","0","80 07:53.993","4","0","0","0","2119","0","0","0","N","0","0","0","3","02119","1","","1.0","","1","N","N","","0","","0","0","0","","0","","","2","1","0","0","0","0","0","2","0","2","","","","N","","","","","","","","","",""
"2007126384","","0","0","0","0","0","0","0","0","0","7","0","","02","12","2007","4","40.349444","-80.148757","1614","11","0","0","0","0","0","1","0","0","1","0","0","0","","","0","","0","","40 20:58.000","4","0","80 08:55.525","0","0","0","0","2119","0","0","0","Y","0","0","0","1","02119","0","","3.0","","2","N","N","","1","","0","0","0","","0","N","","1","0","0","0","0","0","0","2","0","1","","","","N","","","","","","","","","",""
"2007126385","","1","0","0","0","0","0","0","0","0","7","0","","02","12","2007","6","40.493126","-80.022069","1018","11","0","0","0","0","0","1","0","0","","0","0","0","","","0","","0","","40 29:35.254","","0","80 01:19.449","0","0","0","0","2301","0","0","0","N","0","0","0","1","02301","0","","4.0","","7","N","N","","0","","0","0","0","","0","","","1","0","0","0","0","0","0","2","0","1","","","","N","","","","","","","","","",""
"2007126386","","1","0","0","0","0","0","0","0","0","4","1","","02","12","2007","4","40.470646","-79.974891","0855","11","0","0","0","0","0","1","0","0","","0","1","0","","","0","","0","","40 28:14.324","","0","79 58:29.607","0","0","0","0","2301","0","0","0","N","0","0","0","2","02301","0","","1.0","","7","N","N","","0","","0","0","0","","0","","","2","0","0","0","0","0","0","2","0","2","","","","N","","","","","","","","","",""
"2007126387","","1","0","0","0","0","0","0","0","0","7","0","","02","12","2007","4","40.479722","-80.011798","0842","11","0","0","0","0","0","0","0","0","","0","0","0","","","0","","2","","40 28:47.000","","0","80 00:42.474","0","0","0","0","2301","0","0","0","N","0","0","0","2","02301","0","","4.0","","6","N","N","","0","","0","0","0","","0","","","1","0","0","0","0","0","0","2","0","1","","","","N","","","","","","","","","",""
"2007126388","","1","0","0","0","0","0","0","0","0","99","0","","02","12","2007","6","40.47971","-80.011792","1251","11","0","0","0","0","0","1","0","0","","0","0","0","","","1","","0","","40 28:46.957","","0","80 00:42.452","4","0","0","0","2301","0","0","0","N","0","0","0","2","02301","1","","4.0","","6","N","N","","0","","0","0","0","","0","","","1","1","0","0","0","0","0","2","0","1","","","","N","","","","","","","","","",""
"2007126389","","2","0","0","0","0","0","0","0","0","1","0","","02","12","2007","7","40.475284","-80.039589","1851","11","0","0","0","0","0","0","0","0","","0","0","0","","","2","","2","","40 28:31.022","","0","80 02:22.520","4","0","0","0","2301","0","0","0","N","0","0","0","2","02301","2","","1.0","","9","N","N","","0","","0","0","0","","2","","","2","2","0","0","0","0","0","2","0","2","","","","N","","","","","","","","","",""
"2007126390","","1","0","0","0","0","0","0","0","0","8","0","","02","12","2007","2","40.443192","-79.953512","1302","11","0","0","0","0","0","0","0","0","","0","0","0","","","1","","1","","40 26:35.490","","0","79 57:12.644","4","0","0","0","2301","1","0","0","N","1","0","0","2","02301","1","","1.0","","9","N","N","","0","","0","0","0","","2","","","2","1","0","0","0","0","0","2","0","1","","","","N","","","","","","","","","",""
"2007126391","","2","0","0","0","0","0","0","0","0","1","0","","02","12","2007","3","40.428249","-79.933914","0737","11","0","0","0","1","0","0","0","0","","0","0","0","","","0","","0","","40 25:41.696","","0","79 56:02.090","0","0","0","0","2301","0","0","0","N","0","0","0","1","02301","0","","6.0","","1","N","N","","0","","0","0","0","","0","","","2","0","0","0","0","0","0","2","0","2","","","","N","","","","","","","","","",""
"2007126402","","1","0","0","0","0","0","0","0","0","1","0","","02","12","2007","3","","","1904","11","0","0","0","0","0","1","0","0","2","0","0","0","","","0","","0","","","1","2","","0","0","0","0","2301","0","0","0","N","0","0","0","5","02301","0","","1.0","","9","N","N","","0","","0","0","1","","0","N","","2","0","0","0","0","0","0","1","0","2","","","","N","","","","","","","","","",""
"2007126429","","0","0","0","0","0","0","0","0","0","7","0","","02","11","2007","4","40.318889","-80.117563","2000","11","0","0","0","0","0","0","0","0","2","0","0","0","","","0","","2","","40 19:08.000","3","0","80 07:03.225","0","0","0","0","2119","0","0","0","N","0","0","0","1","02119","0","","5.0","","9","N","N","","1","","0","0","0","","2","N","","1","0","0","0","0","0","0","2","0","1","","","","N","","","","","","","","","",""
"2007126430","","0","0","0","0","0","0","0","0","0","0","0","","02","11","2007","4","40.325556","-80.124095","0454","11","0","0","0","0","0","0","0","0","1","0","0","0","","","0","","0","","40 19:32.000","6","0","80 07:26.742","0","0","0","0","2119","0","0","0","Y","0","0","0","2","02119","0","","2.0","","2","N","N","","1","","0","0","0","","0","N","","1","0","0","0","0","0","0","2","0","1","","","","N","","","","","","","","","",""
"2007126431","","1","0","0","0","0","0","0","0","0","2","0","","02","12","2007","4","40.361944","-80.110694","9999","11","0","0","0","0","0","0","0","0","","0","0","0","","","0","","0","","40 21:43.000","","0","80 06:38.499","0","0","0","0","2119","0","0","0","N","0","0","0","3","02119","0","","1.0","","9","N","N","","1","","0","0","0","","0","","","2","0","0","0","0","0","0","2","0","2","","","","N","","","","","","","","","",""
"2007126491","","1","0","0","0","0","0","0","0","0","1","0","","02","10","2007","6","","","2355","11","0","0","0","0","0","1","0","0","","0","0","0","","","2","","6","","40 25:12.00","","2","80 03:02.16","4","0","0","0","2435","0","0","0","N","0","0","0","3","68B03","2","","7.0","","1","N","N","","1","","0","0","0","","3","","","2","2","0","0","0","0","0","2","0","2","","","","N","","","","","","","","","",""
"2007126578","","0","0","0","0","0","0","0","0","0","7","0","","02","12","2007","4","40.3046","-79.8634","1610","11","0","0","0","0","0","1","0","0","2","0","0","0","","","0","","0","","40 18:16.560","7","0","79 51:48.240","0","0","0","0","2443","0","0","0","N","0","0","0","1","02443","0","","2.0","","2","N","N","","0","","0","0","1","","0","Y","","1","0","0","0","0","0","0","1","0","1","","","","N","","","","","","","","","",""
"2007126591","","1","0","1","0","0","0","0","0","0","7","0","","02","12","2007","6","40.390513","-79.951082","1906","11","0","0","0","0","0","0","0","0","2","0","0","0","","","2","","0","","40 23:25.845","6","0","79 57:03.896","2","0","0","0","2403","0","0","0","N","0","0","0","2","02403","0","","2.0","","9","N","N","","0","","1","1","0","","0","N","","1","2","0","0","0","0","0","2","0","1","","","","N","","","","","","","","","",""
"2007126602","","1","0","0","0","0","0","0","0","0","7","0","","02","12","2007","4","40.396154","-80.009616","1520","11","0","0","0","0","0","0","0","0","","0","0","0","","","1","","0","","40 23:46.155","","0","80 00:34.619","8","0","0","0","2301","0","0","0","N","0","0","0","2","02301","0","","5.0","","2","N","N","","0","","0","0","0","","0","","","1","1","0","0","0","1","0","2","0","1","","","","N","","","","","","","","","",""
"2007126615","","1","0","0","0","0","0","0","0","0","7","0","","02","11","2007","2","40.413045","-79.857868","1632","11","0","0","0","0","0","0","0","0","2","0","0","0","","","1","","0","","40 24:46.961","6","0","79 51:28.325","3","0","0","0","2411","0","0","0","N","0","0","0","1","02411","0","","2.0","","1","N","N","","0","","1","0","0","","0","Y","","1","1","0","0","0","0","0","2","0","1","","","","N","","","","","","","","","",""
"2007126619","","2","0","0","0","0","0","0","0","0","4","0","","02","12","2007","6","40.368341","-80.084136","2255","11","0","0","0","1","1","0","0","0","","0","0","0","","","0","","1","","40 22:06.027","","0","80 05:02.889","0","0","0","0","2117","0","0","0","N","0","0","0","6","02117","0","","1.0","","9","N","N","","0","","0","0","0","","2","","","2","0","0","0","0","0","0","2","0","2","","","","N","","","","","","","","","",""
"2007126625","","3","0","0","0","0","0","0","0","0","1","0","","02","10","2007","5","","","0520","11","0","0","0","0","0","2","0","0","","0","0","0","","","1","","0","","40 24:38.88","","0","80 04:25.68","4","0","0","0","2415","0","0","0","N","0","0","0","3","68B03","1","","1.0","","1","N","N","","0","","0","0","0","","0","","","3","1","0","0","0","0","0","2","0","3","","","","N","","","","","","","","","",""
"2007126655","","1","0","0","0","0","0","0","0","0","7","0","","02","12","2007","7","40.324722","-79.879545","0727","11","0","1","0","0","0","0","0","0","","0","0","0","","","0","","0","","40 19:29.000","","0","79 52:46.361","9","0","0","0","2433","0","0","0","N","0","0","0","2","02433","0","","2.0","","2","N","N","","0","","0","0","0","","0","","","1","0","0","0","0","0","1","2","0","1","","","","N","","","","","","","","","",""
"2007126714","","1","0","0","0","0","0","0","0","0","7","0","","02","12","2007","4","40.566556","-80.212528","1157","11","0","0","0","0","0","0","0","0","1","0","0","0","","","1","","0","","40 33:59.600","5","7","80 12:45.100","4","0","0","0","2441","0","0","0","N","0","0","0","1","02441","1","","4.0","","1","N","N","","0","","0","0","0","","0","N","","1","1","0","0","0","0","0","2","0","1","","","","N","","","","","","","","","",""
"2007126752","","1","0","0","0","0","0","0","0","0","99","0","","02","11","2007","1","40.4228","-79.7366","1126","11","0","0","0","0","0","0","0","0","","0","0","0","","","0","","0","","40 25:22.080","","0","79 44:11.760","0","0","0","0","2446","0","0","0","N","0","0","0","1","68T09","0","","1.0","","1","N","N","","0","","0","0","0","","0","","","1","0","0","0","0","0","0","2","0","1","","","","N","","","","","","","","","",""
"2007126777","","1","0","0","0","0","0","0","0","0","2","0","","02","11","2007","1","40.378333","-80.161328","1245","11","0","0","0","0","0","1","0","1","","0","0","0","","","1","","2","","40 22:42.000","","0","80 09:40.782","4","0","0","0","2119","0","0","0","N","0","0","0","3","02119","1","","1.0","","1","N","N","","1","","0","0","0","","3","","","2","1","0","0","0","0","0","2","0","2","","","","N","","","","","","","","","",""
"2007126778","","1","0","0","0","0","0","0","0","0","7","0","","02","11","2007","5","40.350278","-80.117091","0130","11","0","0","0","1","0","0","0","0","","0","0","0","","","2","","7","","40 21:01.000","","2","80 07:01.526","8","0","0","0","2119","0","0","0","N","0","0","0","4","02119","0","","7.0","","9","N","N","","0","","0","0","0","","0","","","1","2","0","0","0","2","0","2","0","1","","","","N","","","","","","","","","",""
"2007126779","","1","0","0","0","0","0","0","0","0","7","0","","02","11","2007","5","40.333333","-80.133396","0238","11","0","0","0","0","0","0","0","0","1","0","0","0","","","1","","2","","40 20:00.000","3","0","80 08:00.227","4","0","0","0","2119","0","0","0","N","0","0","0","2","02119","1","","4.0","","9","N","N","","0","","0","0","0","","0","N","","1","1","0","0","0","0","0","2","0","1","","","","N","","","","","","","","","",""
"2007126784","","1","0","0","0","0","0","0","0","0","7","0","","02","12","2007","2","40.558056","-80.023267","2342","11","0","0","0","0","0","0","0","0","1","0","0","0","","","0","","1","","40 33:29.000","2","0","80 01:23.762","0","0","0","0","2108","0","0","0","N","0","0","0","1","02108","0","","4.0","","7","N","N","","0","","0","0","0","","2","N","","1","0","0","0","0","0","0","2","0","1","","","","N","","","","","","","","","",""
"2007126849","","2","0","0","0","0","0","0","0","0","1","0","","02","11","2007","2","40.449444","-79.992985","1703","11","0","0","0","0","0","0","0","0","","0","0","0","","","0","","0","","40 26:58.000","","0","79 59:34.746","0","0","0","0","2301","0","0","0","N","0","0","0","2","68B03","0","","1.0","","1","N","N","","0","","0","0","0","","0","","","2","0","0","0","0","0","0","2","0","2","","","","N","","","","","","","","","",""
"2007126905","","1","0","0","0","0","0","0","0","0","1","0","","02","12","2007","6","40.353298","-80.007778","2252","11","0","0","0","0","0","2","0","0","1","0","0","0","","","2","","0","","40 21:11.872","6","7","80 00:27.999","3","0","0","0","2476","0","0","0","N","0","0","0","3","02476","0","","1.0","","9","N","N","","0","","1","0","1","","0","Y","","2","2","1","0","0","1","0","2","0","2","","","","N","","","","","","","","","",""
"2007126930","","1","0","0","0","0","0","0","0","0","7","0","","02","12","2007","5","40.517806","-80.16625","2349","11","0","0","0","0","0","0","0","0","","0","0","0","","","0","","0","","40 31:04.100","","0","80 09:58.500","0","0","0","0","2420","0","0","0","N","0","0","0","1","02420","0","","4.0","","1","N","N","","0","","0","0","0","","0","","","1","0","0","0","0","0","0","2","0","1","","","","N","","","","","","","","","",""
"2007126949","","1","0","0","0","0","0","0","0","0","4","0","","02","12","2007","4","40.453889","-79.951931","0800","11","0","0","0","0","0","0","0","0","2","0","0","0","","","0","","1","","40 27:14.000","2","0","79 57:06.950","0","0","0","0","2301","0","0","0","N","0","0","0","3","02301","0","","1.0","","7","N","N","","0","","0","0","1","","2","N","","2","0","1","0","0","0","0","2","0","2","","","","N","","","","","","","","","",""
"2007126950","","1","0","0","0","0","0","0","0","0","6","0","","02","12","2007","4","","","1524","11","0","0","0","0","0","0","0","0","","0","0","0","","","0","","0","","","","0","","0","0","0","0","2301","0","0","0","N","0","0","0","2","02301","0","","1.0","","6","N","N","","0","","0","0","1","","0","","","2","0","0","0","0","0","0","1","0","2","","","","N","","","","","","","","","",""
"2007126951","","2","0","0","0","0","0","0","0","0","1","0","","02","12","2007","7","","","2125","11","0","0","0","0","0","0","1","0","3","0","0","0","","","0","","0","","40 30:18.36","4","0","80 01:46.56","0","0","0","0","2301","0","0","0","N","0","0","0","6","02301","0","","1.0","","2","N","N","","0","","0","0","0","","0","N","","2","0","0","0","0","0","0","2","0","2","","","","N","","","","","","","","","",""
"2007126952","","2","0","0","0","0","0","0","0","0","4","0","","02","12","2007","4","40.449819","-79.929656","1530","11","0","0","0","0","0","0","0","0","","0","0","0","","","0","","1","","40 26:59.348","","0","79 55:46.761","0","0","0","0","2301","0","0","0","N","0","0","0","2","02301","0","","1.0","","2","N","N","","0","","0","0","0","","2","","","2","0","0","0","0","0","0","2","0","2","","","","N","","","","","","","","","",""
"2007126962","","1","0","0","0","0","0","0","0","0","4","0","","02","12","2007","4","40.436185","-79.972864","2139","11","0","0","0","0","0","0","0","0","1","0","0","0","","","1","","2","","40 26:10.266","4","0","79 58:22.309","4","0","0","0","2301","0","0","0","N","0","0","0","2","02301","1","","1.0","","6","N","N","","0","","0","0","0","","2","N","","2","1","0","0","0","0","0","2","1","2","","","","N","","","","","","","","","",""
"2007126963","","6","0","0","0","0","0","0","0","0","0","0","","02","12","2007","7","40.4527","-79.9962","2335","11","0","0","0","0","1","0","0","0","2","0","0","0","","","0","","7","","40 27:09.720","1","2","79 59:46.320","0","0","0","0","2301","0","0","0","N","0","0","0","12","02301","0","","1.0","","9","N","N","","0","","0","0","1","","0","Y","","7","0","0","0","0","0","0","2","0","7","","","","N","","","","","","","","","",""
"2007127013","","1","0","0","0","0","0","0","0","0","2","0","","02","12","2007","3","40.640278","-80.089709","0751","11","0","0","0","0","0","1","0","0","1","0","0","0","","","1","","2","","40 38:25.000","1","0","80 05:22.954","4","0","0","0","2212","0","0","0","N","0","0","0","2","02505","1","","1.0","","1","N","N","","0","","0","0","1","","0","N","","2","1","0","0","0","0","0","2","0","2","","","","N","","","","","","","","","",""
"2007127025","","1","0","0","0","0","0","0","0","0","0","0","","02","12","2007","1","40.673339","-80.11682","1301","11","0","0","0","0","0","0","0","0","1","0","0","0","","","1","","0","","40 40:24.021","2","0","80 07:00.552","4","0","0","0","2212","0","0","0","N","0","0","0","1","02505","1","","1.0","","9","N","N","","0","","0","0","0","","0","N","","1","1","0","0","0","0","0","2","0","1","","","","N","","","","","","","","","",""