"CRN","ARRIVAL_TM","AUTOMOBILE_COUNT","BELTED_DEATH_COUNT","BELTED_SUSP_SERIOUS_INJ_COUNT","BICYCLE_COUNT","BICYCLE_DEATH_COUNT","BICYCLE_SUSP_SERIOUS_INJ_COUNT","BUS_COUNT","CHLDPAS_DEATH_COUNT","CHLDPAS_SUSP_SERIOUS_INJ_COUNT","COLLISION_TYPE","COMM_VEH_COUNT","CONS_ZONE_SPD_LIM","COUNTY","CRASH_MONTH","CRASH_YEAR","DAY_OF_WEEK","DEC_LATITUDE","DEC_LONGITUDE","DISPATCH_TM","DISTRICT","DRIVER_COUNT_16YR","DRIVER_COUNT_17YR","DRIVER_COUNT_18YR","DRIVER_COUNT_19YR","DRIVER_COUNT_20YR","DRIVER_COUNT_50_64YR","DRIVER_COUNT_65_74YR","DRIVER_COUNT_75PLUS","EST_HRS_CLOSED","FATAL_COUNT","HEAVY_TRUCK_COUNT","HORSE_BUGGY_COUNT","HOUR_OF_DAY","ILLUMINATION","INJURY_COUNT","INTERSECTION_RELATED","INTERSECT_TYPE","LANE_CLOSED","LATITUDE","LN_CLOSE_DIR","LOCATION_TYPE","LONGITUDE","MAX_SEVERITY_LEVEL","MCYCLE_DEATH_COUNT","MCYCLE_SUSP_SERIOUS_INJ_COUNT","MOTORCYCLE_COUNT","MUNICIPALITY","NONMOTR_COUNT","NONMOTR_DEATH_COUNT","NONMOTR_SUSP_SERIOUS_INJ_COUNT","NTFY_HIWY_MAINT","PED_COUNT","PED_DEATH_COUNT","PED_SUSP_SERIOUS_INJ_COUNT","PERSON_COUNT","POLICE_AGCY","POSSIBLE_INJ_COUNT","RDWY_SURF_TYPE_CD","RELATION_TO_ROAD","ROADWAY_CLEARED","ROAD_CONDITION","SCH_BUS_IND","SCH_ZONE_IND","SECONDARY_CRASH","SMALL_TRUCK_COUNT","SPEC_JURIS_CD","SUSP_MINOR_INJ_COUNT","SUSP_SERIOUS_INJ_COUNT","SUV_COUNT","TCD_FUNC_CD","TCD_TYPE","TFC_DETOUR_IND","TIME_OF_DAY","TOTAL_UNITS","TOT_INJ_COUNT","UNBELTED_OCC_COUNT","UNB_DEATH_COUNT","UNB_SUSP_SERIOUS_INJ_COUNT","UNK_INJ_DEG_COUNT","UNK_INJ_PER_COUNT","URBAN_RURAL","VAN_COUNT","VEHICLE_COUNT","WEATHER1","WEATHER2","WORKERS_PRES","WORK_ZONE_IND","WORK_ZONE_LOC","WORK_ZONE_TYPE","WZ_CLOSE_DETOUR","WZ_FLAGGER","WZ_LAW_OFFCR_IND","WZ_LN_CLOSURE","WZ_MOVING","WZ_OTHER","WZ_SHLDER_MDN","WZ_WORKERS_INJ_KILLED"
"2007127806","","2","0","0","0","0","0","0","0","0","5","0","","02","12","2007","4","40.479722","-80.011798","0842","11","0","0","0","0","0","1","0","0","","0","0","0","","","1","","2","","40 28:47.000","","0","80 00:42.474","4","0","0","0","2301","0","0","0","N","0","0","0","2","02301","1","","2.0","","2","N","N","","0","","0","0","0","","0","","","2","1","0","0","0","0","0","2","0","2","","","","N","","","","","","","","","",""
"2007127807","","2","0","0","0","0","0","0","0","0","1","0","","02","12","2007","4","40.467778","-80.021934","0726","11","0","0","0","0","0","0","0","0","","0","0","0","","","0","","2","","40 28:04.000","","0","80 01:18.962","0","0","0","0","2301","0","0","0","N","0","0","0","1","02301","0","","1.0","","9","N","N","","0","","0","0","0","","0","","","2","0","0","0","0","0","0","2","0","2","","","","N","","","","","","","","","",""
"2007127808","","1","0","0","0","0","0","0","0","0","8","0","","02","12","2007","3","40.424156","-79.936391","1910","11","0","0","0","0","0","0","1","0","","0","0","0","","","1","","1","","40 25:26.961","","0","79 56:11.007","4","0","0","0","2301","1","0","0","N","1","0","0","2","02301","1","","1.0","","9","N","N","","0","","0","0","0","","3","","","2","1","0","0","0","0","0","2","0","1","","","","N","","","","","","","","","",""
"2007127887","","2","0","0","0","0","0","0","0","0","4","0","","02","12","2007","3","40.407331","-80.046013","1143","11","0","0","0","0","0","0","1","0","","0","0","0","","","2","","2","","40 24:26.391","","0","80 02:45.646","4","0","0","0","2301","0","0","0","N","0","0","0","2","02301","2","","1.0","","7","N","N","","0","","0","0","0","","3","","","2","2","0","0","0","0","0","2","0","2","","","","N","","","","","","","","","",""
"2007127888","","1","0","0","0","0","0","0","0","0","7","0","","02","12","2007","4","40.385574","-79.983762","0934","11","0","0","0","0","0","0","0","1","","0","0","0","","","0","","0","","40 23:08.066","","0","79 59:01.543","0","0","0","0","2301","0","0","0","N","0","0","0","1","02301","0","","5.0","","9","N","N","","0","","0","0","1","","0","","","2","0","0","0","0","0","0","2","0","2","","","","N","","","","","","","","","",""
"2007127894","","1","0","0","0","0","0","0","0","0","5","0","","02","12","2007","4","40.377801","-79.915014","1610","11","0","0","0","0","0","0","0","0","","0","0","0","","","0","","0","","40 22:40.083","","0","79 54:54.050","0","0","0","0","2301","0","0","0","N","0","0","0","2","02301","0","","2.0","","2","N","N","","0","","0","0","1","","0","","","2","0","0","0","0","0","0","2","0","2","","","","N","","","","","","","","","",""
"2007127895","","1","0","0","0","0","0","0","0","0","1","0","","02","12","2007","4","40.41922","-79.941694","0900","11","0","0","0","0","0","0","0","0","2","0","1","0","","","1","","0","","40 25:09.192","5","0","79 56:30.098","4","0","0","0","2301","0","0","0","N","0","0","0","5","02301","1","","1.0","","2","N","N","","1","","0","0","0","","0","Y","","3","1","0","0","0","0","0","2","0","3","","","","N","","","","","","","","","",""
"2007127896","","2","0","0","0","0","0","0","0","0","4","0","","02","12","2007","1","40.43678","-79.959194","1409","11","0","0","0","0","1","0","0","0","","0","0","0","","","0","","0","","40 26:12.408","","7","79 57:33.098","0","0","0","0","2301","0","0","0","N","0","0","0","2","02301","0","","1.0","","9","N","N","","0","","0","0","0","","0","","","2","0","0","0","0","0","0","2","0","2","","","","N","","","","","","","","","",""
"2007127897","","1","0","0","0","0","0","0","0","0","4","0","","02","12","2007","4","40.446629","-79.893625","1647","11","0","0","1","0","0","0","0","0","","0","0","0","","","0","","0","","40 26:47.863","","0","79 53:37.050","0","0","0","0","2301","0","0","0","N","0","0","0","3","02301","0","","1.0","","1","N","N","","0","","0","0","1","","0","","","2","0","0","0","0","0","0","2","0","2","","","","N","","","","","","","","","",""
"2007127898","","1","0","0","0","0","0","0","0","0","4","0","","02","12","2007","4","40.453889","-79.953338","1812","11","0","0","0","0","0","1","0","0","2","0","0","0","","","4","","2","","40 27:14.000","7","0","79 57:12.018","4","0","0","0","2301","0","0","0","N","0","0","0","5","02301","2","","1.0","","1","N","N","","0","","0","0","0","","2","Y","","2","4","4","0","0","2","0","2","1","2","","","","N","","","","","","","","","",""
"2007127899","","1","0","0","0","0","0","0","0","0","8","0","","02","12","2007","4","40.437726","-79.934025","2035","11","0","0","0","0","0","0","0","1","","0","0","0","","","1","","2","","40 26:15.813","","0","79 56:02.490","4","0","0","0","2301","1","0","0","N","1","0","0","2","02301","1","","1.0","","1","N","N","","0","","0","0","0","","0","","","2","1","0","0","0","0","0","2","0","1","","","","N","","","","","","","","","",""
"2007127900","","2","0","0","0","0","0","0","0","0","4","0","","02","12","2007","3","40.449839","-79.929647","2310","11","0","0","0","0","0","0","0","0","","0","0","0","","","0","","1","","40 26:59.420","","0","79 55:46.729","0","0","0","0","2301","0","0","0","N","0","0","0","2","02301","0","","1.0","","1","N","N","","0","","0","0","0","","2","","","2","0","0","0","0","0","0","2","0","2","","","","N","","","","","","","","","",""
"2007127901","","2","0","0","0","0","0","0","0","0","1","0","","02","12","2007","2","40.554444","-80.02124","1440","11","0","0","0","0","0","0","0","0","2","0","0","0","","","2","","1","","40 33:16.000","2","0","80 01:16.463","4","0","0","0","2108","0","0","0","N","0","0","0","2","02108","2","","1.0","","9","N","N","","0","","0","0","0","","2","Y","","2","2","1","0","0","0","0","2","0","2","","","","N","","","","","","","","","",""
"2007127902","","1","0","0","0","0","0","0","0","0","1","0","","02","12","2007","4","40.6125","-80.05439","1454","11","0","0","0","0","0","1","0","0","","0","0","0","","","1","","1","","40 36:45.000","","0","80 03:15.803","4","0","0","0","2108","0","0","0","N","0","0","0","2","02108","1","","1.0","","1","N","N","","1","","0","0","0","","2","","","2","1","0","0","0","0","0","2","0","2","","","","N","","","","","","","","","",""
"2007127903","","1","0","0","0","0","0","0","0","0","6","0","","02","12","2007","4","40.571944","-80.023504","2041","11","0","0","0","0","0","0","0","0","2","0","0","0","","","1","","1","","40 34:19.000","1","0","80 01:24.616","4","0","0","0","2108","0","0","0","N","0","0","0","3","02108","1","","1.0","","9","N","N","","1","","0","0","0","","2","Y","","2","1","1","0","0","0","0","2","0","2","","","","N","","","","","","","","","",""
"2007127904","","1","0","0","0","0","0","0","0","0","1","0","","02","12","2007","5","40.5579","-80.0164","1651","11","0","0","0","1","0","0","0","0","2","0","0","0","","","1","","0","","40 33:28.440","2","0","80 00:59.040","4","0","0","0","2108","0","0","0","N","0","0","0","3","02108","1","","1.0","","1","N","N","","0","","0","0","0","","0","Y","","2","1","0","0","0","0","0","2","1","2","","","","N","","","","","","","","","",""
"2007127905","","1","0","0","0","0","0","0","0","0","4","0","","02","12","2007","3","40.555833","-80.038972","1442","11","0","0","0","0","0","0","1","1","1","0","0","0","","","1","","0","","40 33:21.000","2","0","80 02:20.299","8","0","0","0","2108","0","0","0","N","0","0","0","2","02108","0","","1.0","","9","N","N","","1","","0","0","0","","0","N","","2","1","0","0","0","1","0","2","0","2","","","","N","","","","","","","","","",""
"2007127906","","1","0","0","0","0","0","0","0","0","99","0","","02","12","2007","4","40.587778","-80.021514","0734","11","0","0","0","0","0","0","0","0","","0","0","0","","","0","","0","","40 35:16.000","","0","80 01:17.450","0","0","0","0","2108","0","0","0","N","0","0","0","1","02108","0","","1.0","","9","N","N","","0","","0","0","0","","0","","","1","0","0","0","0","0","0","2","0","1","","","","N","","","","","","","","","",""
"2007127907","","2","0","0","0","0","0","0","0","0","6","0","","02","12","2007","2","40.56676","-80.044094","1707","11","0","0","0","0","0","1","0","0","2","0","0","0","","","0","","0","","40 34:00.337","2","0","80 02:38.740","0","0","0","0","2108","0","0","0","N","0","0","0","3","02108","0","","1.0","","2","N","N","","0","","0","0","0","","0","Y","","2","0","0","0","0","0","0","2","0","2","","","","N","","","","","","","","","",""
"2007127908","","1","0","0","0","0","0","0","0","0","1","0","","02","12","2007","7","40.612222","-80.054386","1934","11","0","0","0","0","0","1","0","0","","0","0","0","","","1","","1","","40 36:44.000","","0","80 03:15.789","4","0","0","0","2108","0","0","0","N","0","0","0","2","02108","1","","1.0","","1","N","N","","0","","0","0","1","","2","","","2","1","0","0","0","0","0","2","0","2","","","","N","","","","","","","","","",""
"2007127946","","0","0","0","0","0","0","0","0","0","7","0","","02","12","2007","5","40.4129","-80.0081","2322","11","0","0","0","0","0","0","0","0","2","0","0","0","","","1","","6","","40 24:46.440","2","2","80 00:29.160","4","0","0","0","2301","0","0","0","N","0","0","0","1","02301","1","","4.0","","6","N","N","","1","","0","0","0","","4","N","","1","1","0","0","0","0","0","2","0","1","","","","N","","","","","","","","","",""
"2007127947","","2","0","0","0","0","0","0","0","0","4","0","","02","12","2007","2","40.422859","-79.990508","1428","11","0","0","0","0","0","0","1","0","","0","0","0","","","1","","0","","40 25:22.292","","0","79 59:25.828","3","0","0","0","2301","0","0","0","N","0","0","0","2","02301","0","","1.0","","9","N","N","","0","","1","0","0","","0","","","2","1","0","0","0","0","0","2","0","2","","","","N","","","","","","","","","",""
"2007127949","","1","0","0","0","0","0","0","0","0","1","0","","02","12","2007","3","40.402046","-79.989408","0330","11","0","0","0","0","0","0","0","0","","0","0","0","","","0","","0","","40 24:07.364","","0","79 59:21.867","9","0","0","0","2301","0","0","0","N","0","0","0","1","02301","0","","2.0","","9","N","N","","0","","0","0","0","","0","","","2","0","0","0","0","0","1","2","0","2","","","","N","","","","","","","","","",""
"2007127950","","1","0","0","0","0","0","0","0","0","7","0","","02","12","2007","4","40.415712","-80.011115","1838","11","0","0","0","0","0","1","0","0","","0","0","0","","","0","","0","","40 24:56.563","","0","80 00:40.014","0","0","0","0","2301","0","0","0","N","0","0","0","1","02301","0","","5.0","","1","N","N","","0","","0","0","0","","0","","","1","0","0","0","0","0","0","2","0","1","","","","N","","","","","","","","","",""
"2007127951","","1","0","0","0","0","0","0","0","0","1","0","","02","12","2007","4","40.430314","-79.976037","1111","11","0","0","0","0","0","0","0","0","","0","0","0","","","0","","1","","40 25:49.130","","0","79 58:33.733","0","0","0","0","2301","0","0","0","N","0","0","0","3","02301","0","","1.0","","2","N","N","","0","","0","0","0","","3","","","2","0","0","0","0","0","0","2","1","2","","","","N","","","","","","","","","",""
"2007127952","","1","0","0","0","0","0","0","0","0","8","0","","02","12","2007","4","40.413058","-79.995997","1609","11","0","0","0","0","0","0","0","0","","0","0","0","","","1","","0","","40 24:47.008","","0","79 59:45.589","8","0","0","0","2301","1","0","0","N","1","0","0","1","02301","0","","5.0","","2","N","N","","0","","0","0","0","","0","","","2","1","0","0","0","1","0","2","0","1","","","","N","","","","","","","","","",""
"2007127953","","1","0","0","0","0","0","0","0","0","7","0","","02","12","2007","4","40.408654","-80.025552","1712","11","0","0","0","0","0","1","0","0","9","0","0","0","","","0","","2","","40 24:31.154","3","0","80 01:31.987","0","0","0","0","2301","0","0","0","N","0","0","0","1","02301","0","","4.0","","7","N","N","","0","","0","0","0","","0","N","","1","0","0","0","0","0","0","2","0","1","","","","N","","","","","","","","","",""
"2007127955","","1","0","0","0","0","0","0","0","0","7","0","","02","12","2007","6","40.486111","-79.913597","2255","11","0","0","0","0","0","0","0","0","","0","0","0","","","0","","2","","40 29:10.000","","0","79 54:48.949","0","0","0","0","2301","0","0","0","N","0","0","0","1","02301","0","","4.0","","9","N","N","","0","","0","0","0","","0","","","1","0","0","0","0","0","0","2","0","1","","","","N","","","","","","","","","",""
"2007127956","","2","0","0","0","0","0","0","0","0","4","0","","02","12","2007","3","40.462768","-79.925167","1214","11","0","0","0","0","0","0","0","0","3","0","0","0","","","1","","1","","40 27:45.964","2","0","79 55:30.601","8","0","0","0","2301","0","0","0","N","0","0","0","5","02301","0","","1.0","","9","N","N","","0","","0","0","0","","3","N","","2","1","3","0","0","1","1","2","0","2","","","","N","","","","","","","","","",""
"2007127957","","1","0","0","0","0","0","0","0","0","4","0","","02","12","2007","3","40.465281","-79.914521","1510","11","0","0","0","0","1","0","0","1","2","0","0","0","","","1","","1","","40 27:55.011","7","0","79 54:52.275","8","0","0","0","2301","0","0","0","N","0","0","0","2","02301","0","","1.0","","9","N","N","","0","","0","0","1","","2","Y","","2","1","1","0","0","1","0","2","0","2","","","","N","","","","","","","","","",""
"2007127959","","2","0","0","0","0","0","0","0","0","4","0","","02","12","2007","3","40.457257","-79.909028","1041","11","0","0","0","0","0","1","1","0","","0","0","0","","","0","","1","","40 27:26.125","","0","79 54:32.499","0","0","0","0","2301","0","0","0","N","0","0","0","2","02301","0","","1.0","","1","N","N","","0","","0","0","0","","2","","","2","0","0","0","0","0","0","2","0","2","","","","N","","","","","","","","","",""
"2007127960","","1","0","0","0","0","0","0","0","0","7","0","","02","12","2007","7","40.483577","-79.944154","0718","11","0","0","0","0","0","0","0","0","","0","0","0","","","0","","0","","40 29:00.877","","0","79 56:38.955","9","0","0","0","2301","0","0","0","N","0","0","0","1","02301","0","","4.0","","2","N","N","","0","","0","0","0","","0","","","1","0","0","0","0","0","1","2","0","1","","","","N","","","","","","","","","",""
"2007127961","","1","0","0","0","0","0","0","0","0","8","0","","02","12","2007","4","40.460127","-79.92442","0554","11","0","0","0","0","0","0","0","1","","0","0","0","","","1","","1","","40 27:36.458","","0","79 55:27.913","4","0","0","0","2301","1","0","0","N","1","0","0","3","02301","1","","1.0","","7","N","N","","0","","0","0","0","","3","","","2","1","2","0","0","0","0","2","0","1","","","","N","","","","","","","","","",""
"2007127962","","2","0","0","0","0","0","0","0","0","4","0","","02","12","2007","4","40.4443","-80.0282","1603","11","0","0","0","0","0","0","0","0","2","0","0","0","","","2","","0","","40 26:39.480","4","0","80 01:41.520","8","0","0","0","2301","0","0","0","N","0","0","0","2","02301","0","","1.0","","1","N","N","","0","","0","0","0","","0","N","","2","2","0","0","0","2","0","2","0","2","","","","N","","","","","","","","","",""
"2007127963","","1","0","0","0","0","0","0","0","0","4","0","","02","12","2007","1","40.430201","-79.982673","0958","11","0","0","0","1","0","0","0","0","","0","0","0","","","0","","1","","40 25:48.723","","0","79 58:57.622","9","0","0","0","2301","0","0","0","N","0","0","0","6","02301","0","","1.0","","9","N","N","","0","","0","0","1","","3","","","2","0","0","0","0","0","1","2","0","2","","","","N","","","","","","","","","",""
"2007127964","","0","0","0","0","0","0","0","0","0","7","0","","02","12","2007","4","40.4157","-79.978722","1610","11","0","0","0","0","0","1","0","0","","0","0","0","","","0","","0","","40 24:56.520","","0","79 58:43.400","0","0","0","0","2301","0","0","0","N","0","0","0","1","02301","0","","4.0","","2","N","N","","1","","0","0","0","","0","","","1","0","0","0","0","0","0","2","0","1","","","","N","","","","","","","","","",""
"2007127965","","1","0","0","0","0","0","0","0","0","8","0","","02","12","2007","2","40.438478","-80.055943","1133","11","0","0","0","0","0","0","0","0","","0","0","0","","","1","","1","","40 26:18.520","","0","80 03:21.394","8","0","0","0","2301","1","0","0","N","1","0","0","2","02301","0","","1.0","","1","N","N","","0","","0","0","0","","3","","","2","1","0","0","0","1","0","2","0","1","","","","N","","","","","","","","","",""
"2007127966","","2","0","0","0","0","0","0","0","0","1","0","","02","12","2007","4","40.432576","-80.030035","0715","11","0","0","0","0","0","1","1","0","","0","0","0","","","0","","1","","40 25:57.273","","0","80 01:48.126","0","0","0","0","2301","0","0","0","N","0","0","0","2","02301","0","","1.0","","9","N","N","","0","","0","0","0","","4","","","2","0","0","0","0","0","0","2","0","2","","","","N","","","","","","","","","",""
"2007127967","","1","0","0","0","0","0","0","0","0","8","0","","02","12","2007","2","40.447783","-80.032925","1314","11","0","0","0","0","0","0","0","0","","0","0","0","","","1","","0","","40 26:52.017","","0","80 01:58.530","3","0","0","0","2301","1","0","0","N","1","0","0","2","02301","0","","1.0","","1","N","N","","0","","1","0","0","","0","","","2","1","0","0","0","0","0","2","0","1","","","","N","","","","","","","","","",""
"2007127968","","1","0","0","0","0","0","0","0","0","7","0","","02","12","2007","4","","","0216","11","0","0","0","0","0","0","0","0","","0","0","0","","","0","","0","","","","0","","0","0","0","0","2301","0","0","0","N","0","0","0","1","02301","0","","5.0","","1","N","N","","0","","0","0","0","","0","","","1","0","0","0","0","0","0","1","0","1","","","","N","","","","","","","","","",""
"2007127969","","0","0","0","0","0","0","0","0","0","7","0","","02","12","2007","4","40.422207","-79.985429","0715","11","0","0","0","0","0","0","0","0","","0","0","0","","","0","","2","","40 25:19.945","","0","79 59:07.544","0","0","0","0","2301","0","0","0","N","0","0","0","2","02301","0","","4.0","","7","N","N","","0","","0","0","1","","3","","","1","0","0","0","0","0","0","2","0","1","","","","N","","","","","","","","","",""
"2007127970","","0","0","0","0","0","0","0","0","0","7","0","","02","12","2007","4","40.441558","-80.029886","0857","11","0","0","0","0","0","0","0","0","","0","0","0","","","0","","0","","40 26:29.608","","0","80 01:47.589","0","0","0","0","2301","0","0","0","N","0","0","0","1","02301","0","","4.0","","2","N","N","","0","","0","0","1","","0","","","1","0","0","0","0","0","0","2","0","1","","","","N","","","","","","","","","",""
"2007127971","","0","0","0","0","0","0","0","0","0","1","0","","02","12","2007","2","40.443204","-80.000338","0030","11","0","0","0","1","0","0","0","0","","0","0","0","","","0","","1","","40 26:35.534","","0","80 00:01.216","0","0","0","0","2301","0","0","0","N","0","0","0","5","62301","0","","1.0","","9","N","N","","0","","0","0","2","","0","","","3","0","0","0","0","0","0","2","0","2","","","","N","","","","","","","","","",""
"2007127973","","2","0","0","0","0","0","0","0","0","1","0","","02","12","2007","4","","","2330","11","1","0","0","0","0","0","0","0","","0","0","0","","","2","","0","","","","0","","4","0","0","0","2301","0","0","0","N","0","0","0","3","02301","2","","1.0","","2","N","N","","1","","0","0","0","","0","","","3","2","0","0","0","0","0","1","0","3","","","","N","","","","","","","","","",""
"2007127979","","1","0","0","0","0","0","0","0","0","7","0","","02","12","2007","7","40.467658","-79.916437","1639","11","0","0","0","0","0","1","0","0","","0","0","0","","","0","","1","","40 28:03.568","","0","79 54:59.173","0","0","0","0","2301","0","0","0","N","0","0","0","1","02301","0","","5.0","","98","N","N","","0","","0","0","0","","0","","","1","0","0","0","0","0","0","2","0","1","","","","N","","","","","","","","","",""
"2007127980","","1","0","0","0","0","0","0","0","0","1","0","","02","12","2007","4","40.455","-79.890397","2037","11","0","0","0","0","0","0","1","0","","0","0","0","","","1","","1","","40 27:18.000","","0","79 53:25.430","4","0","0","0","2301","0","0","0","N","0","0","0","3","02301","1","","1.0","","1","N","N","","0","","0","0","1","","2","","","2","1","0","0","0","0","0","2","0","2","","","","N","","","","","","","","","",""
"2007128002","","2","0","0","0","0","0","0","0","0","4","0","","02","12","2007","2","40.362222","-79.826135","1312","11","0","0","0","0","0","1","0","1","1","0","0","0","","","1","","1","","40 21:44.000","1","0","79 49:34.085","2","0","0","0","2111","0","0","0","N","0","0","0","3","02111","0","","1.0","","1","N","N","","0","","0","1","0","","2","N","","2","1","0","0","0","0","0","2","0","2","","","","N","","","","","","","","","",""
"2007128006","","1","0","0","0","0","0","0","0","0","2","0","","02","12","2007","4","40.296814","-79.962281","2229","11","0","0","0","0","0","0","0","0","","0","0","0","","","0","","0","","40 17:48.530","","0","79 57:44.211","0","0","0","0","2440","0","0","0","N","0","0","0","1","02440","0","","5.0","","1","N","N","","1","","0","0","0","","0","","","2","0","0","0","0","0","0","2","0","2","","","","N","","","","","","","","","",""
"2007128014","","1","0","0","0","0","0","0","0","0","7","0","","02","12","2007","2","40.379167","-79.806955","1616","11","0","0","0","0","0","0","1","0","","0","0","0","","","0","","0","","40 22:45.000","","7","79 48:25.039","0","0","0","0","2111","0","0","0","N","0","0","0","1","02111","0","","2.0","","1","N","N","","0","","0","0","0","","0","","","1","0","1","0","0","0","0","2","0","1","","","","N","","","","","","","","","",""
"2007128022","","1","0","0","0","0","0","0","0","0","1","0","","02","12","2007","3","40.301961","-80.03053","1416","11","0","0","0","0","0","1","0","0","","0","0","0","","","2","","2","","40 18:07.061","","0","80 01:49.907","4","0","0","0","2407","0","0","0","N","0","0","0","4","02407","2","","1.0","","1","N","N","","1","","0","0","0","","0","","","2","2","1","0","0","0","0","2","0","2","","","","N","","","","","","","","","",""
"2007128023","","2","0","0","0","0","0","0","0","0","4","0","","02","12","2007","6","40.321381","-80.058163","1108","11","0","0","1","0","0","1","0","0","2","0","0","0","","","0","","2","","40 19:16.971","4","0","80 03:29.385","0","0","0","0","2407","0","0","0","N","0","0","0","2","02407","0","","1.0","","1","N","N","","0","","0","0","0","","3","N","","2","0","0","0","0","0","0","2","0","2","","","","N","","","","","","","","","",""
"2007128090","","1","0","0","0","0","0","0","0","0","2","0","","02","12","2007","4","40.343426","-79.970109","1722","11","0","0","0","0","0","0","0","0","3","0","0","0","","","3","","1","","40 20:36.335","2","0","79 58:12.394","8","0","0","0","2403","0","0","0","N","0","0","0","3","02403","0","","1.0","","1","N","N","","0","","0","0","1","","2","N","","2","3","1","0","0","3","0","2","0","2","","","","N","","","","","","","","","",""
"2007128096","","2","0","0","0","0","0","0","0","0","4","0","","02","12","2007","6","40.493126","-80.022069","1018","11","0","0","0","0","0","0","0","0","","0","0","0","","","0","","0","","40 29:35.254","","0","80 01:19.449","0","0","0","0","2301","0","0","0","N","0","0","0","2","02301","0","","1.0","","7","N","N","","0","","0","0","0","","0","","","2","0","0","0","0","0","0","2","0","2","","","","N","","","","","","","","","",""
"2007128097","","1","0","0","0","0","0","0","0","0","4","0","","02","12","2007","5","40.455564","-79.901498","0113","11","0","0","0","0","0","0","0","0","1","0","0","0","","","1","","0","","40 27:20.030","6","0","79 54:05.392","4","0","0","0","2301","0","0","0","N","0","0","0","1","02301","1","","1.0","","6","N","N","","1","","0","0","0","","0","N","","2","1","0","0","0","0","0","2","0","2","","","","N","","","","","","","","","",""
"2007128098","","1","0","0","0","0","0","0","0","0","1","0","","02","12","2007","4","40.452778","-80.039262","0606","11","0","0","0","0","0","0","0","0","","0","0","0","","","0","","2","","40 27:10.000","","0","80 02:21.344","0","0","0","0","2301","0","0","0","N","0","0","0","2","02301","0","","1.0","","2","N","N","","1","","0","0","0","","2","","","2","0","0","0","0","0","0","2","0","2","","","","N","","","","","","","","","",""
"2007128099","","1","0","0","0","0","0","0","0","0","7","0","","02","12","2007","7","40.449472","-80.002558","2030","11","0","1","0","0","0","0","0","0","","0","0","0","","","1","","2","","40 26:58.099","","0","80 00:09.210","4","0","0","0","2301","0","0","0","N","0","0","0","2","02301","1","","5.0","","9","N","N","","0","","0","0","0","","0","","","1","1","2","0","0","0","0","2","0","1","","","","N","","","","","","","","","",""
"2007128100","","1","0","0","0","0","0","0","0","0","7","0","","02","12","2007","6","40.456734","-79.991347","0935","11","0","0","0","0","0","0","0","0","9","0","0","0","","","1","","2","","40 27:24.242","1","0","79 59:28.849","8","0","0","0","2301","0","0","0","N","0","0","0","1","02301","0","","4.0","","7","N","N","","0","","0","0","0","","3","N","","2","1","0","0","0","1","0","2","0","1","","","","N","","","","","","","","","",""
"2007128101","","1","0","0","0","0","0","0","0","0","4","0","","02","12","2007","2","40.436579","-79.955532","1143","11","0","0","0","0","1","0","0","0","","0","0","0","","","0","","1","","40 26:11.684","","0","79 57:19.915","0","0","0","0","2301","0","0","0","N","0","0","0","2","02301","0","","1.0","","9","N","N","","0","","0","0","1","","3","","","2","0","0","0","0","0","0","2","0","2","","","","N","","","","","","","","","",""
"2007128102","","3","0","0","0","0","0","0","0","0","4","0","","02","12","2007","2","40.438067","-79.922993","1819","11","0","0","0","0","0","1","0","0","","0","0","0","","","0","","1","","40 26:17.041","","0","79 55:22.774","0","0","0","0","2301","0","0","0","N","0","0","0","3","02301","0","","1.0","","9","N","N","","0","","0","0","0","","2","","","3","0","0","0","0","0","0","2","0","3","","","","N","","","","","","","","","",""
"2007128103","","2","0","0","0","0","0","0","0","0","1","0","","02","12","2007","6","40.449819","-79.929656","0853","11","0","0","0","0","0","0","0","0","","0","0","0","","","1","","1","","40 26:59.348","","0","79 55:46.761","8","0","0","0","2301","0","0","0","N","0","0","0","3","02301","0","","1.0","","7","N","N","","0","","0","0","1","","2","","","3","1","0","0","0","1","0","2","0","3","","","","N","","","","","","","","","",""
"2007128106","","0","0","0","0","0","0","0","0","0","8","0","","02","12","2007","1","40.438729","-79.988329","0211","11","0","0","0","0","0","0","0","0","","0","0","0","","","1","","0","","40 26:19.426","","0","79 59:17.985","3","0","0","0","2301","1","0","0","N","1","0","0","3","02301","0","","1.0","","9","N","N","","0","","1","0","1","","1","","","2","1","0","0","0","0","0","2","0","1","","","","N","","","","","","","","","",""
"2007128173","","2","0","0","0","0","0","0","0","0","4","0","","02","11","2007","5","40.465138","-80.067134","1855","11","0","0","0","0","0","1","0","0","","0","0","0","","","0","","0","","40 27:54.496","","0","80 04:01.682","9","0","0","0","2444","0","0","0","N","0","0","0","2","02444","0","","4.0","","9","N","N","","0","","0","0","0","","0","","","2","0","1","0","0","0","1","2","0","2","","","","N","","","","","","","","","",""
"2007128248","","0","0","0","0","0","0","0","0","0","7","0","","02","12","2007","2","40.306866","-79.853985","1810","11","0","0","0","0","0","0","0","0","1","0","0","0","","","0","","0","","40 18:24.717","1","0","79 51:14.347","0","0","0","0","2443","0","0","0","N","0","0","0","1","02443","0","","5.0","","2","N","N","","0","","0","0","1","","0","N","","1","0","0","0","0","0","0","1","0","1","","","","N","","","","","","","","","",""