"CRN","ARRIVAL_TM","AUTOMOBILE_COUNT","BELTED_DEATH_COUNT","BELTED_SUSP_SERIOUS_INJ_COUNT","BICYCLE_COUNT","BICYCLE_DEATH_COUNT","BICYCLE_SUSP_SERIOUS_INJ_COUNT","BUS_COUNT","CHLDPAS_DEATH_COUNT","CHLDPAS_SUSP_SERIOUS_INJ_COUNT","COLLISION_TYPE","COMM_VEH_COUNT","CONS_ZONE_SPD_LIM","COUNTY","CRASH_MONTH","CRASH_YEAR","DAY_OF_WEEK","DEC_LATITUDE","DEC_LONGITUDE","DISPATCH_TM","DISTRICT","DRIVER_COUNT_16YR","DRIVER_COUNT_17YR","DRIVER_COUNT_18YR","DRIVER_COUNT_19YR","DRIVER_COUNT_20YR","DRIVER_COUNT_50_64YR","DRIVER_COUNT_65_74YR","DRIVER_COUNT_75PLUS","EST_HRS_CLOSED","FATAL_COUNT","HEAVY_TRUCK_COUNT","HORSE_BUGGY_COUNT","HOUR_OF_DAY","ILLUMINATION","INJURY_COUNT","INTERSECTION_RELATED","INTERSECT_TYPE","LANE_CLOSED","LATITUDE","LN_CLOSE_DIR","LOCATION_TYPE","LONGITUDE","MAX_SEVERITY_LEVEL","MCYCLE_DEATH_COUNT","MCYCLE_SUSP_SERIOUS_INJ_COUNT","MOTORCYCLE_COUNT","MUNICIPALITY","NONMOTR_COUNT","NONMOTR_DEATH_COUNT","NONMOTR_SUSP_SERIOUS_INJ_COUNT","NTFY_HIWY_MAINT","PED_COUNT","PED_DEATH_COUNT","PED_SUSP_SERIOUS_INJ_COUNT","PERSON_COUNT","POLICE_AGCY","POSSIBLE_INJ_COUNT","RDWY_SURF_TYPE_CD","RELATION_TO_ROAD","ROADWAY_CLEARED","ROAD_CONDITION","SCH_BUS_IND","SCH_ZONE_IND","SECONDARY_CRASH","SMALL_TRUCK_COUNT","SPEC_JURIS_CD","SUSP_MINOR_INJ_COUNT","SUSP_SERIOUS_INJ_COUNT","SUV_COUNT","TCD_FUNC_CD","TCD_TYPE","TFC_DETOUR_IND","TIME_OF_DAY","TOTAL_UNITS","TOT_INJ_COUNT","UNBELTED_OCC_COUNT","UNB_DEATH_COUNT","UNB_SUSP_SERIOUS_INJ_COUNT","UNK_INJ_DEG_COUNT","UNK_INJ_PER_COUNT","URBAN_RURAL","VAN_COUNT","VEHICLE_COUNT","WEATHER1","WEATHER2","WORKERS_PRES","WORK_ZONE_IND","WORK_ZONE_LOC","WORK_ZONE_TYPE","WZ_CLOSE_DETOUR","WZ_FLAGGER","WZ_LAW_OFFCR_IND","WZ_LN_CLOSURE","WZ_MOVING","WZ_OTHER","WZ_SHLDER_MDN","WZ_WORKERS_INJ_KILLED"
"2007201551","","1","0","0","0","0","0","0","0","0","7","0","","02","3","2007","4","40.641703","-79.69374","","11","0","0","0","0","0","0","0","0","","0","0","0","","","0","","0","","40 38:30.129","","0","79 41:37.463","0","0","0","0","2106","0","0","0","N","0","0","0","1","","0","","5.0","","1","N","N","","0","","0","0","0","","0","","","1","0","0","0","0","0","0","1","0","1","","","","N","","","","","","","","","",""
"2007201552","","2","0","0","0","0","0","0","0","0","5","0","","02","3","2007","6","40.6296","-79.7176","","11","1","0","0","0","0","0","0","1","","0","0","0","","","2","","1","","40 37:46.560","","0","79 43:03.360","3","0","0","0","2106","0","0","0","N","0","0","0","6","","0","","1.0","","1","N","N","","0","","2","0","0","","2","","","2","2","0","0","0","0","0","2","0","2","","","","N","","","","","","","","","",""
"2007201553","","1","0","0","0","0","0","0","0","0","8","0","","02","3","2007","5","40.6342","-79.7136","","11","0","0","0","0","0","0","0","0","","0","0","0","","","1","","0","","40 38:03.120","","7","79 42:48.960","3","0","0","0","2106","1","0","0","N","1","0","0","2","","0","","1.0","","9","N","N","","0","","1","0","0","","0","","","2","1","0","0","0","0","0","2","0","1","","","","N","","","","","","","","","",""
"2007201554","","1","0","0","0","0","0","0","0","0","4","0","","02","3","2007","1","40.6319","-79.7329","","11","0","1","1","0","0","0","0","0","","0","0","0","","","1","","1","","40 37:54.840","","2","79 43:58.440","4","0","0","0","2106","0","0","0","N","0","0","0","2","","1","","1.0","","1","N","N","","0","","0","0","0","","0","","","2","1","0","0","0","0","0","2","1","2","","","","N","","","","","","","","","",""
"2007201557","","1","0","0","0","0","0","0","0","0","4","0","","02","3","2007","5","40.6278","-79.7194","","11","0","0","0","0","1","0","0","0","","0","0","0","","","1","","0","","40 37:40.080","","7","79 43:09.840","4","0","0","0","2106","0","0","0","N","0","0","0","2","","1","","1.0","","9","N","N","","1","","0","0","0","","0","","","2","1","0","0","0","0","0","2","0","2","","","","N","","","","","","","","","",""
"2007201558","","1","0","0","0","0","0","0","0","0","4","0","","02","3","2007","2","","","","11","0","0","0","0","0","0","0","0","","0","0","0","","","1","","1","","","","0","","4","0","0","1","2106","0","0","0","N","0","0","0","3","","1","","1.0","","1","N","N","","0","","0","0","0","","0","","","2","1","0","0","0","0","0","1","0","2","","","","N","","","","","","","","","",""
"2007201559","","2","0","0","0","0","0","0","0","0","1","0","","02","4","2007","2","40.4448","-80.1498","","11","0","0","0","0","0","0","0","0","","0","0","0","","","0","","0","","40 26:41.280","","7","80 08:59.280","0","0","0","0","2115","0","0","0","N","0","0","0","2","","0","","1.0","","1","N","N","","0","","0","0","0","","0","","","2","0","0","0","0","0","0","2","0","2","","","","N","","","","","","","","","",""
"2007201607","","1","0","0","0","0","0","0","0","0","4","0","","02","3","2007","4","40.4494","-80.1073","","11","0","0","0","0","0","1","0","0","","0","0","0","","","0","","1","","40 26:57.840","","0","80 06:26.280","0","0","0","0","2115","0","0","0","N","0","0","0","2","","0","","1.0","","1","N","N","","1","","0","0","0","","2","","","2","0","0","0","0","0","0","2","0","2","","","","N","","","","","","","","","",""
"2007201608","","2","0","0","0","0","0","0","0","0","1","0","","02","4","2007","2","40.492722","-80.080583","","11","0","0","0","0","0","0","0","0","","0","0","0","","","2","","0","","40 29:33.800","","0","80 04:50.100","4","0","0","0","2110","0","0","0","N","0","0","0","2","","1","","1.0","","1","N","N","","0","","0","0","0","","0","","","2","1","0","0","0","0","1","2","0","2","","","","N","","","","","","","","","",""
"2007201631","","0","0","0","0","0","0","0","0","0","7","0","","02","4","2007","2","40.504583","-80.108889","","11","0","0","0","0","0","1","0","0","","0","0","0","","","0","","0","","40 30:16.500","","0","80 06:32.000","0","0","0","0","2110","0","0","0","N","0","0","0","1","","0","","5.0","","1","N","N","","1","","0","0","0","","0","","","1","0","0","0","0","0","0","2","0","1","","","","N","","","","","","","","","",""
"2007201634","","1","0","0","0","0","0","0","0","0","7","0","","02","3","2007","1","40.3382","-79.8065","","11","0","0","0","0","0","0","0","0","","0","0","0","","","0","","0","","40 20:17.520","","0","79 48:23.400","0","0","0","0","2477","0","0","0","N","0","0","0","1","","0","","5.0","","1","N","N","","0","","0","0","0","","0","","","1","0","0","0","0","0","0","2","0","1","","","","N","","","","","","","","","",""
"2007201635","","2","0","0","0","0","0","0","0","0","4","0","","02","4","2007","5","40.3582","-79.8318","","11","1","0","0","0","0","0","0","1","","0","0","0","","","1","","2","","40 21:29.520","","0","79 49:54.480","4","0","0","0","2477","0","0","0","N","0","0","0","2","","1","","1.0","","1","N","N","","0","","0","0","0","","3","","","2","1","0","0","0","0","0","2","0","2","","","","N","","","","","","","","","",""
"2007201674","","1","0","0","0","0","0","0","0","0","2","0","","02","4","2007","6","40.45753","-80.143037","","11","0","0","1","0","0","0","0","0","","0","0","0","","","1","","0","","40 27:27.108","","0","80 08:34.933","4","0","0","0","2115","0","0","0","N","0","0","0","2","","1","","1.0","","1","N","N","","0","","0","0","1","","0","","","2","1","1","0","0","0","0","2","0","2","","","","N","","","","","","","","","",""
"2007201727","","2","0","0","0","0","0","0","0","0","4","0","","02","4","2007","5","40.4745","-79.9715","","11","1","0","0","0","0","1","0","0","","0","0","0","","","1","","2","","40 28:28.200","","0","79 58:17.400","3","0","0","0","2445","0","0","0","N","0","0","0","5","","0","","1.0","","9","N","N","","0","","1","0","0","","2","","","2","1","1","0","0","0","0","2","0","2","","","","N","","","","","","","","","",""
"2007201728","","2","0","0","0","0","0","0","0","0","4","0","","02","4","2007","6","40.47852","-79.968359","","11","0","0","0","1","0","0","0","0","","0","0","0","","","0","","1","","40 28:42.671","","0","79 58:06.092","0","0","0","0","2445","0","0","0","N","0","0","0","5","","0","","1.0","","1","N","N","","0","","0","0","0","","2","","","2","0","0","0","0","0","0","2","0","2","","","","N","","","","","","","","","",""
"2007201729","","2","0","0","0","0","0","0","0","0","1","0","","02","4","2007","3","40.494597","-79.975904","","11","0","0","0","0","0","3","0","0","","0","0","0","","","1","","0","","40 29:40.550","","0","79 58:33.254","4","0","0","0","2445","0","0","0","N","0","0","0","3","","1","","1.0","","1","N","N","","1","","0","0","0","","0","","","3","1","0","0","0","0","0","2","0","3","","","","N","","","","","","","","","",""
"2007201752","","1","0","0","0","0","0","0","0","0","1","0","","02","4","2007","5","40.430757","-80.134568","","11","0","1","0","0","0","0","0","0","","0","0","0","","","0","","2","","40 25:50.725","","0","80 08:04.444","0","0","0","0","2115","0","0","0","N","0","0","0","2","","0","","1.0","","1","N","N","","1","","0","0","0","","3","","","2","0","0","0","0","0","0","2","0","2","","","","N","","","","","","","","","",""
"2007201754","","0","0","0","0","0","0","0","0","0","4","1","","02","4","2007","1","","","","11","0","0","0","0","0","0","1","0","","0","1","0","","","1","","2","","40 27:07.56","","2","80 10:23.52","2","0","0","0","2115","0","0","0","N","0","0","0","2","","0","","1.0","","1","N","N","","1","","0","1","0","","2","","","2","1","0","0","0","0","0","2","0","2","","","","N","","","","","","","","","",""
"2007201755","","1","0","0","0","0","0","0","0","0","4","0","","02","4","2007","6","40.4494","-80.1073","","11","0","0","1","0","0","0","0","0","","0","0","0","","","2","","1","","40 26:57.840","","0","80 06:26.280","9","0","0","0","2115","0","0","0","N","0","0","0","3","","0","","1.0","","1","N","N","","1","","0","0","0","","2","","","2","0","0","0","0","0","2","2","0","2","","","","N","","","","","","","","","",""
"2007201763","","1","0","0","0","0","0","0","0","0","2","1","","02","4","2007","4","40.4493","-80.1246","","11","0","0","0","0","1","0","0","0","","0","1","0","","","1","","0","","40 26:57.480","","7","80 07:28.560","3","0","0","0","2115","0","0","0","N","0","0","0","2","","0","","1.0","","1","N","N","","0","","1","0","0","","0","","","2","1","1","0","0","0","0","2","0","2","","","","N","","","","","","","","","",""
"2007201764","","1","0","0","0","0","0","0","0","0","1","0","","02","4","2007","4","40.425692","-80.12033","","11","0","0","0","0","0","1","1","0","","0","0","0","","","1","","2","","40 25:32.491","","0","80 07:13.188","9","0","0","0","2115","0","0","0","N","0","0","0","2","","0","","1.0","","1","N","N","","0","","0","0","0","","3","","","2","0","0","0","0","0","1","2","1","2","","","","N","","","","","","","","","",""
"2007201765","","1","0","0","0","0","0","0","0","0","4","0","99","02","4","2007","6","40.5039","-80.1394","","11","0","0","0","0","0","0","0","1","","0","0","0","","","0","","2","","40 30:14.040","","0","80 08:21.840","0","0","0","0","2115","0","0","0","N","0","0","0","2","","0","","1.0","","1","N","N","","1","","0","0","0","","0","","","2","0","0","0","0","0","0","2","0","2","","","U","Y","8","1","","","U","","","","",""
"2007201766","","2","0","0","0","0","0","0","0","0","1","0","","02","4","2007","4","40.4496","-80.1076","","11","0","1","0","0","0","0","0","0","","0","0","0","","","1","","0","","40 26:58.560","","0","80 06:27.360","4","0","0","0","2115","0","0","0","N","0","0","0","2","","1","","1.0","","1","N","N","","0","","0","0","0","","0","","","2","1","0","0","0","0","0","2","0","2","","","","N","","","","","","","","","",""
"2007201795","","3","0","0","0","0","0","0","0","0","2","0","","02","4","2007","7","40.4442","-80.0987","","11","0","0","0","0","0","2","1","0","","0","0","0","","","3","","0","","40 26:39.120","","0","80 05:55.320","9","0","0","0","2115","0","0","0","N","0","0","0","4","","0","","1.0","","1","N","N","","0","","0","0","0","","0","","","3","0","1","0","0","0","3","2","0","3","","","","N","","","","","","","","","",""
"2007201796","","2","0","0","0","0","0","0","0","0","4","0","","02","4","2007","6","","","","11","0","0","0","0","0","1","0","0","","0","0","0","","","1","","0","","","","7","","9","0","0","0","2115","0","0","0","N","0","0","0","3","","0","","1.0","","1","N","N","","0","","0","0","0","","0","","","2","0","0","0","0","0","1","1","0","2","","","","N","","","","","","","","","",""
"2007201797","","2","0","0","0","0","0","0","0","0","1","0","","02","4","2007","6","40.3385","-79.8054","","11","0","0","0","0","0","1","0","0","","0","0","0","","","0","","0","","40 20:18.600","","7","79 48:19.440","0","0","0","0","2477","0","0","0","N","0","0","0","2","","0","","1.0","","1","N","N","","0","","0","0","0","","0","","","2","0","0","0","0","0","0","2","0","2","","","","N","","","","","","","","","",""
"2007201798","","1","0","0","0","0","0","0","0","0","1","0","","02","4","2007","7","40.3499","-79.8193","","11","0","0","0","1","0","1","0","0","","0","0","0","","","1","","0","","40 20:59.640","","0","79 49:09.480","9","0","0","0","2477","0","0","0","N","0","0","0","4","","0","","1.0","","1","N","N","","2","","0","0","0","","0","","","3","0","1","0","0","0","1","2","0","3","","","","N","","","","","","","","","",""
"2007201799","","1","0","0","0","0","0","0","0","0","7","0","","02","4","2007","5","40.3283","-79.7964","","11","0","0","0","0","0","0","0","1","","0","0","0","","","1","","2","","40 19:41.880","","0","79 47:47.040","9","0","0","0","2477","0","0","0","N","0","0","0","1","","0","","5.0","","9","N","N","","0","","0","0","0","","3","","","1","0","0","0","0","0","1","2","0","1","","","","N","","","","","","","","","",""
"2007201870","","2","0","0","0","0","0","0","0","0","1","0","","02","4","2007","3","40.44","-80.084","","11","0","0","0","1","0","1","0","0","","0","0","0","","","0","","2","","40 26:24.000","","0","80 05:02.400","0","0","0","0","2115","0","0","0","N","0","0","0","2","","0","","1.0","","1","N","N","","0","","0","0","0","","3","","","2","0","0","0","0","0","0","2","0","2","","","","N","","","","","","","","","",""
"2007201897","","1","0","0","0","0","0","0","0","0","5","1","","02","4","2007","4","40.4492","-80.1244","","11","0","0","0","0","0","0","0","0","","0","1","0","","","0","","0","","40 26:57.120","","0","80 07:27.840","0","0","0","0","2115","0","0","0","N","0","0","0","3","","0","","1.0","","1","N","N","","1","","0","0","0","","0","","","3","0","0","0","0","0","0","2","0","3","","","","N","","","","","","","","","",""
"2007201907","","2","0","0","0","0","0","0","0","0","5","0","","02","4","2007","7","40.5319","-80.0672","","11","0","0","0","0","0","0","1","0","","0","0","0","","","3","","0","","40 31:54.840","","0","80 04:01.920","3","0","0","0","2215","0","0","0","N","0","0","0","3","","2","","1.0","","1","N","N","","0","","1","0","0","","0","","","2","3","0","0","0","0","0","2","0","2","","","","N","","","","","","","","","",""
"2007201922","","1","0","0","0","0","0","0","0","0","1","0","","02","4","2007","6","","","","11","0","0","0","0","0","1","0","0","","0","0","0","","","0","","6","","40 26:53.88","","2","80 10:00.48","0","0","0","0","2115","0","0","0","N","0","0","0","2","","0","","1.0","","1","N","N","","1","","0","0","0","","4","","","2","0","0","0","0","0","0","2","0","2","","","","N","","","","","","","","","",""
"2007201923","","2","0","0","0","0","0","0","0","0","4","0","","02","4","2007","7","40.6139","-79.7424","","11","0","0","0","0","0","0","0","1","","0","0","0","","","1","","2","","40 36:50.040","","0","79 44:32.640","4","0","0","0","2409","0","0","0","N","0","0","0","3","","1","","1.0","","1","N","N","","0","","0","0","0","","3","","","2","1","0","0","0","0","0","2","0","2","","","","N","","","","","","","","","",""
"2007201924","","2","0","0","0","0","0","0","0","0","4","0","","02","4","2007","3","40.6147","-79.7407","","11","0","0","1","0","0","0","0","0","","0","0","0","","","1","","2","","40 36:52.920","","0","79 44:26.520","4","0","0","0","2409","0","0","0","N","0","0","0","3","","1","","1.0","","9","N","N","","0","","0","0","0","","3","","","2","1","2","0","0","0","0","2","0","2","","","","N","","","","","","","","","",""
"2007202030","","1","0","0","0","0","0","0","0","0","4","0","","02","4","2007","6","40.3718","-79.8437","","11","0","0","0","0","0","1","0","0","","0","0","0","","","1","","2","","40 22:18.480","","0","79 50:37.320","4","0","0","1","2303","0","0","0","N","0","0","0","2","","1","","1.0","","1","N","N","","0","","0","0","0","","2","","","2","1","0","0","0","0","0","2","0","2","","","","N","","","","","","","","","",""
"2007202031","","1","0","0","0","0","0","1","0","0","1","1","","02","4","2007","3","40.3642","-79.8426","","11","0","0","0","0","0","2","0","0","","0","0","0","","","1","","6","","40 21:51.120","","2","79 50:33.360","9","0","0","0","2303","0","0","0","N","0","0","0","2","","0","","1.0","","1","Y","N","","0","","0","0","0","","4","","","2","0","0","0","0","0","1","2","0","2","","","","N","","","","","","","","","",""
"2007202032","","2","0","0","0","0","0","0","0","0","4","0","","02","4","2007","3","40.385","-79.8627","","11","1","0","0","0","1","0","0","0","","0","0","0","","","2","","2","","40 23:06.000","","0","79 51:45.720","4","0","0","0","2303","0","0","0","N","0","0","0","3","","1","","1.0","","1","N","N","","0","","0","0","0","","2","","","2","1","0","0","0","0","1","2","0","2","","","","N","","","","","","","","","",""
"2007202033","","0","0","0","0","0","0","0","0","0","7","0","","02","4","2007","6","40.3801","-79.8622","","11","0","0","0","0","0","0","0","0","","0","0","0","","","1","","0","","40 22:48.360","","0","79 51:43.920","3","0","0","1","2303","0","0","0","N","0","0","0","1","","0","","5.0","","1","N","N","","0","","1","0","0","","0","","","1","1","0","0","0","0","0","2","0","1","","","","N","","","","","","","","","",""
"2007202034","","1","0","0","0","0","0","0","0","0","7","0","","02","4","2007","6","40.3638","-79.8429","","11","0","0","0","0","0","0","0","0","","0","0","0","","","0","","1","","40 21:49.680","","3","79 50:34.440","0","0","0","0","2303","0","0","0","N","0","0","0","1","","0","","1.0","","9","N","N","","0","","0","0","0","","0","","","1","0","1","0","0","0","0","2","0","1","","","","N","","","","","","","","","",""
"2007202035","","1","0","0","0","0","0","0","0","0","1","0","","02","4","2007","1","40.3718","-79.8437","","11","0","0","0","0","0","0","0","0","","0","0","0","","","0","","2","","40 22:18.480","","0","79 50:37.320","0","0","0","0","2303","0","0","0","N","0","0","0","2","","0","","1.0","","1","N","N","","1","","0","0","0","","2","","","2","0","0","0","0","0","0","2","0","2","","","","N","","","","","","","","","",""
"2007202036","","1","0","0","0","0","0","0","0","0","2","0","","02","4","2007","5","40.3788","-79.8527","","11","0","0","0","0","0","0","0","0","","0","0","0","","","3","","0","","40 22:43.680","","0","79 51:09.720","9","0","0","0","2303","0","0","0","N","0","0","0","3","","0","","1.0","","2","N","N","","1","","0","0","0","","0","","","2","0","0","0","0","0","3","2","0","2","","","","N","","","","","","","","","",""
"2007202040","","3","0","0","0","0","0","0","0","0","4","0","","02","4","2007","3","40.6294","-79.7243","","11","0","0","0","0","1","0","0","0","","0","0","0","","","3","","2","","40 37:45.840","","0","79 43:27.480","4","0","0","0","2106","0","0","0","N","0","0","0","4","","3","","1.0","","1","N","N","","0","","0","0","0","","3","","","3","3","1","0","0","0","0","2","0","3","","","","N","","","","","","","","","",""
"2007202041","","2","0","0","0","0","0","0","0","0","4","0","","02","4","2007","5","40.6279","-79.7193","","11","0","0","0","0","0","0","0","1","","0","0","0","","","1","","1","","40 37:40.440","","0","79 43:09.480","4","0","0","0","2106","0","0","0","N","0","0","0","3","","1","","1.0","","1","N","N","","0","","0","0","0","","3","","","2","1","0","0","0","0","0","2","0","2","","","","N","","","","","","","","","",""
"2007202042","","2","0","0","0","0","0","0","0","0","4","0","","02","4","2007","3","40.6296","-79.7176","","11","0","0","0","0","0","0","0","0","","0","0","0","","","0","","1","","40 37:46.560","","0","79 43:03.360","0","0","0","0","2106","0","0","0","N","0","0","0","2","","0","","1.0","","1","N","N","","0","","0","0","0","","2","","","2","0","0","0","0","0","0","2","0","2","","","","N","","","","","","","","","",""
"2007202043","","1","0","0","0","0","0","0","0","0","7","0","","02","3","2007","4","40.611083","-79.731648","","11","0","0","0","0","0","0","0","0","","0","0","0","","","0","","0","","40 36:39.899","","0","79 43:53.933","0","0","0","0","2106","0","0","0","N","0","0","0","1","","0","","1.0","","7","N","N","","0","","0","0","0","","0","","","1","0","1","0","0","0","0","2","0","1","","","","N","","","","","","","","","",""
"2007202046","","1","0","0","0","0","0","0","0","0","7","0","","02","4","2007","7","40.6671","-79.7015","","11","0","0","0","0","0","0","0","0","","0","0","0","","","3","","0","","40 40:01.560","","0","79 42:05.400","3","0","0","0","2106","0","0","0","N","0","0","0","3","","0","","2.0","","9","N","N","","0","","3","0","0","","0","","","1","3","3","0","0","0","0","2","0","1","","","","N","","","","","","","","","",""
"2007202047","","1","0","0","0","0","0","0","0","0","4","0","","02","4","2007","3","40.6164","-79.7366","","11","0","0","0","0","0","2","0","0","","0","0","0","","","4","","1","","40 36:59.040","","0","79 44:11.760","4","0","0","0","2106","0","0","0","N","0","0","0","4","","4","","1.0","","1","N","N","","1","","0","0","0","","2","","","2","4","0","0","0","0","0","2","0","2","","","","N","","","","","","","","","",""
"2007202049","","1","0","0","0","0","0","0","0","0","4","0","","02","4","2007","3","40.6377","-79.7116","","11","0","0","0","0","0","0","0","0","","0","0","0","","","0","","0","","40 38:15.720","","7","79 42:41.760","0","0","0","0","2106","0","0","0","N","0","0","0","2","","0","","1.0","","9","N","N","","0","","0","0","0","","0","","","2","0","1","0","0","0","0","2","0","2","","","","N","","","","","","","","","",""
"2007202050","","1","0","0","0","0","0","0","0","0","7","0","","02","4","2007","2","40.6675","-79.7128","","11","0","0","0","0","0","0","0","0","","0","0","0","","","0","","2","","40 40:03.000","","0","79 42:46.080","0","0","0","0","2106","0","0","0","N","0","0","0","1","","0","","1.0","","1","N","N","","0","","0","0","0","","3","","","1","0","1","0","0","0","0","2","0","1","","","","N","","","","","","","","","",""
"2007202084","","1","0","0","0","0","0","0","0","0","4","0","","02","12","2007","7","40.4521","-80.1339","","11","0","0","0","0","0","0","0","0","","0","0","0","","","0","","2","","40 27:07.560","","0","80 08:02.040","0","0","0","0","2115","0","0","0","N","0","0","0","2","","0","","1.0","","1","N","N","","0","","0","0","1","","2","","","2","0","1","0","0","0","0","2","0","2","","","","N","","","","","","","","","",""
"2007202102","","2","0","0","0","0","0","0","0","0","2","0","","02","4","2007","4","40.465962","-80.137771","","11","0","0","0","1","0","0","1","0","","0","0","0","","","0","","0","","40 27:57.462","","0","80 08:15.977","0","0","0","0","2115","0","0","0","N","0","0","0","4","","0","","1.0","","9","N","N","","1","","0","0","0","","0","","","3","0","0","0","0","0","0","2","0","3","","","","N","","","","","","","","","",""
"2007202103","","1","0","0","0","0","0","0","0","0","4","0","","02","5","2007","4","40.468358","-80.13757","","11","0","1","0","0","0","0","0","0","","0","0","0","","","0","","2","","40 28:06.088","","0","80 08:15.252","0","0","0","0","2115","0","0","0","N","0","0","0","2","","0","","1.0","","1","N","N","","0","","0","0","0","","3","","","2","0","0","0","0","0","0","2","0","2","","","","N","","","","","","","","","",""
"2007202116","","2","0","0","0","0","0","0","0","0","4","0","","02","5","2007","5","40.4493","-80.1412","","11","0","0","0","0","0","1","0","0","","0","0","0","","","1","","2","","40 26:57.480","","0","80 08:28.320","4","0","0","0","2115","0","0","0","N","0","0","0","2","","1","","1.0","","1","N","N","","0","","0","0","0","","3","","","2","1","0","0","0","0","0","2","0","2","","","","N","","","","","","","","","",""
"2007202117","","2","0","0","0","0","0","0","0","0","4","0","","02","5","2007","7","40.448948","-80.162827","","11","0","0","0","0","0","2","0","0","","0","0","0","","","0","","1","","40 26:56.212","","7","80 09:46.177","0","0","0","0","2115","0","0","0","N","0","0","0","3","","0","","1.0","","1","N","N","","0","","0","0","0","","0","","","2","0","0","0","0","0","0","2","0","2","","","","N","","","","","","","","","",""
"2007202138","","2","0","0","0","0","0","0","0","0","1","0","99","02","5","2007","4","40.3317","-79.8145","","11","0","0","0","0","0","0","0","0","","0","0","0","","","0","","0","","40 19:54.120","","0","79 48:52.200","0","0","0","0","2477","0","0","0","N","0","0","0","5","","0","","1.0","","1","N","N","","2","","0","0","0","","0","","","4","0","0","0","0","0","0","2","0","4","","","U","Y","8","1","","","U","","","","",""
"2007202139","","1","0","0","0","0","0","0","0","0","7","0","","02","5","2007","4","40.3671","-79.7813","","11","0","0","0","0","0","0","0","0","","0","0","0","","","0","","0","","40 22:01.560","","0","79 46:52.680","0","0","0","0","2477","0","0","0","N","0","0","0","1","","0","","5.0","","1","N","N","","0","","0","0","0","","0","","","1","0","0","0","0","0","0","2","0","1","","","","N","","","","","","","","","",""
"2007202141","","2","0","0","0","0","0","0","0","0","4","0","","02","4","2007","5","40.3259","-79.7933","","11","0","0","0","0","0","1","0","0","","0","0","0","","","1","","0","","40 19:33.240","","7","79 47:35.880","9","0","0","0","2477","0","0","0","N","0","0","0","2","","0","","1.0","","1","N","N","","0","","0","0","0","","0","","","2","0","0","0","0","0","1","2","0","2","","","","N","","","","","","","","","",""
"2007202155","","1","0","0","0","0","0","0","0","0","4","0","","02","5","2007","4","40.5238","-80.0719","","11","0","1","0","0","1","0","0","0","","0","0","0","","","0","","2","","40 31:25.680","","0","80 04:18.840","0","0","0","0","2215","0","0","0","N","0","0","0","3","","0","","1.0","","1","N","N","","0","","0","0","0","","0","","","2","0","3","0","0","0","0","2","1","2","","","","N","","","","","","","","","",""
"2007202157","","1","0","0","0","0","0","0","0","0","4","0","","02","5","2007","3","40.456296","-80.127993","","11","1","0","1","0","0","0","0","0","","0","0","0","","","0","","2","","40 27:22.665","","0","80 07:40.774","0","0","0","0","2115","0","0","0","N","0","0","0","2","","0","","1.0","","1","N","N","","1","","0","0","0","","3","","","2","0","0","0","0","0","0","2","0","2","","","","N","","","","","","","","","",""
"2007202158","","2","0","0","0","0","0","0","0","0","4","0","","02","4","2007","5","40.4018","-79.7775","","11","0","0","0","0","0","1","0","1","","0","0","0","","","0","","0","","40 24:06.480","","7","79 46:39.000","0","0","0","0","2460","0","0","0","N","0","0","0","3","","0","","1.0","","1","N","N","","0","","0","0","0","","0","","","2","0","2","0","0","0","0","2","0","2","","","","N","","","","","","","","","",""
"2007202176","","3","0","0","0","0","0","0","0","0","4","0","","02","5","2007","5","40.448948","-80.162827","","11","0","0","0","0","0","0","0","0","","0","0","0","","","1","","1","","40 26:56.212","","7","80 09:46.177","9","0","0","0","2115","0","0","0","N","0","0","0","4","","0","","1.0","","1","N","N","","0","","0","0","0","","0","","","3","0","0","0","0","0","1","2","0","3","","","","N","","","","","","","","","",""
"2007202177","","4","0","0","0","0","0","0","0","0","1","0","","02","5","2007","6","40.449","-80.1415","","11","0","0","0","0","0","1","0","0","","0","0","0","","","1","","0","","40 26:56.400","","0","80 08:29.400","9","0","0","0","2115","0","0","0","N","0","0","0","4","","0","","1.0","","1","N","N","","0","","0","0","0","","0","","","4","0","0","0","0","0","1","2","0","4","","","","N","","","","","","","","","",""
"2007202178","","1","0","0","0","0","0","0","0","0","7","0","","02","5","2007","7","40.448","-80.104","","11","0","0","0","0","0","0","0","0","","0","0","0","","","1","","0","","40 26:52.800","","0","80 06:14.400","3","0","0","0","2115","0","0","0","N","0","0","0","1","","0","","5.0","","1","N","N","","0","","1","0","0","","0","","","1","1","0","0","0","0","0","2","0","1","","","","N","","","","","","","","","",""
"2007202248","","1","0","0","0","0","0","0","0","0","99","0","","02","4","2007","6","40.516566","-80.146483","","11","0","0","0","0","0","1","0","0","","0","0","0","","","0","","0","","40 30:59.637","","0","80 08:47.338","0","0","0","0","2110","0","0","0","N","0","0","0","1","","0","","1.0","","9","N","N","","0","","0","0","0","","0","","","2","0","0","0","0","0","0","2","0","2","","","","N","","","","","","","","","",""
"2007202251","","1","0","0","0","0","0","0","0","0","4","0","","02","5","2007","3","40.452697","-80.170289","","11","0","0","0","0","0","1","0","0","","0","0","0","","","1","","0","","40 27:09.710","","7","80 10:13.040","4","0","0","0","2115","0","0","0","N","0","0","0","3","","1","","1.0","","1","N","N","","0","","0","0","0","","0","","","2","1","0","0","0","0","0","2","1","2","","","","N","","","","","","","","","",""