"CRN","ARRIVAL_TM","AUTOMOBILE_COUNT","BELTED_DEATH_COUNT","BELTED_SUSP_SERIOUS_INJ_COUNT","BICYCLE_COUNT","BICYCLE_DEATH_COUNT","BICYCLE_SUSP_SERIOUS_INJ_COUNT","BUS_COUNT","CHLDPAS_DEATH_COUNT","CHLDPAS_SUSP_SERIOUS_INJ_COUNT","COLLISION_TYPE","COMM_VEH_COUNT","CONS_ZONE_SPD_LIM","COUNTY","CRASH_MONTH","CRASH_YEAR","DAY_OF_WEEK","DEC_LATITUDE","DEC_LONGITUDE","DISPATCH_TM","DISTRICT","DRIVER_COUNT_16YR","DRIVER_COUNT_17YR","DRIVER_COUNT_18YR","DRIVER_COUNT_19YR","DRIVER_COUNT_20YR","DRIVER_COUNT_50_64YR","DRIVER_COUNT_65_74YR","DRIVER_COUNT_75PLUS","EST_HRS_CLOSED","FATAL_COUNT","HEAVY_TRUCK_COUNT","HORSE_BUGGY_COUNT","HOUR_OF_DAY","ILLUMINATION","INJURY_COUNT","INTERSECTION_RELATED","INTERSECT_TYPE","LANE_CLOSED","LATITUDE","LN_CLOSE_DIR","LOCATION_TYPE","LONGITUDE","MAX_SEVERITY_LEVEL","MCYCLE_DEATH_COUNT","MCYCLE_SUSP_SERIOUS_INJ_COUNT","MOTORCYCLE_COUNT","MUNICIPALITY","NONMOTR_COUNT","NONMOTR_DEATH_COUNT","NONMOTR_SUSP_SERIOUS_INJ_COUNT","NTFY_HIWY_MAINT","PED_COUNT","PED_DEATH_COUNT","PED_SUSP_SERIOUS_INJ_COUNT","PERSON_COUNT","POLICE_AGCY","POSSIBLE_INJ_COUNT","RDWY_SURF_TYPE_CD","RELATION_TO_ROAD","ROADWAY_CLEARED","ROAD_CONDITION","SCH_BUS_IND","SCH_ZONE_IND","SECONDARY_CRASH","SMALL_TRUCK_COUNT","SPEC_JURIS_CD","SUSP_MINOR_INJ_COUNT","SUSP_SERIOUS_INJ_COUNT","SUV_COUNT","TCD_FUNC_CD","TCD_TYPE","TFC_DETOUR_IND","TIME_OF_DAY","TOTAL_UNITS","TOT_INJ_COUNT","UNBELTED_OCC_COUNT","UNB_DEATH_COUNT","UNB_SUSP_SERIOUS_INJ_COUNT","UNK_INJ_DEG_COUNT","UNK_INJ_PER_COUNT","URBAN_RURAL","VAN_COUNT","VEHICLE_COUNT","WEATHER1","WEATHER2","WORKERS_PRES","WORK_ZONE_IND","WORK_ZONE_LOC","WORK_ZONE_TYPE","WZ_CLOSE_DETOUR","WZ_FLAGGER","WZ_LAW_OFFCR_IND","WZ_LN_CLOSURE","WZ_MOVING","WZ_OTHER","WZ_SHLDER_MDN","WZ_WORKERS_INJ_KILLED"
"2007203090","","1","0","0","0","0","0","0","0","0","1","0","","02","6","2007","2","40.6509","-79.7084","","11","0","0","0","0","0","0","0","0","","0","0","0","","","1","","1","","40 39:03.240","","0","79 42:30.240","9","0","0","0","2106","0","0","0","N","0","0","0","3","","0","","1.0","","1","N","N","","1","","0","0","0","","2","","","3","0","0","0","0","0","1","2","0","3","","","","N","","","","","","","","","",""
"2007203091","","1","0","0","0","0","0","0","0","0","99","0","","02","6","2007","3","40.627943","-79.722059","","11","0","0","0","0","0","0","0","0","","0","0","0","","","0","","0","","40 37:40.594","","0","79 43:19.412","0","0","0","0","2106","0","0","0","N","0","0","0","1","","0","","1.0","","1","N","N","","0","","0","0","0","","0","","","2","0","0","0","0","0","0","2","0","2","","","","N","","","","","","","","","",""
"2007203135","","1","0","0","0","0","0","0","0","0","7","0","","02","6","2007","7","40.383","-79.8574","","11","0","0","0","0","1","0","0","0","","0","0","0","","","0","","1","","40 22:58.800","","0","79 51:26.640","0","0","0","0","2303","0","0","0","N","0","0","0","1","","0","","1.0","","1","N","N","","0","","0","0","0","","2","","","1","0","0","0","0","0","0","2","0","1","","","","N","","","","","","","","","",""
"2007203136","","1","0","0","0","0","0","0","0","0","1","0","","02","6","2007","6","40.363149","-79.843467","","11","0","0","0","0","0","1","0","0","","0","0","0","","","1","","0","","40 21:47.335","","0","79 50:36.480","3","0","0","0","2303","0","0","0","N","0","0","0","2","","0","","1.0","","1","N","N","","1","","1","0","0","","0","","","2","1","2","0","0","0","0","2","0","2","","","","N","","","","","","","","","",""
"2007203137","","2","0","0","0","0","0","0","0","0","4","0","","02","6","2007","6","40.371543","-79.84497","","11","0","0","1","0","0","0","0","0","","0","0","0","","","0","","1","","40 22:17.554","","0","79 50:41.892","0","0","0","0","2303","0","0","0","N","0","0","0","2","","0","","1.0","","1","N","N","","0","","0","0","0","","0","","","2","0","0","0","0","0","0","2","0","2","","","","N","","","","","","","","","",""
"2007203138","","0","0","0","0","0","0","1","0","0","1","1","","02","6","2007","2","40.3839","-79.8596","","11","0","0","0","0","0","1","0","0","","0","0","0","","","24","","2","","40 23:02.040","","0","79 51:34.560","3","0","0","0","2303","0","0","0","N","0","0","0","25","","14","","1.0","","1","N","N","","1","","2","0","0","","0","","","2","16","0","0","0","0","8","2","0","2","","","","N","","","","","","","","","",""
"2007203139","","1","0","0","0","0","0","0","0","0","99","0","","02","6","2007","4","40.3804","-79.8617","","11","0","0","0","0","0","0","0","0","","0","0","0","","","0","","0","","40 22:49.440","","0","79 51:42.120","0","0","0","0","2303","0","0","0","N","0","0","0","1","","0","","1.0","","1","N","N","","0","","0","0","0","","0","","","2","0","0","0","0","0","0","2","0","2","","","","N","","","","","","","","","",""
"2007203140","","3","0","0","0","0","0","0","0","0","1","0","","02","6","2007","6","40.383","-79.8574","","11","0","0","0","0","0","0","0","1","","0","0","0","","","2","","2","","40 22:58.800","","0","79 51:26.640","3","0","0","0","2303","0","0","0","N","0","0","0","7","","0","","1.0","","1","N","N","","0","","2","0","0","","2","","","3","2","0","0","0","0","0","2","0","3","","","","N","","","","","","","","","",""
"2007203158","","1","0","0","0","0","0","0","0","0","7","0","","02","5","2007","7","40.430781","-80.096542","","11","0","0","0","0","0","0","0","0","","0","0","0","","","0","","0","","40 25:50.811","","0","80 05:47.550","0","0","0","0","2115","0","0","0","N","0","0","0","1","","0","","5.0","","1","N","N","","0","","0","0","0","","0","","","1","0","0","0","0","0","0","2","0","1","","","","N","","","","","","","","","",""
"2007203159","","0","0","0","0","0","0","0","0","0","0","0","","02","6","2007","1","40.438371","-80.154403","","11","0","0","0","0","0","1","0","0","","0","0","0","","","1","","2","","40 26:18.137","","0","80 09:15.852","3","0","0","1","2115","0","0","0","N","0","0","0","1","","0","","1.0","","1","N","N","","0","","1","0","0","","2","","","1","1","0","0","0","0","0","2","0","1","","","","N","","","","","","","","","",""
"2007203160","","2","0","0","0","0","0","0","0","0","1","0","","02","6","2007","6","40.4457","-80.1513","","11","0","0","0","1","0","1","0","0","","0","0","0","","","0","","2","","40 26:44.520","","0","80 09:04.680","0","0","0","0","2115","0","0","0","N","0","0","0","2","","0","","1.0","","1","N","N","","0","","0","0","0","","3","","","2","0","0","0","0","0","0","2","0","2","","","","N","","","","","","","","","",""
"2007203236","","1","0","0","0","0","0","0","0","0","4","0","","02","7","2007","5","40.354","-79.8232","","11","0","0","0","0","0","1","1","0","","0","0","0","","","1","","1","","40 21:14.400","","0","79 49:23.520","9","0","0","0","2477","0","0","0","N","0","0","0","3","","0","","1.0","","9","N","N","","0","","0","0","0","","3","","","2","0","0","0","0","0","1","2","1","2","","","","N","","","","","","","","","",""
"2007203237","","0","0","0","0","0","0","0","0","0","1","0","","02","7","2007","3","40.326","-79.7935","","11","0","0","0","0","0","1","0","0","","0","0","0","","","0","","2","","40 19:33.600","","0","79 47:36.600","0","0","0","0","2477","0","0","0","N","0","0","0","2","","0","","1.0","","1","N","N","","1","","0","0","1","","0","","","2","0","0","0","0","0","0","2","0","2","","","","N","","","","","","","","","",""
"2007203286","","1","0","0","0","0","0","0","0","0","7","0","","02","5","2007","7","40.5048","-80.0847","","11","0","0","0","0","0","0","0","0","","0","0","0","","","0","","0","","40 30:17.280","","0","80 05:04.920","0","0","0","0","2405","0","0","0","N","0","0","0","1","","0","","5.0","","1","N","N","","0","","0","0","0","","0","","","1","0","1","0","0","0","0","2","0","1","","","","N","","","","","","","","","",""
"2007203322","","2","0","0","0","0","0","0","0","0","1","0","","02","7","2007","1","40.3374","-79.8087","","11","0","0","1","0","0","0","0","0","","0","0","0","","","0","","0","","40 20:14.640","","7","79 48:31.320","0","0","0","0","2477","0","0","0","N","0","0","0","6","","0","","1.0","","1","N","N","","1","","0","0","0","","0","","","3","0","0","0","0","0","0","2","0","3","","","","N","","","","","","","","","",""
"2007203323","","3","0","0","0","0","0","0","0","0","1","0","","02","7","2007","6","40.337","-79.8095","","11","0","0","1","0","0","0","1","0","","0","0","0","","","1","","2","","40 20:13.200","","0","79 48:34.200","9","0","0","0","2477","0","0","0","N","0","0","0","9","","0","","1.0","","1","N","N","","0","","0","0","0","","0","","","3","0","0","0","0","0","1","2","0","3","","","","N","","","","","","","","","",""
"2007203324","","2","0","0","0","0","0","0","0","0","4","0","","02","7","2007","7","40.4871","-79.9726","","11","0","0","0","1","0","0","0","0","","0","0","0","","","4","","2","","40 29:13.560","","0","79 58:21.360","4","0","0","0","2445","0","0","0","N","0","0","0","4","","4","","1.0","","1","N","N","","0","","0","0","0","","3","","","2","4","3","0","0","0","0","2","0","2","","","","N","","","","","","","","","",""
"2007203366","","1","0","0","0","0","0","0","0","0","1","0","","02","6","2007","4","40.5244","-80.0712","","11","0","0","0","0","0","0","0","0","","0","0","0","","","1","","2","","40 31:27.840","","2","80 04:16.320","9","0","0","0","2215","0","0","0","N","0","0","0","2","","0","","1.0","","1","N","N","","1","","0","0","0","","0","","","2","0","0","0","0","0","1","2","0","2","","","","N","","","","","","","","","",""
"2007203401","","2","0","0","0","0","0","0","0","0","4","0","","02","7","2007","3","40.448418","-80.160733","","11","0","0","0","0","0","1","1","0","","0","0","0","","","2","","2","","40 26:54.303","","0","80 09:38.639","4","0","0","0","2115","0","0","0","N","0","0","0","2","","2","","1.0","","1","N","N","","0","","0","0","0","","2","","","2","2","0","0","0","0","0","2","0","2","","","","N","","","","","","","","","",""
"2007203402","","2","0","0","0","0","0","0","0","0","4","0","","02","7","2007","2","40.451869","-80.161108","","11","0","1","0","0","0","0","0","0","","0","0","0","","","1","","1","","40 27:06.727","","0","80 09:39.987","4","0","0","0","2115","0","0","0","N","0","0","0","2","","1","","1.0","","1","N","N","","0","","0","0","0","","2","","","2","1","0","0","0","0","0","2","0","2","","","","N","","","","","","","","","",""
"2007203410","","2","0","0","0","0","0","0","0","0","4","0","","02","7","2007","1","40.4481","-80.1625","","11","0","0","0","1","0","0","0","0","","0","0","0","","","1","","2","","40 26:53.160","","0","80 09:45.000","4","0","0","0","2115","0","0","0","N","0","0","0","3","","1","","1.0","","1","N","N","","0","","0","0","0","","2","","","2","1","0","0","0","0","0","2","0","2","","","","N","","","","","","","","","",""
"2007203411","","2","0","0","0","0","0","0","0","0","4","0","","02","7","2007","3","40.4472","-80.1538","","11","0","0","0","0","0","0","0","1","","0","0","0","","","0","","0","","40 26:49.920","","7","80 09:13.680","0","0","0","0","2115","0","0","0","N","0","0","0","4","","0","","1.0","","1","N","N","","0","","0","0","0","","0","","","2","0","0","0","0","0","0","2","0","2","","","","N","","","","","","","","","",""
"2007203412","","2","0","0","0","0","0","0","0","0","1","0","","02","7","2007","3","40.44","-80.084","","11","0","0","0","0","0","2","0","0","","0","0","0","","","0","","1","","40 26:24.000","","0","80 05:02.400","0","0","0","0","2115","0","0","0","N","0","0","0","3","","0","","1.0","","1","N","N","","1","","0","0","0","","3","","","3","0","0","0","0","0","0","2","0","3","","","","N","","","","","","","","","",""
"2007203419","","0","0","0","0","0","0","0","0","0","7","1","","02","7","2007","4","40.493133","-80.133713","","11","0","0","0","0","0","1","0","0","","0","1","0","","","0","","0","","40 29:35.279","","0","80 08:01.365","0","0","0","0","2115","0","0","0","N","0","0","0","1","","0","","2.0","","1","N","N","","0","","0","0","0","","0","","","1","0","0","0","0","0","0","2","0","1","","","","N","","","","","","","","","",""
"2007203420","","1","0","0","0","0","0","0","0","0","1","0","","02","7","2007","3","40.4492","-80.107","","11","0","0","0","0","0","0","0","0","","0","0","0","","","0","","0","","40 26:57.120","","7","80 06:25.200","0","0","0","0","2115","0","0","0","N","0","0","0","2","","0","","1.0","","1","N","N","","1","","0","0","0","","0","","","2","0","0","0","0","0","0","2","0","2","","","","N","","","","","","","","","",""
"2007203460","","1","0","0","0","0","0","0","0","0","7","0","","02","7","2007","1","40.433095","-80.097918","","11","0","0","0","0","1","0","0","0","","0","0","0","","","1","","0","","40 25:59.143","","0","80 05:52.503","4","0","0","0","2115","0","0","0","N","0","0","0","1","","1","","5.0","","1","N","N","","0","","0","0","0","","0","","","1","1","0","0","0","0","0","2","0","1","","","","N","","","","","","","","","",""
"2007203461","","2","0","0","0","0","0","0","0","0","1","0","","02","7","2007","7","40.4485","-80.1598","","11","0","0","0","1","0","0","1","0","","0","0","0","","","1","","0","","40 26:54.600","","7","80 09:35.280","4","0","0","0","2115","0","0","0","N","0","0","0","2","","1","","1.0","","1","N","N","","0","","0","0","0","","2","","","2","1","0","0","0","0","0","2","0","2","","","","N","","","","","","","","","",""
"2007203462","","2","0","0","0","0","0","0","0","0","4","0","","02","7","2007","6","40.432592","-80.138761","","11","0","0","0","0","0","0","0","0","","0","0","0","","","0","","0","","40 25:57.332","","7","80 08:19.539","0","0","0","0","2115","0","0","0","N","0","0","0","2","","0","","1.0","","1","N","N","","0","","0","0","0","","0","","","2","0","0","0","0","0","0","2","0","2","","","","N","","","","","","","","","",""
"2007203479","","1","0","0","0","0","0","0","0","0","1","0","","02","7","2007","7","40.3532","-79.7888","","11","0","0","0","0","0","0","0","1","","0","0","0","","","0","","0","","40 21:11.520","","0","79 47:19.680","0","0","0","0","2477","0","0","0","N","0","0","0","2","","0","","1.0","","1","N","N","","0","","0","0","0","","0","","","2","0","0","0","0","0","0","2","1","2","","","","N","","","","","","","","","",""
"2007203480","","1","0","0","0","0","0","0","0","0","4","0","","02","7","2007","7","40.3381","-79.8068","","11","0","0","0","0","0","1","0","0","","0","0","0","","","3","","0","","40 20:17.160","","7","79 48:24.480","9","0","0","0","2477","0","0","0","N","0","0","0","4","","0","","1.0","","1","N","N","","0","","0","0","1","","2","","","2","0","0","0","0","0","3","2","0","2","","","","N","","","","","","","","","",""
"2007203529","","3","0","0","0","0","0","0","0","0","1","0","","02","7","2007","4","40.3828","-79.8574","","11","0","0","0","0","0","1","0","0","","0","0","0","","","0","","0","","40 22:58.080","","7","79 51:26.640","0","0","0","0","2303","0","0","0","N","0","0","0","3","","0","","1.0","","9","N","N","","0","","0","0","0","","0","","","3","0","0","0","0","0","0","2","0","3","","","","N","","","","","","","","","",""
"2007203554","","1","0","0","0","0","0","0","0","0","7","0","","02","7","2007","7","40.441976","-80.132209","","11","0","0","0","0","1","0","0","0","","0","0","0","","","1","","0","","40 26:31.113","","0","80 07:55.952","9","0","0","0","2115","0","0","0","N","0","0","0","1","","0","","5.0","","1","N","N","","0","","0","0","0","","0","","","1","0","1","0","0","0","1","2","0","1","","","","N","","","","","","","","","",""
"2007203571","","2","0","0","0","0","0","0","0","0","4","0","","02","7","2007","5","40.6139","-79.7424","","11","0","0","0","1","0","1","0","0","","0","0","0","","","2","","2","","40 36:50.040","","0","79 44:32.640","3","0","0","0","2409","0","0","0","N","0","0","0","4","","1","","1.0","","1","N","N","","0","","1","0","0","","3","","","2","2","1","0","0","0","0","2","0","2","","","","N","","","","","","","","","",""
"2007203572","","1","0","0","1","0","1","0","0","0","8","0","","02","7","2007","2","40.610359","-79.742253","","11","0","0","0","0","0","0","0","1","","0","0","0","","","1","","1","","40 36:37.292","","0","79 44:32.110","2","0","0","0","2409","1","0","1","N","0","0","0","2","","0","","1.0","","1","N","N","","0","","0","1","0","","3","","","2","1","0","0","0","0","0","2","0","1","","","","N","","","","","","","","","",""
"2007203638","","3","0","0","0","0","0","0","0","0","1","0","","02","7","2007","4","40.51732","-80.14905","","11","0","0","0","0","0","0","0","0","","0","0","0","","","1","","0","","40 31:02.352","","7","80 08:56.580","9","0","0","0","2110","0","0","0","N","0","0","0","3","","0","","1.0","","1","N","N","","0","","0","0","0","","0","","","3","0","0","0","0","0","1","2","0","3","","","","N","","","","","","","","","",""
"2007203639","","2","0","0","0","0","0","0","0","0","1","0","","02","7","2007","5","40.5528","-80.1157","","11","0","0","0","0","0","0","0","0","","0","0","0","","","0","","5","","40 33:10.080","","0","80 06:56.520","0","0","0","0","2215","0","0","0","N","0","0","0","2","","0","","1.0","","1","N","N","","0","","0","0","0","","0","","","2","0","0","0","0","0","0","2","0","2","","","","N","","","","","","","","","",""
"2007203649","","2","0","0","0","0","0","0","0","0","1","0","","02","8","2007","7","40.552418","-80.110144","","11","0","0","0","0","0","1","0","0","","0","0","0","","","1","","0","","40 33:08.704","","0","80 06:36.518","4","0","0","0","2215","0","0","0","N","0","0","0","2","","1","","1.0","","1","N","N","","0","","0","0","0","","0","","","2","1","2","0","0","0","0","2","0","2","","","","N","","","","","","","","","",""
"2007203650","","2","0","0","0","0","0","0","0","0","4","0","","02","7","2007","6","40.523727","-80.071878","","11","0","0","1","0","0","0","0","0","","0","0","0","","","1","","1","","40 31:25.416","","0","80 04:18.759","4","0","0","0","2215","0","0","0","N","0","0","0","2","","1","","1.0","","1","N","N","","0","","0","0","0","","2","","","2","1","0","0","0","0","0","2","0","2","","","","N","","","","","","","","","",""
"2007203718","","1","0","0","1","0","0","0","0","0","8","0","","02","8","2007","2","40.4521","-80.1339","","11","0","0","0","0","0","0","0","0","","0","0","0","","","1","","2","","40 27:07.560","","7","80 08:02.040","4","0","0","0","2115","1","0","0","N","0","0","0","2","","1","","1.0","","1","N","N","","0","","0","0","0","","2","","","2","1","0","0","0","0","0","2","0","1","","","","N","","","","","","","","","",""
"2007203719","","2","0","0","0","0","0","0","0","0","1","0","","02","7","2007","1","40.4481","-80.1625","","11","0","0","0","0","0","1","0","0","","0","0","0","","","2","","1","","40 26:53.160","","0","80 09:45.000","9","0","0","0","2115","0","0","0","N","0","0","0","3","","0","","1.0","","1","N","N","","0","","0","0","0","","2","","","2","0","0","0","0","0","2","2","0","2","","","","N","","","","","","","","","",""
"2007203736","","2","0","0","0","0","0","0","0","0","4","0","","02","8","2007","6","40.4484","-80.158","","11","0","0","0","0","1","1","0","0","","0","0","0","","","0","","2","","40 26:54.240","","0","80 09:28.800","0","0","0","0","2115","0","0","0","N","0","0","0","2","","0","","1.0","","1","N","N","","0","","0","0","0","","2","","","2","0","0","0","0","0","0","2","0","2","","","","N","","","","","","","","","",""
"2007203737","","1","0","0","0","0","0","0","0","0","8","0","","02","7","2007","2","40.4468","-80.1435","","11","0","0","0","0","0","0","0","0","","0","0","0","","","1","","0","","40 26:48.480","","0","80 08:36.600","3","0","0","0","2115","1","0","0","N","1","0","0","2","","0","","1.0","","1","N","N","","0","","1","0","0","","0","","","2","1","0","0","0","0","0","2","0","1","","","","N","","","","","","","","","",""
"2007203738","","1","0","0","0","0","0","0","0","0","7","0","","02","8","2007","7","40.4585","-80.1479","","11","0","0","0","0","0","0","0","0","","0","0","0","","","1","","0","","40 27:30.600","","0","80 08:52.440","4","0","0","0","2115","0","0","0","N","0","0","0","1","","1","","2.0","","1","N","N","","0","","0","0","0","","0","","","1","1","0","0","0","0","0","2","0","1","","","","N","","","","","","","","","",""
"2007203739","","2","0","0","0","0","0","0","0","0","1","0","","02","8","2007","6","40.465968","-80.113203","","11","0","0","0","0","0","1","0","1","","0","0","0","","","0","","2","","40 27:57.484","","0","80 06:47.530","0","0","0","0","2115","0","0","0","N","0","0","0","3","","0","","1.0","","1","N","N","","0","","0","0","0","","3","","","2","0","0","0","0","0","0","2","0","2","","","","N","","","","","","","","","",""
"2007203740","","1","0","0","0","0","0","0","0","0","4","0","","02","8","2007","5","40.452","-80.1348","","11","0","0","0","0","0","0","0","0","","0","0","0","","","1","","0","","40 27:07.200","","7","80 08:05.280","3","0","0","0","2115","0","0","0","N","0","0","0","2","","0","","1.0","","1","N","N","","1","","1","0","0","","0","","","2","1","0","0","0","0","0","2","0","2","","","","N","","","","","","","","","",""
"2007203759","","2","0","0","0","0","0","0","0","0","2","0","","02","8","2007","5","40.55063","-80.098945","","11","0","0","0","0","0","0","0","0","","0","0","0","","","2","","0","","40 33:02.269","","0","80 05:56.201","3","0","0","0","2215","0","0","0","N","0","0","0","3","","1","","1.0","","9","N","N","","1","","1","0","0","","0","","","3","2","0","0","0","0","0","2","0","3","","","","N","","","","","","","","","",""
"2007203760","","2","0","0","0","0","0","0","0","0","1","0","","02","8","2007","6","40.5019","-80.0762","","11","0","0","0","0","0","1","0","0","","0","0","0","","","0","","2","","40 30:06.840","","0","80 04:34.320","0","0","0","0","2405","0","0","0","N","0","0","0","2","","0","","1.0","","1","N","N","","0","","0","0","0","","0","","","2","0","0","0","0","0","0","2","0","2","","","","N","","","","","","","","","",""
"2007203766","","1","0","0","0","0","0","0","0","0","2","0","","02","8","2007","7","40.5339","-80.0706","","11","0","0","1","0","0","0","0","0","","0","0","0","","","1","","0","","40 32:02.040","","0","80 04:14.160","4","0","0","0","2215","0","0","0","N","0","0","0","3","","1","","1.0","","1","N","N","","1","","0","0","0","","0","","","2","1","0","0","0","0","0","2","0","2","","","","N","","","","","","","","","",""
"2007203794","","0","0","0","0","0","0","0","0","0","7","0","","02","7","2007","2","40.33801","-79.819061","","11","0","0","0","0","0","0","0","0","","0","0","0","","","1","","0","","40 20:16.836","","0","79 49:08.619","4","0","0","0","2477","0","0","0","N","0","0","0","1","","1","","5.0","","1","N","N","","0","","0","0","1","","0","","","1","1","0","0","0","0","0","2","0","1","","","","N","","","","","","","","","",""
"2007203834","","1","0","0","0","0","0","0","0","0","7","0","","02","7","2007","5","40.47975","-79.977778","","11","0","0","0","0","0","0","0","0","","0","0","0","","","0","","0","","40 28:47.100","","0","79 58:40.000","0","0","0","0","2445","0","0","0","N","0","0","0","2","","0","","5.0","","1","N","N","","0","","0","0","0","","0","","","1","0","0","0","0","0","0","2","0","1","","","","N","","","","","","","","","",""
"2007203841","","0","0","0","0","0","0","0","0","0","1","0","","02","8","2007","6","","","","11","0","0","0","0","0","1","0","0","","0","0","0","","","1","","0","","","","0","","4","0","0","1","2115","0","0","0","N","0","0","0","2","","1","","1.0","","1","N","N","","0","","0","0","1","","0","","","2","1","0","0","0","0","0","1","0","2","","","","N","","","","","","","","","",""
"2007203846","","2","0","0","0","0","0","0","0","0","4","0","","02","8","2007","1","40.447444","-80.15825","","11","0","0","0","0","0","0","0","0","","0","0","0","","","0","","0","","40 26:50.800","","7","80 09:29.700","0","0","0","0","2115","0","0","0","N","0","0","0","2","","0","","1.0","","9","N","N","","0","","0","0","0","","2","","","2","0","0","0","0","0","0","2","0","2","","","","N","","","","","","","","","",""
"2007203945","","2","0","0","0","0","0","0","0","0","4","0","","02","8","2007","4","40.44","-80.084","","11","0","0","0","0","0","0","1","0","","0","0","0","","","2","","2","","40 26:24.000","","7","80 05:02.400","3","0","0","0","2115","0","0","0","N","0","0","0","2","","1","","1.0","","1","N","N","","0","","1","0","0","","0","","","2","2","0","0","0","0","0","2","0","2","","","","N","","","","","","","","","",""
"2007203946","","4","0","0","0","0","0","0","0","0","2","0","","02","8","2007","4","40.4505","-80.1395","","11","0","0","0","0","0","1","0","0","","0","0","0","","","1","","0","","40 27:01.800","","0","80 08:22.200","4","0","0","0","2115","0","0","0","N","0","0","0","4","","1","","1.0","","1","N","N","","0","","0","0","0","","0","","","4","1","0","0","0","0","0","2","0","4","","","","N","","","","","","","","","",""
"2007203947","","2","0","0","0","0","0","0","0","0","1","0","","02","8","2007","4","40.44","-80.084","","11","0","0","0","0","0","0","0","0","","0","0","0","","","0","","1","","40 26:24.000","","0","80 05:02.400","0","0","0","0","2115","0","0","0","N","0","0","0","2","","0","","1.0","","1","N","N","","0","","0","0","0","","3","","","2","0","0","0","0","0","0","2","0","2","","","","N","","","","","","","","","",""
"2007203948","","0","0","0","0","0","0","0","0","0","7","0","","02","8","2007","4","40.477043","-80.131434","","11","0","0","0","0","0","0","0","0","","0","0","0","","","0","","0","","40 28:37.356","","0","80 07:53.162","0","0","0","0","2115","0","0","0","N","0","0","0","1","","0","","5.0","","1","N","N","","1","","0","0","0","","0","","","1","0","0","0","0","0","0","2","0","1","","","","N","","","","","","","","","",""
"2007203949","","1","0","0","0","0","0","0","0","0","1","1","","02","8","2007","5","40.4473","-80.1541","","11","0","0","0","0","0","0","0","0","","0","1","0","","","0","","0","","40 26:50.280","","0","80 09:14.760","0","0","0","0","2115","0","0","0","N","0","0","0","4","","0","","1.0","","1","N","N","","2","","0","0","0","","0","","","4","0","0","0","0","0","0","2","0","4","","","","N","","","","","","","","","",""
"2007203950","","1","0","0","0","0","0","0","0","0","4","0","","02","8","2007","5","40.451046","-80.154196","","11","0","0","0","0","0","0","0","0","","0","0","0","","","0","","2","","40 27:03.766","","0","80 09:15.107","0","0","0","0","2115","0","0","0","N","0","0","0","3","","0","","1.0","","1","N","N","","0","","0","0","1","","2","","","2","0","0","0","0","0","0","2","0","2","","","","N","","","","","","","","","",""
"2007203959","","2","0","0","0","0","0","0","0","0","4","0","","02","8","2007","2","","","","11","1","0","0","0","0","1","0","0","","0","0","0","","","0","","0","","","","7","","0","0","0","0","2115","0","0","0","N","0","0","0","2","","0","","1.0","","1","N","N","","0","","0","0","0","","0","","","2","0","0","0","0","0","0","1","0","2","","","","N","","","","","","","","","",""
"2007203962","","0","0","0","0","0","0","0","0","0","5","0","","02","8","2007","7","40.443833","-80.158778","","11","0","0","0","0","0","1","0","0","","0","0","0","","","0","","0","","40 26:37.800","","0","80 09:31.600","0","0","0","0","2115","0","0","0","N","0","0","0","3","","0","","1.0","","1","N","N","","0","","0","0","1","","0","","","2","0","0","0","0","0","0","2","1","2","","","","N","","","","","","","","","",""
"2007203963","","2","0","0","0","0","0","0","0","0","1","0","","02","8","2007","2","40.4481","-80.1625","","11","0","0","0","0","0","1","0","0","","0","0","0","","","0","","2","","40 26:53.160","","7","80 09:45.000","0","0","0","0","2115","0","0","0","N","0","0","0","7","","0","","1.0","","1","N","N","","1","","0","0","0","","2","","","3","0","0","0","0","0","0","2","0","3","","","","N","","","","","","","","","",""
"2007203970","","1","0","0","0","0","0","0","0","0","99","0","","02","8","2007","7","40.480782","-79.980312","","11","0","0","0","0","0","0","0","0","","0","0","0","","","0","","0","","40 28:50.815","","0","79 58:49.123","0","0","0","0","2445","0","0","0","N","0","0","0","1","","0","","1.0","","1","N","N","","0","","0","0","0","","0","","","2","0","1","0","0","0","0","2","0","2","","","","N","","","","","","","","","",""
"2007203971","","1","0","0","0","0","0","0","0","0","4","0","","02","8","2007","5","40.478732","-79.970977","","11","0","0","1","0","0","0","0","0","","0","0","0","","","0","","1","","40 28:43.435","","0","79 58:15.517","0","0","0","0","2445","0","0","0","N","0","0","0","2","","0","","1.0","","1","N","N","","1","","0","0","0","","3","","","2","0","0","0","0","0","0","2","0","2","","","","N","","","","","","","","","",""
"2007203972","","2","0","0","0","0","0","0","0","0","1","0","","02","8","2007","2","40.473388","-79.969575","","11","0","0","0","0","0","1","0","0","","0","0","0","","","1","","0","","40 28:24.195","","0","79 58:10.471","3","0","0","0","2445","0","0","0","N","0","0","0","2","","0","","1.0","","1","N","N","","0","","1","0","0","","0","","","2","1","0","0","0","0","0","2","0","2","","","","N","","","","","","","","","",""
"2007204021","","4","0","0","0","0","0","0","0","0","1","0","","02","8","2007","4","40.466","-80.137389","","11","0","1","0","0","0","0","1","1","","0","0","0","","","0","","0","","40 27:57.600","","0","80 08:14.600","0","0","0","0","2115","0","0","0","N","0","0","0","4","","0","","1.0","","1","N","N","","0","","0","0","0","","0","","","4","0","0","0","0","0","0","2","0","4","","","","N","","","","","","","","","",""