"CRN","ARRIVAL_TM","AUTOMOBILE_COUNT","BELTED_DEATH_COUNT","BELTED_SUSP_SERIOUS_INJ_COUNT","BICYCLE_COUNT","BICYCLE_DEATH_COUNT","BICYCLE_SUSP_SERIOUS_INJ_COUNT","BUS_COUNT","CHLDPAS_DEATH_COUNT","CHLDPAS_SUSP_SERIOUS_INJ_COUNT","COLLISION_TYPE","COMM_VEH_COUNT","CONS_ZONE_SPD_LIM","COUNTY","CRASH_MONTH","CRASH_YEAR","DAY_OF_WEEK","DEC_LATITUDE","DEC_LONGITUDE","DISPATCH_TM","DISTRICT","DRIVER_COUNT_16YR","DRIVER_COUNT_17YR","DRIVER_COUNT_18YR","DRIVER_COUNT_19YR","DRIVER_COUNT_20YR","DRIVER_COUNT_50_64YR","DRIVER_COUNT_65_74YR","DRIVER_COUNT_75PLUS","EST_HRS_CLOSED","FATAL_COUNT","HEAVY_TRUCK_COUNT","HORSE_BUGGY_COUNT","HOUR_OF_DAY","ILLUMINATION","INJURY_COUNT","INTERSECTION_RELATED","INTERSECT_TYPE","LANE_CLOSED","LATITUDE","LN_CLOSE_DIR","LOCATION_TYPE","LONGITUDE","MAX_SEVERITY_LEVEL","MCYCLE_DEATH_COUNT","MCYCLE_SUSP_SERIOUS_INJ_COUNT","MOTORCYCLE_COUNT","MUNICIPALITY","NONMOTR_COUNT","NONMOTR_DEATH_COUNT","NONMOTR_SUSP_SERIOUS_INJ_COUNT","NTFY_HIWY_MAINT","PED_COUNT","PED_DEATH_COUNT","PED_SUSP_SERIOUS_INJ_COUNT","PERSON_COUNT","POLICE_AGCY","POSSIBLE_INJ_COUNT","RDWY_SURF_TYPE_CD","RELATION_TO_ROAD","ROADWAY_CLEARED","ROAD_CONDITION","SCH_BUS_IND","SCH_ZONE_IND","SECONDARY_CRASH","SMALL_TRUCK_COUNT","SPEC_JURIS_CD","SUSP_MINOR_INJ_COUNT","SUSP_SERIOUS_INJ_COUNT","SUV_COUNT","TCD_FUNC_CD","TCD_TYPE","TFC_DETOUR_IND","TIME_OF_DAY","TOTAL_UNITS","TOT_INJ_COUNT","UNBELTED_OCC_COUNT","UNB_DEATH_COUNT","UNB_SUSP_SERIOUS_INJ_COUNT","UNK_INJ_DEG_COUNT","UNK_INJ_PER_COUNT","URBAN_RURAL","VAN_COUNT","VEHICLE_COUNT","WEATHER1","WEATHER2","WORKERS_PRES","WORK_ZONE_IND","WORK_ZONE_LOC","WORK_ZONE_TYPE","WZ_CLOSE_DETOUR","WZ_FLAGGER","WZ_LAW_OFFCR_IND","WZ_LN_CLOSURE","WZ_MOVING","WZ_OTHER","WZ_SHLDER_MDN","WZ_WORKERS_INJ_KILLED"
"2007205038","","1","0","0","0","0","0","0","0","0","1","0","","02","10","2007","6","40.435154","-80.143324","","11","0","0","0","0","0","0","0","0","","0","0","0","","","0","","0","","40 26:06.556","","0","80 08:35.966","0","0","0","0","2115","0","0","0","N","0","0","0","2","","0","","1.0","","1","N","N","","0","","0","0","0","","0","","","2","0","0","0","0","0","0","2","1","2","","","","N","","","","","","","","","",""
"2007205041","","2","0","0","0","0","0","0","0","0","1","0","","02","10","2007","2","40.446904","-80.153291","","11","0","1","0","0","0","1","0","0","","0","0","0","","","1","","0","","40 26:48.854","","7","80 09:11.847","4","0","0","0","2115","0","0","0","N","0","0","0","5","","1","","1.0","","1","N","N","","0","","0","0","0","","0","","","3","1","0","0","0","0","0","2","1","3","","","","N","","","","","","","","","",""
"2007205045","","1","0","0","0","0","0","0","0","0","1","0","","02","10","2007","5","40.452799","-80.101358","","11","0","0","0","0","0","0","0","0","","0","0","0","","","0","","0","","40 27:10.076","","7","80 06:04.888","0","0","0","0","2115","0","0","0","N","0","0","0","2","","0","","1.0","","1","N","N","","0","","0","0","0","","0","","","2","0","0","0","0","0","0","2","1","2","","","","N","","","","","","","","","",""
"2007205046","","1","0","0","0","0","0","0","0","0","4","0","","02","10","2007","1","","","","11","0","0","0","0","0","0","0","0","","0","0","0","","","2","","0","","","","7","","3","0","0","0","2115","0","0","0","N","0","0","0","3","","1","","1.0","","1","N","N","","1","","1","0","0","","0","","","2","2","0","0","0","0","0","1","0","2","","","","N","","","","","","","","","",""
"2007205047","","1","0","0","0","0","0","0","0","0","4","0","","02","10","2007","1","40.437022","-80.154075","","11","0","0","0","0","0","1","0","0","","0","0","0","","","1","","0","","40 26:13.280","","7","80 09:14.670","4","0","0","0","2115","0","0","0","N","0","0","0","2","","1","","1.0","","1","N","N","","0","","0","0","1","","3","","","2","1","0","0","0","0","0","2","0","2","","","","N","","","","","","","","","",""
"2007205075","","2","0","0","0","0","0","0","0","0","4","0","","02","10","2007","4","40.343943","-79.798758","","11","0","0","0","0","0","0","0","0","","0","0","0","","","0","","1","","40 20:38.193","","0","79 47:55.529","0","0","0","0","2477","0","0","0","N","0","0","0","3","","0","","1.0","","9","N","N","","0","","0","0","0","","3","","","2","0","0","0","0","0","0","2","0","2","","","","N","","","","","","","","","",""
"2007205076","","1","0","0","0","0","0","0","0","0","7","0","","02","10","2007","7","40.3433","-79.8137","","11","0","0","0","1","0","0","0","0","","0","0","0","","","0","","2","","40 20:35.880","","0","79 48:49.320","0","0","0","0","2477","0","0","0","N","0","0","0","1","","0","","5.0","","1","N","N","","0","","0","0","0","","3","","","1","0","1","0","0","0","0","2","0","1","","","","N","","","","","","","","","",""
"2007205081","","2","0","0","0","0","0","0","0","0","4","0","","02","10","2007","2","40.451778","-80.162969","","11","0","0","0","0","0","0","0","0","","0","0","0","","","0","","0","","40 27:06.400","","7","80 09:46.690","0","0","0","0","2115","0","0","0","N","0","0","0","2","","0","","1.0","","1","N","N","","0","","0","0","0","","0","","","2","0","0","0","0","0","0","2","0","2","","","","N","","","","","","","","","",""
"2007205082","","2","0","0","0","0","0","0","0","0","1","0","","02","10","2007","7","40.45","-80.1098","","11","0","0","0","0","0","1","1","0","","0","0","0","","","0","","2","","40 27:00.000","","2","80 06:35.280","0","0","0","0","2115","0","0","0","N","0","0","0","2","","0","","1.0","","9","N","N","","0","","0","0","0","","2","","","2","0","0","0","0","0","0","2","0","2","","","","N","","","","","","","","","",""
"2007205083","","2","0","0","0","0","0","0","0","0","4","0","","02","10","2007","7","40.4521","-80.1339","","11","0","0","0","0","0","1","0","0","","0","0","0","","","0","","2","","40 27:07.560","","7","80 08:02.040","0","0","0","0","2115","0","0","0","N","0","0","0","7","","0","","1.0","","1","N","N","","0","","0","0","0","","2","","","2","0","0","0","0","0","0","2","0","2","","","","N","","","","","","","","","",""
"2007205108","","1","0","0","0","0","0","0","0","0","1","0","","02","1","2007","6","40.5508","-80.0877","","11","0","0","1","0","0","0","0","0","","0","0","0","","","0","","0","","40 33:02.880","","0","80 05:15.720","0","0","0","0","2215","0","0","0","N","0","0","0","2","","0","","1.0","","9","N","N","","0","","0","0","0","","0","","","2","0","0","0","0","0","0","2","1","2","","","","N","","","","","","","","","",""
"2007205231","","2","0","0","0","0","0","0","0","0","4","0","","02","9","2007","6","40.6174","-79.734","","11","0","1","0","0","0","0","1","0","","0","0","0","","","1","","2","","40 37:02.640","","0","79 44:02.400","3","0","0","0","2106","0","0","0","N","0","0","0","4","","0","","1.0","","1","N","N","","0","","1","0","0","","3","","","2","1","0","0","0","0","0","2","0","2","","","","N","","","","","","","","","",""
"2007205233","","1","0","0","0","0","0","0","0","0","4","0","","02","9","2007","5","40.6675","-79.7128","","11","0","1","0","0","0","0","0","0","","0","0","0","","","1","","2","","40 40:03.000","","0","79 42:46.080","4","0","0","0","2106","0","0","0","N","0","0","0","2","","1","","1.0","","1","N","N","","1","","0","0","0","","3","","","2","1","0","0","0","0","0","2","0","2","","","","N","","","","","","","","","",""
"2007205234","","2","0","0","0","0","0","0","0","0","1","0","","02","9","2007","1","40.636","-79.7125","","11","0","0","0","0","0","0","0","2","","0","0","0","","","1","","1","","40 38:09.600","","0","79 42:45.000","3","0","0","0","2106","0","0","0","N","0","0","0","2","","0","","1.0","","1","N","N","","0","","1","0","0","","2","","","2","1","0","0","0","0","0","2","0","2","","","","N","","","","","","","","","",""
"2007205235","","2","0","0","0","0","0","0","0","0","4","0","","02","9","2007","7","40.6296","-79.7176","","11","0","0","0","0","0","1","0","0","","0","0","0","","","0","","1","","40 37:46.560","","0","79 43:03.360","0","0","0","0","2106","0","0","0","N","0","0","0","3","","0","","1.0","","1","N","N","","0","","0","0","0","","2","","","2","0","0","0","0","0","0","2","0","2","","","","N","","","","","","","","","",""
"2007205237","","2","0","0","0","0","0","0","0","0","4","0","","02","9","2007","5","40.6675","-79.7144","","11","0","0","0","0","0","0","1","0","","0","0","0","","","2","","2","","40 40:03.000","","2","79 42:51.840","4","0","0","0","2106","0","0","0","N","0","0","0","5","","2","","1.0","","1","N","N","","0","","0","0","0","","3","","","2","2","1","0","0","0","0","2","0","2","","","","N","","","","","","","","","",""
"2007205238","","1","0","0","0","0","0","0","0","0","5","0","","02","9","2007","7","40.6382","-79.7114","","11","0","0","0","0","0","0","0","0","","0","0","0","","","1","","0","","40 38:17.520","","0","79 42:41.040","3","0","0","1","2106","0","0","0","N","0","0","0","3","","0","","1.0","","1","N","N","","0","","1","0","0","","0","","","2","1","0","0","0","0","0","2","0","2","","","","N","","","","","","","","","",""
"2007205239","","0","0","0","0","0","0","0","0","0","4","0","","02","9","2007","7","40.6509","-79.7084","","11","0","0","0","0","0","2","0","0","","0","0","0","","","2","","1","","40 39:03.240","","0","79 42:30.240","9","0","0","0","2106","0","0","0","N","0","0","0","3","","0","","1.0","","1","N","N","","1","","0","0","0","","2","","","2","0","0","0","0","0","2","2","1","2","","","","N","","","","","","","","","",""
"2007205240","","1","0","0","0","0","0","0","0","0","4","0","","02","10","2007","2","40.6675","-79.7128","","11","0","0","0","0","0","0","1","0","","0","0","0","","","0","","1","","40 40:03.000","","0","79 42:46.080","0","0","0","0","2106","0","0","0","N","0","0","0","3","","0","","1.0","","1","N","N","","1","","0","0","0","","3","","","2","0","0","0","0","0","0","2","0","2","","","","N","","","","","","","","","",""
"2007205241","","1","0","0","0","0","0","0","0","0","1","0","","02","10","2007","3","40.6344","-79.7135","","11","0","1","0","0","0","0","0","0","","0","0","0","","","0","","1","","40 38:03.840","","0","79 42:48.600","0","0","0","0","2106","0","0","0","N","0","0","0","2","","0","","1.0","","1","N","N","","0","","0","0","0","","3","","","2","0","0","0","0","0","0","2","1","2","","","","N","","","","","","","","","",""
"2007205242","","2","0","0","0","0","0","0","0","0","4","0","","02","10","2007","6","40.610481","-79.734187","","11","0","0","0","0","0","0","0","0","","0","0","0","","","3","","1","","40 36:37.731","","0","79 44:03.073","3","0","0","0","2106","0","0","0","N","0","0","0","3","","1","","1.0","","1","N","N","","0","","1","0","0","","3","","","2","2","0","0","0","0","1","2","0","2","","","","N","","","","","","","","","",""
"2007205243","","2","0","0","0","0","0","0","0","0","4","0","","02","10","2007","6","40.6296","-79.7184","","11","0","0","0","0","0","0","0","0","","0","0","0","","","0","","1","","40 37:46.560","","0","79 43:06.240","0","0","0","0","2106","0","0","0","N","0","0","0","2","","0","","1.0","","9","N","N","","0","","0","0","0","","2","","","2","0","0","0","0","0","0","2","0","2","","","","N","","","","","","","","","",""
"2007205244","","1","0","0","0","0","0","0","0","0","1","0","","02","10","2007","4","40.5038","-80.1387","","11","0","0","0","1","0","0","1","0","","0","0","0","","","1","","1","","40 30:13.680","","7","80 08:19.320","4","0","0","0","2115","0","0","0","N","0","0","0","3","","1","","1.0","","1","N","N","","2","","0","0","0","","0","","","3","1","0","0","0","0","0","2","0","3","","","","N","","","","","","","","","",""
"2007205265","","2","0","0","0","0","0","0","0","0","4","0","","02","11","2007","7","40.4397","-80.0886","","11","0","0","0","0","0","0","0","0","","0","0","0","","","0","","0","","40 26:22.920","","7","80 05:18.960","0","0","0","0","2115","0","0","0","N","0","0","0","2","","0","","1.0","","1","N","N","","0","","0","0","0","","2","","","2","0","0","0","0","0","0","2","0","2","","","","N","","","","","","","","","",""
"2007205281","","2","0","0","0","0","0","0","0","0","4","0","","02","11","2007","3","40.4934","-79.9755","","11","0","0","0","0","0","1","0","0","","0","0","0","","","1","","2","","40 29:36.240","","0","79 58:31.800","3","0","0","0","2445","0","0","0","N","0","0","0","2","","0","","1.0","","1","N","N","","0","","1","0","0","","2","","","2","1","1","0","0","0","0","2","0","2","","","","N","","","","","","","","","",""
"2007205282","","2","0","0","0","0","0","0","0","0","4","0","","02","11","2007","2","40.492","-79.9731","","11","0","0","1","0","0","0","0","0","","0","0","0","","","1","","2","","40 29:31.200","","0","79 58:23.160","4","0","0","0","2445","0","0","0","N","0","0","0","2","","1","","1.0","","1","N","N","","0","","0","0","0","","3","","","2","1","0","0","0","0","0","2","0","2","","","","N","","","","","","","","","",""
"2007205293","","2","0","0","0","0","0","0","0","0","1","0","","02","11","2007","5","","","","11","0","0","0","0","0","2","0","0","","0","0","0","","","1","","2","","40 25:49.08","","2","80 07:59.52","4","0","0","0","2115","0","0","0","N","0","0","0","3","","1","","1.0","","1","N","N","","0","","0","0","0","","3","","","2","1","0","0","0","0","0","2","0","2","","","","N","","","","","","","","","",""
"2007205294","","2","0","0","0","0","0","0","0","0","1","0","99","02","11","2007","2","40.45","-80.1403","","11","0","0","1","0","0","0","0","0","","0","0","0","","","0","","0","","40 27:00.000","","0","80 08:25.080","0","0","0","0","2115","0","0","0","N","0","0","0","2","","0","","1.0","","1","N","N","","0","","0","0","0","","0","","","2","0","0","0","0","0","0","2","0","2","","","U","Y","8","1","","","U","","","","",""
"2007205295","","0","0","0","0","0","0","0","0","0","4","0","","02","11","2007","3","40.4494","-80.1073","","11","0","0","0","0","0","0","0","0","","0","0","0","","","2","","1","","40 26:57.840","","0","80 06:26.280","3","0","0","0","2115","0","0","0","N","0","0","0","2","","1","","1.0","","1","N","N","","1","","1","0","1","","2","","","2","2","1","0","0","0","0","2","0","2","","","","N","","","","","","","","","",""
"2007205316","","1","0","0","0","0","0","0","0","0","7","0","","02","10","2007","3","","","","11","0","0","0","0","0","0","0","0","","0","0","0","","","0","","0","","","","0","","0","0","0","0","2115","0","0","0","N","0","0","0","1","","0","","2.0","","1","N","N","","0","","0","0","0","","0","","","1","0","0","0","0","0","0","1","0","1","","","","N","","","","","","","","","",""
"2007205318","","2","0","0","0","0","0","0","0","0","4","0","","02","11","2007","5","40.3287","-79.8171","","11","0","0","0","0","0","0","0","1","","0","0","0","","","1","","0","","40 19:43.320","","7","79 49:01.560","3","0","0","0","2477","0","0","0","N","0","0","0","2","","0","","1.0","","1","N","N","","0","","1","0","0","","0","","","2","1","0","0","0","0","0","2","0","2","","","","N","","","","","","","","","",""
"2007205319","","1","0","0","0","0","0","0","0","0","4","0","","02","11","2007","4","40.354","-79.8232","","11","0","1","0","0","0","0","0","0","","0","0","0","","","0","","1","","40 21:14.400","","0","79 49:23.520","0","0","0","0","2477","0","0","0","N","0","0","0","2","","0","","1.0","","1","N","N","","1","","0","0","0","","3","","","2","0","0","0","0","0","0","2","0","2","","","","N","","","","","","","","","",""
"2007205398","","2","0","0","0","0","0","0","0","0","4","0","","02","11","2007","2","40.4494","-80.1073","","11","0","0","0","0","0","1","0","0","","0","0","0","","","4","","1","","40 26:57.840","","0","80 06:26.280","9","0","0","0","2115","0","0","0","N","0","0","0","4","","0","","1.0","","1","N","N","","0","","0","0","1","","2","","","3","0","0","0","0","0","4","2","0","3","","","","N","","","","","","","","","",""
"2007205399","","0","0","0","0","0","0","0","0","0","7","0","","02","10","2007","3","40.459679","-80.11855","","11","0","0","0","0","0","0","0","0","","0","0","0","","","1","","2","","40 27:34.844","","0","80 07:06.780","3","0","0","1","2115","0","0","0","N","0","0","0","1","","0","","5.0","","1","N","N","","0","","1","0","0","","3","","","1","1","0","0","0","0","0","2","0","1","","","","N","","","","","","","","","",""
"2007205473","","1","0","0","0","0","0","0","0","0","1","0","","02","11","2007","6","40.3375","-79.8088","9999","11","0","0","0","0","0","0","0","1","","0","0","0","","","0","","1","","40 20:15.000","","0","79 48:31.680","0","0","0","0","2477","0","0","0","N","0","0","0","2","02477","0","","1.0","","1","N","N","","1","","0","0","0","","2","","","2","0","0","0","0","0","0","2","0","2","","","","N","","","","","","","","","",""
"2007205474","","2","0","0","0","0","0","0","0","0","5","0","","02","11","2007","2","40.4502","-80.1401","9999","11","0","0","1","0","0","0","0","0","","0","0","0","","","0","","2","","40 27:00.720","","0","80 08:24.360","0","0","0","0","2115","0","0","0","N","0","0","0","2","02115","0","","1.0","","1","N","N","","0","","0","0","0","","2","","","2","0","0","0","0","0","0","2","0","2","","","","N","","","","","","","","","",""
"2007205478","","2","0","0","0","0","0","0","0","0","1","0","","02","11","2007","3","40.4869","-79.9726","9999","11","0","0","0","0","0","0","0","0","","0","0","0","","","0","","0","","40 29:12.840","","0","79 58:21.360","0","0","0","0","2445","0","0","0","N","0","0","0","4","02445","0","","1.0","","1","N","N","","0","","0","0","0","","0","","","2","0","0","0","0","0","0","2","0","2","","","","N","","","","","","","","","",""
"2007205479","","2","0","0","0","0","0","0","0","0","1","0","","02","11","2007","2","","","9999","11","0","0","0","0","0","0","0","1","","0","0","0","","","1","","2","","40 26:56.04","","2","80 10:01.92","3","0","0","0","2115","0","0","0","N","0","0","0","3","02115","0","","1.0","","9","N","N","","0","","1","0","1","","2","","","3","1","0","0","0","0","0","2","0","3","","","","N","","","","","","","","","",""
"2007205480","","1","0","0","0","0","0","0","0","0","4","0","","02","11","2007","6","40.45413","-80.161223","9999","11","0","0","0","0","0","1","0","0","","0","0","0","","","0","","0","","40 27:14.867","","7","80 09:40.402","0","0","0","0","2115","0","0","0","N","0","0","0","2","02115","0","","1.0","","1","N","N","","1","","0","0","0","","0","","","2","0","0","0","0","0","0","2","0","2","","","","N","","","","","","","","","",""
"2007205651","","1","0","0","0","0","0","0","0","0","4","0","","02","11","2007","4","40.477028","-79.969139","9999","11","0","0","0","0","0","1","1","0","","0","0","0","","","0","","5","","40 28:37.301","","0","79 58:08.901","0","0","0","0","2445","0","0","0","N","0","0","0","2","02445","0","","1.0","","1","N","N","","0","","0","0","0","","3","","","2","0","0","0","0","0","0","2","1","2","","","","N","","","","","","","","","",""
"2007205715","","1","0","0","0","0","0","0","0","0","7","0","","02","12","2007","2","40.439967","-80.087558","9999","11","0","0","0","0","0","0","0","0","","0","0","0","","","0","","0","","40 26:23.880","","0","80 05:15.210","0","0","0","0","2115","0","0","0","N","0","0","0","1","02115","0","","1.0","","9","N","N","","0","","0","0","0","","0","","","1","0","0","0","0","0","0","2","0","1","","","","N","","","","","","","","","",""
"2007205780","","1","0","0","0","0","0","0","0","0","4","0","","02","12","2007","1","","","9999","11","0","0","0","0","0","1","0","0","","0","0","0","","","0","","0","","","","7","","0","0","0","0","2115","0","0","0","N","0","0","0","4","02115","0","","1.0","","9","N","N","","1","","0","0","0","","0","","","2","0","0","0","0","0","0","1","0","2","","","","N","","","","","","","","","",""
"2007205781","","2","0","0","0","0","0","0","0","0","1","0","","02","12","2007","7","40.4536","-80.171928","9999","11","0","0","0","1","0","1","0","0","","0","0","0","","","1","","0","","40 27:12.960","","0","80 10:18.940","4","0","0","0","2115","0","0","0","N","0","0","0","3","02115","1","","1.0","","1","N","N","","0","","0","0","0","","0","","","3","1","0","0","0","0","0","2","1","3","","","","N","","","","","","","","","",""
"2007205782","","3","0","0","0","0","0","0","0","0","1","0","","02","11","2007","6","","","9999","11","0","0","0","1","0","2","0","0","","0","0","0","","","0","","0","","","","0","","0","0","0","0","2115","0","0","0","N","0","0","0","3","02115","0","","1.0","","1","N","N","","0","","0","0","0","","0","","","3","0","0","0","0","0","0","1","0","3","","","","N","","","","","","","","","",""
"2007205783","","2","0","0","0","0","0","0","0","0","4","0","","02","11","2007","5","40.455155","-80.136297","9999","11","0","0","0","0","1","0","0","0","","0","0","0","","","0","","2","","40 27:18.557","","0","80 08:10.668","0","0","0","0","2115","0","0","0","N","0","0","0","2","02115","0","","1.0","","1","N","N","","0","","0","0","0","","3","","","2","0","0","0","0","0","0","2","0","2","","","","N","","","","","","","","","",""
"2007205787","","1","0","0","0","0","0","0","0","0","4","0","","02","11","2007","7","40.3439","-79.7988","9999","11","0","0","0","0","0","1","0","1","","0","0","0","","","0","","1","","40 20:38.040","","0","79 47:55.680","0","0","0","0","2477","0","0","0","N","0","0","0","3","02477","0","","1.0","","1","N","N","","1","","0","0","0","","2","","","2","0","0","0","0","0","0","2","0","2","","","","N","","","","","","","","","",""
"2007205788","","2","0","0","0","0","0","0","0","0","4","0","","02","11","2007","4","","","9999","11","0","0","0","0","0","0","0","2","","0","0","0","","","0","","0","","","","7","","0","0","0","0","2477","0","0","0","N","0","0","0","2","02477","0","","1.0","","1","N","N","","0","","0","0","0","","0","","","2","0","0","0","0","0","0","1","0","2","","","","N","","","","","","","","","",""
"2007205789","","2","0","0","0","0","0","0","0","0","4","0","","02","11","2007","4","40.4502","-80.1171","9999","11","0","0","0","0","0","1","0","0","","0","0","0","","","1","","2","","40 27:00.720","","0","80 07:01.560","9","0","0","0","2115","0","0","0","N","0","0","0","2","02115","0","","1.0","","1","N","N","","0","","0","0","0","","3","","","2","0","0","0","0","0","1","2","0","2","","","","N","","","","","","","","","",""
"2007205790","","2","0","0","0","0","0","0","0","0","1","0","","02","11","2007","4","40.4509","-80.1384","9999","11","0","0","0","0","0","0","0","0","","0","0","0","","","0","","0","","40 27:03.240","","7","80 08:18.240","0","0","0","0","2115","0","0","0","N","0","0","0","2","02115","0","","1.0","","1","N","N","","0","","0","0","0","","0","","","2","0","0","0","0","0","0","2","0","2","","","","N","","","","","","","","","",""
"2007205791","","3","0","0","0","0","0","0","0","0","1","0","","02","11","2007","7","40.453847","-80.171878","9999","11","0","0","0","0","0","1","0","0","","0","0","0","","","0","","1","","40 27:13.849","","0","80 10:18.760","0","0","0","0","2115","0","0","0","N","0","0","0","3","02115","0","","1.0","","1","N","N","","0","","0","0","0","","2","","","3","0","0","0","0","0","0","2","0","3","","","","N","","","","","","","","","",""
"2007205792","","2","0","0","0","0","0","0","0","0","1","0","","02","11","2007","4","","","9999","11","0","0","0","0","0","0","0","0","","0","0","0","","","1","","0","","","","0","","4","0","0","0","2115","0","0","0","N","0","0","0","4","02115","1","","1.0","","9","N","N","","0","","0","0","0","","0","","","2","1","1","0","0","0","0","1","0","2","","","","N","","","","","","","","","",""
"2007205881","","1","0","0","0","0","0","0","0","0","7","0","","02","12","2007","2","","","9999","11","0","0","0","0","0","0","0","0","","0","0","0","","","0","","0","","","","0","","0","0","0","0","2115","0","0","0","N","0","0","0","1","02115","0","","5.0","","2","N","N","","0","","0","0","0","","0","","","1","0","0","0","0","0","0","1","0","1","","","","N","","","","","","","","","",""
"2007205882","","2","0","0","0","0","0","0","0","0","1","0","","02","12","2007","2","","","9999","11","0","0","1","0","0","0","0","0","","0","0","0","","","1","","0","","","","0","","4","0","0","0","2115","0","0","0","N","0","0","0","2","02115","1","","1.0","","2","N","N","","0","","0","0","0","","0","","","2","1","1","0","0","0","0","1","0","2","","","","N","","","","","","","","","",""
"2007205883","","2","0","0","0","0","0","0","0","0","1","0","","02","12","2007","2","","","9999","11","0","0","0","1","1","0","0","0","","0","0","0","","","2","","0","","","","0","","4","0","0","0","2115","0","0","0","N","0","0","0","2","02115","2","","1.0","","2","N","N","","0","","0","0","0","","0","","","2","2","0","0","0","0","0","1","0","2","","","","N","","","","","","","","","",""
"2007205884","","2","0","0","0","0","0","0","0","0","4","0","","02","12","2007","2","","","9999","11","0","0","0","0","0","1","0","0","","0","0","0","","","1","","1","","40 26:56.04","","2","80 10:01.92","4","0","0","0","2115","0","0","0","N","0","0","0","2","02115","1","","1.0","","9","N","N","","0","","0","0","0","","2","","","2","1","0","0","0","0","0","2","0","2","","","","N","","","","","","","","","",""
"2007205885","","1","0","0","0","0","0","0","0","0","7","0","","02","12","2007","4","40.4489","-80.1247","9999","11","0","0","0","0","0","0","0","0","","0","0","0","","","0","","0","","40 26:56.040","","0","80 07:28.920","0","0","0","0","2115","0","0","0","N","0","0","0","1","02115","0","","5.0","","7","N","N","","0","","0","0","0","","0","","","1","0","0","0","0","0","0","2","0","1","","","","N","","","","","","","","","",""
"2007205899","","0","0","0","0","0","0","0","0","0","7","0","","02","12","2007","5","","","9999","11","0","0","0","0","0","0","0","0","","0","0","0","","","0","","0","","","","0","","0","0","0","0","2115","0","0","0","N","0","0","0","1","02115","0","","5.0","","9","N","N","","1","","0","0","0","","0","","","1","0","0","0","0","0","0","1","0","1","","","","N","","","","","","","","","",""
"2007205900","","0","0","0","0","0","0","0","0","0","7","0","","02","12","2007","7","40.504918","-80.144738","9999","11","0","0","0","0","0","1","0","0","","0","0","0","","","0","","0","","40 30:17.705","","0","80 08:41.058","0","0","0","0","2115","0","0","0","N","0","0","0","1","02115","0","","2.0","","2","N","N","","1","","0","0","0","","0","","","1","0","0","0","0","0","0","2","0","1","","","","N","","","","","","","","","",""
"2007205999","","1","0","0","0","0","0","0","0","0","7","0","","02","12","2007","4","40.3271","-79.7924","9999","11","0","0","0","0","0","0","0","0","","0","0","0","","","1","","0","","40 19:37.560","","0","79 47:32.640","4","0","0","0","2477","0","0","0","N","0","0","0","1","02477","1","","5.0","","7","N","N","","0","","0","0","0","","0","","","1","1","0","0","0","0","0","2","0","1","","","","N","","","","","","","","","",""
"2007206005","","1","0","0","0","0","0","0","0","0","7","0","","02","12","2007","4","40.3236","-79.7862","9999","11","0","0","0","0","0","0","0","0","","0","0","0","","","0","","0","","40 19:24.960","","0","79 47:10.320","0","0","0","0","2477","0","0","0","N","0","0","0","1","02477","0","","5.0","","7","N","N","","0","","0","0","0","","0","","","1","0","0","0","0","0","0","2","0","1","","","","N","","","","","","","","","",""
"2007206006","","1","0","0","0","0","0","0","0","0","99","0","","02","12","2007","2","40.355066","-79.813339","9999","11","0","0","0","0","0","0","0","1","","0","0","0","","","1","","1","","40 21:18.237","","0","79 48:48.020","4","0","0","0","2477","0","0","0","N","0","0","0","1","02477","1","","5.0","","2","N","N","","0","","0","0","0","","0","","","2","1","0","0","0","0","0","2","0","2","","","","N","","","","","","","","","",""
"2007206007","","1","0","1","0","0","0","0","0","0","7","0","","02","12","2007","7","40.441945","-80.156744","9999","11","0","0","0","0","0","0","0","0","","0","0","0","","","1","","2","","40 26:31.002","","0","80 09:24.278","2","0","0","0","2115","0","0","0","N","0","0","0","1","02115","0","","5.0","","1","N","N","","0","","0","1","0","","3","","","1","1","0","0","0","0","0","2","0","1","","","","N","","","","","","","","","",""
"2007206011","","2","0","0","0","0","0","0","0","0","4","0","","02","12","2007","7","","","9999","11","0","0","0","0","0","0","0","0","","0","0","0","","","0","","2","","","","7","","0","0","0","0","2115","0","0","0","N","0","0","0","2","02115","0","","1.0","","1","N","N","","0","","0","0","0","","0","","","2","0","0","0","0","0","0","1","0","2","","","","N","","","","","","","","","",""
"2007206048","","1","0","0","0","0","0","0","0","0","4","0","","02","12","2007","3","40.436808","-80.089308","9999","11","0","0","0","0","0","2","0","0","","0","0","0","","","0","","2","","40 26:12.508","","0","80 05:21.508","0","0","0","0","2115","0","0","0","N","0","0","0","2","02115","0","","1.0","","9","N","N","","1","","0","0","0","","3","","","2","0","0","0","0","0","0","2","0","2","","","","N","","","","","","","","","",""
"2007206049","","2","0","0","0","0","0","0","0","0","1","0","","02","12","2007","4","40.4485","-80.1604","9999","11","0","0","0","0","0","0","0","0","","0","0","0","","","1","","0","","40 26:54.600","","0","80 09:37.440","4","0","0","0","2115","0","0","0","N","0","0","0","11","02115","1","","1.0","","7","N","N","","0","","0","0","0","","0","","","4","1","0","0","0","0","0","2","2","4","","","","N","","","","","","","","","",""