"CRN","ARRIVAL_TM","AUTOMOBILE_COUNT","BELTED_DEATH_COUNT","BELTED_SUSP_SERIOUS_INJ_COUNT","BICYCLE_COUNT","BICYCLE_DEATH_COUNT","BICYCLE_SUSP_SERIOUS_INJ_COUNT","BUS_COUNT","CHLDPAS_DEATH_COUNT","CHLDPAS_SUSP_SERIOUS_INJ_COUNT","COLLISION_TYPE","COMM_VEH_COUNT","CONS_ZONE_SPD_LIM","COUNTY","CRASH_MONTH","CRASH_YEAR","DAY_OF_WEEK","DEC_LATITUDE","DEC_LONGITUDE","DISPATCH_TM","DISTRICT","DRIVER_COUNT_16YR","DRIVER_COUNT_17YR","DRIVER_COUNT_18YR","DRIVER_COUNT_19YR","DRIVER_COUNT_20YR","DRIVER_COUNT_50_64YR","DRIVER_COUNT_65_74YR","DRIVER_COUNT_75PLUS","EST_HRS_CLOSED","FATAL_COUNT","HEAVY_TRUCK_COUNT","HORSE_BUGGY_COUNT","HOUR_OF_DAY","ILLUMINATION","INJURY_COUNT","INTERSECTION_RELATED","INTERSECT_TYPE","LANE_CLOSED","LATITUDE","LN_CLOSE_DIR","LOCATION_TYPE","LONGITUDE","MAX_SEVERITY_LEVEL","MCYCLE_DEATH_COUNT","MCYCLE_SUSP_SERIOUS_INJ_COUNT","MOTORCYCLE_COUNT","MUNICIPALITY","NONMOTR_COUNT","NONMOTR_DEATH_COUNT","NONMOTR_SUSP_SERIOUS_INJ_COUNT","NTFY_HIWY_MAINT","PED_COUNT","PED_DEATH_COUNT","PED_SUSP_SERIOUS_INJ_COUNT","PERSON_COUNT","POLICE_AGCY","POSSIBLE_INJ_COUNT","RDWY_SURF_TYPE_CD","RELATION_TO_ROAD","ROADWAY_CLEARED","ROAD_CONDITION","SCH_BUS_IND","SCH_ZONE_IND","SECONDARY_CRASH","SMALL_TRUCK_COUNT","SPEC_JURIS_CD","SUSP_MINOR_INJ_COUNT","SUSP_SERIOUS_INJ_COUNT","SUV_COUNT","TCD_FUNC_CD","TCD_TYPE","TFC_DETOUR_IND","TIME_OF_DAY","TOTAL_UNITS","TOT_INJ_COUNT","UNBELTED_OCC_COUNT","UNB_DEATH_COUNT","UNB_SUSP_SERIOUS_INJ_COUNT","UNK_INJ_DEG_COUNT","UNK_INJ_PER_COUNT","URBAN_RURAL","VAN_COUNT","VEHICLE_COUNT","WEATHER1","WEATHER2","WORKERS_PRES","WORK_ZONE_IND","WORK_ZONE_LOC","WORK_ZONE_TYPE","WZ_CLOSE_DETOUR","WZ_FLAGGER","WZ_LAW_OFFCR_IND","WZ_LN_CLOSURE","WZ_MOVING","WZ_OTHER","WZ_SHLDER_MDN","WZ_WORKERS_INJ_KILLED"
"2008002303","","1","0","0","0","0","0","0","0","0","7","0","","02","12","2007","1","40.525598","-79.840956","0154","11","0","0","0","0","0","0","0","0","","0","0","0","","","0","","1","","40 31:32.153","","0","79 50:27.440","0","0","0","0","2451","0","0","0","N","0","0","0","1","02451","0","","5.0","","1","N","N","","0","","0","0","0","","0","","","1","0","0","0","0","0","0","2","0","1","","","","N","","","","","","","","","",""
"2008002546","","0","0","0","0","0","0","0","0","0","99","0","","02","11","2007","1","40.6405","-79.9997","1317","11","0","0","0","0","0","0","0","0","","0","0","0","","","0","","0","","40 38:25.800","","0","79 59:58.920","0","0","0","0","2217","0","0","0","N","0","0","0","1","68T02","0","","1.0","","1","N","N","","0","","0","0","1","","0","","","1","0","0","0","0","0","0","1","0","1","","","","N","","","","","","","","","",""
"2008002547","","1","0","0","0","0","0","0","0","0","7","0","","02","11","2007","4","40.6405","-79.9997","1642","11","0","0","1","0","0","0","0","0","","0","0","0","","","1","","0","","40 38:25.800","","0","79 59:58.920","4","0","0","0","2216","0","0","0","N","0","0","0","1","68T02","1","","3.0","","9","N","N","","0","","0","0","0","","0","","","1","1","0","0","0","0","0","1","0","1","","","","N","","","","","","","","","",""
"2008002585","","2","0","0","0","0","0","0","0","0","4","0","","02","12","2007","7","40.417635","-79.986462","0838","11","0","0","0","0","0","0","0","0","","0","0","0","","","1","","1","","40 25:03.486","","0","79 59:11.264","8","0","0","0","2447","0","0","0","N","0","0","0","2","02447","0","","1.0","","9","N","N","","0","","0","0","0","","2","","","2","1","0","0","0","1","0","2","0","2","","","","N","","","","","","","","","",""
"2008002586","","1","0","0","0","0","0","0","0","0","7","0","","02","12","2007","7","40.338145","-79.824048","0834","11","0","0","0","0","0","0","1","0","2","0","0","0","","","0","","0","","40 20:17.323","5","0","79 49:26.573","0","0","0","0","2304","0","0","0","N","0","0","0","1","02304","0","","5.0","","2","N","N","","0","","0","0","0","","0","Y","","1","0","1","0","0","0","0","2","0","1","","","","N","","","","","","","","","",""
"2008002587","","2","0","0","0","0","0","0","0","0","1","0","","02","12","2007","1","40.3515","-79.865","1356","11","0","0","0","0","0","0","0","0","1","0","0","0","","","1","","0","","40 21:05.400","4","0","79 51:54.000","3","0","0","0","2304","0","0","0","N","0","0","0","4","02304","0","","1.0","","9","N","N","","0","","1","0","0","","0","Y","","2","1","1","0","0","0","0","2","0","2","","","","N","","","","","","","","","",""
"2008002588","","2","0","0","0","0","0","0","0","0","1","0","","02","12","2007","4","40.342222","-79.862121","1650","11","0","1","0","0","0","0","0","0","1","0","0","0","","","2","","1","","40 20:32.000","5","0","79 51:43.637","4","0","0","0","2304","0","0","0","N","0","0","0","2","02304","1","","1.0","","6","N","N","","0","","0","0","0","","0","Y","","2","2","0","0","0","1","0","2","0","2","","","","N","","","","","","","","","",""
"2008002589","","3","0","0","0","0","0","0","0","0","5","0","","02","12","2007","5","40.345156","-79.840666","1545","11","0","0","0","0","0","0","0","0","","0","0","0","","","0","","2","","40 20:42.561","","0","79 50:26.397","0","0","0","0","2304","0","0","0","N","0","0","0","1","02304","0","","5.0","","9","N","N","","0","","0","0","0","","0","","","3","0","0","0","0","0","0","2","0","3","","","","N","","","","","","","","","",""
"2008002590","","0","0","0","0","0","0","1","0","0","99","1","","02","12","2007","4","40.347666","-79.887517","1542","11","0","0","0","0","0","1","0","1","2","0","0","0","","","4","","0","","40 20:51.596","5","0","79 53:15.062","8","0","0","0","2423","0","0","0","N","0","0","0","4","02304","0","","1.0","","1","Y","N","","1","","0","0","0","","0","Y","","2","4","0","0","0","4","0","2","0","2","","","","N","","","","","","","","","",""
"2008002633","","1","0","0","0","0","0","0","0","0","4","1","","02","10","2007","2","40.5133","-79.8544","2231","11","0","0","0","0","0","0","0","0","","0","1","0","","","0","","0","","40 30:47.880","","0","79 51:15.840","0","0","0","0","2112","0","0","0","N","0","0","0","2","68D02","0","","1.0","","1","N","N","","0","","0","0","0","","0","","","2","0","0","0","0","0","0","2","0","2","","","","N","","","","","","","","","",""
"2008002634","","0","0","0","0","0","0","0","0","0","7","0","","02","11","2007","6","","","0515","11","0","0","0","0","0","0","0","0","","0","0","0","","","0","","0","","40 25:43.32","","0","79 56:20.04","0","0","0","0","2301","0","0","0","Y","0","0","0","2","68B03","0","","4.0","","9","N","N","","0","","0","0","1","","0","","","1","0","0","0","0","0","0","2","0","1","","","","N","","","","","","","","","",""
"2008002875","","1","0","0","0","0","0","0","0","0","0","1","","02","11","2007","6","40.4521","-79.7543","1455","11","0","0","0","0","0","1","1","0","","0","1","0","","","0","","0","","40 27:07.560","","0","79 45:15.480","0","0","0","0","2446","0","0","0","N","0","0","0","2","68T02","0","","1.0","","1","N","N","","0","","0","0","0","","0","","","2","0","0","0","0","0","0","2","0","2","","","","N","","","","","","","","","",""
"2008002908","","0","0","0","0","0","0","0","0","0","7","0","","02","11","2007","7","40.403056","-80.106914","1325","11","0","0","0","0","0","1","0","0","1","0","0","0","","","1","","0","","40 24:11.000","2","0","80 06:24.889","2","0","0","0","2102","0","0","0","N","0","0","0","1","68B03","0","","4.0","","1","N","N","","0","","0","1","0","","0","N","","1","1","1","0","1","0","0","2","1","1","","","","N","","","","","","","","","",""
"2008002909","","0","0","0","0","0","0","0","0","0","1","1","","02","10","2007","4","","","1008","11","0","0","0","0","0","1","0","0","","0","1","0","","","0","","0","","40 25:35.40","","0","79 54:59.04","0","0","0","0","2426","0","0","0","N","0","0","0","2","68B03","0","","1.0","","1","N","N","","1","","0","0","0","","0","","","2","0","0","0","0","0","0","2","0","2","","","","N","","","","","","","","","",""
"2008002910","","0","0","0","0","0","0","0","0","0","7","0","","02","7","2007","3","","","2140","11","0","0","0","0","0","0","0","0","","0","0","0","","","5","","0","","40 24:46.08","","0","80 04:45.12","4","0","0","0","2117","0","0","0","N","0","0","0","5","68B03","5","","4.0","","1","N","N","","0","","0","0","1","","0","","","1","5","0","0","0","0","0","2","0","1","","","","N","","","","","","","","","",""
"2008002911","","1","0","0","0","0","0","0","0","0","1","0","","02","8","2007","1","40.437195","-80.205605","0115","11","0","0","0","0","0","0","0","0","","0","0","0","","","2","","0","","40 26:13.901","","0","80 12:20.177","3","0","0","0","2214","0","0","0","N","0","0","0","3","68B03","0","","1.0","","1","N","N","","1","","2","0","0","","0","","","2","2","0","0","0","0","0","2","0","2","","","","N","","","","","","","","","",""
"2008002912","","1","0","0","0","0","0","0","0","0","1","0","","02","11","2007","3","","","1620","11","0","0","0","0","0","1","0","0","","0","0","0","","","0","","0","","40 26:30.48","","0","80 00:31.68","0","0","0","0","2301","0","0","0","N","0","0","0","3","68B03","0","","1.0","","1","N","N","","0","","0","0","1","","0","","","2","0","0","0","0","0","0","2","0","2","","","","N","","","","","","","","","",""
"2008002943","","0","0","0","0","0","0","0","0","0","0","1","99","02","11","2007","7","40.5933","-79.7719","1528","11","0","0","0","0","0","1","0","0","","0","1","0","","","0","","0","","40 35:35.880","","0","79 46:18.840","0","0","0","0","2465","0","0","0","N","0","0","0","1","68D02","0","","3.0","","1","N","N","","0","","0","0","0","","0","","","1","0","0","0","0","0","0","1","0","1","","","U","Y","8","8","","","U","","","","",""
"2008002945","","1","0","0","0","0","0","0","0","0","99","0","","02","11","2007","2","40.623611","-79.742692","1919","11","0","0","0","0","0","0","0","0","","0","0","0","","","0","","0","","40 37:25.000","","0","79 44:33.690","0","0","0","0","2106","0","0","0","N","0","0","0","1","68D02","0","","1.0","","1","N","N","","0","","0","0","0","","0","","","1","0","0","0","0","0","0","2","0","1","","","","N","","","","","","","","","",""
"2008003016","","0","0","0","0","0","0","0","0","0","99","0","","02","11","2007","4","40.634167","-79.729146","1857","11","0","0","0","0","0","1","0","0","","0","0","0","","","0","","0","","40 38:03.000","","0","79 43:44.926","0","0","0","0","2106","0","0","0","N","0","0","0","1","68D02","0","","1.0","","9","N","N","","0","","0","0","1","","0","","","1","0","0","0","0","0","0","2","0","1","","","","N","","","","","","","","","",""
"2008003017","","3","0","0","0","0","0","0","0","0","1","0","45","02","11","2007","7","40.584444","-79.779185","1724","11","0","1","0","0","0","0","1","0","3","0","0","0","","","2","","0","","40 35:04.000","2","0","79 46:45.067","3","0","0","0","2104","0","0","0","N","0","0","0","7","68D02","0","","1.0","","9","N","N","","0","","2","0","0","","8","N","","3","2","0","0","0","0","0","1","0","3","","","N","Y","3","1","","","N","Y","","","",""
"2008003170","","1","0","2","0","0","0","0","0","0","1","0","","02","11","2007","6","","","2117","11","0","0","0","0","1","0","0","0","","0","0","0","","","3","","6","","40 25:44.04","","2","79 55:58.08","2","0","0","0","2301","0","0","0","N","0","0","0","3","68B03","0","","1.0","","1","N","N","","0","","1","2","1","","3","","","2","3","0","0","0","0","0","2","0","2","","","","N","","","","","","","","","",""
"2008003180","","0","0","0","0","0","0","0","0","0","1","0","","02","10","2007","1","","","1803","11","0","0","0","0","0","0","0","0","","0","0","0","","","0","","0","","40 32:59.64","","0","80 05:10.32","0","0","0","0","2215","0","0","0","N","0","0","0","3","68B03","0","","2.0","","1","N","N","","1","","0","0","1","","0","","","3","0","0","0","0","0","0","2","0","2","","","","N","","","","","","","","","",""
"2008003182","","0","0","0","0","0","0","0","0","0","7","0","","02","10","2007","3","","","2121","11","0","0","0","1","0","0","0","0","","0","0","0","","","0","","0","","40 26:02.40","","0","79 52:09.12","0","0","0","0","2478","0","0","0","N","0","0","0","2","68B03","0","","4.0","","9","N","N","","1","","0","0","0","","0","","","1","0","0","0","0","0","0","2","0","1","","","","N","","","","","","","","","",""
"2008003183","","2","0","0","0","0","0","0","0","0","1","0","","02","10","2007","6","","","1820","11","0","0","1","0","0","0","0","0","","0","0","0","","","0","","0","","40 25:01.56","","0","80 05:12.12","0","0","0","0","2457","0","0","0","N","0","0","0","2","68B03","0","","1.0","","1","N","N","","0","","0","0","0","","0","","","2","0","0","0","0","0","0","2","0","2","","","","N","","","","","","","","","",""
"2008003184","","2","0","0","0","0","0","0","0","0","1","0","","02","10","2007","3","40.602404","-80.094001","0751","11","0","0","0","0","0","0","0","0","","0","0","0","","","0","","0","","40 36:08.655","","0","80 05:38.403","0","0","0","0","2481","0","0","0","N","0","0","0","2","68B03","0","","1.0","","9","N","N","","0","","0","0","0","","0","","","2","0","0","0","0","0","0","2","0","2","","","","N","","","","","","","","","",""
"2008003185","","0","0","0","0","0","0","0","0","0","99","0","","02","10","2007","7","40.618463","-80.096057","1205","11","0","0","0","0","0","0","0","0","","0","0","0","","","0","","0","","40 37:06.468","","0","80 05:45.806","0","0","0","0","2481","0","0","0","N","0","0","0","1","68B03","0","","1.0","","1","N","N","","0","","0","0","1","","0","","","1","0","0","0","0","0","0","2","0","1","","","","N","","","","","","","","","",""
"2008003186","","0","0","0","0","0","0","0","0","0","0","0","","02","11","2007","5","40.5025","-80.136283","0241","11","0","0","0","0","0","0","0","0","","0","0","0","","","1","","0","","40 30:09.000","","0","80 08:10.620","4","0","0","0","2115","0","0","0","N","0","0","0","1","68B03","1","","1.0","","1","N","N","","0","","0","0","1","","8","","","1","1","0","0","0","0","0","2","0","1","","","","N","","","","","","","","","",""
"2008003187","","3","0","0","0","0","0","0","0","0","1","0","","02","11","2007","3","","","1546","11","0","0","0","0","0","0","0","0","1","0","0","0","","","3","","0","","40 25:03.36","1","0","80 05:15.00","4","0","0","0","2117","0","0","0","N","0","0","0","5","68B03","3","","1.0","","1","N","N","","1","","0","0","1","","0","N","","5","3","0","0","0","0","0","2","0","5","","","","N","","","","","","","","","",""
"2008003188","","0","0","0","0","0","0","0","0","0","99","0","","02","11","2007","3","40.326667","-80.141512","0120","11","0","0","0","0","0","0","1","0","","0","0","0","","","0","","0","","40 19:36.000","","0","80 08:29.444","0","0","0","0","2119","0","0","0","N","0","0","0","3","68B03","0","","1.0","","9","N","N","","1","","0","0","0","","0","","","1","0","0","0","0","0","0","2","0","1","","","","N","","","","","","","","","",""
"2008003189","","2","0","0","0","0","0","0","0","0","1","0","","02","10","2007","4","","","0846","11","0","0","0","0","0","0","0","0","","0","0","0","","","1","","0","","40 25:30.36","","0","80 07:02.64","8","0","0","0","2115","0","0","0","N","0","0","0","2","68B03","0","","1.0","","1","N","N","","0","","0","0","0","","0","","","2","1","0","0","0","1","0","2","0","2","","","","N","","","","","","","","","",""
"2008003190","","1","0","0","0","0","0","0","0","0","7","0","","02","6","2007","7","","","0630","11","0","0","0","0","0","0","0","0","2","0","0","0","","","1","","0","","40 29:02.76","2","0","80 00:29.52","4","0","0","0","2301","0","0","0","N","0","0","0","1","68B03","1","","4.0","","1","N","N","","0","","0","0","0","","0","N","","1","1","0","0","0","0","0","2","0","1","","","","N","","","","","","","","","",""
"2008003226","","1","0","0","0","0","0","0","0","0","1","0","","02","10","2007","2","","","1138","11","0","0","0","0","1","1","0","0","","0","0","0","","","1","","7","","40 26:53.88","","2","80 10:00.48","4","0","0","0","2115","0","0","0","N","0","0","0","3","68B03","1","","1.0","","1","N","N","","0","","0","0","0","","3","","","2","1","1","0","0","0","0","2","1","2","","","","N","","","","","","","","","",""
"2008003296","","1","0","0","0","0","0","0","0","0","7","0","","02","11","2007","3","","","1346","11","0","0","0","0","0","1","0","0","2","0","0","0","","","1","","0","","40 25:49.44","4","0","79 57:27.36","8","0","0","0","2301","0","0","0","N","0","0","0","2","68B03","0","","5.0","","1","N","N","","0","","0","0","0","","0","N","","1","1","0","0","0","1","0","2","0","1","","","","N","","","","","","","","","",""
"2008003297","","1","0","0","0","0","0","0","0","0","7","0","","02","11","2007","1","40.656944","-80.092463","0627","11","0","0","0","0","0","0","0","0","","0","0","0","","","0","","0","","40 39:25.000","","0","80 05:32.867","0","0","0","0","2212","0","0","0","N","0","0","0","1","68B03","0","","5.0","","1","N","N","","0","","0","0","0","","0","","","1","0","1","0","0","0","0","2","0","1","","","","N","","","","","","","","","",""
"2008003298","","0","0","0","0","0","0","0","0","0","99","0","","02","11","2007","1","","","0119","11","0","0","0","0","0","1","0","0","","0","0","0","","","0","","0","","40 27:56.52","","0","79 59:59.64","0","0","0","0","2301","0","0","0","N","0","0","0","1","68B03","0","","1.0","","1","N","N","","0","","0","0","1","","0","","","1","0","0","0","0","0","0","2","0","1","","","","N","","","","","","","","","",""
"2008003299","","1","0","0","0","0","0","0","0","0","99","0","","02","11","2007","2","40.658056","-80.091557","0450","11","0","0","0","0","0","0","0","0","","0","0","0","","","0","","0","","40 39:29.000","","0","80 05:29.605","0","0","0","0","2212","0","0","0","N","0","0","0","1","68B03","0","","1.0","","1","N","N","","0","","0","0","0","","0","","","1","0","0","0","0","0","0","2","0","1","","","","N","","","","","","","","","",""
"2008003300","","1","0","0","0","0","0","0","0","0","7","0","","02","11","2007","1","","","1623","11","0","0","0","0","0","0","0","0","","0","0","0","","","0","","0","","40 25:49.44","","0","80 01:37.20","0","0","0","0","2301","0","0","0","N","0","0","0","1","68B03","0","","3.0","","9","N","N","","0","","0","0","0","","0","","","2","0","0","0","0","0","0","2","0","1","","","","N","","","","","","","","","",""
"2008003301","","1","0","0","0","0","0","0","0","0","99","0","","02","11","2007","4","","","2044","11","0","0","0","0","0","1","0","0","","0","0","0","","","0","","0","","40 30:27.72","","0","80 02:36.24","0","0","0","0","2116","0","0","0","N","0","0","0","1","68B03","0","","1.0","","9","N","N","","0","","0","0","0","","0","","","1","0","0","0","0","0","0","2","0","1","","","","N","","","","","","","","","",""
"2008003302","","1","0","0","0","0","0","0","0","0","7","0","","02","11","2007","4","40.493889","-80.012278","2123","11","0","0","0","0","0","0","0","0","","0","0","0","","","0","","0","","40 29:38.000","","8","80 00:44.199","0","0","0","0","2116","0","0","0","N","0","0","0","1","68B03","0","","2.0","","9","N","N","","0","","0","0","0","","8","","","1","0","0","0","0","0","0","2","0","1","","","","N","","","","","","","","","",""
"2008003303","","0","0","0","0","0","0","0","0","0","99","0","","02","10","2007","1","40.4113","-80.0751","2230","11","0","0","0","0","0","0","0","0","","0","0","0","","","1","","0","","40 24:40.680","","2","80 04:30.360","2","0","1","1","2415","0","0","0","N","0","0","0","1","68B03","0","","1.0","","1","N","N","","0","","0","1","0","","0","","","1","1","0","0","0","0","0","2","0","1","","","","N","","","","","","","","","",""
"2008003304","","1","0","0","0","0","0","0","0","0","7","0","","02","11","2007","6","","","1451","11","0","0","0","0","0","0","0","0","2","0","0","0","","","0","","0","","40 26:29.40","3","0","79 49:41.16","0","0","0","0","2446","0","0","0","N","0","0","0","1","68B03","0","","3.0","","1","N","N","","0","","0","0","0","","0","N","","1","0","0","0","0","0","0","2","0","1","","","","N","","","","","","","","","",""
"2008003525","","1","0","0","0","0","0","0","0","0","7","0","","02","12","2007","4","40.3002","-80.072","0057","11","0","0","0","0","1","0","0","0","","0","0","0","","","1","","0","","40 18:00.720","","0","80 04:19.200","4","0","0","0","2407","0","0","0","N","0","0","0","1","02407","1","","4.0","","1","N","N","","0","","0","0","0","0","0","","","1","1","0","0","0","0","0","2","0","1","","","","N","","","","","","","","","",""
"2008003627","","1","0","0","0","0","0","0","0","0","7","0","","02","11","2007","1","40.6539","-80.0654","2010","11","0","0","0","0","1","0","0","0","","0","0","0","","","0","","0","","40 39:14.040","","0","80 03:55.440","0","0","0","0","2212","0","0","0","N","0","0","0","2","68T02","0","","3.0","","9","N","N","","0","","0","0","0","0","0","","","1","0","0","0","0","0","0","2","0","1","","","","N","","","","","","","","","",""
"2008003643","","1","0","0","0","0","0","0","0","0","99","0","","02","10","2007","1","40.6009","-79.9323","2345","11","0","0","0","0","0","0","1","0","","0","0","0","","","0","","0","","40 36:03.240","","0","79 55:56.280","0","0","0","0","2207","0","0","0","N","0","0","0","1","68T02","0","","1.0","","1","N","N","","0","","0","0","0","0","0","","","1","0","0","0","0","0","0","2","0","1","","","","N","","","","","","","","","",""
"2008003650","","1","0","0","0","0","0","0","0","0","4","0","","02","12","2007","3","40.33432","-79.848178","1518","11","0","0","0","0","0","1","0","0","","0","0","0","","","1","","1","","40 20:03.552","","0","79 50:53.440","8","0","0","0","2304","0","0","0","N","0","0","0","2","02304","0","","1.0","","1","N","N","","1","","0","0","0","0","0","","","2","1","0","0","0","1","0","2","0","2","","","","N","","","","","","","","","",""
"2008003651","","1","0","0","0","0","0","0","0","0","7","0","","02","12","2007","3","40.546719","-80.189289","0840","11","0","0","0","0","0","0","0","0","","0","0","0","","","1","","0","","40 32:48.188","","0","80 11:21.440","8","0","0","0","2427","0","0","0","N","0","0","0","1","02427","0","","4.0","","1","N","N","","0","","0","0","0","0","0","","","1","1","1","0","0","1","0","2","0","1","","","","N","","","","","","","","","",""
"2008003746","","1","0","0","0","0","0","0","0","0","99","0","","02","11","2007","1","40.5079","-79.8565","1749","11","0","0","0","0","0","0","1","0","","0","0","0","","","0","","0","","40 30:28.440","","0","79 51:23.400","0","0","0","0","2112","0","0","0","N","0","0","0","3","68D02","0","","1.0","","1","N","N","","0","","0","0","0","0","0","","","1","0","0","0","0","0","0","2","0","1","","","","N","","","","","","","","","",""
"2008003757","","1","0","0","0","0","0","0","0","0","7","0","","02","11","2007","5","40.3957","-80.2574","0252","11","0","0","0","0","0","0","0","0","","0","0","0","","","0","","0","","40 23:44.520","","0","80 15:26.640","0","0","0","0","2214","0","0","0","N","0","0","0","1","02214","0","","4.0","","1","N","N","","0","","0","0","0","0","0","","","1","0","0","0","0","0","0","1","0","1","","","","N","","","","","","","","","",""
"2008003801","","1","0","0","0","0","0","0","0","0","7","0","","02","12","2007","7","40.49035","-80.018611","2140","11","0","0","0","0","0","0","0","0","","0","0","0","","","0","","3","","40 29:25.261","","0","80 01:07.001","0","0","0","0","2301","0","0","0","N","0","0","0","1","02301","0","","5.0","","2","N","N","","0","","0","0","0","0","0","","","1","0","0","0","0","0","0","2","0","1","","","","N","","","","","","","","","",""
"2008003845","","0","0","0","0","0","0","0","0","0","1","2","","02","11","2007","4","","","1145","11","0","0","0","0","0","0","0","0","2","0","2","0","","","0","","0","","40 26:10.68","3","0","79 58:23.16","0","0","0","0","2301","0","0","0","N","0","0","0","2","68B03","0","","1.0","","1","N","N","","0","","0","0","0","0","0","N","","2","0","0","0","0","0","0","2","0","2","","","","N","","","","","","","","","",""
"2008003861","","0","0","0","0","0","0","0","0","0","4","0","","02","12","2007","1","40.408333","-80.017789","2025","11","0","0","0","0","0","0","0","0","1","0","0","0","","","2","","2","","40 24:30.000","1","0","80 01:04.040","8","0","0","0","2301","0","0","0","N","0","0","0","6","02301","0","","1.0","","9","N","N","","1","","0","0","1","2","2","N","","2","2","0","0","0","2","0","2","0","2","","","","N","","","","","","","","","",""
"2008003862","","2","0","0","0","0","0","0","0","0","4","0","","02","12","2007","7","40.461622","-79.948973","1215","11","0","0","0","0","0","0","0","0","","0","0","0","","","1","","1","","40 27:41.839","","0","79 56:56.302","4","0","0","0","2301","0","0","0","N","0","0","0","2","02301","1","","1.0","","1","N","N","","0","","0","0","0","3","2","","","2","1","1","0","0","0","0","2","0","2","","","","N","","","","","","","","","",""
"2008003923","","2","0","0","0","0","0","0","0","0","5","0","","02","12","2007","7","40.609722","-80.053355","0104","11","0","0","1","0","0","0","0","0","2","0","0","0","","","0","","1","","40 36:35.000","5","0","80 03:12.079","0","0","0","0","2108","0","0","0","N","0","0","0","4","02108","0","","1.0","","1","N","N","","0","","0","0","0","3","2","N","","2","0","2","0","0","0","0","2","0","2","","","","N","","","","","","","","","",""
"2008003929","","0","0","0","0","0","0","0","0","0","7","0","","02","12","2007","6","40.471111","-80.060946","0115","11","0","0","0","0","0","1","0","0","","0","0","0","","","0","","0","","40 28:16.000","","0","80 03:39.404","0","0","0","0","2301","0","0","0","N","0","0","0","1","02301","0","","4.0","","9","N","N","","0","","0","0","1","0","0","","","1","0","0","0","0","0","0","2","0","1","","","","N","","","","","","","","","",""
"2008003930","","1","0","0","0","0","0","0","0","0","6","0","","02","12","2007","6","40.405742","-79.991314","1235","11","0","0","0","0","0","0","0","0","1","0","0","0","","","1","","0","","40 24:20.670","1","0","79 59:28.730","3","0","0","0","2301","0","0","0","N","0","0","0","2","02301","0","","1.0","","2","N","N","","0","","1","0","0","0","0","Y","","2","1","1","0","0","0","0","2","1","2","","","","N","","","","","","","","","",""
"2008003931","","1","0","0","0","0","0","0","0","0","7","0","","02","12","2007","7","","","0547","11","0","0","0","0","0","1","0","0","","0","0","0","","","0","","0","","40 26:15.72","","0","80 00:47.88","0","0","0","0","2301","0","0","0","N","0","0","0","1","02301","0","","7.0","","2","N","N","","0","","0","0","0","0","0","","","1","0","0","0","0","0","0","2","0","1","","","","N","","","","","","","","","",""
"2008003932","","1","0","0","0","0","0","1","0","0","2","1","","02","12","2007","4","40.378592","-80.002581","1530","11","0","0","0","0","0","0","0","0","","0","0","0","","","1","","0","","40 22:42.931","","0","80 00:09.290","3","0","0","0","2301","0","0","0","N","0","0","0","23","02301","0","","1.0","","2","N","N","","0","","1","0","0","0","0","","","2","1","1","0","0","0","0","2","0","2","","","","N","","","","","","","","","",""
"2008003933","","2","0","0","0","0","0","0","0","0","4","0","","02","12","2007","2","40.4915","-79.9087","0800","11","0","0","0","0","0","0","0","0","","0","0","0","","","0","","2","","40 29:29.400","","2","79 54:31.320","0","0","0","0","2301","0","0","0","N","0","0","0","2","02301","0","","1.0","","9","N","N","","0","","0","0","0","3","3","","","2","0","0","0","0","0","0","2","0","2","","","","N","","","","","","","","","",""
"2008003934","","1","0","0","0","0","0","0","0","0","7","0","","02","12","2007","1","40.472695","-79.935859","0038","11","0","0","0","0","0","0","0","0","2","0","0","0","","","0","","0","","40 28:21.702","6","0","79 56:09.092","0","0","0","0","2301","0","0","0","Y","0","0","0","1","02301","0","","4.0","","2","N","N","","0","","0","0","0","0","0","Y","","1","0","0","0","0","0","0","2","0","1","","","","N","","","","","","","","","",""
"2008003935","","1","0","0","0","0","0","0","0","0","4","0","","02","12","2007","5","40.461207","-79.920834","1258","11","0","0","0","0","0","0","2","0","","0","0","0","","","1","","2","","40 27:40.345","","0","79 55:15.002","8","0","0","0","2301","0","0","0","N","0","0","0","3","02301","0","","1.0","","2","N","N","","0","","0","0","1","3","2","","","2","1","0","0","0","1","0","2","0","2","","","","N","","","","","","","","","",""
"2008003936","","1","0","0","0","0","0","0","0","0","4","0","","02","11","2007","5","40.422004","-79.987809","1658","11","0","0","0","0","0","0","0","0","","0","0","0","","","1","","0","","40 25:19.214","","0","79 59:16.112","3","0","0","1","2301","0","0","0","N","0","0","0","1","02301","0","","6.0","","1","N","N","","0","","1","0","0","0","0","","","2","1","0","0","0","0","0","2","0","2","","","","N","","","","","","","","","",""
"2008003937","","1","0","0","0","0","0","0","0","0","4","0","","02","12","2007","7","40.392308","-80.010882","0923","11","0","0","0","0","0","0","0","0","","0","0","0","","","1","","2","","40 23:32.308","","0","80 00:39.175","8","0","0","0","2301","0","0","0","N","0","0","0","2","02301","0","","1.0","","1","N","N","","1","","0","0","0","0","0","","","2","1","0","0","0","1","0","2","0","2","","","","N","","","","","","","","","",""