"CRN","ARRIVAL_TM","AUTOMOBILE_COUNT","BELTED_DEATH_COUNT","BELTED_SUSP_SERIOUS_INJ_COUNT","BICYCLE_COUNT","BICYCLE_DEATH_COUNT","BICYCLE_SUSP_SERIOUS_INJ_COUNT","BUS_COUNT","CHLDPAS_DEATH_COUNT","CHLDPAS_SUSP_SERIOUS_INJ_COUNT","COLLISION_TYPE","COMM_VEH_COUNT","CONS_ZONE_SPD_LIM","COUNTY","CRASH_MONTH","CRASH_YEAR","DAY_OF_WEEK","DEC_LATITUDE","DEC_LONGITUDE","DISPATCH_TM","DISTRICT","DRIVER_COUNT_16YR","DRIVER_COUNT_17YR","DRIVER_COUNT_18YR","DRIVER_COUNT_19YR","DRIVER_COUNT_20YR","DRIVER_COUNT_50_64YR","DRIVER_COUNT_65_74YR","DRIVER_COUNT_75PLUS","EST_HRS_CLOSED","FATAL_COUNT","HEAVY_TRUCK_COUNT","HORSE_BUGGY_COUNT","HOUR_OF_DAY","ILLUMINATION","INJURY_COUNT","INTERSECTION_RELATED","INTERSECT_TYPE","LANE_CLOSED","LATITUDE","LN_CLOSE_DIR","LOCATION_TYPE","LONGITUDE","MAX_SEVERITY_LEVEL","MCYCLE_DEATH_COUNT","MCYCLE_SUSP_SERIOUS_INJ_COUNT","MOTORCYCLE_COUNT","MUNICIPALITY","NONMOTR_COUNT","NONMOTR_DEATH_COUNT","NONMOTR_SUSP_SERIOUS_INJ_COUNT","NTFY_HIWY_MAINT","PED_COUNT","PED_DEATH_COUNT","PED_SUSP_SERIOUS_INJ_COUNT","PERSON_COUNT","POLICE_AGCY","POSSIBLE_INJ_COUNT","RDWY_SURF_TYPE_CD","RELATION_TO_ROAD","ROADWAY_CLEARED","ROAD_CONDITION","SCH_BUS_IND","SCH_ZONE_IND","SECONDARY_CRASH","SMALL_TRUCK_COUNT","SPEC_JURIS_CD","SUSP_MINOR_INJ_COUNT","SUSP_SERIOUS_INJ_COUNT","SUV_COUNT","TCD_FUNC_CD","TCD_TYPE","TFC_DETOUR_IND","TIME_OF_DAY","TOTAL_UNITS","TOT_INJ_COUNT","UNBELTED_OCC_COUNT","UNB_DEATH_COUNT","UNB_SUSP_SERIOUS_INJ_COUNT","UNK_INJ_DEG_COUNT","UNK_INJ_PER_COUNT","URBAN_RURAL","VAN_COUNT","VEHICLE_COUNT","WEATHER1","WEATHER2","WORKERS_PRES","WORK_ZONE_IND","WORK_ZONE_LOC","WORK_ZONE_TYPE","WZ_CLOSE_DETOUR","WZ_FLAGGER","WZ_LAW_OFFCR_IND","WZ_LN_CLOSURE","WZ_MOVING","WZ_OTHER","WZ_SHLDER_MDN","WZ_WORKERS_INJ_KILLED"
"2008006084","","1","0","0","0","0","0","0","0","0","4","1","","02","10","2007","5","","","1910","11","0","0","0","0","0","0","0","0","2","0","1","0","","","0","","0","","40 25:45.12","4","0","79 57:23.40","0","0","0","0","2301","0","0","0","N","0","0","0","3","68B03","0","","1.0","","1","N","N","","0","","0","0","0","0","0","N","","3","0","0","0","0","0","0","2","1","3","","","","N","","","","","","","","","",""
"2008006085","","1","0","0","0","0","0","0","0","0","7","0","","02","11","2007","1","","","1920","11","0","0","0","0","0","0","0","0","","0","0","0","","","1","","0","","40 24:43.92","","0","80 04:40.08","8","0","0","0","2457","0","0","0","N","0","0","0","4","68B03","0","","2.0","","9","N","N","","0","","0","0","0","0","0","","","1","1","0","0","0","1","0","2","0","1","","","","N","","","","","","","","","",""
"2008006087","","1","0","0","0","0","0","0","0","0","7","0","","02","10","2007","3","","","0152","11","0","0","0","0","0","0","0","0","","0","0","0","","","1","","0","","40 25:37.56","","0","79 53:28.68","4","0","0","0","2426","0","0","0","N","0","0","0","1","68B03","1","","4.0","","9","N","N","","0","","0","0","0","0","0","","","1","1","1","0","0","0","0","2","0","1","","","","N","","","","","","","","","",""
"2008006088","","0","0","0","0","0","0","0","0","0","7","0","","02","11","2007","7","","","0700","11","0","0","0","0","0","0","0","0","","0","0","0","","","0","","0","","40 29:34.80","","3","80 00:39.24","0","0","0","0","2301","0","0","0","N","0","0","0","1","68B03","0","","4.0","","2","N","N","","0","","0","0","1","0","0","","","1","0","0","0","0","0","0","2","0","1","","","","N","","","","","","","","","",""
"2008006089","","3","0","0","0","0","0","0","0","0","7","0","","02","11","2007","6","40.436667","-80.208336","0631","11","0","0","0","1","0","2","0","0","","0","0","0","","","2","","0","","40 26:12.000","","0","80 12:30.011","4","0","0","0","2214","0","0","0","N","0","0","0","5","68B03","2","","4.0","","2","N","N","","0","","0","0","1","0","0","","","4","2","0","0","0","0","0","2","0","4","","","","N","","","","","","","","","",""
"2008006090","","2","0","0","0","0","0","0","0","0","1","0","","02","11","2007","6","40.436667","-80.208332","0631","11","0","0","0","0","1","0","0","0","2","0","0","0","","","1","","0","","40 26:12.000","3","0","80 12:29.995","4","0","0","0","2214","0","0","0","N","0","0","0","2","68B03","1","","1.0","","2","N","N","","0","","0","0","0","0","0","N","","2","1","0","0","0","0","0","2","0","2","","","","N","","","","","","","","","",""
"2008006290","","1","0","0","0","0","0","0","0","0","7","0","","02","12","2007","7","40.488729","-79.912229","0245","11","0","0","0","0","1","0","0","0","3","0","0","0","","","1","","0","","40 29:19.424","6","3","79 54:44.024","4","0","0","0","2301","0","0","0","N","0","0","0","1","02503","1","","2.0","","1","N","N","","0","","0","0","0","0","0","Y","","1","1","1","0","0","0","0","2","0","1","","","","N","","","","","","","","","",""
"2008006292","","1","0","0","0","0","0","0","0","0","1","0","","02","12","2007","7","40.438491","-80.020564","0559","11","0","0","0","0","0","0","0","0","","0","0","0","","","0","","0","","40 26:18.567","","0","80 01:14.030","0","0","0","0","2301","0","0","0","N","0","0","0","1","02301","0","","4.0","","1","N","N","","0","","0","0","1","0","0","","","2","0","0","0","0","0","0","2","0","2","","","","N","","","","","","","","","",""
"2008006301","","1","0","0","0","0","0","0","0","0","4","0","","02","12","2007","5","40.425918","-79.96616","1101","11","0","0","0","0","0","0","0","0","","0","0","0","","","0","","1","","40 25:33.304","","0","79 57:58.176","0","0","0","0","2301","0","0","0","","0","0","0","3","02301","0","","1.0","","9","N","","","1","","0","0","0","3","3","","","2","0","0","0","0","0","0","2","0","2","","","","N","","","","","","","","","",""
"2008006302","","1","0","0","0","0","0","0","0","0","7","0","","02","12","2007","7","40.449331","-80.072044","0410","11","0","0","0","0","0","0","0","0","2","0","0","0","","","0","","0","","40 26:57.591","3","0","80 04:19.358","9","0","0","0","2301","0","0","0","Y","0","0","0","3","02301","0","","5.0","","1","N","N","","0","","0","0","0","0","0","Y","","1","0","1","0","0","0","3","2","0","1","","","","N","","","","","","","","","",""
"2008006305","","0","0","0","0","0","0","0","0","0","7","0","","02","12","2007","1","40.46342","-79.952993","1606","11","0","0","0","0","0","1","0","0","1","0","0","0","","","2","","0","","40 27:48.311","2","0","79 57:10.774","8","0","0","0","2301","0","0","0","N","0","0","0","2","02301","0","","4.0","","2","N","N","","0","","0","0","1","0","0","N","","1","2","0","0","0","2","0","2","0","1","","","","N","","","","","","","","","",""
"2008006306","","2","0","0","0","0","0","0","0","0","4","0","","02","12","2007","7","40.435817","-79.98134","0747","11","0","0","0","0","0","0","0","0","1","0","0","0","","","1","","2","","40 26:08.942","4","0","79 58:52.825","4","0","0","0","2301","0","0","0","N","0","0","0","3","02301","1","","1.0","","1","N","N","","0","","0","0","0","3","3","Y","","2","1","0","0","0","0","0","2","0","2","","","","N","","","","","","","","","",""
"2008006307","","1","0","0","0","0","0","0","0","0","4","0","","02","12","2007","7","40.437392","-79.999303","1740","11","0","0","0","0","0","0","0","0","","0","0","0","","","0","","1","","40 26:14.611","","0","79 59:57.489","0","0","0","0","2301","0","0","0","N","0","0","0","1","02301","0","","1.0","","9","N","N","","0","","0","0","1","3","2","","","2","0","0","0","0","0","0","2","0","2","","","","N","","","","","","","","","",""
"2008006308","","1","0","0","0","0","0","0","0","0","7","0","","02","12","2007","1","40.4586","-79.9574","1809","11","0","0","0","0","0","0","0","0","","0","0","0","","","0","","1","","40 27:30.960","","0","79 57:26.640","0","0","0","0","2301","0","0","0","N","0","0","0","1","02301","0","","4.0","","2","N","N","","0","","0","0","0","0","0","","","1","0","0","0","0","0","0","2","0","1","","","","N","","","","","","","","","",""
"2008006309","","1","0","0","0","0","0","0","0","0","7","0","","02","12","2007","6","40.4532","-79.992708","1902","11","0","0","0","0","0","0","0","0","2","0","0","0","","","0","","1","","40 27:11.520","5","0","79 59:33.748","0","0","0","0","2301","0","0","0","N","0","0","0","1","02301","0","","2.0","","1","N","N","","0","","0","0","0","3","2","Y","","1","0","0","0","0","0","0","2","0","1","","","","N","","","","","","","","","",""
"2008006310","","1","0","0","0","0","0","0","0","0","2","0","","02","12","2007","1","40.451264","-80.020259","1610","11","0","0","0","0","0","0","0","0","","0","0","0","","","0","","0","","40 27:04.549","","0","80 01:12.934","0","0","0","0","2301","0","0","0","N","0","0","0","3","02301","0","","1.0","","2","N","N","","0","","0","0","1","0","0","","","2","0","0","0","0","0","0","2","0","2","","","","N","","","","","","","","","",""
"2008006311","","1","0","0","0","0","0","0","0","0","7","0","","02","12","2007","4","40.484224","-79.907886","2057","11","0","0","0","0","0","1","0","0","","0","0","0","","","0","","3","","40 29:03.206","","0","79 54:28.391","0","0","0","0","2301","0","0","0","N","0","0","0","1","02301","0","","3.0","","1","N","N","","0","","0","0","0","3","2","","","1","0","0","0","0","0","0","2","0","1","","","","N","","","","","","","","","",""
"2008006334","","1","0","0","0","0","0","0","0","0","1","0","","02","12","2007","2","40.537778","-80.235179","1337","11","0","0","0","1","0","0","0","0","1","0","0","0","","","1","","2","","40 32:16.000","4","0","80 14:06.643","4","0","0","0","2213","0","0","0","N","0","0","0","3","02213","1","","1.0","","1","N","N","","0","","0","0","1","0","0","N","","2","1","0","0","0","0","0","2","0","2","","","","N","","","","","","","","","",""
"2008006384","","1","0","0","0","0","0","0","0","0","5","1","","02","12","2007","3","40.425","-79.860258","1953","11","0","0","0","0","0","0","0","0","","0","1","0","","","0","","0","","40 25:30.000","","0","79 51:36.927","0","0","0","0","2431","0","0","0","N","0","0","0","3","02431","0","","1.0","","1","N","N","","0","","0","0","0","0","0","","","2","0","0","0","0","0","0","2","0","2","","","","N","","","","","","","","","",""
"2008006493","","1","0","0","0","0","0","0","0","0","7","0","","02","12","2007","1","40.458692","-80.023513","1652","11","0","0","0","0","1","0","0","0","","0","0","0","","","0","","0","","40 27:31.291","","0","80 01:24.648","0","0","0","0","2301","0","0","0","N","0","0","0","2","02301","0","","4.0","","2","N","N","","0","","0","0","0","0","0","","","1","0","0","0","0","0","0","2","0","1","","","","N","","","","","","","","","",""
"2008006505","","1","0","0","0","0","0","0","0","0","4","0","","02","12","2007","3","40.3825","-79.995926","2014","11","0","0","0","0","0","1","0","0","9","0","0","0","","","0","","5","","40 22:57.000","2","0","79 59:45.335","0","0","0","0","2301","0","0","0","N","0","0","0","2","02301","0","","1.0","","1","N","N","","1","","0","0","0","3","2","N","","2","0","0","0","0","0","0","2","0","2","","","","N","","","","","","","","","",""
"2008006506","","0","0","0","0","0","0","0","0","0","8","0","","02","12","2007","3","40.456432","-80.001608","1439","11","0","0","0","0","0","0","0","0","1","0","0","0","","","1","","1","","40 27:23.155","3","0","80 00:05.788","8","0","0","0","2301","1","0","0","N","1","0","0","2","02301","0","","1.0","","1","N","N","","0","","0","0","1","3","2","N","","2","1","0","0","0","1","0","2","0","1","","","","N","","","","","","","","","",""
"2008006507","","2","0","0","0","0","0","0","0","0","4","0","","02","12","2007","4","40.456659","-80.000113","1603","11","0","0","0","0","0","0","0","1","","0","0","0","","","0","","1","","40 27:23.972","","0","80 00:00.406","0","0","0","0","2301","0","0","0","N","0","0","0","2","02301","0","","1.0","","1","N","N","","0","","0","0","0","3","3","","","2","0","0","0","0","0","0","2","0","2","","","","N","","","","","","","","","",""
"2008006508","","3","0","0","0","0","0","0","0","0","1","0","","02","12","2007","5","","","0800","11","0","0","0","0","0","0","0","0","","0","0","0","","","1","","7","","40 26:31.92","","2","80 00:31.68","4","0","0","0","2301","0","0","0","N","0","0","0","3","02301","1","","7.0","","1","N","N","","0","","0","0","0","0","0","","","3","1","0","0","0","0","1","2","0","3","","","","N","","","","","","","","","",""
"2008006509","","0","0","0","0","0","0","0","0","0","7","0","","02","12","2007","2","40.406361","-79.928559","1857","11","0","0","0","0","0","1","0","0","1","0","0","0","","","0","","0","","40 24:22.899","4","0","79 55:42.812","0","0","0","0","2301","0","0","0","N","0","0","0","1","02301","0","","4.0","","2","N","N","","1","","0","0","0","0","0","N","","1","0","0","0","0","0","0","2","0","1","","","","N","","","","","","","","","",""
"2008006510","","2","0","0","0","0","0","0","0","0","4","0","","02","12","2007","7","40.441249","-79.959225","0725","11","0","0","0","0","0","0","0","0","3","0","0","0","","","3","","2","","40 26:28.496","7","0","79 57:33.210","4","0","0","0","2301","0","0","0","N","0","0","0","5","02301","3","","1.0","","1","N","N","","0","","0","0","0","3","2","Y","","2","3","2","0","0","0","0","2","0","2","","","","N","","","","","","","","","",""
"2008006583","","0","0","0","0","0","0","0","0","0","99","0","","02","11","2007","4","40.559167","-79.801958","0709","11","0","0","0","0","0","0","0","0","","0","0","0","","","0","","0","","40 33:33.000","","0","79 48:07.048","0","0","0","0","2121","0","0","0","N","0","0","0","1","68D02","0","","1.0","","9","N","N","","1","","0","0","0","0","0","","","1","0","0","0","0","0","0","2","0","1","","","","N","","","","","","","","","",""
"2008006599","","1","0","0","0","0","0","0","0","0","7","0","","02","11","2007","5","","","0258","11","0","0","0","0","0","0","0","0","","0","0","0","","","0","","0","","40 26:38.04","","0","80 00:32.40","0","0","0","0","2301","0","0","0","N","0","0","0","1","68B03","0","","3.0","","9","N","N","","0","","0","0","0","0","0","","","1","0","0","0","0","0","0","2","0","1","","","","N","","","","","","","","","",""
"2008006731","","3","0","0","0","0","0","0","0","0","4","0","","02","12","2007","1","40.452681","-79.91037","1159","11","0","0","0","0","0","2","0","0","","0","0","0","","","0","","1","","40 27:09.653","","0","79 54:37.332","0","0","0","0","2301","0","0","0","N","0","0","0","3","02301","0","","1.0","","1","N","N","","0","","0","0","0","3","2","","","3","0","0","0","0","0","0","2","0","3","","","","N","","","","","","","","","",""
"2008006733","","1","0","0","0","0","0","0","0","0","1","0","","02","12","2007","3","40.410833","-79.955537","1830","11","0","0","0","0","0","0","0","0","2","0","0","0","","","0","","2","","40 24:39.000","3","0","79 57:19.932","0","0","0","0","2301","0","0","0","N","0","0","0","2","02301","0","","1.0","","1","N","N","","0","","0","0","1","3","2","N","","2","0","0","0","0","0","0","2","0","2","","","","N","","","","","","","","","",""
"2008006759","","2","0","0","0","0","0","0","0","0","5","0","","02","12","2007","7","40.448611","-79.899727","1330","11","0","0","0","0","0","1","0","0","","0","0","0","","","0","","2","","40 26:55.000","","0","79 53:59.018","0","0","0","0","2301","0","0","0","N","0","0","0","2","02301","0","","1.0","","1","N","N","","0","","0","0","0","0","0","","","2","0","0","0","0","0","0","2","0","2","","","","N","","","","","","","","","",""
"2008006812","","1","0","0","0","0","0","0","0","0","4","1","","02","12","2007","3","40.576667","-80.222432","1145","11","0","0","0","0","0","1","1","0","1","0","0","0","","","1","","2","","40 34:36.000","1","0","80 13:20.756","8","0","0","0","2441","0","0","0","N","0","0","0","2","02441","0","","1.0","","1","N","N","","1","","0","0","0","3","2","N","","2","1","0","0","0","1","0","2","0","2","","","","N","","","","","","","","","",""
"2008006858","","1","0","0","0","0","0","0","0","0","4","0","","02","12","2007","2","40.448105","-80.181274","1601","11","0","0","0","0","0","1","0","0","","0","0","0","","","0","","1","","40 26:53.178","","0","80 10:52.586","0","0","0","0","2214","0","0","0","N","0","0","0","5","02214","0","","1.0","","1","N","N","","1","","0","0","1","3","2","","","3","0","0","0","0","0","0","2","0","3","","","","N","","","","","","","","","",""
"2008006884","","1","0","0","0","0","0","0","0","0","4","0","","02","12","2007","3","40.351944","-80.050454","1304","11","0","0","0","0","0","0","0","1","","0","0","0","","","0","","1","","40 21:07.000","","0","80 03:01.634","0","0","0","0","2109","0","0","0","N","0","0","0","2","02109","0","","1.0","","1","N","N","","0","","0","0","0","3","2","","","2","0","0","0","0","0","0","2","1","2","","","","N","","","","","","","","","",""
"2008006885","","2","0","0","0","0","0","0","0","0","4","0","","02","12","2007","5","40.371944","-80.078053","1848","11","0","0","0","0","0","0","0","1","1","0","0","0","","","0","","2","","40 22:19.000","3","0","80 04:40.989","0","0","0","0","2109","0","0","0","N","0","0","0","2","02109","0","","1.0","","1","N","N","","0","","0","0","0","3","2","N","","2","0","0","0","0","0","0","2","0","2","","","","N","","","","","","","","","",""
"2008006895","","1","0","0","0","0","0","0","0","0","4","0","","02","11","2007","3","40.413889","-80.189972","1619","11","0","0","0","0","0","0","0","0","","0","0","0","","","2","","0","","40 24:50.000","","0","80 11:23.899","3","0","0","0","2214","0","0","0","N","0","0","0","2","02214","0","","1.0","","1","N","N","","0","","1","0","1","0","0","","","2","2","0","0","0","1","0","1","0","2","","","","N","","","","","","","","","",""
"2008006896","","1","0","0","0","0","0","0","0","0","7","0","","02","12","2007","7","40.438056","-80.263344","1448","11","1","0","0","0","0","0","0","0","","0","0","0","","","0","","0","","40 26:17.000","","0","80 15:48.040","0","0","0","0","2214","0","0","0","N","0","0","0","1","02214","0","","4.0","","7","N","N","","0","","0","0","0","0","0","","","1","0","0","0","0","0","0","2","0","1","","","","N","","","","","","","","","",""
"2008006897","","1","0","0","0","0","0","0","0","0","4","0","","02","12","2007","6","40.441667","-80.239486","1454","11","0","0","0","0","0","1","0","0","","0","0","0","","","3","","1","","40 26:30.000","","0","80 14:22.151","4","0","0","0","2214","0","0","0","N","0","0","0","5","02214","3","","1.0","","1","N","N","","1","","0","0","0","3","2","","","2","3","0","0","0","0","0","2","0","2","","","","N","","","","","","","","","",""
"2008006898","","2","0","0","0","0","0","0","0","0","1","0","","02","11","2007","5","40.441389","-80.193295","2240","11","0","0","0","0","1","0","0","0","","0","0","0","","","0","","2","","40 26:29.000","","0","80 11:35.862","9","0","0","0","2214","0","0","0","N","0","0","0","4","02214","0","","1.0","","1","N","N","","0","","0","0","0","3","3","","","2","0","0","0","0","0","1","2","0","2","","","","N","","","","","","","","","",""
"2008007011","","0","0","0","0","0","0","0","0","0","8","0","","02","12","2007","3","40.514167","-80.155635","1645","11","0","0","0","0","0","0","0","0","","0","0","0","","","1","","2","","40 30:51.000","","0","80 09:20.286","4","0","0","0","2420","1","0","0","N","1","0","0","2","02420","1","","1.0","","1","N","N","","1","","0","0","0","0","0","","","2","1","0","0","0","0","0","2","0","1","","","","N","","","","","","","","","",""
"2008007079","","1","0","0","0","0","0","0","0","0","7","0","","02","6","2007","4","","","1700","11","0","0","0","0","0","0","0","0","2","0","0","0","","","0","","0","","40 26:19.32","3","0","79 45:10.44","0","0","0","0","2446","0","0","0","N","0","0","0","1","68B03","0","","4.0","","1","N","N","","0","","0","0","0","0","0","N","","1","0","0","0","0","0","0","2","0","1","","","","N","","","","","","","","","",""
"2008007118","","2","0","0","0","0","0","0","0","0","6","0","","02","12","2007","4","40.421482","-79.884887","1701","11","0","0","0","0","0","0","0","0","1","0","0","0","","","3","","1","","40 25:17.335","5","0","79 53:05.593","3","0","0","0","2463","0","0","0","N","0","0","0","3","02463","2","","1.0","","1","N","N","","0","","1","0","0","3","2","Y","","2","3","0","0","0","0","0","2","0","2","","","","N","","","","","","","","","",""
"2008007198","","1","0","0","0","0","0","0","0","0","0","0","","02","10","2007","3","","","0036","11","0","0","0","0","1","0","0","0","","0","0","0","","","1","","0","","40 32:59.28","","0","80 05:10.32","4","0","0","0","2215","0","0","0","N","0","0","0","1","68B03","1","","3.0","","1","N","N","","0","","0","0","0","0","0","","","1","1","0","0","0","0","0","2","0","1","","","","N","","","","","","","","","",""
"2008007199","","1","0","0","0","0","0","0","0","0","99","0","","02","10","2007","3","","","0501","11","0","0","0","0","0","1","0","0","","0","0","0","","","0","","0","","40 32:59.64","","0","80 05:11.40","0","0","0","0","2215","0","0","0","N","0","0","0","1","68B03","0","","1.0","","1","N","N","","0","","0","0","0","0","0","","","1","0","0","0","0","0","0","2","0","1","","","","N","","","","","","","","","",""
"2008007200","","2","0","0","0","0","0","0","0","0","1","0","","02","10","2007","3","","","0830","11","0","0","0","0","0","2","0","0","","0","0","0","","","0","","6","","40 25:42.96","","2","79 56:15.00","0","0","0","0","2301","0","0","0","N","0","0","0","3","68B03","0","","1.0","","1","N","N","","0","","0","0","1","0","0","","","3","0","0","0","0","0","0","2","0","3","","","","N","","","","","","","","","",""
"2008007203","","2","0","0","0","0","0","0","0","0","1","0","","02","11","2007","6","","","1144","11","0","0","0","0","1","0","0","0","","0","0","0","","","0","","0","","40 25:36.84","","4","79 55:10.20","0","0","0","0","2301","0","0","0","N","0","0","0","5","68B04","0","","1.0","","1","N","N","","0","","0","0","1","0","0","","","3","0","0","0","0","0","0","2","0","3","","","","N","","","","","","","","","",""
"2008007204","","1","0","0","0","0","0","0","0","0","1","0","","02","11","2007","3","","","0924","11","0","0","0","0","0","2","0","0","","0","0","0","","","1","","7","","40 26:29.04","","2","79 45:41.76","4","0","0","0","2446","0","0","0","N","0","0","0","3","68B03","1","","1.0","","1","N","N","","0","","0","0","1","0","0","","","3","1","0","0","0","0","0","2","1","3","","","","N","","","","","","","","","",""
"2008007205","","0","0","0","0","0","0","0","0","0","7","0","","02","11","2007","3","","","0943","11","0","0","0","0","0","0","0","0","","0","0","0","","","2","","0","","40 25:06.24","","0","80 05:19.32","4","0","0","0","2435","0","0","0","N","0","0","0","5","68B03","2","","4.0","","1","N","N","","1","","0","0","0","0","0","","","3","2","0","0","0","0","0","2","2","3","","","","N","","","","","","","","","",""
"2008007206","","1","0","0","0","0","0","0","0","0","7","0","","02","7","2007","2","","","1027","11","0","0","0","0","0","0","0","0","2","0","0","0","","","0","","0","","40 26:40.92","4","0","79 46:11.28","0","0","0","0","2446","0","0","0","N","0","0","0","1","68B03","0","","4.0","","1","N","N","","0","","0","0","0","0","0","N","","1","0","0","0","0","0","0","2","0","1","","","","N","","","","","","","","","",""
"2008007336","","1","0","0","0","0","0","0","0","0","5","0","","02","12","2007","6","40.393611","-80.046304","1740","11","0","0","0","0","0","0","0","0","2","0","0","0","","","0","","1","","40 23:37.000","1","0","80 02:46.695","0","0","0","0","2109","0","0","0","N","0","0","0","1","02109","0","","1.0","","1","N","N","","0","","0","0","1","3","2","N","","3","0","0","0","0","0","0","2","1","3","","","","N","","","","","","","","","",""
"2008007337","","1","0","0","0","0","0","0","0","0","4","0","","02","12","2007","1","40.385","-80.053513","1340","11","0","0","0","0","0","0","0","0","","0","0","0","","","0","","1","","40 23:06.000","","0","80 03:12.645","0","0","0","0","2109","0","0","0","N","0","0","0","3","02109","0","","1.0","","9","N","N","","0","","0","0","0","3","2","","","2","0","0","0","0","0","0","2","1","2","","","","N","","","","","","","","","",""
"2008007338","","2","0","0","0","0","0","0","0","0","2","0","","02","12","2007","2","40.375667","-80.06882","1652","11","0","0","0","0","0","0","0","1","","0","0","0","","","0","","0","","40 22:32.401","","0","80 04:07.752","0","0","0","0","2109","0","0","0","N","0","0","0","2","02109","0","","1.0","","1","N","N","","0","","0","0","0","0","0","","","2","0","0","0","0","0","0","2","0","2","","","","N","","","","","","","","","",""
"2008007339","","1","0","0","0","0","0","0","0","0","7","0","","02","12","2007","6","40.367663","-80.0574","2000","11","0","0","0","0","1","0","0","0","3","0","0","0","","","1","","0","","40 22:03.586","6","0","80 03:26.640","4","0","0","0","2109","0","0","0","N","0","0","0","1","02109","1","","5.0","","1","N","N","","0","","0","0","0","0","0","Y","","1","1","0","0","0","0","0","2","0","1","","","","N","","","","","","","","","",""
"2008007368","","4","0","0","0","0","0","0","0","0","1","1","","02","9","2007","6","40.419167","-80.103183","0830","11","0","0","0","0","0","1","0","0","","0","1","0","","","1","","0","","40 25:09.000","","0","80 06:11.460","3","0","0","0","2102","0","0","0","N","0","0","0","5","68B03","0","","1.0","","1","N","N","","0","","1","0","0","0","0","","","5","1","0","0","0","0","0","2","0","5","","","","N","","","","","","","","","",""
"2008007369","","0","0","0","0","0","0","0","0","0","7","0","","02","10","2007","5","","","1206","11","0","0","0","1","0","0","0","0","1","0","0","0","","","1","","0","","40 26:08.52","3","0","79 59:59.64","4","0","0","0","2301","0","0","0","N","0","0","0","1","68B03","1","","4.0","","1","N","N","","0","","0","0","0","3","8","N","","1","1","0","0","0","0","0","2","1","1","","","","N","","","","","","","","","",""
"2008007401","","1","0","0","0","0","0","0","0","0","1","0","","02","8","2007","6","","","1717","11","0","0","0","0","1","0","0","0","2","0","0","0","","","0","","0","","40 26:04.20","4","0","79 59:20.76","0","0","0","0","2301","0","0","0","N","0","0","0","5","68B03","0","","1.0","","1","N","N","","0","","0","0","1","0","0","N","","2","0","1","0","0","0","0","2","0","2","","","","N","","","","","","","","","",""
"2008007402","","2","0","0","0","0","0","0","0","0","1","0","","02","8","2007","6","","","1800","11","0","1","0","0","0","0","0","0","","0","0","0","","","0","","6","","40 27:03.24","","2","79 59:52.44","9","0","0","0","2301","0","0","0","N","0","0","0","5","68B03","0","","1.0","","1","N","N","","0","","0","0","0","0","0","","","2","0","0","0","0","0","2","2","0","2","","","","N","","","","","","","","","",""
"2008007403","","1","0","0","0","0","0","0","0","0","1","0","","02","11","2007","5","","","1953","11","0","0","0","0","0","0","0","0","","0","0","0","","","0","","0","","40 25:12.72","","0","80 02:09.96","0","0","0","0","2301","0","0","0","N","0","0","0","2","68B03","0","","1.0","","1","N","N","","0","","0","0","1","0","0","","","2","0","0","0","0","0","0","2","0","2","","","","N","","","","","","","","","",""
"2008007602","","1","0","0","0","0","0","0","0","0","4","0","","02","12","2007","7","40.407222","-80.033514","1016","11","0","0","0","0","0","1","1","0","1","0","0","0","","","0","","1","","40 24:26.000","3","0","80 02:00.651","0","0","0","0","2301","0","0","0","N","0","0","0","5","02301","0","","1.0","","1","N","N","","0","","0","0","0","3","2","N","","2","0","0","0","0","0","0","2","1","2","","","","N","","","","","","","","","",""
"2008007604","","1","0","0","0","0","0","0","0","0","8","0","","02","12","2007","6","40.440982","-79.936022","1935","11","0","0","0","0","0","0","0","1","","0","0","0","","","1","","0","","40 26:27.535","","0","79 56:09.679","4","0","0","0","2301","1","0","0","N","1","0","0","3","02301","1","","1.0","","9","N","N","","0","","0","0","0","0","0","","","2","1","0","0","0","0","0","2","0","1","","","","N","","","","","","","","","",""
"2008007605","","2","0","0","0","0","0","0","0","0","4","0","","02","12","2007","7","40.446961","-79.948995","0234","11","0","0","0","0","0","0","0","0","","0","0","0","","","1","","1","","40 26:49.059","","0","79 56:56.382","4","0","0","0","2301","0","0","0","N","0","0","0","3","02301","1","","1.0","","1","N","N","","0","","0","0","0","3","2","","","2","1","1","0","0","0","0","2","0","2","","","","N","","","","","","","","","",""
"2008007606","","1","0","0","0","0","0","0","0","0","4","0","","02","12","2007","1","40.405278","-80.018746","1255","11","0","0","0","0","0","1","0","0","","0","0","0","","","0","","3","","40 24:19.000","","0","80 01:07.486","0","0","0","0","2301","0","0","0","","0","0","0","2","02301","0","","1.0","","9","N","N","","0","","0","0","0","0","0","","","2","0","0","0","0","0","0","2","1","2","","","","N","","","","","","","","","",""
"2008007607","","2","0","0","0","0","0","0","0","0","4","0","","02","12","2007","2","40.418824","-79.972704","1300","11","0","0","0","0","0","1","0","0","","0","0","0","","","0","","1","","40 25:07.766","","0","79 58:21.734","0","0","0","0","2301","0","0","0","N","0","0","0","2","02301","0","","1.0","","1","N","N","","0","","0","0","0","3","3","","","2","0","0","0","0","0","0","2","0","2","","","","N","","","","","","","","","",""