"CRN","ARRIVAL_TM","AUTOMOBILE_COUNT","BELTED_DEATH_COUNT","BELTED_SUSP_SERIOUS_INJ_COUNT","BICYCLE_COUNT","BICYCLE_DEATH_COUNT","BICYCLE_SUSP_SERIOUS_INJ_COUNT","BUS_COUNT","CHLDPAS_DEATH_COUNT","CHLDPAS_SUSP_SERIOUS_INJ_COUNT","COLLISION_TYPE","COMM_VEH_COUNT","CONS_ZONE_SPD_LIM","COUNTY","CRASH_MONTH","CRASH_YEAR","DAY_OF_WEEK","DEC_LATITUDE","DEC_LONGITUDE","DISPATCH_TM","DISTRICT","DRIVER_COUNT_16YR","DRIVER_COUNT_17YR","DRIVER_COUNT_18YR","DRIVER_COUNT_19YR","DRIVER_COUNT_20YR","DRIVER_COUNT_50_64YR","DRIVER_COUNT_65_74YR","DRIVER_COUNT_75PLUS","EST_HRS_CLOSED","FATAL_COUNT","HEAVY_TRUCK_COUNT","HORSE_BUGGY_COUNT","HOUR_OF_DAY","ILLUMINATION","INJURY_COUNT","INTERSECTION_RELATED","INTERSECT_TYPE","LANE_CLOSED","LATITUDE","LN_CLOSE_DIR","LOCATION_TYPE","LONGITUDE","MAX_SEVERITY_LEVEL","MCYCLE_DEATH_COUNT","MCYCLE_SUSP_SERIOUS_INJ_COUNT","MOTORCYCLE_COUNT","MUNICIPALITY","NONMOTR_COUNT","NONMOTR_DEATH_COUNT","NONMOTR_SUSP_SERIOUS_INJ_COUNT","NTFY_HIWY_MAINT","PED_COUNT","PED_DEATH_COUNT","PED_SUSP_SERIOUS_INJ_COUNT","PERSON_COUNT","POLICE_AGCY","POSSIBLE_INJ_COUNT","RDWY_SURF_TYPE_CD","RELATION_TO_ROAD","ROADWAY_CLEARED","ROAD_CONDITION","SCH_BUS_IND","SCH_ZONE_IND","SECONDARY_CRASH","SMALL_TRUCK_COUNT","SPEC_JURIS_CD","SUSP_MINOR_INJ_COUNT","SUSP_SERIOUS_INJ_COUNT","SUV_COUNT","TCD_FUNC_CD","TCD_TYPE","TFC_DETOUR_IND","TIME_OF_DAY","TOTAL_UNITS","TOT_INJ_COUNT","UNBELTED_OCC_COUNT","UNB_DEATH_COUNT","UNB_SUSP_SERIOUS_INJ_COUNT","UNK_INJ_DEG_COUNT","UNK_INJ_PER_COUNT","URBAN_RURAL","VAN_COUNT","VEHICLE_COUNT","WEATHER1","WEATHER2","WORKERS_PRES","WORK_ZONE_IND","WORK_ZONE_LOC","WORK_ZONE_TYPE","WZ_CLOSE_DETOUR","WZ_FLAGGER","WZ_LAW_OFFCR_IND","WZ_LN_CLOSURE","WZ_MOVING","WZ_OTHER","WZ_SHLDER_MDN","WZ_WORKERS_INJ_KILLED"
"2008033718","","1","0","0","0","0","0","0","0","0","1","0","","02","7","2007","2","","","","11","0","0","0","0","0","0","0","0","","0","0","0","","","0","","0","","40 25:15.60","","0","80 02:48.12","0","0","0","0","2435","0","0","0","N","0","0","0","3","","0","","1.0","","1","N","N","","1","","0","0","0","","0","","","2","0","0","0","0","0","0","2","0","2","","","","N","","","","","","","","","",""
"2008033720","","1","0","0","0","0","0","0","0","0","5","0","","02","4","2007","3","40.6254","-80.0966","","11","0","0","0","0","0","1","0","0","","0","0","0","","","0","","0","","40 37:31.440","","0","80 05:47.760","9","0","0","0","2212","0","0","0","N","0","0","0","2","","0","","1.0","","1","N","N","","1","","0","0","0","","0","","","2","0","0","0","0","0","1","2","0","2","","","","N","","","","","","","","","",""
"2008033763","","1","0","0","0","0","0","0","0","0","0","0","","02","2","2007","1","40.440306","-80.008952","","11","0","0","0","0","0","0","0","0","","0","0","0","","","0","","0","","40 26:25.100","","0","80 00:32.228","0","0","0","0","2301","0","0","0","N","0","0","0","1","00000","0","","1.0","","9","N","N","","0","","0","0","0","","0","","","1","0","0","0","0","0","0","2","0","1","","","","N","","","","","","","","","",""
"2008033820","2152","1","0","0","0","0","0","0","0","0","7","0","","02","12","2007","6","40.40539","-80.107015","2149","11","0","0","0","0","1","0","0","0","3","2","0","0","","","0","","0","","40 24:19.404","2","0","80 06:25.255","1","0","0","0","2102","0","0","0","Y","0","0","0","2","68B03","0","2","3.0","","1","N","N","","0","0","0","0","0","","0","N","","1","0","2","2","0","0","0","2","0","1","","","","N","","","","","","","","","",""
"2008033833","","1","0","1","0","0","0","0","0","0","1","0","","02","5","2007","6","40.4246","-80.0024","","11","0","0","0","0","0","0","0","0","","0","0","0","","","1","","0","","40 25:28.560","","0","80 00:08.640","2","0","0","0","2301","0","0","0","N","0","0","0","2","","0","","1.0","","1","N","N","","1","","0","1","0","","0","","","2","1","0","0","0","0","0","2","0","2","","","","N","","","","","","","","","",""
"2008033834","","1","0","0","0","0","0","0","0","0","1","0","","02","8","2007","2","40.457109","-79.925196","","11","0","0","0","0","0","0","1","0","","0","0","0","","","1","","1","","40 27:25.592","","0","79 55:30.705","8","0","0","0","2301","0","0","0","N","0","0","0","2","00000","0","","1.0","","9","N","N","","0","","0","0","1","","2","","","2","1","0","0","0","1","0","2","0","2","","","","N","","","","","","","","","",""
"2008033887","","1","0","0","0","0","0","0","0","0","7","0","","02","12","2007","1","40.359857","-79.923538","","11","0","0","0","0","1","0","0","0","","0","0","0","","","0","","0","","40 21:35.486","","0","79 55:24.737","0","0","0","0","2473","0","0","0","","0","0","0","1","","0","","1.0","","9","","","","0","","0","0","0","","0","","","1","0","0","0","0","0","0","2","0","1","","","","N","","","","","","","","","",""
"2008034264","2200","2","0","0","0","0","0","0","0","0","1","0","","02","12","2007","6","","","2151","11","0","0","0","0","0","2","0","0","","0","0","0","","","0","","0","","40 27:35.64","","0","80 11:26.88","0","0","0","0","2203","0","0","0","N","0","0","0","2","68B03","0","","1.0","","1","N","N","","0","","0","0","0","","0","","","2","0","0","0","0","0","0","2","0","2","","","","N","","","","","","","","","",""
"2008034310","","2","0","0","0","0","0","0","0","0","4","0","","02","7","2007","5","40.458889","-79.985564","","11","0","0","0","0","0","0","0","0","","0","0","0","","","0","","0","","40 27:32.000","","0","79 59:08.032","0","0","0","0","2301","0","0","0","N","0","0","0","2","","0","","1.0","","1","N","N","","0","","0","0","0","","0","","","2","0","0","0","0","0","0","2","0","2","","","","N","","","","","","","","","",""
"2008034334","","3","0","0","0","0","0","0","0","0","1","0","","02","12","2007","7","40.463424","-79.952242","","11","0","0","0","0","0","0","0","0","","0","0","0","","","2","","0","","40 27:48.325","","0","79 57:08.072","4","0","0","0","2301","0","0","0","","0","0","0","4","","2","","1.0","","9","","","","0","","0","0","0","","0","","","3","2","0","0","0","0","2","2","0","3","","","","N","","","","","","","","","",""
"2008034335","","2","0","0","0","0","0","0","0","0","4","0","","02","4","2007","2","40.452918","-79.979822","","11","0","0","0","0","0","0","1","0","","0","0","0","","","0","","0","","40 27:10.504","","7","79 58:47.359","9","0","0","0","2301","0","0","0","N","0","0","0","2","","0","","1.0","","1","N","N","","0","","0","0","0","","0","","","2","0","0","0","0","0","1","2","0","2","","","","N","","","","","","","","","",""
"2008034352","","2","0","0","0","0","0","0","0","0","1","0","","02","4","2007","7","40.443139","-79.91222","","11","0","0","0","0","0","1","0","0","","0","0","0","","","1","","1","","40 26:35.300","","0","79 54:43.992","8","0","0","0","2301","0","0","0","N","0","0","0","2","","0","","1.0","","1","N","N","","0","","0","0","0","","3","","","2","1","0","0","0","1","1","2","0","2","","","","N","","","","","","","","","",""
"2008034414","0000","0","0","0","0","0","0","0","0","0","8","0","","02","6","2007","6","40.440057","-79.998687","0000","11","0","0","0","0","0","0","0","0","","0","0","0","","","1","","1","","40 26:24.205","","0","79 59:55.273","4","0","0","0","2301","1","0","0","","1","0","0","2","00000","1","","1.0","","1","","","","0","","0","0","0","","2","","","2","1","0","0","0","0","0","2","0","1","","","","N","","","","","","","","","",""
"2008034442","","1","0","0","1","0","0","0","0","0","8","0","","02","8","2007","6","40.428611","-79.981678","","11","0","0","0","0","0","0","0","0","","0","0","0","","","1","","0","","40 25:43.000","","0","79 58:54.039","8","0","0","0","2301","1","0","0","N","0","0","0","2","","0","","1.0","","1","N","N","","0","","0","0","0","","0","","","2","1","0","0","0","1","0","2","0","1","","","","N","","","","","","","","","",""
"2008034667","2022","2","0","0","0","0","0","0","0","0","2","0","","02","11","2007","5","40.376471","-80.067487","1934","11","0","0","0","0","0","0","1","0","","0","0","0","","","0","","1","","40 22:35.296","","0","80 04:02.953","0","0","0","0","2117","0","0","0","N","0","0","0","2","68B03","0","","1.0","","1","N","N","","0","","0","0","0","","2","","","2","0","0","0","0","0","0","2","0","2","","","","N","","","","","","","","","",""
"2008034695","1811","1","0","0","0","0","0","0","0","0","1","0","","02","12","2007","4","","","1802","11","0","0","0","0","0","0","0","0","","0","0","0","","","0","","0","","40 29:28.68","","0","80 16:21.00","0","0","0","0","2213","0","0","0","N","0","0","0","6","68B03","0","","1.0","","1","N","N","","0","","0","0","0","","0","","","2","0","0","0","0","0","0","2","1","2","","","","N","","","","","","","","","",""
"2008034720","1955","1","0","0","0","0","0","0","0","0","1","0","","02","12","2007","1","","","1938","11","0","0","0","0","0","0","0","0","","0","0","0","","","0","","0","","40 25:33.96","","0","79 53:49.92","9","0","0","0","2301","0","0","0","N","0","0","0","2","68B03","0","","1.0","","1","N","N","","0","","0","0","1","","0","","","2","0","0","0","0","0","1","2","0","2","","","","N","","","","","","","","","",""
"2008034727","1807","2","0","0","0","0","0","0","0","0","1","0","","02","12","2007","2","40.445","-80.1762","1751","11","0","0","0","0","0","0","0","0","","0","0","0","","","1","","7","","40 26:42.000","","2","80 10:34.320","4","0","0","0","2115","0","0","0","N","0","0","0","3","68B03","1","","1.0","","1","N","N","","0","","0","0","0","","4","","","2","1","0","0","0","0","0","2","0","2","","","","N","","","","","","","","","",""
"2008034728","1915","1","0","0","0","0","0","0","0","0","1","0","","02","12","2007","6","","","1859","11","0","0","0","0","0","0","0","0","","0","0","0","","","0","","0","","40 26:18.24","","4","80 00:43.56","0","0","0","0","2301","0","0","0","N","0","0","0","2","68B03","0","","1.0","","1","N","N","","0","","0","0","1","","0","","","2","0","0","0","0","0","0","2","0","2","","","","N","","","","","","","","","",""
"2008034729","1730","3","0","0","0","0","0","0","0","0","1","0","","02","12","2007","5","","","1710","11","0","0","0","0","0","0","0","0","","0","0","0","","","0","","0","","40 25:24.24","","0","80 06:20.16","0","0","0","0","2115","0","0","0","N","0","0","0","3","68B03","0","","1.0","","1","N","N","","0","","0","0","0","","0","","","3","0","0","0","0","0","0","2","0","3","","","","N","","","","","","","","","",""
"2008034730","1620","1","0","0","0","0","0","0","0","0","1","0","","02","12","2007","5","","","1600","11","0","0","0","0","0","0","0","0","","0","0","0","","","0","","0","","40 27:07.20","","0","80 10:17.76","0","0","0","0","2115","0","0","0","N","0","0","0","2","68B03","0","","1.0","","1","N","N","","0","","0","0","1","","0","","","2","0","0","0","0","0","0","2","0","2","","","","N","","","","","","","","","",""
"2008034761","1415","1","0","0","0","0","0","0","0","0","1","0","","02","12","2007","1","40.5349","-80.1253","1409","11","0","0","0","0","0","0","0","0","","0","0","0","","","0","","6","","40 32:05.640","","2","80 07:31.080","0","0","0","0","2434","0","0","0","N","0","0","0","4","68B03","0","","1.0","","1","N","N","","1","","0","0","0","","4","","","2","0","0","0","0","0","0","2","0","2","","","","N","","","","","","","","","",""
"2008034762","2252","2","0","0","0","0","0","0","0","0","2","0","","02","11","2007","5","","","2245","11","0","0","0","0","0","0","0","0","2","0","0","0","","","2","","0","","40 26:35.52","2","0","80 09:39.96","4","0","0","0","2115","0","0","0","N","0","0","0","2","68B03","2","","1.0","","1","N","N","","0","","0","0","0","","0","N","","2","2","1","0","0","0","0","2","0","2","","","","N","","","","","","","","","",""
"2008034763","2252","2","0","0","0","0","0","0","0","0","6","0","","02","11","2007","5","","","2245","11","0","0","0","0","0","1","0","0","","0","0","0","","","1","","0","","40 26:57.12","","0","80 10:02.28","4","0","0","0","2115","0","0","0","N","0","0","0","2","68B03","1","","1.0","","1","N","N","","0","","0","0","0","","0","","","2","1","1","0","0","0","0","2","0","2","","","","N","","","","","","","","","",""
"2008034765","1119","2","0","0","0","0","0","0","0","0","1","0","","02","12","2007","2","","","1051","11","0","0","1","0","0","0","0","0","2","0","0","0","","","0","","0","","40 25:35.40","3","3","79 54:59.04","0","0","0","0","2301","0","0","0","N","0","0","0","10","68B03","0","","1.0","","1","N","N","","1","","0","0","0","","0","Y","","4","0","1","0","0","0","0","2","1","4","","","","N","","","","","","","","","",""
"2008035000","1321","0","0","0","0","0","0","0","0","0","1","0","","02","12","2007","5","40.449299","-80.124741","9999","11","0","0","0","0","0","0","0","0","","0","0","0","","","0","","2","","40 26:57.477","","0","80 07:29.067","0","0","0","0","2115","0","0","0","","0","0","0","2","02115","0","","1.0","","1","","","","0","","0","0","1","","3","","","2","0","0","0","0","0","0","2","1","2","","","","N","","","","","","","","","",""
"2008035012","2219","3","0","0","0","0","0","0","0","0","1","0","","02","12","2007","7","40.450338","-80.139867","9999","11","0","0","0","0","0","0","0","0","","0","0","0","","","2","","0","","40 27:01.215","","0","80 08:23.520","3","0","0","0","2115","0","0","0","","0","0","0","3","02115","1","","1.0","","1","","","","0","","1","0","0","","0","","","3","2","0","0","0","0","0","2","0","3","","","","N","","","","","","","","","",""
"2008035021","0100","1","0","0","0","0","0","0","0","0","7","0","","02","12","2007","1","40.440893","-80.093453","9999","11","0","0","1","0","0","0","0","0","","0","0","0","","","1","","0","","40 26:27.214","","7","80 05:36.430","4","0","0","0","2115","0","0","0","","0","0","0","2","02115","1","","4.0","","1","","","","0","","0","0","0","","0","","","1","1","0","0","0","0","0","2","0","1","","","","N","","","","","","","","","",""
"2008035024","","2","0","0","0","0","0","0","0","0","99","1","","02","12","2007","2","40.4125","-80.106352","","11","0","0","0","0","0","0","0","0","","0","1","0","","","0","","0","","40 24:45.000","","0","80 06:22.868","0","0","0","0","2102","0","0","0","","0","0","0","3","","0","","1.0","","1","","","","0","","0","0","0","","0","","","3","0","0","0","0","0","0","2","0","3","","","","N","","","","","","","","","",""
"2008035058","","2","0","0","0","0","0","0","0","0","4","0","","02","12","2007","2","40.465121","-79.931881","","11","0","0","1","0","0","0","0","0","","0","0","0","","","1","","1","","40 27:54.435","","0","79 55:54.771","8","0","0","0","2301","0","0","0","","0","0","0","2","","0","","1.0","","1","","","","0","","0","0","0","","3","","","2","1","0","0","0","1","1","2","0","2","","","","N","","","","","","","","","",""
"2008035243","1930","1","0","0","0","0","0","0","0","0","7","0","55","02","12","2007","2","40.5492","-79.8254","1924","11","0","0","0","0","0","1","0","0","","0","0","0","","","1","","0","","40 32:57.120","","0","79 49:31.440","4","0","0","0","2208","0","0","0","N","0","0","0","1","68T02","1","","5.0","","1","N","N","","0","","0","0","0","","0","","","1","1","0","0","0","0","0","2","0","1","","","N","Y","5","1","","","N","","Y","","",""
"2008035324","1810","0","0","0","0","0","0","0","0","0","1","0","","02","12","2007","4","","","1800","11","0","0","0","0","0","0","0","0","","0","0","0","","","1","","0","","40 25:39.00","","0","80 01:50.52","4","0","0","0","2301","0","0","0","N","0","0","0","4","68B03","1","","1.0","","1","N","N","","2","","0","0","0","","0","","","3","1","0","0","0","0","0","2","1","3","","","","N","","","","","","","","","",""
"2008035325","1730","0","0","0","0","0","0","0","0","0","1","0","","02","12","2007","5","","","1730","11","0","0","0","0","0","0","0","1","","0","0","0","","","0","","0","","40 25:23.16","","0","80 06:13.68","0","0","0","0","2115","0","0","0","N","0","0","0","2","68B03","0","","1.0","","1","N","N","","0","","0","0","1","","0","","","2","0","0","0","0","0","0","2","1","2","","","","N","","","","","","","","","",""
"2008035326","1801","2","0","0","0","0","0","0","0","0","1","0","","02","12","2007","5","","","1800","11","0","0","0","0","0","1","0","0","","0","0","0","","","0","","0","","40 25:22.80","","0","80 06:11.16","0","0","0","0","2115","0","0","0","N","0","0","0","2","68B03","0","","1.0","","1","N","N","","0","","0","0","0","","0","","","2","0","0","0","0","0","0","2","0","2","","","","N","","","","","","","","","",""
"2008035345","1817","1","0","0","0","0","0","0","0","0","1","0","","02","12","2007","7","","","1813","11","0","0","0","0","0","0","0","0","","0","0","0","","","0","","0","","40 25:33.24","","0","79 53:57.84","0","0","0","0","2301","0","0","0","N","0","0","0","6","68B03","0","","1.0","","1","N","N","","0","","0","0","2","","0","","","3","0","1","0","0","0","0","2","0","3","","","","N","","","","","","","","","",""
"2008036248","0226","0","0","0","0","0","0","0","0","0","7","0","","02","5","2007","2","40.373056","-80.104961","0213","11","0","0","0","0","0","0","0","0","","1","0","0","","","0","","0","","40 22:23.000","","0","80 06:17.861","1","0","0","0","2102","0","0","0","Y","0","0","0","1","68B03","0","2","2.0","","1","N","N","","1","0","0","0","0","","0","","","1","0","1","1","0","0","0","2","0","1","","","","N","","","","","","","","","",""
"2008036912","0734","1","0","0","0","0","0","0","0","0","2","0","55","02","12","2007","5","40.525","-79.8201","0717","11","0","0","0","0","0","1","0","0","2","0","0","0","","","2","","0","","40 31:30.000","4","0","79 49:12.360","4","0","0","0","2466","0","0","0","N","0","0","0","2","68T02","2","","1.0","","9","N","N","","1","","0","0","0","","8","N","","2","2","0","0","0","0","0","2","0","2","","","Y","Y","8","1","","","N","","","","Y",""
"2008036978","1205","1","0","0","0","0","0","0","0","0","7","1","","02","12","2007","3","40.6641","-80.0963","1153","11","0","0","0","0","0","1","0","0","","0","1","0","","","1","","0","","40 39:50.760","","0","80 05:46.680","4","0","0","0","2212","0","0","0","N","0","0","0","2","68T02","1","","3.0","","9","N","N","","0","","0","0","0","","0","","","2","1","0","0","0","0","0","2","0","2","","","","N","","","","","","","","","",""
"2008037034","0835","0","0","0","0","0","0","0","0","0","7","0","","02","12","2007","3","40.4355","-79.7488","0755","11","0","0","0","0","0","0","0","0","","0","0","0","","","0","","7","","40 26:07.800","","2","79 44:55.680","0","0","0","0","2446","0","0","0","N","0","0","0","1","68T09","0","","7.0","","1","N","N","","0","","0","0","1","","0","","","1","0","0","0","0","0","0","2","0","1","","","","N","","","","","","","","","",""
"2008037146","1236","1","0","0","0","0","0","0","0","0","99","0","","02","12","2007","4","40.545833","-80.122153","1223","11","0","0","0","0","0","1","0","0","","0","0","0","","","0","","0","","40 32:45.000","","0","80 07:19.752","0","0","0","0","2460","0","0","0","N","0","0","0","4","68B03","0","","1.0","","1","N","N","","0","","0","0","0","","0","","","1","0","0","0","0","0","0","2","0","1","","","","N","","","","","","","","","",""
"2008037168","2045","1","0","0","0","0","0","0","0","0","7","0","","02","12","2007","7","40.661389","-79.719709","1951","11","0","0","1","0","0","0","0","0","","0","0","0","","","0","","0","","40 39:41.000","","0","79 43:10.954","0","0","0","0","2106","0","0","0","N","0","0","0","2","68D02","0","","2.0","","7","N","N","","0","","0","0","0","","0","","","1","0","0","0","0","0","0","2","0","1","","","","N","","","","","","","","","",""
"2008037262","1340","0","0","0","0","0","0","0","0","0","1","1","","02","12","2007","5","","","1321","11","0","0","0","0","0","0","0","0","","0","1","0","","","3","","0","","40 26:11.04","","0","80 00:57.24","8","0","0","0","2301","0","0","0","N","0","0","0","5","68B03","0","","1.0","","1","N","N","","0","","0","0","1","","0","","","3","3","0","0","0","3","0","2","1","3","","","","N","","","","","","","","","",""
"2008037263","1035","1","0","0","0","0","0","0","0","0","7","0","","02","12","2007","1","","","1033","11","0","0","0","0","0","0","0","0","","0","0","0","","","1","","0","","40 28:19.20","","0","80 00:16.20","4","0","0","0","2301","0","0","0","Y","0","0","0","2","68B03","1","","4.0","","9","N","N","","0","","0","0","0","","0","","","1","1","0","0","0","0","0","2","0","1","","","","N","","","","","","","","","",""
"2008037313","0749","1","0","0","0","0","0","0","0","0","7","0","","02","12","2007","3","40.440278","-79.758907","0721","11","0","0","0","0","0","0","0","0","","0","0","0","","","0","","0","","40 26:25.000","","2","79 45:32.064","0","0","0","0","2446","0","0","0","N","0","0","0","1","68B03","0","","4.0","","1","N","N","","0","","0","0","0","","0","","","1","0","0","0","0","0","0","2","0","1","","","","N","","","","","","","","","",""
"2008037327","2310","1","0","0","0","0","0","0","0","0","7","0","","02","12","2007","7","","","2256","11","0","1","0","0","0","0","0","0","","0","0","0","","","0","","7","","40 25:15.24","","2","80 02:50.64","0","0","0","0","2435","0","0","0","Y","0","0","0","1","68B03","0","","7.0","","9","N","N","","0","","0","0","0","","0","","","1","0","0","0","0","0","0","2","0","1","","","","N","","","","","","","","","",""
"2008037328","0801","0","0","0","0","0","0","0","0","0","7","1","","02","12","2007","1","","","0759","11","0","0","0","0","0","0","0","0","3","0","1","0","","","1","","0","","40 26:18.96","2","3","80 00:42.48","4","0","0","0","2301","0","0","0","N","0","0","0","1","68B03","1","","4.0","","9","N","N","","0","","0","0","0","","0","N","","1","1","0","0","0","0","0","2","0","1","","","","N","","","","","","","","","",""
"2008037329","2320","0","0","0","0","0","0","0","0","0","7","0","","02","12","2007","1","40.651111","-80.093982","2308","11","0","0","0","0","0","0","0","0","","0","0","0","","","0","","0","","40 39:04.000","","0","80 05:38.336","0","0","0","0","2212","0","0","0","N","0","0","0","1","68B03","0","","4.0","","2","N","N","","1","","0","0","0","","0","","","1","0","0","0","0","0","0","2","0","1","","","","N","","","","","","","","","",""
"2008037330","1605","1","0","0","0","0","0","0","0","0","99","0","","02","12","2007","2","40.586111","-80.100221","1600","11","0","0","0","0","0","0","0","1","","0","0","0","","","0","","0","","40 35:10.000","","0","80 06:00.797","0","0","0","0","2481","0","0","0","N","0","0","0","1","68B03","0","","1.0","","1","N","N","","0","","0","0","0","","0","","","1","0","0","0","0","0","0","2","0","1","","","","N","","","","","","","","","",""
"2008038022","","0","0","0","0","0","0","0","0","0","7","0","","02","12","2007","1","","","1501","11","0","0","0","0","0","0","0","0","2","0","0","0","","","0","","0","","40 29:39.48","1","3","80 00:40.68","9","0","0","0","2301","0","0","0","N","0","0","0","1","68B03","0","","4.0","","2","N","N","","1","","0","0","0","","0","N","","1","0","0","0","0","0","1","2","0","1","","","","N","","","","","","","","","",""
"2008038358","","1","0","0","0","0","0","0","0","0","7","0","","02","12","2007","2","40.5186","-79.8022","1519","11","0","0","0","0","0","0","0","0","2","0","0","0","","","1","","0","","40 31:06.960","4","0","79 48:07.920","4","0","0","0","2466","0","0","0","N","0","0","0","1","68T02","1","","3.0","","9","N","N","","0","","0","0","0","","0","N","","1","1","0","0","0","0","0","2","0","1","","","","N","","","","","","","","","",""
"2008038569","","0","0","0","0","0","0","0","0","0","7","0","","02","12","2007","3","40.4355","-79.7488","0805","11","0","0","0","0","0","0","0","0","","0","0","0","","","0","","0","","40 26:07.800","","2","79 44:55.680","0","0","0","0","2446","0","0","0","N","0","0","0","2","68T09","0","","3.0","","2","N","N","","0","","0","0","0","","0","","","1","0","0","0","0","0","0","2","1","1","","","","N","","","","","","","","","",""
"2008038641","","1","0","0","0","0","0","0","0","0","0","0","","02","12","2007","1","40.4491","-80.0","9999","11","0","0","0","0","0","2","0","0","","0","0","0","","","0","","0","","40 26:56.760","","0","80 00:00.000","0","0","0","0","2220","0","0","0","N","0","0","0","3","68D02","0","","1.0","","1","N","N","","1","","0","0","0","","0","","","2","0","0","0","0","0","0","2","0","2","","","","N","","","","","","","","","",""
"2008038932","","1","0","0","0","0","0","0","0","0","7","0","","02","12","2007","7","40.441111","-79.828266","9999","11","0","0","0","0","0","0","0","0","","0","0","0","","","0","","0","","40 26:28.000","","0","79 49:41.756","0","0","0","0","2113","0","0","0","N","0","0","0","1","68B03","0","","4.0","","1","N","N","","0","","0","0","0","","0","","","1","0","0","0","0","0","0","2","0","1","","","","N","","","","","","","","","",""
"2008039019","","1","1","0","0","0","0","0","0","0","1","0","","02","2","2007","6","40.532778","-80.177211","2233","11","0","0","0","0","0","1","1","0","2","1","0","0","","","1","","0","","40 31:58.000","5","7","80 10:37.959","1","0","0","0","2458","0","0","0","N","0","0","0","3","02458","0","2","1.0","","1","N","N","","0","0","0","0","0","","0","Y","","2","1","0","0","0","1","0","2","1","2","","","","N","","","","","","","","","",""
"2008039047","","0","0","0","0","0","0","0","0","0","7","0","","02","12","2007","7","40.450278","-80.110764","2250","11","0","0","0","0","0","0","0","0","","0","0","0","","","0","","0","","40 27:01.000","","0","80 06:38.749","0","0","0","0","2115","0","0","0","N","0","0","0","2","68B03","0","","2.0","","6","N","N","","0","","0","0","1","","0","","","1","0","0","0","0","0","0","2","0","1","","","","N","","","","","","","","","",""
"2008039048","","1","0","0","0","0","0","0","0","0","7","0","","02","12","2007","2","40.4714","-80.0039","2032","11","0","0","0","0","0","1","0","0","","0","0","0","","","1","","0","","40 28:17.040","","2","80 00:14.040","4","0","0","0","2301","0","0","0","N","0","0","0","1","68B03","1","","3.0","","1","N","N","","0","","0","0","0","","0","","","1","1","1","0","0","0","0","2","0","1","","","","N","","","","","","","","","",""
"2008039049","","1","0","0","0","0","0","0","0","0","7","0","","02","12","2007","1","","","2136","11","0","0","1","0","0","0","0","0","","0","0","0","","","0","","0","","40 25:35.40","","0","80 01:50.88","0","0","0","0","2301","0","0","0","N","0","0","0","1","68B03","0","","4.0","","1","N","N","","0","","0","0","0","","0","","","1","0","0","0","0","0","0","2","0","1","","","","N","","","","","","","","","",""
"2008039050","","1","0","0","0","0","0","0","0","0","1","0","","02","12","2007","4","40.446944","-80.167959","1531","11","0","0","0","0","0","1","0","0","","0","0","0","","","0","","0","","40 26:49.000","","3","80 10:04.652","0","0","0","0","2115","0","0","0","N","0","0","0","6","68B03","0","","1.0","","1","N","N","","0","","0","0","1","","3","","","3","0","0","0","0","0","0","2","1","3","","","","N","","","","","","","","","",""
"2008039051","","1","0","0","0","0","0","0","0","0","4","0","","02","12","2007","7","40.397778","-80.104736","1501","11","0","0","0","0","0","1","0","0","2","0","0","0","","","1","","0","","40 23:52.000","2","0","80 06:17.049","3","0","0","0","2102","0","0","0","N","0","0","0","5","68B03","0","","1.0","","6","N","N","","1","","1","0","0","","0","N","","2","1","0","0","0","0","0","2","0","2","","","","N","","","","","","","","","",""
"2008039052","","1","0","0","0","0","0","0","0","0","1","0","","02","12","2007","4","","","1900","11","0","0","0","0","0","2","0","0","","0","0","0","","","1","","0","","40 25:44.04","","0","79 55:50.88","4","0","0","0","2301","0","0","0","N","0","0","0","3","68B03","1","","1.0","","1","N","N","","0","","0","0","1","","0","","","2","1","0","0","0","0","0","2","0","2","","","","N","","","","","","","","","",""
"2008039053","","1","0","0","0","0","0","0","0","0","7","0","","02","12","2007","6","","","2333","11","0","0","0","0","1","0","0","0","","0","0","0","","","0","","0","","40 25:35.76","","0","79 54:58.68","0","0","0","0","2301","0","0","0","N","0","0","0","2","68B03","0","","4.0","","9","N","N","","0","","0","0","0","","0","","","1","0","0","0","0","0","0","2","0","1","","","","N","","","","","","","","","",""
"2008039054","","0","0","0","0","0","0","0","0","0","7","0","","02","12","2007","4","","","0903","11","0","0","0","0","0","0","0","0","2","0","0","0","","","1","","0","","40 26:27.96","5","0","80 09:25.20","4","0","0","0","2115","0","0","0","N","0","0","0","1","68B03","1","","2.0","","7","N","N","","0","","0","0","1","","0","N","","1","1","0","0","0","0","0","2","0","1","","","","N","","","","","","","","","",""
"2008041193","","2","0","0","0","0","0","0","0","0","1","0","","02","12","2007","7","","","2336","11","0","0","0","0","0","0","0","0","1","0","0","0","","","3","","6","","40 25:46.92","3","2","79 57:25.20","4","0","0","0","2301","0","0","0","N","0","0","0","9","68B03","3","","1.0","","1","N","N","","0","","0","0","0","","4","Y","","3","3","0","0","0","0","0","2","1","3","","","","N","","","","","","","","","",""